0 -2 -2
1 -2 -2
2 -2 -2
3 -2 -2
4 -2 -2
5 -2 -2
6 -2 -2
7 -2 -2
8 -2 -2
9 -1.98 -1.998
10 -2 -1.99818
11 -2 -1.99833
12 -2 -1.99846
13 -2 -1.99857
14 -2 -1.99867
15 -2 -1.99875
16 -2 -1.99882
17 -2 -1.99889
18 -2 -1.99895
19 -2 -1.999
20 -2 -1.99905
21 -1.98 -1.99818
22 -1.98 -1.99739
23 -2 -1.9975
24 -2 -1.9976
25 -1.97 -1.99654
26 -1.97 -1.99556
27 -2 -1.99571
28 -2 -1.99586
29 -2 -1.996
30 -2 -1.99613
31 -2 -1.99625
32 -1.98 -1.99576
33 -2 -1.99588
34 -2 -1.996
35 -2 -1.99611
36 -2 -1.99622
37 -2 -1.99632
38 -2 -1.99641
39 -1.98 -1.996
40 -1.98 -1.99561
41 -1.98 -1.99524
42 -1.98 -1.99488
43 -2 -1.995
44 -2 -1.99511
45 -2 -1.99522
46 -2 -1.99532
47 -2 -1.99542
48 -2 -1.99551
49 -2 -1.9956
50 -2 -1.99569
51 -2 -1.99577
52 -2 -1.99585
53 -2 -1.99593
54 -2 -1.996
55 -2 -1.99607
56 -2 -1.99614
57 -2 -1.99621
58 -2 -1.99627
59 -1.98 -1.996
60 -1.98 -1.99574
61 -1.98 -1.99548
62 -2 -1.99556
63 -2 -1.99563
64 -2 -1.99569
65 -2 -1.99576
66 -2 -1.99582
67 -2 -1.99588
68 -2 -1.99594
69 -2 -1.996
70 -2 -1.99606
71 -2 -1.99611
72 -2 -1.99616
73 -2 -1.99622
74 -2 -1.99627
75 -2 -1.99632
76 -2 -1.99636
77 -2 -1.99641
78 -2 -1.99646
79 -2 -1.9965
80 -2 -1.99654
81 -2 -1.99659
82 -2 -1.99663
83 -2 -1.99667
84 -2 -1.99671
85 -2 -1.99674
86 -2 -1.99678
87 -2 -1.99682
88 -2 -1.99685
89 -1.98 -1.99667
90 -2 -1.9967
91 -2 -1.99674
92 -2 -1.99677
93 -2 -1.99681
94 -2 -1.99684
95 -2 -1.99688
96 -2 -1.99691
97 -2 -1.99694
98 -2 -1.99697
99 -2 -1.997
100 -2 -1.99703
101 -2 -1.99706
102 -2 -1.99709
103 -2 -1.99712
104 -2 -1.99714
105 -2 -1.99717
106 -2 -1.9972
107 -2 -1.99722
108 -2 -1.99725
109 -1.98 -1.99709
110 -1.96 -1.99676
111 -2 -1.99679
112 -2 -1.99681
113 -2 -1.99684
114 -2 -1.99687
115 -1.98 -1.99672
116 -1.98 -1.99658
117 -1.98 -1.99644
118 -1.98 -1.9963
119 -1.98 -1.99617
120 -2 -1.9962
121 -2 -1.99623
122 -2 -1.99626
123 -2 -1.99629
124 -2 -1.99632
125 -2 -1.99635
126 -2 -1.99638
127 -2 -1.99641
128 -2 -1.99643
129 -2 -1.99646
130 -2 -1.99649
131 -2 -1.99652
132 -2 -1.99654
133 -2 -1.99657
134 -2 -1.99659
135 -1.98 -1.99647
136 -2 -1.9965
137 -2 -1.99652
138 -2 -1.99655
139 -2 -1.99657
140 -2 -1.9966
141 -2 -1.99662
142 -2 -1.99664
143 -2 -1.99667
144 -2 -1.99669
145 -2 -1.99671
146 -2 -1.99673
147 -2 -1.99676
148 -2 -1.99678
149 -2 -1.9968
150 -2 -1.99682
151 -1.98 -1.99671
152 -2 -1.99673
153 -2 -1.99675
154 -2 -1.99677
155 -1.98 -1.99667
156 -1.98 -1.99656
157 -1.98 -1.99646
158 -2 -1.99648
159 -2 -1.9965
160 -2 -1.99652
161 -2 -1.99654
162 -2 -1.99656
163 -2 -1.99659
164 -2 -1.99661
165 -2 -1.99663
166 -2 -1.99665
167 -2 -1.99667
168 -2 -1.99669
169 -2 -1.99671
170 -2 -1.99673
171 -2 -1.99674
172 -2 -1.99676
173 -2 -1.99678
174 -2 -1.9968
175 -2 -1.99682
176 -2 -1.99684
177 -2 -1.99685
178 -2 -1.99687
179 -1.98 -1.99678
180 -2 -1.9968
181 -2 -1.99681
182 -1.98 -1.99672
183 -2 -1.99674
184 -2 -1.99676
185 -2 -1.99677
186 -2 -1.99679
187 -2 -1.99681
188 -2 -1.99683
189 -1.98 -1.99674
190 -2 -1.99675
191 -2 -1.99677
192 -2 -1.99679
193 -2 -1.9968
194 -2 -1.99682
195 -2 -1.99684
196 -2 -1.99685
197 -2 -1.99687
198 -2 -1.99688
199 -2 -1.9969
200 -2 -1.99692
201 -2 -1.99693
202 -2 -1.99695
203 -2 -1.99696
204 -2 -1.99698
205 -1.98 -1.99689
206 -2 -1.99691
207 -2 -1.99692
208 -2 -1.99694
209 -2 -1.99695
210 -2 -1.99697
211 -2 -1.99698
212 -2 -1.997
213 -2 -1.99701
214 -2 -1.99702
215 -2 -1.99704
216 -1.98 -1.99696
217 -1.98 -1.99688
218 -2 -1.99689
219 -1.98 -1.99682
220 -2 -1.99683
221 -2 -1.99685
222 -2 -1.99686
223 -2 -1.99688
224 -2 -1.99689
225 -2 -1.9969
226 -1.98 -1.99683
227 -2 -1.99684
228 -2 -1.99686
229 -2 -1.99687
230 -2 -1.99688
231 -2 -1.9969
232 -2 -1.99691
233 -2 -1.99692
234 -2 -1.99694
235 -2 -1.99695
236 -1.98 -1.99688
237 -2 -1.99689
238 -2 -1.9969
239 -2 -1.99692
240 -2 -1.99693
241 -2 -1.99694
242 -2 -1.99695
243 -2 -1.99697
244 -2 -1.99698
245 -1.98 -1.99691
246 -1.98 -1.99684
247 -2 -1.99685
248 -2 -1.99687
249 -2 -1.99688
250 -1.98 -1.99681
251 -2 -1.99683
252 -2 -1.99684
253 -2 -1.99685
254 -2 -1.99686
255 -2 -1.99688
256 -2 -1.99689
257 -1.98 -1.99682
258 -1.98 -1.99676
259 -2 -1.99677
260 -2 -1.99678
261 -2 -1.99679
262 -2 -1.99681
263 -2 -1.99682
264 -2 -1.99683
265 -2 -1.99684
266 -2 -1.99685
267 -2 -1.99687
268 -2 -1.99688
269 -2 -1.99689
270 -2 -1.9969
271 -2 -1.99691
272 -2 -1.99692
273 -1.98 -1.99686
274 -2 -1.99687
275 -2 -1.99688
276 -2 -1.9969
277 -2 -1.99691
278 -2 -1.99692
279 -2 -1.99693
280 -2 -1.99694
281 -2 -1.99695
282 -1.98 -1.99689
283 -2 -1.9969
284 -2 -1.99691
285 -2 -1.99692
286 -1.98 -1.99686
287 -2 -1.99688
288 -2 -1.99689
289 -1.98 -1.99683
290 -1.96 -1.9967
291 -1.98 -1.99664
292 -2 -1.99666
293 -2 -1.99667
294 -2 -1.99668
295 -2 -1.99669
296 -2 -1.9967
297 -2 -1.99671
298 -2 -1.99672
299 -2 -1.99673
300 -2 -1.99674
301 -2 -1.99675
302 -2 -1.99677
303 -1.98 -1.99671
304 -2 -1.99672
305 -2 -1.99673
306 -2 -1.99674
307 -2 -1.99675
308 -2 -1.99676
309 -2 -1.99677
310 -2 -1.99678
311 -2 -1.99679
312 -2 -1.99681
313 -2 -1.99682
314 -2 -1.99683
315 -1.98 -1.99677
316 -2 -1.99678
317 -1.96 -1.99667
318 -1.98 -1.99661
319 -1.98 -1.99656
320 -2 -1.99657
321 -2 -1.99658
322 -2 -1.99659
323 -2 -1.9966
324 -2 -1.99662
325 -2 -1.99663
326 -2 -1.99664
327 -2 -1.99665
328 -2 -1.99666
329 -2 -1.99667
330 -2 -1.99668
331 -1.98 -1.99663
332 -1.98 -1.99658
333 -1.98 -1.99653
334 -1.98 -1.99648
335 -1.98 -1.99643
336 -1.98 -1.99638
337 -1.98 -1.99633
338 -1.98 -1.99628
339 -1.98 -1.99624
340 -2 -1.99625
341 -2 -1.99626
342 -2 -1.99627
343 -1.98 -1.99622
344 -2 -1.99623
345 -2 -1.99624
346 -2 -1.99625
347 -2 -1.99626
348 -2 -1.99628
349 -2 -1.99629
350 -2 -1.9963
351 -2 -1.99631
352 -2 -1.99632
353 -2 -1.99633
354 -2 -1.99634
355 -2 -1.99635
356 -2 -1.99636
357 -2 -1.99637
358 -2 -1.99638
359 -2 -1.99639
360 -2 -1.9964
361 -2 -1.99641
362 -2 -1.99642
363 -2 -1.99643
364 -2 -1.99644
365 -2 -1.99645
366 -2 -1.99646
367 -2 -1.99647
368 -2 -1.99648
369 -2 -1.99649
370 -2 -1.9965
371 -2 -1.99651
372 -2 -1.99651
373 -2 -1.99652
374 -2 -1.99653
375 -2 -1.99654
376 -2 -1.99655
377 -2 -1.99656
378 -1.98 -1.99652
379 -2 -1.99653
380 -2 -1.99654
381 -2 -1.99654
382 -2 -1.99655
383 -2 -1.99656
384 -2 -1.99657
385 -2 -1.99658
386 -2 -1.99659
387 -2 -1.9966
388 -1.98 -1.99656
389 -1.98 -1.99651
390 -2 -1.99652
391 -2 -1.99653
392 -1.98 -1.99649
393 -1.98 -1.99645
394 -2 -1.99646
395 -2 -1.99646
396 -2 -1.99647
397 -2 -1.99648
398 -2 -1.99649
399 -2 -1.9965
400 -2 -1.99651
401 -2 -1.99652
402 -2 -1.99653
403 -2 -1.99653
404 -2 -1.99654
405 -2 -1.99655
406 -2 -1.99656
407 -2 -1.99657
408 -2 -1.99658
409 -2 -1.99659
410 -2 -1.99659
411 -2 -1.9966
412 -2 -1.99661
413 -2 -1.99662
414 -2 -1.99663
415 -2 -1.99663
416 -2 -1.99664
417 -2 -1.99665
418 -2 -1.99666
419 -2 -1.99667
420 -2 -1.99667
421 -2 -1.99668
422 -2 -1.99669
423 -2 -1.9967
424 -2 -1.99671
425 -2 -1.99671
426 -2 -1.99672
427 -2 -1.99673
428 -2 -1.99674
429 -2 -1.99674
430 -2 -1.99675
431 -2 -1.99676
432 -2 -1.99677
433 -2 -1.99677
434 -2 -1.99678
435 -2 -1.99679
436 -2 -1.9968
437 -2 -1.9968
438 -2 -1.99681
439 -2 -1.99682
440 -2 -1.99683
441 -2 -1.99683
442 -2 -1.99684
443 -2 -1.99685
444 -2 -1.99685
445 -2 -1.99686
446 -2 -1.99687
447 -2 -1.99688
448 -2 -1.99688
449 -2 -1.99689
450 -2 -1.9969
451 -2 -1.9969
452 -2 -1.99691
453 -2 -1.99692
454 -2 -1.99692
455 -2 -1.99693
456 -2 -1.99694
457 -2 -1.99694
458 -2 -1.99695
459 -2 -1.99696
460 -2 -1.99696
461 -2 -1.99697
462 -2 -1.99698
463 -2 -1.99698
464 -1.98 -1.99695
465 -2 -1.99695
466 -2 -1.99696
467 -2 -1.99697
468 -2 -1.99697
469 -2 -1.99698
470 -2 -1.99699
471 -2 -1.99699
472 -1.98 -1.99696
473 -2 -1.99696
474 -2 -1.99697
475 -2 -1.99697
476 -2 -1.99698
477 -2 -1.99699
478 -2 -1.99699
479 -2 -1.997
480 -2 -1.99701
481 -2 -1.99701
482 -1.98 -1.99698
483 -1.98 -1.99694
484 -2 -1.99695
485 -2 -1.99695
486 -2 -1.99696
487 -1.98 -1.99693
488 -1.98 -1.99689
489 -1.98 -1.99686
490 -2 -1.99686
491 -2 -1.99687
492 -2 -1.99688
493 -2 -1.99688
494 -2 -1.99689
495 -2 -1.9969
496 -1.98 -1.99686
497 -2 -1.99687
498 -2 -1.99687
499 -2 -1.99688
500 -2 -1.99689
501 -2 -1.99689
502 -2 -1.9969
503 -2 -1.9969
504 -2 -1.99691
505 -2 -1.99692
506 -1.98 -1.99688
507 -2 -1.99689
508 -2 -1.9969
509 -2 -1.9969
510 -2 -1.99691
511 -2 -1.99691
512 -2 -1.99692
513 -2 -1.99693
514 -2 -1.99693
515 -2 -1.99694
516 -2 -1.99694
517 -2 -1.99695
518 -2 -1.99696
519 -2 -1.99696
520 -2 -1.99697
521 -2 -1.99697
522 -2 -1.99698
523 -2 -1.99698
524 -1.98 -1.99695
525 -1.98 -1.99692
526 -2 -1.99693
527 -2 -1.99693
528 -2 -1.99694
529 -2 -1.99694
530 -2 -1.99695
531 -2 -1.99695
532 -2 -1.99696
533 -2 -1.99697
534 -2 -1.99697
535 -2 -1.99698
536 -2 -1.99698
537 -2 -1.99699
538 -2 -1.99699
539 -2 -1.997
540 -2 -1.99701
541 -2 -1.99701
542 -2 -1.99702
543 -2 -1.99702
544 -2 -1.99703
545 -2 -1.99703
546 -1.98 -1.997
547 -1.98 -1.99697
548 -2 -1.99698
549 -2 -1.99698
550 -2 -1.99699
551 -2 -1.99699
552 -1.98 -1.99696
553 -2 -1.99697
554 -2 -1.99697
555 -2 -1.99698
556 -2 -1.99698
557 -2 -1.99699
558 -2 -1.99699
559 -2 -1.997
560 -2 -1.99701
561 -2 -1.99701
562 -2 -1.99702
563 -2 -1.99702
564 -2 -1.99703
565 -2 -1.99703
566 -2 -1.99704
567 -2 -1.99704
568 -2 -1.99705
569 -1.98 -1.99702
570 -1.97 -1.99697
571 -2 -1.99698
572 -2 -1.99698
573 -2 -1.99699
574 -2 -1.99699
575 -2 -1.997
576 -2 -1.997
577 -2 -1.99701
578 -2 -1.99701
579 -1.98 -1.99698
580 -1.98 -1.99695
581 -1.98 -1.99692
582 -2 -1.99693
583 -2 -1.99693
584 -2 -1.99694
585 -2 -1.99695
586 -2 -1.99695
587 -2 -1.99696
588 -2 -1.99696
589 -2 -1.99697
590 -2 -1.99697
591 -2 -1.99698
592 -2 -1.99698
593 -2 -1.99699
594 -2 -1.99699
595 -2 -1.997
596 -2 -1.997
597 -1.98 -1.99697
598 -1.98 -1.99694
599 -2 -1.99695
600 -2 -1.99696
601 -2 -1.99696
602 -2 -1.99697
603 -2 -1.99697
604 -2 -1.99698
605 -2 -1.99698
606 -2 -1.99699
607 -2 -1.99699
608 -2 -1.997
609 -2 -1.997
610 -2 -1.997
611 -2 -1.99701
612 -2 -1.99701
613 -2 -1.99702
614 -2 -1.99702
615 -2 -1.99703
616 -2 -1.99703
617 -2 -1.99704
618 -2 -1.99704
619 -2 -1.99705
620 -2 -1.99705
621 -2 -1.99706
622 -2 -1.99706
623 -2 -1.99707
624 -2 -1.99707
625 -2 -1.99708
626 -2 -1.99708
627 -2 -1.99709
628 -2 -1.99709
629 -2 -1.9971
630 -2 -1.9971
631 -2 -1.9971
632 -2 -1.99711
633 -2 -1.99711
634 -2 -1.99712
635 -2 -1.99712
636 -2 -1.99713
637 -2 -1.99713
638 -2 -1.99714
639 -2 -1.99714
640 -2 -1.99715
641 -2 -1.99715
642 -1.98 -1.99712
643 -2 -1.99713
644 -2 -1.99713
645 -2 -1.99714
646 -2 -1.99714
647 -1.98 -1.99711
648 -2 -1.99712
649 -2 -1.99712
650 -2 -1.99713
651 -2 -1.99713
652 -2 -1.99714
653 -2 -1.99714
654 -2 -1.99715
655 -2 -1.99715
656 -2 -1.99715
657 -2 -1.99716
658 -2 -1.99716
659 -2 -1.99717
660 -2 -1.99717
661 -2 -1.99718
662 -2 -1.99718
663 -1.98 -1.99715
664 -1.98 -1.99713
665 -2 -1.99713
666 -2 -1.99714
667 -2 -1.99714
668 -2 -1.99714
669 -2 -1.99715
670 -2 -1.99715
671 -2 -1.99716
672 -2 -1.99716
673 -2 -1.99717
674 -2 -1.99717
675 -2 -1.99717
676 -2 -1.99718
677 -2 -1.99718
678 -2 -1.99719
679 -2 -1.99719
680 -2 -1.9972
681 -2 -1.9972
682 -2 -1.9972
683 -2 -1.99721
684 -1.98 -1.99718
685 -2 -1.99719
686 -2 -1.99719
687 -1.98 -1.99717
688 -2 -1.99717
689 -2 -1.99717
690 -2 -1.99718
691 -2 -1.99718
692 -2 -1.99719
693 -2 -1.99719
694 -2 -1.99719
695 -2 -1.9972
696 -2 -1.9972
697 -2 -1.99721
698 -2 -1.99721
699 -2 -1.99721
700 -2 -1.99722
701 -2 -1.99722
702 -2 -1.99723
703 -2 -1.99723
704 -2 -1.99723
705 -2 -1.99724
706 -2 -1.99724
707 -1.98 -1.99722
708 -1.98 -1.99719
709 -1.98 -1.99717
710 -2 -1.99717
711 -2 -1.99718
712 -2 -1.99718
713 -2 -1.99718
714 -1.98 -1.99716
715 -1.96 -1.99711
716 -1.98 -1.99709
717 -2 -1.99709
718 -2 -1.99709
719 -2 -1.9971
720 -1.98 -1.99707
721 -1.98 -1.99705
722 -2 -1.99705
723 -2 -1.99706
724 -2 -1.99706
725 -2 -1.99707
726 -2 -1.99707
727 -2 -1.99707
728 -2 -1.99708
729 -2 -1.99708
730 -2 -1.99709
731 -2 -1.99709
732 -2 -1.99709
733 -2 -1.9971
734 -2 -1.9971
735 -2 -1.99711
736 -2 -1.99711
737 -2 -1.99711
738 -2 -1.99712
739 -1.96 -1.99707
740 -1.98 -1.99704
741 -2 -1.99705
742 -2 -1.99705
743 -2 -1.99706
744 -2 -1.99706
745 -1.98 -1.99704
746 -2 -1.99704
747 -2 -1.99705
748 -2 -1.99705
749 -2 -1.99705
750 -2 -1.99706
751 -2 -1.99706
752 -2 -1.99707
753 -2 -1.99707
754 -2 -1.99707
755 -2 -1.99708
756 -2 -1.99708
757 -2 -1.99708
758 -2 -1.99709
759 -2 -1.99709
760 -2 -1.9971
761 -2 -1.9971
762 -2 -1.9971
763 -2 -1.99711
764 -2 -1.99711
765 -2 -1.99711
766 -2 -1.99712
767 -1.98 -1.9971
768 -2 -1.9971
769 -2 -1.9971
770 -2 -1.99711
771 -1.98 -1.99709
772 -1.98 -1.99706
773 -1.98 -1.99704
774 -1.98 -1.99702
775 -1.95 -1.99696
776 -2 -1.99696
777 -2 -1.99697
778 -2 -1.99697
779 -2 -1.99697
780 -1.98 -1.99695
781 -2 -1.99696
782 -2 -1.99696
783 -2 -1.99696
784 -2 -1.99697
785 -2 -1.99697
786 -2 -1.99698
787 -2 -1.99698
788 -2 -1.99698
789 -2 -1.99699
790 -2 -1.99699
791 -2 -1.99699
792 -2 -1.997
793 -2 -1.997
794 -1.98 -1.99698
795 -2 -1.99698
796 -2 -1.99699
797 -2 -1.99699
798 -2 -1.997
799 -2 -1.997
800 -1.98 -1.99698
801 -1.98 -1.99696
802 -2 -1.99696
803 -2 -1.99697
804 -2 -1.99697
805 -2 -1.99697
806 -1.98 -1.99695
807 -1.98 -1.99693
808 -2 -1.99693
809 -2 -1.99694
810 -2 -1.99694
811 -2 -1.99695
812 -1.98 -1.99692
813 -2 -1.99693
814 -2 -1.99693
815 -1.98 -1.99691
816 -2 -1.99692
817 -2 -1.99692
818 -2 -1.99692
819 -1.98 -1.9969
820 -1.98 -1.99688
821 -1.96 -1.99684
822 -2 -1.99684
823 -2 -1.99684
824 -2 -1.99685
825 -2 -1.99685
826 -2 -1.99686
827 -2 -1.99686
828 -2 -1.99686
829 -2 -1.99687
830 -2 -1.99687
831 -2 -1.99688
832 -1.98 -1.99685
833 -2 -1.99686
834 -2 -1.99686
835 -2 -1.99687
836 -2 -1.99687
837 -2 -1.99687
838 -2 -1.99688
839 -2 -1.99688
840 -2 -1.99688
841 -2 -1.99689
842 -2 -1.99689
843 -2 -1.9969
844 -2 -1.9969
845 -1.98 -1.99688
846 -2 -1.99688
847 -2 -1.99689
848 -2 -1.99689
849 -1.98 -1.99687
850 -1.98 -1.99685
851 -2 -1.99685
852 -2 -1.99686
853 -2 -1.99686
854 -2 -1.99687
855 -2 -1.99687
856 -1.98 -1.99685
857 -2 -1.99685
858 -2 -1.99686
859 -2 -1.99686
860 -2 -1.99686
861 -2 -1.99687
862 -2 -1.99687
863 -2 -1.99688
864 -2 -1.99688
865 -2 -1.99688
866 -2 -1.99689
867 -2 -1.99689
868 -1.98 -1.99687
869 -1.98 -1.99685
870 -2 -1.99685
871 -2 -1.99686
872 -2 -1.99686
873 -2 -1.99686
874 -2 -1.99687
875 -2 -1.99687
876 -2 -1.99688
877 -2 -1.99688
878 -2 -1.99688
879 -2 -1.99689
880 -2 -1.99689
881 -2 -1.99689
882 -2 -1.9969
883 -2 -1.9969
884 -2 -1.9969
885 -2 -1.99691
886 -1.98 -1.99689
887 -2 -1.99689
888 -2 -1.9969
889 -2 -1.9969
890 -2 -1.9969
891 -2 -1.99691
892 -2 -1.99691
893 -2 -1.99691
894 -2 -1.99692
895 -2 -1.99692
896 -2 -1.99692
897 -2 -1.99693
898 -2 -1.99693
899 -2 -1.99693
900 -2 -1.99694
901 -2 -1.99694
902 -2 -1.99694
903 -2 -1.99695
904 -1.98 -1.99693
905 -2 -1.99693
906 -2 -1.99693
907 -2 -1.99694
908 -1.98 -1.99692
909 -1.98 -1.9969
910 -2 -1.9969
911 -2 -1.99691
912 -2 -1.99691
913 -2 -1.99691
914 -2 -1.99692
915 -2 -1.99692
916 -2 -1.99692
917 -1.98 -1.99691
918 -2 -1.99691
919 -2 -1.99691
920 -2 -1.99692
921 -2 -1.99692
922 -2 -1.99692
923 -2 -1.99693
924 -2 -1.99693
925 -2 -1.99693
926 -2 -1.99694
927 -2 -1.99694
928 -2 -1.99694
929 -2 -1.99695
930 -2 -1.99695
931 -2 -1.99695
932 -1.98 -1.99693
933 -1.98 -1.99692
934 -2 -1.99692
935 -2 -1.99692
936 -1.98 -1.99691
937 -2 -1.99691
938 -2 -1.99691
939 -2 -1.99691
940 -2 -1.99692
941 -2 -1.99692
942 -2 -1.99692
943 -2 -1.99693
944 -2 -1.99693
945 -2 -1.99693
946 -2 -1.99694
947 -2 -1.99694
948 -2 -1.99694
949 -2 -1.99695
950 -2 -1.99695
951 -2 -1.99695
952 -2 -1.99696
953 -2 -1.99696
954 -2 -1.99696
955 -2 -1.99697
956 -2 -1.99697
957 -2 -1.99697
958 -2 -1.99698
959 -2 -1.99698
960 -2 -1.99698
961 -2 -1.99699
962 -2 -1.99699
963 -2 -1.99699
964 -2 -1.99699
965 -2 -1.997
966 -2 -1.997
967 -2 -1.997
968 -2 -1.99701
969 -2 -1.99701
970 -2 -1.99701
971 -2 -1.99702
972 -2 -1.99702
973 -2 -1.99702
974 -2 -1.99703
975 -2 -1.99703
976 -2 -1.99703
977 -2 -1.99703
978 -2 -1.99704
979 -2 -1.99704
980 -2 -1.99704
981 -2 -1.99705
982 -2 -1.99705
983 -2 -1.99705
984 -2 -1.99706
985 -2 -1.99706
986 -2 -1.99706
987 -2 -1.99706
988 -2 -1.99707
989 -2 -1.99707
990 -2 -1.99707
991 -2 -1.99708
992 -1.98 -1.99706
993 -2 -1.99706
994 -2 -1.99707
995 -2 -1.99707
996 -2 -1.99707
997 -2 -1.99707
998 -2 -1.99708
999 -2 -1.99708
1000 -2 -1.99708
1001 -1.96 -1.99705
1002 -2 -1.99705
1003 -2 -1.99705
1004 -2 -1.99705
1005 -2 -1.99706
1006 -2 -1.99706
1007 -2 -1.99706
1008 -2 -1.99707
1009 -2 -1.99707
1010 -2 -1.99707
1011 -2 -1.99708
1012 -2 -1.99708
1013 -1.98 -1.99706
1014 -2 -1.99706
1015 -2 -1.99707
1016 -1.98 -1.99705
1017 -2 -1.99705
1018 -2 -1.99706
1019 -2 -1.99706
1020 -2 -1.99706
1021 -2 -1.99706
1022 -2 -1.99707
1023 -2 -1.99707
1024 -2 -1.99707
1025 -2 -1.99708
1026 -2 -1.99708
1027 -2 -1.99708
1028 -2 -1.99708
1029 -2 -1.99709
1030 -2 -1.99709
1031 -2 -1.99709
1032 -2 -1.9971
1033 -2 -1.9971
1034 -2 -1.9971
1035 -2 -1.9971
1036 -2 -1.99711
1037 -1.98 -1.99709
1038 -2 -1.99709
1039 -2 -1.9971
1040 -2 -1.9971
1041 -2 -1.9971
1042 -2 -1.9971
1043 -2 -1.99711
1044 -2 -1.99711
1045 -2 -1.99711
1046 -1.98 -1.9971
1047 -1.98 -1.99708
1048 -1.98 -1.99706
1049 -2 -1.99707
1050 -2 -1.99707
1051 -2 -1.99707
1052 -2 -1.99708
1053 -2 -1.99708
1054 -2 -1.99708
1055 -2 -1.99708
1056 -2 -1.99709
1057 -1.98 -1.99707
1058 -1.98 -1.99705
1059 -2 -1.99706
1060 -2 -1.99706
1061 -2 -1.99706
1062 -2 -1.99706
1063 -2 -1.99707
1064 -2 -1.99707
1065 -2 -1.99707
1066 -2 -1.99708
1067 -2 -1.99708
1068 -2 -1.99708
1069 -2 -1.99708
1070 -2 -1.99709
1071 -2 -1.99709
1072 -2 -1.99709
1073 -2 -1.99709
1074 -2 -1.9971
1075 -2 -1.9971
1076 -2 -1.9971
1077 -2 -1.99711
1078 -2 -1.99711
1079 -2 -1.99711
1080 -2 -1.99711
1081 -2 -1.99712
1082 -1.98 -1.9971
1083 -1.98 -1.99708
1084 -1.98 -1.99707
1085 -1.98 -1.99705
1086 -2 -1.99706
1087 -2 -1.99706
1088 -2 -1.99706
1089 -2 -1.99706
1090 -2 -1.99707
1091 -2 -1.99707
1092 -2 -1.99707
1093 -2 -1.99707
1094 -2 -1.99708
1095 -2 -1.99708
1096 -2 -1.99708
1097 -2 -1.99709
1098 -2 -1.99709
1099 -2 -1.99709
1100 -2 -1.99709
1101 -2 -1.9971
1102 -2 -1.9971
1103 -2 -1.9971
1104 -2 -1.9971
1105 -1.98 -1.99709
1106 -1.98 -1.99707
1107 -2 -1.99708
1108 -2 -1.99708
1109 -2 -1.99708
1110 -2 -1.99708
1111 -2 -1.99709
1112 -2 -1.99709
1113 -2 -1.99709
1114 -2 -1.99709
1115 -2 -1.9971
1116 -2 -1.9971
1117 -2 -1.9971
1118 -2 -1.9971
1119 -2 -1.99711
1120 -2 -1.99711
1121 -2 -1.99711
1122 -2 -1.99711
1123 -1.97 -1.99709
1124 -2 -1.99709
1125 -2 -1.9971
1126 -2 -1.9971
1127 -2 -1.9971
1128 -2 -1.9971
1129 -2 -1.99711
1130 -2 -1.99711
1131 -2 -1.99711
1132 -1.98 -1.9971
1133 -2 -1.9971
1134 -2 -1.9971
1135 -2 -1.9971
1136 -2 -1.99711
1137 -2 -1.99711
1138 -2 -1.99711
1139 -2 -1.99711
1140 -2 -1.99712
1141 -2 -1.99712
1142 -2 -1.99712
1143 -2 -1.99712
1144 -2 -1.99713
1145 -2 -1.99713
1146 -2 -1.99713
1147 -2 -1.99713
1148 -2 -1.99714
1149 -2 -1.99714
1150 -1.98 -1.99712
1151 -2 -1.99713
1152 -2 -1.99713
1153 -2 -1.99713
1154 -1.98 -1.99712
1155 -1.98 -1.9971
1156 -2 -1.9971
1157 -2 -1.99711
1158 -2 -1.99711
1159 -2 -1.99711
1160 -2 -1.99711
1161 -2 -1.99712
1162 -2 -1.99712
1163 -1.98 -1.9971
1164 -2 -1.99711
1165 -2 -1.99711
1166 -1.98 -1.9971
1167 -1.98 -1.99708
1168 -2 -1.99708
1169 -2 -1.99709
1170 -2 -1.99709
1171 -1.98 -1.99707
1172 -1.98 -1.99706
1173 -2 -1.99706
1174 -2 -1.99706
1175 -2 -1.99707
1176 -2 -1.99707
1177 -1.98 -1.99705
1178 -2 -1.99706
1179 -2 -1.99706
1180 -2 -1.99706
1181 -2 -1.99706
1182 -2 -1.99707
1183 -2 -1.99707
1184 -2 -1.99707
1185 -2 -1.99707
1186 -2 -1.99708
1187 -2 -1.99708
1188 -2 -1.99708
1189 -1.98 -1.99707
1190 -2 -1.99707
1191 -2 -1.99707
1192 -2 -1.99707
1193 -2 -1.99708
1194 -2 -1.99708
1195 -2 -1.99708
1196 -2 -1.99708
1197 -2 -1.99709
1198 -2 -1.99709
1199 -2 -1.99709
1200 -2 -1.99709
1201 -1.98 -1.99708
1202 -2 -1.99708
1203 -2 -1.99708
1204 -2 -1.99709
1205 -2 -1.99709
1206 -2 -1.99709
1207 -2 -1.99709
1208 -2 -1.9971
1209 -2 -1.9971
1210 -2 -1.9971
1211 -2 -1.9971
1212 -2 -1.99711
1213 -2 -1.99711
1214 -2 -1.99711
1215 -2 -1.99711
1216 -2 -1.99712
1217 -2 -1.99712
1218 -2 -1.99712
1219 -2 -1.99712
1220 -2 -1.99713
1221 -2 -1.99713
1222 -2 -1.99713
1223 -2 -1.99713
1224 -2 -1.99713
1225 -2 -1.99714
1226 -2 -1.99714
1227 -2 -1.99714
1228 -2 -1.99714
1229 -2 -1.99715
1230 -2 -1.99715
1231 -2 -1.99715
1232 -2 -1.99715
1233 -2 -1.99716
1234 -2 -1.99716
1235 -2 -1.99716
1236 -2 -1.99716
1237 -2 -1.99716
1238 -2 -1.99717
1239 -2 -1.99717
1240 -2 -1.99717
1241 -2 -1.99717
1242 -2 -1.99718
1243 -2 -1.99718
1244 -2 -1.99718
1245 -2 -1.99718
1246 -2 -1.99719
1247 -1.98 -1.99717
1248 -2 -1.99717
1249 -2 -1.99718
1250 -2 -1.99718
1251 -2 -1.99718
1252 -2 -1.99718
1253 -2 -1.99719
1254 -2 -1.99719
1255 -2 -1.99719
1256 -2 -1.99719
1257 -2 -1.99719
1258 -2 -1.9972
1259 -2 -1.9972
1260 -2 -1.9972
1261 -2 -1.9972
1262 -2 -1.99721
1263 -2 -1.99721
1264 -2 -1.99721
1265 -2 -1.99721
1266 -2 -1.99721
1267 -2 -1.99722
1268 -2 -1.99722
1269 -1.98 -1.9972
1270 -2 -1.99721
1271 -2 -1.99721
1272 -2 -1.99721
1273 -1.98 -1.9972
1274 -2 -1.9972
1275 -2 -1.9972
1276 -2 -1.9972
1277 -2 -1.99721
1278 -2 -1.99721
1279 -2 -1.99721
1280 -2 -1.99721
1281 -1.98 -1.9972
1282 -1.98 -1.99719
1283 -1.98 -1.99717
1284 -2 -1.99718
1285 -2 -1.99718
1286 -2 -1.99718
1287 -2 -1.99718
1288 -2 -1.99718
1289 -2 -1.99719
1290 -2 -1.99719
1291 -2 -1.99719
1292 -2 -1.99719
1293 -2 -1.99719
1294 -2 -1.9972
1295 -1.98 -1.99718
1296 -2 -1.99719
1297 -1.98 -1.99717
1298 -1.98 -1.99716
1299 -1.98 -1.99715
1300 -2 -1.99715
1301 -2 -1.99715
1302 -2 -1.99715
1303 -2 -1.99715
1304 -2 -1.99716
1305 -2 -1.99716
1306 -2 -1.99716
1307 -2 -1.99716
1308 -2 -1.99717
1309 -2 -1.99717
1310 -1.98 -1.99715
1311 -2 -1.99716
1312 -2 -1.99716
1313 -2 -1.99716
1314 -1.98 -1.99715
1315 -1.98 -1.99714
1316 -2 -1.99714
1317 -2 -1.99714
1318 -2 -1.99714
1319 -2 -1.99714
1320 -2 -1.99715
1321 -2 -1.99715
1322 -1.98 -1.99714
1323 -2 -1.99714
1324 -2 -1.99714
1325 -2 -1.99714
1326 -2 -1.99714
1327 -2 -1.99715
1328 -2 -1.99715
1329 -2 -1.99715
1330 -2 -1.99715
1331 -2 -1.99715
1332 -2 -1.99716
1333 -2 -1.99716
1334 -2 -1.99716
1335 -2 -1.99716
1336 -2 -1.99717
1337 -2 -1.99717
1338 -2 -1.99717
1339 -2 -1.99717
1340 -2 -1.99717
1341 -2 -1.99718
1342 -2 -1.99718
1343 -2 -1.99718
1344 -2 -1.99718
1345 -2 -1.99718
1346 -2 -1.99719
1347 -2 -1.99719
1348 -2 -1.99719
1349 -2 -1.99719
1350 -2 -1.99719
1351 -2 -1.9972
1352 -2 -1.9972
1353 -2 -1.9972
1354 -2 -1.9972
1355 -2 -1.99721
1356 -2 -1.99721
1357 -2 -1.99721
1358 -2 -1.99721
1359 -2 -1.99721
1360 -2 -1.99722
1361 -2 -1.99722
1362 -2 -1.99722
1363 -2 -1.99722
1364 -2 -1.99722
1365 -2 -1.99723
1366 -2 -1.99723
1367 -2 -1.99723
1368 -2 -1.99723
1369 -2 -1.99723
1370 -2 -1.99724
1371 -2 -1.99724
1372 -2 -1.99724
1373 -2 -1.99724
1374 -2 -1.99724
1375 -2 -1.99725
1376 -2 -1.99725
1377 -2 -1.99725
1378 -2 -1.99725
1379 -2 -1.99725
1380 -2 -1.99726
1381 -2 -1.99726
1382 -2 -1.99726
1383 -2 -1.99726
1384 -2 -1.99726
1385 -1.96 -1.99724
1386 -1.96 -1.99721
1387 -1.98 -1.9972
1388 -2 -1.9972
1389 -2 -1.9972
1390 -2 -1.9972
1391 -2 -1.99721
1392 -2 -1.99721
1393 -2 -1.99721
1394 -2 -1.99721
1395 -2 -1.99721
1396 -2 -1.99722
1397 -2 -1.99722
1398 -2 -1.99722
1399 -2 -1.99722
1400 -2 -1.99722
1401 -2 -1.99723
1402 -1.98 -1.99721
1403 -1.98 -1.9972
1404 -2 -1.9972
1405 -2 -1.9972
1406 -2 -1.99721
1407 -2 -1.99721
1408 -2 -1.99721
1409 -2 -1.99721
1410 -2 -1.99721
1411 -2 -1.99722
1412 -2 -1.99722
1413 -2 -1.99722
1414 -2 -1.99722
1415 -2 -1.99722
1416 -2 -1.99723
1417 -2 -1.99723
1418 -2 -1.99723
1419 -1.98 -1.99722
1420 -1.98 -1.99721
1421 -2 -1.99721
1422 -2 -1.99721
1423 -2 -1.99721
1424 -2 -1.99721
1425 -2 -1.99722
1426 -2 -1.99722
1427 -2 -1.99722
1428 -2 -1.99722
1429 -2 -1.99722
1430 -2 -1.99723
1431 -2 -1.99723
1432 -2 -1.99723
1433 -2 -1.99723
1434 -2 -1.99723
1435 -1.98 -1.99722
1436 -2 -1.99722
1437 -2 -1.99723
1438 -2 -1.99723
1439 -2 -1.99723
1440 -2 -1.99723
1441 -2 -1.99723
1442 -2 -1.99723
1443 -2 -1.99724
1444 -2 -1.99724
1445 -2 -1.99724
1446 -1.98 -1.99723
1447 -1.98 -1.99722
1448 -2 -1.99722
1449 -2 -1.99722
1450 -2 -1.99722
1451 -2 -1.99722
1452 -2 -1.99723
1453 -2 -1.99723
1454 -2 -1.99723
1455 -2 -1.99723
1456 -2 -1.99723
1457 -2 -1.99724
1458 -2 -1.99724
1459 -2 -1.99724
1460 -2 -1.99724
1461 -2 -1.99724
1462 -2 -1.99725
1463 -2 -1.99725
1464 -2 -1.99725
1465 -2 -1.99725
1466 -2 -1.99725
1467 -2 -1.99725
1468 -2 -1.99726
1469 -2 -1.99726
1470 -2 -1.99726
1471 -2 -1.99726
1472 -2 -1.99726
1473 -1.98 -1.99725
1474 -2 -1.99725
1475 -2 -1.99726
1476 -2 -1.99726
1477 -2 -1.99726
1478 -2 -1.99726
1479 -2 -1.99726
1480 -2 -1.99727
1481 -2 -1.99727
1482 -1.98 -1.99726
1483 -2 -1.99726
1484 -2 -1.99726
1485 -2 -1.99726
1486 -2 -1.99726
1487 -2 -1.99726
1488 -2 -1.99727
1489 -2 -1.99727
1490 -2 -1.99727
1491 -2 -1.99727
1492 -2 -1.99727
1493 -2 -1.99728
1494 -2 -1.99728
1495 -2 -1.99728
1496 -2 -1.99728
1497 -2 -1.99728
1498 -2 -1.99728
1499 -2 -1.99729
1500 -2 -1.99729
1501 -2 -1.99729
1502 -1.98 -1.99728
1503 -2 -1.99728
1504 -2 -1.99728
1505 -2 -1.99728
1506 -1.98 -1.99727
1507 -2 -1.99727
1508 -2 -1.99728
1509 -2 -1.99728
1510 -2 -1.99728
1511 -2 -1.99728
1512 -2 -1.99728
1513 -2 -1.99729
1514 -2 -1.99729
1515 -2 -1.99729
1516 -2 -1.99729
1517 -2 -1.99729
1518 -2 -1.99729
1519 -2 -1.9973
1520 -2 -1.9973
1521 -1.98 -1.99729
1522 -2 -1.99729
1523 -2 -1.99729
1524 -2 -1.99729
1525 -2 -1.99729
1526 -2 -1.9973
1527 -2 -1.9973
1528 -2 -1.9973
1529 -2 -1.9973
1530 -2 -1.9973
1531 -2 -1.9973
1532 -2 -1.99731
1533 -1.98 -1.99729
1534 -1.98 -1.99728
1535 -1.98 -1.99727
1536 -1.98 -1.99726
1537 -2 -1.99726
1538 -2 -1.99726
1539 -2 -1.99727
1540 -2 -1.99727
1541 -2 -1.99727
1542 -2 -1.99727
1543 -2 -1.99727
1544 -2 -1.99728
1545 -1.98 -1.99726
1546 -2 -1.99727
1547 -2 -1.99727
1548 -1.98 -1.99726
1549 -2 -1.99726
1550 -2 -1.99726
1551 -2 -1.99726
1552 -2 -1.99726
1553 -2 -1.99727
1554 -2 -1.99727
1555 -2 -1.99727
1556 -2 -1.99727
1557 -2 -1.99727
1558 -2 -1.99727
1559 -2 -1.99728
1560 -2 -1.99728
1561 -2 -1.99728
1562 -2 -1.99728
1563 -2 -1.99728
1564 -1.98 -1.99727
1565 -2 -1.99727
1566 -2 -1.99728
1567 -2 -1.99728
1568 -2 -1.99728
1569 -2 -1.99728
1570 -2 -1.99728
1571 -2 -1.99728
1572 -2 -1.99729
1573 -2 -1.99729
1574 -1.98 -1.99728
1575 -1.98 -1.99727
1576 -2 -1.99727
1577 -2 -1.99727
1578 -2 -1.99727
1579 -2 -1.99727
1580 -2 -1.99727
1581 -2 -1.99728
1582 -2 -1.99728
1583 -2 -1.99728
1584 -2 -1.99728
1585 -2 -1.99728
1586 -2 -1.99728
1587 -1.98 -1.99727
1588 -2 -1.99728
1589 -2 -1.99728
1590 -1.98 -1.99727
1591 -2 -1.99727
1592 -2 -1.99727
1593 -2 -1.99727
1594 -2 -1.99727
1595 -2 -1.99727
1596 -2 -1.99728
1597 -2 -1.99728
1598 -2 -1.99728
1599 -2 -1.99728
1600 -2 -1.99728
1601 -2 -1.99728
1602 -2 -1.99729
1603 -2 -1.99729
1604 -1.98 -1.99728
1605 -2 -1.99728
1606 -2 -1.99728
1607 -2 -1.99728
1608 -1.98 -1.99727
1609 -2 -1.99727
1610 -2 -1.99727
1611 -2 -1.99728
1612 -2 -1.99728
1613 -2 -1.99728
1614 -2 -1.99728
1615 -2 -1.99728
1616 -2 -1.99729
1617 -2 -1.99729
1618 -2 -1.99729
1619 -2 -1.99729
1620 -2 -1.99729
1621 -2 -1.99729
1622 -2 -1.9973
1623 -2 -1.9973
1624 -2 -1.9973
1625 -2 -1.9973
1626 -2 -1.9973
1627 -2 -1.9973
1628 -2 -1.99731
1629 -2 -1.99731
1630 -2 -1.99731
1631 -2 -1.99731
1632 -2 -1.99731
1633 -2 -1.99731
1634 -2 -1.99731
1635 -2 -1.99732
1636 -2 -1.99732
1637 -2 -1.99732
1638 -2 -1.99732
1639 -2 -1.99732
1640 -2 -1.99732
1641 -2 -1.99733
1642 -2 -1.99733
1643 -2 -1.99733
1644 -2 -1.99733
1645 -2 -1.99733
1646 -2 -1.99733
1647 -2 -1.99734
1648 -2 -1.99734
1649 -2 -1.99734
1650 -2 -1.99734
1651 -2 -1.99734
1652 -2 -1.99734
1653 -2 -1.99735
1654 -2 -1.99735
1655 -2 -1.99735
1656 -2 -1.99735
1657 -2 -1.99735
1658 -2 -1.99735
1659 -2 -1.99736
1660 -2 -1.99736
1661 -2 -1.99736
1662 -2 -1.99736
1663 -2 -1.99736
1664 -2 -1.99736
1665 -2 -1.99736
1666 -2 -1.99737
1667 -2 -1.99737
1668 -2 -1.99737
1669 -2 -1.99737
1670 -2 -1.99737
1671 -2 -1.99737
1672 -2 -1.99738
1673 -2 -1.99738
1674 -2 -1.99738
1675 -2 -1.99738
1676 -2 -1.99738
1677 -2 -1.99738
1678 -2 -1.99739
1679 -2 -1.99739
1680 -2 -1.99739
1681 -2 -1.99739
1682 -2 -1.99739
1683 -2 -1.99739
1684 -2 -1.99739
1685 -2 -1.9974
1686 -2 -1.9974
1687 -2 -1.9974
1688 -2 -1.9974
1689 -2 -1.9974
1690 -2 -1.9974
1691 -1.98 -1.99739
1692 -2 -1.9974
1693 -2 -1.9974
1694 -2 -1.9974
1695 -2 -1.9974
1696 -2 -1.9974
1697 -2 -1.9974
1698 -1.98 -1.99739
1699 -2 -1.99739
1700 -2 -1.9974
1701 -2 -1.9974
1702 -2 -1.9974
1703 -1.98 -1.99739
1704 -1.98 -1.99738
1705 -2 -1.99738
1706 -2 -1.99738
1707 -2 -1.99738
1708 -2 -1.99738
1709 -2 -1.99739
1710 -2 -1.99739
1711 -2 -1.99739
1712 -2 -1.99739
1713 -2 -1.99739
1714 -2 -1.99739
1715 -1.98 -1.99738
1716 -1.98 -1.99737
1717 -1.98 -1.99736
1718 -2 -1.99736
1719 -2 -1.99737
1720 -2 -1.99737
1721 -2 -1.99737
1722 -2 -1.99737
1723 -2 -1.99737
1724 -2 -1.99737
1725 -2 -1.99738
1726 -2 -1.99738
1727 -2 -1.99738
1728 -2 -1.99738
1729 -2 -1.99738
1730 -2 -1.99738
1731 -2 -1.99738
1732 -2 -1.99739
1733 -2 -1.99739
1734 -1.98 -1.99738
1735 -1.98 -1.99737
1736 -2 -1.99737
1737 -2 -1.99737
1738 -2 -1.99737
1739 -2 -1.99737
1740 -2 -1.99738
1741 -2 -1.99738
1742 -2 -1.99738
1743 -2 -1.99738
1744 -1.98 -1.99737
1745 -2 -1.99737
1746 -2 -1.99737
1747 -2 -1.99737
1748 -2 -1.99738
1749 -2 -1.99738
1750 -2 -1.99738
1751 -2 -1.99738
1752 -2 -1.99738
1753 -2 -1.99738
1754 -2 -1.99738
1755 -2 -1.99739
1756 -2 -1.99739
1757 -2 -1.99739
1758 -2 -1.99739
1759 -2 -1.99739
1760 -2 -1.99739
1761 -2 -1.9974
1762 -2 -1.9974
1763 -2 -1.9974
1764 -1.98 -1.99739
1765 -2 -1.99739
1766 -2 -1.99739
1767 -2 -1.99739
1768 -2 -1.99739
1769 -2 -1.9974
1770 -2 -1.9974
1771 -2 -1.9974
1772 -2 -1.9974
1773 -2 -1.9974
1774 -2 -1.9974
1775 -2 -1.9974
1776 -2 -1.99741
1777 -2 -1.99741
1778 -2 -1.99741
1779 -2 -1.99741
1780 -2 -1.99741
1781 -2 -1.99741
1782 -2 -1.99741
1783 -1.98 -1.9974
1784 -2 -1.99741
1785 -2 -1.99741
1786 -2 -1.99741
1787 -2 -1.99741
1788 -2 -1.99741
1789 -2 -1.99741
1790 -2 -1.99741
1791 -2 -1.99742
1792 -2 -1.99742
1793 -2 -1.99742
1794 -2 -1.99742
1795 -2 -1.99742
1796 -2 -1.99742
1797 -2 -1.99742
1798 -2 -1.99743
1799 -2 -1.99743
1800 -2 -1.99743
1801 -1.98 -1.99742
1802 -2 -1.99742
1803 -2 -1.99742
1804 -2 -1.99742
1805 -2 -1.99743
1806 -2 -1.99743
1807 -2 -1.99743
1808 -2 -1.99743
1809 -2 -1.99743
1810 -2 -1.99743
1811 -2 -1.99743
1812 -2 -1.99744
1813 -2 -1.99744
1814 -1.98 -1.99743
1815 -1.98 -1.99742
1816 -1.98 -1.99741
1817 -1.98 -1.9974
1818 -1.98 -1.99739
1819 -2 -1.99739
1820 -2 -1.99739
1821 -2 -1.99739
1822 -2 -1.99739
1823 -1.98 -1.99738
1824 -1.98 -1.99738
1825 -2 -1.99738
1826 -2 -1.99738
1827 -1.98 -1.99737
1828 -1.98 -1.99736
1829 -2 -1.99736
1830 -2 -1.99736
1831 -2 -1.99736
1832 -2 -1.99736
1833 -2 -1.99737
1834 -2 -1.99737
1835 -2 -1.99737
1836 -2 -1.99737
1837 -2 -1.99737
1838 -1.98 -1.99736
1839 -1.98 -1.99735
1840 -1.98 -1.99734
1841 -1.98 -1.99733
1842 -2 -1.99734
1843 -2 -1.99734
1844 -2 -1.99734
1845 -2 -1.99734
1846 -2 -1.99734
1847 -2 -1.99734
1848 -2 -1.99734
1849 -2 -1.99735
1850 -2 -1.99735
1851 -2 -1.99735
1852 -2 -1.99735
1853 -2 -1.99735
1854 -2 -1.99735
1855 -2 -1.99735
1856 -2 -1.99736
1857 -2 -1.99736
1858 -2 -1.99736
1859 -2 -1.99736
1860 -2 -1.99736
1861 -2 -1.99736
1862 -2 -1.99736
1863 -2 -1.99737
1864 -2 -1.99737
1865 -2 -1.99737
1866 -2 -1.99737
1867 -2 -1.99737
1868 -1.98 -1.99736
1869 -1.97 -1.99735
1870 -1.98 -1.99734
1871 -1.98 -1.99733
1872 -1.98 -1.99732
1873 -1.98 -1.99731
1874 -1.98 -1.9973
1875 -1.96 -1.99728
1876 -1.96 -1.99726
1877 -2 -1.99726
1878 -2 -1.99726
1879 -2 -1.99727
1880 -2 -1.99727
1881 -2 -1.99727
1882 -2 -1.99727
1883 -2 -1.99727
1884 -2 -1.99727
1885 -2 -1.99727
1886 -1.98 -1.99727
1887 -1.98 -1.99726
1888 -2 -1.99726
1889 -1.98 -1.99725
1890 -2 -1.99725
1891 -2 -1.99725
1892 -2 -1.99725
1893 -2 -1.99725
1894 -2 -1.99726
1895 -2 -1.99726
1896 -2 -1.99726
1897 -2 -1.99726
1898 -2 -1.99726
1899 -2 -1.99726
1900 -2 -1.99726
1901 -2 -1.99727
1902 -2 -1.99727
1903 -2 -1.99727
1904 -2 -1.99727
1905 -2 -1.99727
1906 -2 -1.99727
1907 -2 -1.99727
1908 -2 -1.99728
1909 -2 -1.99728
1910 -1.98 -1.99727
1911 -2 -1.99727
1912 -2 -1.99727
1913 -1.98 -1.99726
1914 -1.98 -1.99725
1915 -1.98 -1.99724
1916 -1.98 -1.99724
1917 -2 -1.99724
1918 -2 -1.99724
1919 -2 -1.99724
1920 -2 -1.99724
1921 -2 -1.99724
1922 -2 -1.99724
1923 -2 -1.99725
1924 -2 -1.99725
1925 -2 -1.99725
1926 -2 -1.99725
1927 -2 -1.99725
1928 -2 -1.99725
1929 -2 -1.99725
1930 -2 -1.99726
1931 -2 -1.99726
1932 -2 -1.99726
1933 -2 -1.99726
1934 -2 -1.99726
1935 -2 -1.99726
1936 -2 -1.99726
1937 -2 -1.99727
1938 -2 -1.99727
1939 -2 -1.99727
1940 -2 -1.99727
1941 -2 -1.99727
1942 -2 -1.99727
1943 -2 -1.99727
1944 -1.98 -1.99726
1945 -1.98 -1.99726
1946 -1.98 -1.99725
1947 -1.98 -1.99724
1948 -2 -1.99724
1949 -2 -1.99724
1950 -2 -1.99724
1951 -2 -1.99724
1952 -1.98 -1.99724
1953 -2 -1.99724
1954 -2 -1.99724
1955 -2 -1.99724
1956 -2 -1.99724
1957 -2 -1.99724
1958 -2 -1.99724
1959 -2 -1.99724
1960 -2 -1.99725
1961 -1.98 -1.99724
1962 -2 -1.99724
1963 -2 -1.99724
1964 -2 -1.99724
1965 -1.98 -1.99723
1966 -1.98 -1.99722
1967 -2 -1.99723
1968 -2 -1.99723
1969 -2 -1.99723
1970 -2 -1.99723
1971 -2 -1.99723
1972 -2 -1.99723
1973 -2 -1.99723
1974 -2 -1.99724
1975 -2 -1.99724
1976 -2 -1.99724
1977 -2 -1.99724
1978 -2 -1.99724
1979 -2 -1.99724
1980 -2 -1.99724
1981 -2 -1.99725
1982 -1.98 -1.99724
1983 -2 -1.99724
1984 -2 -1.99724
1985 -2 -1.99724
1986 -2 -1.99724
1987 -2 -1.99724
1988 -2 -1.99724
1989 -2 -1.99725
1990 -2 -1.99725
1991 -2 -1.99725
1992 -2 -1.99725
1993 -2 -1.99725
1994 -2 -1.99725
1995 -2 -1.99725
1996 -2 -1.99726
1997 -2 -1.99726
1998 -2 -1.99726
1999 -2 -1.99726
2000 -1.98 -1.99725
2001 -1.98 -1.99724
2002 -1.98 -1.99723
2003 -2 -1.99724
2004 -2 -1.99724
2005 -2 -1.99724
2006 -2 -1.99724
2007 -2 -1.99724
2008 -2 -1.99724
2009 -2 -1.99724
2010 -2 -1.99725
2011 -2 -1.99725
2012 -2 -1.99725
2013 -2 -1.99725
2014 -2 -1.99725
2015 -2 -1.99725
2016 -2 -1.99725
2017 -2 -1.99725
2018 -2 -1.99726
2019 -2 -1.99726
2020 -2 -1.99726
2021 -2 -1.99726
2022 -2 -1.99726
2023 -2 -1.99726
2024 -2 -1.99726
2025 -2 -1.99727
2026 -2 -1.99727
2027 -2 -1.99727
2028 -2 -1.99727
2029 -2 -1.99727
2030 -2 -1.99727
2031 -2 -1.99727
2032 -2 -1.99727
2033 -2 -1.99728
2034 -2 -1.99728
2035 -2 -1.99728
2036 -1.98 -1.99727
2037 -1.98 -1.99726
2038 -1.98 -1.99725
2039 -1.98 -1.99725
2040 -2 -1.99725
2041 -1.96 -1.99723
2042 -2 -1.99723
2043 -2 -1.99723
2044 -1.98 -1.99722
2045 -2 -1.99722
2046 -2 -1.99723
2047 -2 -1.99723
2048 -2 -1.99723
2049 -2 -1.99723
2050 -2 -1.99723
2051 -2 -1.99723
2052 -2 -1.99723
2053 -2 -1.99723
2054 -1.98 -1.99723
2055 -2 -1.99723
2056 -2 -1.99723
2057 -2 -1.99723
2058 -2 -1.99723
2059 -2 -1.99723
2060 -1.98 -1.99722
2061 -1.98 -1.99722
2062 -1.98 -1.99721
2063 -2 -1.99721
2064 -2 -1.99721
2065 -2 -1.99721
2066 -2 -1.99721
2067 -2 -1.99721
2068 -2 -1.99722
2069 -2 -1.99722
2070 -2 -1.99722
2071 -2 -1.99722
2072 -2 -1.99722
2073 -2 -1.99722
2074 -2 -1.99722
2075 -2 -1.99723
2076 -2 -1.99723
2077 -2 -1.99723
2078 -2 -1.99723
2079 -2 -1.99723
2080 -2 -1.99723
2081 -2 -1.99723
2082 -2 -1.99723
2083 -2 -1.99724
2084 -2 -1.99724
2085 -2 -1.99724
2086 -2 -1.99724
2087 -2 -1.99724
2088 -2 -1.99724
2089 -2 -1.99724
2090 -2 -1.99725
2091 -1.98 -1.99724
2092 -2 -1.99724
2093 -2 -1.99724
2094 -2 -1.99724
2095 -2 -1.99724
2096 -2 -1.99724
2097 -2 -1.99724
2098 -2 -1.99725
2099 -2 -1.99725
2100 -2 -1.99725
2101 -2 -1.99725
2102 -2 -1.99725
2103 -2 -1.99725
2104 -2 -1.99725
2105 -2 -1.99726
2106 -2 -1.99726
2107 -2 -1.99726
2108 -2 -1.99726
2109 -1.96 -1.99724
2110 -2 -1.99724
2111 -2 -1.99724
2112 -2 -1.99725
2113 -2 -1.99725
2114 -1.98 -1.99724
2115 -2 -1.99724
2116 -2 -1.99724
2117 -2 -1.99724
2118 -2 -1.99724
2119 -2 -1.99725
2120 -2 -1.99725
2121 -2 -1.99725
2122 -2 -1.99725
2123 -2 -1.99725
2124 -2 -1.99725
2125 -2 -1.99725
2126 -2 -1.99725
2127 -2 -1.99726
2128 -2 -1.99726
2129 -1.98 -1.99725
2130 -2 -1.99725
2131 -2 -1.99725
2132 -2 -1.99725
2133 -2 -1.99725
2134 -2 -1.99726
2135 -2 -1.99726
2136 -2 -1.99726
2137 -2 -1.99726
2138 -2 -1.99726
2139 -2 -1.99726
2140 -2 -1.99726
2141 -2 -1.99726
2142 -2 -1.99727
2143 -2 -1.99727
2144 -2 -1.99727
2145 -2 -1.99727
2146 -2 -1.99727
2147 -2 -1.99727
2148 -2 -1.99727
2149 -2 -1.99727
2150 -2 -1.99728
2151 -2 -1.99728
2152 -1.98 -1.99727
2153 -2 -1.99727
2154 -2 -1.99727
2155 -2 -1.99727
2156 -2 -1.99727
2157 -2 -1.99728
2158 -1.98 -1.99727
2159 -2 -1.99727
2160 -2 -1.99727
2161 -2 -1.99727
2162 -2 -1.99727
2163 -2 -1.99727
2164 -1.98 -1.99727
2165 -2 -1.99727
2166 -2 -1.99727
2167 -2 -1.99727
2168 -2 -1.99727
2169 -2 -1.99727
2170 -1.98 -1.99726
2171 -1.96 -1.99725
2172 -1.96 -1.99723
2173 -1.98 -1.99722
2174 -1.98 -1.99721
2175 -2 -1.99722
2176 -2 -1.99722
2177 -2 -1.99722
2178 -1.98 -1.99721
2179 -2 -1.99721
2180 -2 -1.99721
2181 -2 -1.99721
2182 -2 -1.99721
2183 -2 -1.99722
2184 -2 -1.99722
2185 -2 -1.99722
2186 -2 -1.99722
2187 -1.98 -1.99721
2188 -1.98 -1.9972
2189 -1.96 -1.99719
2190 -1.98 -1.99718
2191 -2 -1.99718
2192 -2 -1.99718
2193 -2 -1.99718
2194 -2 -1.99718
2195 -2 -1.99719
2196 -2 -1.99719
2197 -1.98 -1.99718
2198 -2 -1.99718
2199 -2 -1.99718
2200 -1.98 -1.99717
2201 -2 -1.99718
2202 -2 -1.99718
2203 -2 -1.99718
2204 -2 -1.99718
2205 -2 -1.99718
2206 -2 -1.99718
2207 -1.98 -1.99717
2208 -2 -1.99718
2209 -2 -1.99718
2210 -2 -1.99718
2211 -2 -1.99718
2212 -1.96 -1.99716
2213 -1.96 -1.99715
2214 -1.98 -1.99714
2215 -2 -1.99714
2216 -2 -1.99714
2217 -2 -1.99714
2218 -2 -1.99714
2219 -2 -1.99714
2220 -2 -1.99715
2221 -2 -1.99715
2222 -2 -1.99715
2223 -2 -1.99715
2224 -2 -1.99715
2225 -1.98 -1.99714
2226 -2 -1.99714
2227 -2 -1.99715
2228 -2 -1.99715
2229 -2 -1.99715
2230 -2 -1.99715
2231 -1.96 -1.99713
2232 -1.98 -1.99712
2233 -2 -1.99713
2234 -1.98 -1.99712
2235 -2 -1.99712
2236 -2 -1.99712
2237 -1.98 -1.99711
2238 -2 -1.99711
2239 -2 -1.99712
2240 -2 -1.99712
2241 -2 -1.99712
2242 -2 -1.99712
2243 -2 -1.99712
2244 -2 -1.99712
2245 -2 -1.99712
2246 -1.98 -1.99712
2247 -2 -1.99712
2248 -2 -1.99712
2249 -2 -1.99712
2250 -2 -1.99712
2251 -2 -1.99712
2252 -2 -1.99712
2253 -2 -1.99713
2254 -2 -1.99713
2255 -2 -1.99713
2256 -2 -1.99713
2257 -2 -1.99713
2258 -2 -1.99713
2259 -2 -1.99713
2260 -1.98 -1.99713
2261 -2 -1.99713
2262 -2 -1.99713
2263 -2 -1.99713
2264 -2 -1.99713
2265 -2 -1.99713
2266 -1.98 -1.99712
2267 -1.96 -1.99711
2268 -1.96 -1.99709
2269 -2 -1.99709
2270 -2 -1.99709
2271 -2 -1.9971
2272 -2 -1.9971
2273 -2 -1.9971
2274 -2 -1.9971
2275 -2 -1.9971
2276 -2 -1.9971
2277 -2 -1.9971
2278 -2 -1.9971
2279 -2 -1.99711
2280 -2 -1.99711
2281 -2 -1.99711
2282 -2 -1.99711
2283 -2 -1.99711
2284 -2 -1.99711
2285 -2 -1.99711
2286 -2 -1.99711
2287 -2 -1.99712
2288 -2 -1.99712
2289 -2 -1.99712
2290 -2 -1.99712
2291 -2 -1.99712
2292 -2 -1.99712
2293 -2 -1.99712
2294 -2 -1.99712
2295 -2 -1.99713
2296 -2 -1.99713
2297 -1.98 -1.99712
2298 -2 -1.99712
2299 -2 -1.99712
2300 -2 -1.99712
2301 -2 -1.99712
2302 -1.98 -1.99712
2303 -2 -1.99712
2304 -2 -1.99712
2305 -2 -1.99712
2306 -2 -1.99712
2307 -2 -1.99712
2308 -2 -1.99712
2309 -2 -1.99713
2310 -2 -1.99713
2311 -2 -1.99713
2312 -2 -1.99713
2313 -2 -1.99713
2314 -2 -1.99713
2315 -2 -1.99713
2316 -2 -1.99713
2317 -2 -1.99714
2318 -2 -1.99714
2319 -2 -1.99714
2320 -2 -1.99714
2321 -2 -1.99714
2322 -2 -1.99714
2323 -2 -1.99714
2324 -2 -1.99714
2325 -2 -1.99715
2326 -2 -1.99715
2327 -1.98 -1.99714
2328 -1.98 -1.99713
2329 -1.96 -1.99712
2330 -1.98 -1.99711
2331 -1.98 -1.9971
2332 -2 -1.9971
2333 -2 -1.9971
2334 -2 -1.9971
2335 -2 -1.99711
2336 -2 -1.99711
2337 -2 -1.99711
2338 -2 -1.99711
2339 -1.98 -1.9971
2340 -1.98 -1.9971
2341 -2 -1.9971
2342 -2 -1.9971
2343 -2 -1.9971
2344 -2 -1.9971
2345 -2 -1.9971
2346 -2 -1.9971
2347 -2 -1.9971
2348 -2 -1.99711
2349 -2 -1.99711
2350 -2 -1.99711
2351 -2 -1.99711
2352 -2 -1.99711
2353 -2 -1.99711
2354 -2 -1.99711
2355 -2 -1.99711
2356 -2 -1.99711
2357 -2 -1.99712
2358 -2 -1.99712
2359 -1.98 -1.99711
2360 -1.98 -1.9971
2361 -2 -1.9971
2362 -2 -1.99711
2363 -2 -1.99711
2364 -2 -1.99711
2365 -2 -1.99711
2366 -2 -1.99711
2367 -2 -1.99711
2368 -2 -1.99711
2369 -2 -1.99711
2370 -2 -1.99712
2371 -2 -1.99712
2372 -2 -1.99712
2373 -2 -1.99712
2374 -2 -1.99712
2375 -2 -1.99712
2376 -2 -1.99712
2377 -2 -1.99712
2378 -2 -1.99712
2379 -2 -1.99713
2380 -2 -1.99713
2381 -2 -1.99713
2382 -2 -1.99713
2383 -2 -1.99713
2384 -2 -1.99713
2385 -2 -1.99713
2386 -1.98 -1.99713
2387 -1.98 -1.99712
2388 -1.98 -1.99711
2389 -2 -1.99711
2390 -2 -1.99711
2391 -2 -1.99712
2392 -2 -1.99712
2393 -2 -1.99712
2394 -2 -1.99712
2395 -2 -1.99712
2396 -2 -1.99712
2397 -2 -1.99712
2398 -2 -1.99712
2399 -2 -1.99712
2400 -2 -1.99713
2401 -2 -1.99713
2402 -2 -1.99713
2403 -2 -1.99713
2404 -2 -1.99713
2405 -2 -1.99713
2406 -2 -1.99713
2407 -2 -1.99713
2408 -1.98 -1.99713
2409 -2 -1.99713
2410 -2 -1.99713
2411 -2 -1.99713
2412 -2 -1.99713
2413 -2 -1.99713
2414 -2 -1.99713
2415 -2 -1.99714
2416 -2 -1.99714
2417 -2 -1.99714
2418 -2 -1.99714
2419 -2 -1.99714
2420 -2 -1.99714
2421 -2 -1.99714
2422 -2 -1.99714
2423 -2 -1.99715
2424 -2 -1.99715
2425 -2 -1.99715
2426 -2 -1.99715
2427 -2 -1.99715
2428 -2 -1.99715
2429 -2 -1.99715
2430 -2 -1.99715
2431 -2 -1.99715
2432 -2 -1.99716
2433 -2 -1.99716
2434 -2 -1.99716
2435 -2 -1.99716
2436 -2 -1.99716
2437 -2 -1.99716
2438 -2 -1.99716
2439 -2 -1.99716
2440 -2 -1.99717
2441 -2 -1.99717
2442 -1.98 -1.99716
2443 -2 -1.99716
2444 -2 -1.99716
2445 -2 -1.99716
2446 -2 -1.99716
2447 -2 -1.99717
2448 -1.98 -1.99716
2449 -1.96 -1.99714
2450 -1.98 -1.99714
2451 -2 -1.99714
2452 -2 -1.99714
2453 -2 -1.99714
2454 -2 -1.99714
2455 -2 -1.99714
2456 -2 -1.99714
2457 -2 -1.99714
2458 -2 -1.99715
2459 -2 -1.99715
2460 -2 -1.99715
2461 -2 -1.99715
2462 -2 -1.99715
2463 -2 -1.99715
2464 -2 -1.99715
2465 -2 -1.99715
2466 -2 -1.99715
2467 -2 -1.99716
2468 -2 -1.99716
2469 -1.98 -1.99715
2470 -2 -1.99715
2471 -2 -1.99715
2472 -2 -1.99715
2473 -2 -1.99715
2474 -2 -1.99716
2475 -2 -1.99716
2476 -2 -1.99716
2477 -2 -1.99716
2478 -2 -1.99716
2479 -2 -1.99716
2480 -2 -1.99716
2481 -2 -1.99716
2482 -2 -1.99716
2483 -1.98 -1.99716
2484 -1.98 -1.99715
2485 -2 -1.99715
2486 -2 -1.99715
2487 -2 -1.99715
2488 -2 -1.99716
2489 -2 -1.99716
2490 -2 -1.99716
2491 -2 -1.99716
2492 -2 -1.99716
2493 -2 -1.99716
2494 -2 -1.99716
2495 -1.98 -1.99716
2496 -2 -1.99716
2497 -2 -1.99716
2498 -2 -1.99716
2499 -2 -1.99716
2500 -2 -1.99716
2501 -2 -1.99716
2502 -2 -1.99716
2503 -2 -1.99716
2504 -1.98 -1.99716
2505 -2 -1.99716
2506 -2 -1.99716
2507 -2 -1.99716
2508 -2 -1.99716
2509 -2 -1.99716
2510 -1.98 -1.99716
2511 -1.98 -1.99715
2512 -1.98 -1.99714
2513 -2 -1.99714
2514 -2 -1.99715
2515 -2 -1.99715
2516 -2 -1.99715
2517 -1.98 -1.99714
2518 -2 -1.99714
2519 -1.98 -1.99713
2520 -2 -1.99714
2521 -1.98 -1.99713
2522 -2 -1.99713
2523 -2 -1.99713
2524 -2 -1.99713
2525 -2 -1.99713
2526 -2 -1.99713
2527 -2 -1.99714
2528 -2 -1.99714
2529 -2 -1.99714
2530 -2 -1.99714
2531 -2 -1.99714
2532 -2 -1.99714
2533 -2 -1.99714
2534 -2 -1.99714
2535 -2 -1.99715
2536 -2 -1.99715
2537 -2 -1.99715
2538 -2 -1.99715
2539 -2 -1.99715
2540 -1.98 -1.99714
2541 -1.96 -1.99713
2542 -2 -1.99713
2543 -1.98 -1.99712
2544 -2 -1.99712
2545 -2 -1.99712
2546 -2 -1.99713
2547 -2 -1.99713
2548 -2 -1.99713
2549 -2 -1.99713
2550 -2 -1.99713
2551 -2 -1.99713
2552 -2 -1.99713
2553 -2 -1.99713
2554 -1.98 -1.99713
2555 -2 -1.99713
2556 -2 -1.99713
2557 -2 -1.99713
2558 -1.98 -1.99712
2559 -1.98 -1.99712
2560 -1.98 -1.99711
2561 -1.95 -1.99709
2562 -1.98 -1.99709
2563 -2 -1.99709
2564 -2 -1.99709
2565 -2 -1.99709
2566 -2 -1.99709
2567 -2 -1.99709
2568 -2 -1.99709
2569 -2 -1.99709
2570 -2 -1.99709
2571 -2 -1.9971
2572 -2 -1.9971
2573 -1.98 -1.99709
2574 -1.98 -1.99708
2575 -1.98 -1.99708
2576 -1.98 -1.99707
2577 -2 -1.99707
2578 -2 -1.99707
2579 -2 -1.99707
2580 -2 -1.99707
2581 -2 -1.99708
2582 -2 -1.99708
2583 -2 -1.99708
2584 -2 -1.99708
2585 -2 -1.99708
2586 -2 -1.99708
2587 -2 -1.99708
2588 -1.98 -1.99708
2589 -1.98 -1.99707
2590 -1.98 -1.99706
2591 -1.98 -1.99706
2592 -1.98 -1.99705
2593 -1.97 -1.99704
2594 -1.97 -1.99703
2595 -2 -1.99703
2596 -2 -1.99703
2597 -2 -1.99703
2598 -2 -1.99703
2599 -2 -1.99703
2600 -2 -1.99704
2601 -2 -1.99704
2602 -2 -1.99704
2603 -2 -1.99704
2604 -2 -1.99704
2605 -2 -1.99704
2606 -2 -1.99704
2607 -2 -1.99704
2608 -2 -1.99704
2609 -2 -1.99705
2610 -2 -1.99705
2611 -2 -1.99705
2612 -2 -1.99705
2613 -2 -1.99705
2614 -2 -1.99705
2615 -2 -1.99705
2616 -2 -1.99705
2617 -2 -1.99706
2618 -2 -1.99706
2619 -2 -1.99706
2620 -2 -1.99706
2621 -2 -1.99706
2622 -2 -1.99706
2623 -2 -1.99706
2624 -1.98 -1.99706
2625 -2 -1.99706
2626 -2 -1.99706
2627 -2 -1.99706
2628 -2 -1.99706
2629 -2 -1.99706
2630 -2 -1.99706
2631 -2 -1.99706
2632 -2 -1.99706
2633 -2 -1.99707
2634 -2 -1.99707
2635 -2 -1.99707
2636 -2 -1.99707
2637 -1.98 -1.99706
2638 -2 -1.99706
2639 -2 -1.99706
2640 -2 -1.99707
2641 -2 -1.99707
2642 -2 -1.99707
2643 -2 -1.99707
2644 -2 -1.99707
2645 -2 -1.99707
2646 -1.98 -1.99706
2647 -2 -1.99707
2648 -2 -1.99707
2649 -2 -1.99707
2650 -2 -1.99707
2651 -2 -1.99707
2652 -2 -1.99707
2653 -2 -1.99707
2654 -2 -1.99707
2655 -2 -1.99707
2656 -2 -1.99708
2657 -2 -1.99708
2658 -2 -1.99708
2659 -1.98 -1.99707
2660 -1.96 -1.99706
2661 -1.98 -1.99705
2662 -2 -1.99705
2663 -2 -1.99705
2664 -2 -1.99705
2665 -2 -1.99706
2666 -2 -1.99706
2667 -2 -1.99706
2668 -1.98 -1.99705
2669 -2 -1.99705
2670 -2 -1.99705
2671 -2 -1.99705
2672 -2 -1.99706
2673 -2 -1.99706
2674 -2 -1.99706
2675 -2 -1.99706
2676 -2 -1.99706
2677 -2 -1.99706
2678 -2 -1.99706
2679 -2 -1.99706
2680 -2 -1.99706
2681 -2 -1.99707
2682 -2 -1.99707
2683 -2 -1.99707
2684 -2 -1.99707
2685 -2 -1.99707
2686 -2 -1.99707
2687 -2 -1.99707
2688 -2 -1.99707
2689 -2 -1.99707
2690 -2 -1.99708
2691 -2 -1.99708
2692 -2 -1.99708
2693 -1.98 -1.99707
2694 -2 -1.99707
2695 -2 -1.99707
2696 -2 -1.99707
2697 -2 -1.99708
2698 -2 -1.99708
2699 -2 -1.99708
2700 -2 -1.99708
2701 -2 -1.99708
2702 -2 -1.99708
2703 -2 -1.99708
2704 -1.98 -1.99708
2705 -2 -1.99708
2706 -2 -1.99708
2707 -2 -1.99708
2708 -2 -1.99708
2709 -2 -1.99708
2710 -1.98 -1.99707
2711 -2 -1.99708
2712 -2 -1.99708
2713 -2 -1.99708
2714 -2 -1.99708
2715 -2 -1.99708
2716 -2 -1.99708
2717 -2 -1.99708
2718 -2 -1.99708
2719 -2 -1.99708
2720 -2 -1.99709
2721 -2 -1.99709
2722 -1.98 -1.99708
2723 -2 -1.99708
2724 -2 -1.99708
2725 -1.95 -1.99707
2726 -1.98 -1.99706
2727 -2 -1.99706
2728 -2 -1.99706
2729 -2 -1.99706
2730 -2 -1.99706
2731 -2 -1.99706
2732 -2 -1.99707
2733 -2 -1.99707
2734 -2 -1.99707
2735 -2 -1.99707
2736 -2 -1.99707
2737 -2 -1.99707
2738 -2 -1.99707
2739 -2 -1.99707
2740 -1.98 -1.99707
2741 -2 -1.99707
2742 -2 -1.99707
2743 -2 -1.99707
2744 -2 -1.99707
2745 -2 -1.99707
2746 -2 -1.99707
2747 -2 -1.99707
2748 -2 -1.99708
2749 -2 -1.99708
2750 -2 -1.99708
2751 -2 -1.99708
2752 -2 -1.99708
2753 -2 -1.99708
2754 -2 -1.99708
2755 -2 -1.99708
2756 -2 -1.99708
2757 -2 -1.99708
2758 -2 -1.99709
2759 -2 -1.99709
2760 -1.97 -1.99708
2761 -1.96 -1.99706
2762 -1.98 -1.99706
2763 -1.98 -1.99705
2764 -1.98 -1.99705
2765 -1.98 -1.99704
2766 -2 -1.99704
2767 -2 -1.99704
2768 -2 -1.99704
2769 -2 -1.99704
2770 -1.98 -1.99704
2771 -1.98 -1.99703
2772 -1.98 -1.99702
2773 -1.98 -1.99702
2774 -2 -1.99702
2775 -2 -1.99702
2776 -2 -1.99702
2777 -2 -1.99702
2778 -2 -1.99702
2779 -2 -1.99703
2780 -2 -1.99703
2781 -2 -1.99703
2782 -2 -1.99703
2783 -1.96 -1.99702
2784 -2 -1.99702
2785 -2 -1.99702
2786 -1.98 -1.99701
2787 -1.98 -1.99701
2788 -2 -1.99701
2789 -2 -1.99701
2790 -2 -1.99701
2791 -2 -1.99701
2792 -2 -1.99701
2793 -2 -1.99701
2794 -2 -1.99701
2795 -2 -1.99701
2796 -2 -1.99701
2797 -2 -1.99702
2798 -2 -1.99702
2799 -2 -1.99702
2800 -2 -1.99702
2801 -2 -1.99702
2802 -2 -1.99702
2803 -2 -1.99702
2804 -2 -1.99702
2805 -2 -1.99702
2806 -2 -1.99703
2807 -2 -1.99703
2808 -2 -1.99703
2809 -1.98 -1.99702
2810 -1.96 -1.99701
2811 -1.98 -1.997
2812 -1.98 -1.997
2813 -1.98 -1.99699
2814 -2 -1.99699
2815 -2 -1.99699
2816 -2 -1.99699
2817 -2 -1.99699
2818 -2 -1.997
2819 -2 -1.997
2820 -2 -1.997
2821 -2 -1.997
2822 -2 -1.997
2823 -2 -1.997
2824 -2 -1.997
2825 -2 -1.997
2826 -2 -1.997
2827 -2 -1.997
2828 -1.98 -1.997
2829 -2 -1.997
2830 -2 -1.997
2831 -2 -1.997
2832 -2 -1.997
2833 -1.98 -1.997
2834 -2 -1.997
2835 -2 -1.997
2836 -2 -1.997
2837 -2 -1.997
2838 -2 -1.997
2839 -2 -1.997
2840 -2 -1.997
2841 -2 -1.99701
2842 -2 -1.99701
2843 -2 -1.99701
2844 -2 -1.99701
2845 -2 -1.99701
2846 -2 -1.99701
2847 -2 -1.99701
2848 -2 -1.99701
2849 -2 -1.99701
2850 -2 -1.99702
2851 -2 -1.99702
2852 -2 -1.99702
2853 -2 -1.99702
2854 -2 -1.99702
2855 -2 -1.99702
2856 -2 -1.99702
2857 -1.98 -1.99702
2858 -2 -1.99702
2859 -1.98 -1.99701
2860 -2 -1.99701
2861 -2 -1.99701
2862 -2 -1.99701
2863 -2 -1.99701
2864 -2 -1.99702
2865 -2 -1.99702
2866 -2 -1.99702
2867 -2 -1.99702
2868 -2 -1.99702
2869 -2 -1.99702
2870 -2 -1.99702
2871 -1.98 -1.99702
2872 -1.98 -1.99701
2873 -2 -1.99701
2874 -2 -1.99701
2875 -2 -1.99701
2876 -2 -1.99701
2877 -2 -1.99702
2878 -2 -1.99702
2879 -1.98 -1.99701
2880 -1.98 -1.997
2881 -1.98 -1.997
2882 -2 -1.997
2883 -2 -1.997
2884 -2 -1.997
2885 -2 -1.997
2886 -2 -1.997
2887 -2 -1.997
2888 -2 -1.99701
2889 -2 -1.99701
2890 -2 -1.99701
2891 -2 -1.99701
2892 -2 -1.99701
2893 -2 -1.99701
2894 -2 -1.99701
2895 -2 -1.99701
2896 -2 -1.99701
2897 -2 -1.99702
2898 -2 -1.99702
2899 -2 -1.99702
2900 -2 -1.99702
2901 -2 -1.99702
2902 -2 -1.99702
2903 -2 -1.99702
2904 -2 -1.99702
2905 -2 -1.99702
2906 -2 -1.99702
2907 -2 -1.99703
2908 -2 -1.99703
2909 -2 -1.99703
2910 -2 -1.99703
2911 -2 -1.99703
2912 -2 -1.99703
2913 -1.98 -1.99702
2914 -2 -1.99703
2915 -2 -1.99703
2916 -2 -1.99703
2917 -2 -1.99703
2918 -2 -1.99703
2919 -2 -1.99703
2920 -2 -1.99703
2921 -1.98 -1.99703
2922 -2 -1.99703
2923 -2 -1.99703
2924 -2 -1.99703
2925 -2 -1.99703
2926 -2 -1.99703
2927 -2 -1.99703
2928 -2 -1.99703
2929 -2 -1.99703
2930 -2 -1.99704
2931 -2 -1.99704
2932 -2 -1.99704
2933 -2 -1.99704
2934 -2 -1.99704
2935 -2 -1.99704
2936 -2 -1.99704
2937 -2 -1.99704
2938 -2 -1.99704
2939 -2 -1.99704
2940 -2 -1.99705
2941 -2 -1.99705
2942 -2 -1.99705
2943 -2 -1.99705
2944 -2 -1.99705
2945 -2 -1.99705
2946 -1.98 -1.99704
2947 -1.98 -1.99704
2948 -2 -1.99704
2949 -1.98 -1.99703
2950 -2 -1.99703
2951 -2 -1.99704
2952 -2 -1.99704
2953 -2 -1.99704
2954 -2 -1.99704
2955 -2 -1.99704
2956 -2 -1.99704
2957 -2 -1.99704
2958 -2 -1.99704
2959 -2 -1.99704
2960 -2 -1.99704
2961 -2 -1.99705
2962 -1.98 -1.99704
2963 -2 -1.99704
2964 -2 -1.99704
2965 -2 -1.99704
2966 -2 -1.99704
2967 -2 -1.99705
2968 -2 -1.99705
2969 -2 -1.99705
2970 -2 -1.99705
2971 -1.98 -1.99704
2972 -1.98 -1.99704
2973 -1.98 -1.99703
2974 -2 -1.99703
2975 -1.96 -1.99702
2976 -2 -1.99702
2977 -2 -1.99702
2978 -2 -1.99702
2979 -2 -1.99702
2980 -2 -1.99702
2981 -2 -1.99703
2982 -2 -1.99703
2983 -2 -1.99703
2984 -2 -1.99703
2985 -2 -1.99703
2986 -2 -1.99703
2987 -2 -1.99703
2988 -2 -1.99703
2989 -2 -1.99703
2990 -2 -1.99703
2991 -2 -1.99704
2992 -2 -1.99704
2993 -1.98 -1.99703
2994 -2 -1.99703
2995 -2 -1.99703
2996 -2 -1.99703
2997 -2 -1.99703
2998 -2 -1.99704
2999 -2 -1.99704
3000 -1.98 -1.99703
3001 -1.98 -1.99703
3002 -1.98 -1.99702
3003 -2 -1.99702
3004 -2 -1.99702
3005 -2 -1.99702
3006 -2 -1.99702
3007 -2 -1.99702
3008 -1.98 -1.99702
3009 -2 -1.99702
3010 -2 -1.99702
3011 -2 -1.99702
3012 -2 -1.99702
3013 -2 -1.99702
3014 -2 -1.99702
3015 -2 -1.99703
3016 -2 -1.99703
3017 -2 -1.99703
3018 -2 -1.99703
3019 -2 -1.99703
3020 -2 -1.99703
3021 -2 -1.99703
3022 -2 -1.99703
3023 -2 -1.99703
3024 -2 -1.99703
3025 -1.98 -1.99703
3026 -1.98 -1.99702
3027 -1.98 -1.99702
3028 -1.98 -1.99701
3029 -2 -1.99701
3030 -2 -1.99701
3031 -1.98 -1.99701
3032 -1.98 -1.997
3033 -1.98 -1.997
3034 -1.98 -1.99699
3035 -2 -1.99699
3036 -2 -1.99699
3037 -2 -1.99699
3038 -2 -1.997
3039 -2 -1.997
3040 -2 -1.997
3041 -2 -1.997
3042 -2 -1.997
3043 -2 -1.997
3044 -2 -1.997
3045 -2 -1.997
3046 -2 -1.997
3047 -2 -1.997
3048 -2 -1.99701
3049 -2 -1.99701
3050 -2 -1.99701
3051 -2 -1.99701
3052 -2 -1.99701
3053 -2 -1.99701
3054 -2 -1.99701
3055 -2 -1.99701
3056 -2 -1.99701
3057 -2 -1.99701
3058 -2 -1.99702
3059 -2 -1.99702
3060 -2 -1.99702
3061 -2 -1.99702
3062 -2 -1.99702
3063 -2 -1.99702
3064 -2 -1.99702
3065 -2 -1.99702
3066 -2 -1.99702
3067 -2 -1.99702
3068 -2 -1.99703
3069 -2 -1.99703
3070 -2 -1.99703
3071 -2 -1.99703
3072 -2 -1.99703
3073 -2 -1.99703
3074 -1.98 -1.99702
3075 -2 -1.99703
3076 -1.98 -1.99702
3077 -1.98 -1.99701
3078 -2 -1.99702
3079 -2 -1.99702
3080 -2 -1.99702
3081 -2 -1.99702
3082 -2 -1.99702
3083 -2 -1.99702
3084 -2 -1.99702
3085 -2 -1.99702
3086 -2 -1.99702
3087 -2 -1.99702
3088 -2 -1.99702
3089 -2 -1.99703
3090 -2 -1.99703
3091 -1.98 -1.99702
3092 -1.98 -1.99702
3093 -2 -1.99702
3094 -2 -1.99702
3095 -2 -1.99702
3096 -2 -1.99702
3097 -2 -1.99702
3098 -2 -1.99702
3099 -2 -1.99702
3100 -2 -1.99702
3101 -2 -1.99702
3102 -2 -1.99703
3103 -2 -1.99703
3104 -2 -1.99703
3105 -2 -1.99703
3106 -2 -1.99703
3107 -2 -1.99703
3108 -2 -1.99703
3109 -2 -1.99703
3110 -2 -1.99703
3111 -2 -1.99703
3112 -2 -1.99704
3113 -2 -1.99704
3114 -1.98 -1.99703
3115 -1.98 -1.99703
3116 -2 -1.99703
3117 -2 -1.99703
3118 -2 -1.99703
3119 -2 -1.99703
3120 -2 -1.99703
3121 -2 -1.99703
3122 -2 -1.99703
3123 -2 -1.99703
3124 -2 -1.99703
3125 -2 -1.99703
3126 -2 -1.99704
3127 -2 -1.99704
3128 -2 -1.99704
3129 -2 -1.99704
3130 -2 -1.99704
3131 -2 -1.99704
3132 -2 -1.99704
3133 -2 -1.99704
3134 -2 -1.99704
3135 -2 -1.99704
3136 -2 -1.99704
3137 -2 -1.99705
3138 -2 -1.99705
3139 -2 -1.99705
3140 -2 -1.99705
3141 -2 -1.99705
3142 -2 -1.99705
3143 -2 -1.99705
3144 -2 -1.99705
3145 -2 -1.99705
3146 -2 -1.99705
3147 -2 -1.99706
3148 -2 -1.99706
3149 -2 -1.99706
3150 -2 -1.99706
3151 -2 -1.99706
3152 -2 -1.99706
3153 -2 -1.99706
3154 -2 -1.99706
3155 -2 -1.99706
3156 -2 -1.99706
3157 -2 -1.99706
3158 -2 -1.99707
3159 -2 -1.99707
3160 -2 -1.99707
3161 -2 -1.99707
3162 -2 -1.99707
3163 -2 -1.99707
3164 -2 -1.99707
3165 -2 -1.99707
3166 -2 -1.99707
3167 -2 -1.99707
3168 -2 -1.99707
3169 -2 -1.99708
3170 -2 -1.99708
3171 -1.96 -1.99706
3172 -1.96 -1.99705
3173 -1.98 -1.99705
3174 -2 -1.99705
3175 -2 -1.99705
3176 -2 -1.99705
3177 -1.98 -1.99705
3178 -2 -1.99705
3179 -1.98 -1.99704
3180 -2 -1.99704
3181 -2 -1.99704
3182 -2 -1.99704
3183 -2 -1.99704
3184 -2 -1.99705
3185 -2 -1.99705
3186 -2 -1.99705
3187 -2 -1.99705
3188 -2 -1.99705
3189 -2 -1.99705
3190 -2 -1.99705
3191 -2 -1.99705
3192 -2 -1.99705
3193 -2 -1.99705
3194 -2 -1.99705
3195 -2 -1.99706
3196 -1.98 -1.99705
3197 -2 -1.99705
3198 -1.98 -1.99705
3199 -2 -1.99705
3200 -2 -1.99705
3201 -2 -1.99705
3202 -2 -1.99705
3203 -2 -1.99705
3204 -2 -1.99705
3205 -2 -1.99705
3206 -2 -1.99705
3207 -2 -1.99705
3208 -2 -1.99706
3209 -2 -1.99706
3210 -2 -1.99706
3211 -2 -1.99706
3212 -2 -1.99706
3213 -2 -1.99706
3214 -2 -1.99706
3215 -2 -1.99706
3216 -2 -1.99706
3217 -2 -1.99706
3218 -2 -1.99706
3219 -2 -1.99707
3220 -2 -1.99707
3221 -2 -1.99707
3222 -2 -1.99707
3223 -2 -1.99707
3224 -1.98 -1.99706
3225 -2 -1.99706
3226 -2 -1.99707
3227 -2 -1.99707
3228 -2 -1.99707
3229 -2 -1.99707
3230 -2 -1.99707
3231 -1.97 -1.99706
3232 -1.98 -1.99706
3233 -1.96 -1.99704
3234 -2 -1.99704
3235 -2 -1.99705
3236 -2 -1.99705
3237 -2 -1.99705
3238 -2 -1.99705
3239 -2 -1.99705
3240 -2 -1.99705
3241 -1.98 -1.99705
3242 -1.96 -1.99703
3243 -1.96 -1.99702
3244 -2 -1.99702
3245 -2 -1.99702
3246 -2 -1.99702
3247 -2 -1.99703
3248 -2 -1.99703
3249 -2 -1.99703
3250 -2 -1.99703
3251 -2 -1.99703
3252 -2 -1.99703
3253 -2 -1.99703
3254 -2 -1.99703
3255 -2 -1.99703
3256 -2 -1.99703
3257 -2 -1.99703
3258 -2 -1.99704
3259 -2 -1.99704
3260 -2 -1.99704
3261 -2 -1.99704
3262 -2 -1.99704
3263 -2 -1.99704
3264 -2 -1.99704
3265 -2 -1.99704
3266 -2 -1.99704
3267 -2 -1.99704
3268 -2 -1.99704
3269 -2 -1.99705
3270 -2 -1.99705
3271 -2 -1.99705
3272 -2 -1.99705
3273 -2 -1.99705
3274 -2 -1.99705
3275 -1.98 -1.99705
3276 -2 -1.99705
3277 -2 -1.99705
3278 -2 -1.99705
3279 -2 -1.99705
3280 -2 -1.99705
3281 -2 -1.99705
3282 -2 -1.99705
3283 -2 -1.99705
3284 -2 -1.99705
3285 -2 -1.99705
3286 -2 -1.99706
3287 -2 -1.99706
3288 -2 -1.99706
3289 -2 -1.99706
3290 -2 -1.99706
3291 -1.98 -1.99705
3292 -2 -1.99705
3293 -2 -1.99706
3294 -2 -1.99706
3295 -2 -1.99706
3296 -2 -1.99706
3297 -2 -1.99706
3298 -2 -1.99706
3299 -2 -1.99706
3300 -2 -1.99706
3301 -1.98 -1.99706
3302 -1.98 -1.99705
3303 -1.98 -1.99705
3304 -1.98 -1.99704
3305 -2 -1.99704
3306 -2 -1.99704
3307 -1.98 -1.99704
3308 -1.98 -1.99703
3309 -1.98 -1.99703
3310 -2 -1.99703
3311 -2 -1.99703
3312 -2 -1.99703
3313 -2 -1.99703
3314 -2 -1.99703
3315 -2 -1.99703
3316 -2 -1.99703
3317 -2 -1.99703
3318 -2 -1.99704
3319 -1.98 -1.99703
3320 -2 -1.99703
3321 -2 -1.99703
3322 -2 -1.99703
3323 -2 -1.99703
3324 -2 -1.99703
3325 -2 -1.99704
3326 -1.98 -1.99703
3327 -2 -1.99703
3328 -2 -1.99703
3329 -2 -1.99703
3330 -2 -1.99703
3331 -2 -1.99703
3332 -2 -1.99704
3333 -2 -1.99704
3334 -2 -1.99704
3335 -2 -1.99704
3336 -2 -1.99704
3337 -2 -1.99704
3338 -2 -1.99704
3339 -2 -1.99704
3340 -2 -1.99704
3341 -2 -1.99704
3342 -2 -1.99704
3343 -2 -1.99705
3344 -2 -1.99705
3345 -2 -1.99705
3346 -2 -1.99705
3347 -2 -1.99705
3348 -2 -1.99705
3349 -2 -1.99705
3350 -2 -1.99705
3351 -2 -1.99705
3352 -2 -1.99705
3353 -2 -1.99705
3354 -2 -1.99706
3355 -2 -1.99706
3356 -1.98 -1.99705
3357 -1.98 -1.99705
3358 -2 -1.99705
3359 -2 -1.99705
3360 -2 -1.99705
3361 -2 -1.99705
3362 -2 -1.99705
3363 -2 -1.99705
3364 -2 -1.99705
3365 -2 -1.99705
3366 -1.98 -1.99705
3367 -2 -1.99705
3368 -2 -1.99705
3369 -1.98 -1.99704
3370 -1.98 -1.99704
3371 -2 -1.99704
3372 -2 -1.99704
3373 -2 -1.99704
3374 -2 -1.99704
3375 -2 -1.99704
3376 -2 -1.99704
3377 -2 -1.99705
3378 -2 -1.99705
3379 -2 -1.99705
3380 -2 -1.99705
3381 -2 -1.99705
3382 -2 -1.99705
3383 -2 -1.99705
3384 -2 -1.99705
3385 -1.98 -1.99705
3386 -1.97 -1.99704
3387 -2 -1.99704
3388 -2 -1.99704
3389 -2 -1.99704
3390 -2 -1.99704
3391 -2 -1.99704
3392 -2 -1.99704
3393 -2 -1.99704
3394 -2 -1.99705
3395 -2 -1.99705
3396 -2 -1.99705
3397 -2 -1.99705
3398 -2 -1.99705
3399 -2 -1.99705
3400 -2 -1.99705
3401 -2 -1.99705
3402 -2 -1.99705
3403 -2 -1.99705
3404 -2 -1.99705
3405 -2 -1.99706
3406 -2 -1.99706
3407 -2 -1.99706
3408 -2 -1.99706
3409 -2 -1.99706
3410 -2 -1.99706
3411 -2 -1.99706
3412 -2 -1.99706
3413 -2 -1.99706
3414 -2 -1.99706
3415 -1.98 -1.99706
3416 -2 -1.99706
3417 -2 -1.99706
3418 -1.98 -1.99705
3419 -1.98 -1.99705
3420 -2 -1.99705
3421 -2 -1.99705
3422 -2 -1.99705
3423 -2 -1.99705
3424 -1.98 -1.99705
3425 -2 -1.99705
3426 -2 -1.99705
3427 -1.98 -1.99704
3428 -1.98 -1.99704
3429 -1.98 -1.99703
3430 -1.98 -1.99703
3431 -1.98 -1.99703
3432 -2 -1.99703
3433 -2 -1.99703
3434 -2 -1.99703
3435 -1.98 -1.99702
3436 -1.97 -1.99701
3437 -2 -1.99702
3438 -2 -1.99702
3439 -2 -1.99702
3440 -2 -1.99702
3441 -2 -1.99702
3442 -2 -1.99702
3443 -1.98 -1.99702
3444 -2 -1.99702
3445 -2 -1.99702
3446 -2 -1.99702
3447 -2 -1.99702
3448 -2 -1.99702
3449 -2 -1.99702
3450 -2 -1.99702
3451 -2 -1.99702
3452 -2 -1.99702
3453 -2 -1.99702
3454 -2 -1.99702
3455 -2 -1.99703
3456 -1.98 -1.99702
3457 -2 -1.99702
3458 -2 -1.99702
3459 -2 -1.99702
3460 -2 -1.99702
3461 -2 -1.99702
3462 -1.98 -1.99702
3463 -2 -1.99702
3464 -2 -1.99702
3465 -2 -1.99702
3466 -2 -1.99702
3467 -2 -1.99702
3468 -2 -1.99703
3469 -2 -1.99703
3470 -2 -1.99703
3471 -2 -1.99703
3472 -2 -1.99703
3473 -1.98 -1.99702
3474 -2 -1.99702
3475 -2 -1.99703
3476 -2 -1.99703
3477 -1.98 -1.99702
3478 -1.98 -1.99702
3479 -1.98 -1.99701
3480 -1.98 -1.99701
3481 -2 -1.99701
3482 -2 -1.99701
3483 -2 -1.99701
3484 -2 -1.99701
3485 -2 -1.99701
3486 -2 -1.99701
3487 -2 -1.99701
3488 -2 -1.99701
3489 -2 -1.99701
3490 -2 -1.99702
3491 -2 -1.99702
3492 -2 -1.99702
3493 -1.98 -1.99701
3494 -1.98 -1.99701
3495 -2 -1.99701
3496 -2 -1.99701
3497 -2 -1.99701
3498 -2 -1.99701
3499 -2 -1.99701
3500 -2 -1.99701
3501 -1.98 -1.99701
3502 -2 -1.99701
3503 -2 -1.99701
3504 -2 -1.99701
3505 -2 -1.99701
3506 -2 -1.99701
3507 -2 -1.99701
3508 -2 -1.99701
3509 -2 -1.99701
3510 -2 -1.99702
3511 -2 -1.99702
3512 -2 -1.99702
3513 -2 -1.99702
3514 -2 -1.99702
3515 -2 -1.99702
3516 -2 -1.99702
3517 -2 -1.99702
3518 -2 -1.99702
3519 -2 -1.99702
3520 -2 -1.99702
3521 -2 -1.99702
3522 -2 -1.99703
3523 -2 -1.99703
3524 -2 -1.99703
3525 -2 -1.99703
3526 -2 -1.99703
3527 -2 -1.99703
3528 -2 -1.99703
3529 -2 -1.99703
3530 -2 -1.99703
3531 -2 -1.99703
3532 -2 -1.99703
3533 -2 -1.99703
3534 -2 -1.99704
3535 -2 -1.99704
3536 -1.98 -1.99703
3537 -1.98 -1.99703
3538 -2 -1.99703
3539 -1.98 -1.99702
3540 -1.98 -1.99702
3541 -2 -1.99702
3542 -2 -1.99702
3543 -2 -1.99702
3544 -2 -1.99702
3545 -2 -1.99702
3546 -2 -1.99702
3547 -2 -1.99702
3548 -2 -1.99702
3549 -2 -1.99703
3550 -2 -1.99703
3551 -2 -1.99703
3552 -2 -1.99703
3553 -2 -1.99703
3554 -2 -1.99703
3555 -2 -1.99703
3556 -1.98 -1.99703
3557 -1.98 -1.99702
3558 -1.98 -1.99702
3559 -2 -1.99702
3560 -2 -1.99702
3561 -2 -1.99702
3562 -2 -1.99702
3563 -2 -1.99702
3564 -2 -1.99702
3565 -2 -1.99702
3566 -2 -1.99702
3567 -2 -1.99702
3568 -2 -1.99702
3569 -2 -1.99703
3570 -2 -1.99703
3571 -2 -1.99703
3572 -2 -1.99703
3573 -2 -1.99703
3574 -2 -1.99703
3575 -2 -1.99703
3576 -2 -1.99703
3577 -2 -1.99703
3578 -2 -1.99703
3579 -2 -1.99703
3580 -2 -1.99703
3581 -2 -1.99704
3582 -2 -1.99704
3583 -2 -1.99704
3584 -2 -1.99704
3585 -2 -1.99704
3586 -2 -1.99704
3587 -2 -1.99704
3588 -2 -1.99704
3589 -2 -1.99704
3590 -2 -1.99704
3591 -1.98 -1.99704
3592 -2 -1.99704
3593 -1.97 -1.99703
3594 -2 -1.99703
3595 -2 -1.99703
3596 -2 -1.99703
3597 -2 -1.99703
3598 -2 -1.99704
3599 -2 -1.99704
3600 -2 -1.99704
3601 -2 -1.99704
3602 -2 -1.99704
3603 -2 -1.99704
3604 -2 -1.99704
3605 -2 -1.99704
3606 -2 -1.99704
3607 -2 -1.99704
3608 -2 -1.99704
3609 -2 -1.99704
3610 -2 -1.99705
3611 -2 -1.99705
3612 -2 -1.99705
3613 -2 -1.99705
3614 -2 -1.99705
3615 -2 -1.99705
3616 -2 -1.99705
3617 -2 -1.99705
3618 -2 -1.99705
3619 -2 -1.99705
3620 -2 -1.99705
3621 -1.98 -1.99705
3622 -1.98 -1.99704
3623 -1.98 -1.99704
3624 -2 -1.99704
3625 -2 -1.99704
3626 -2 -1.99704
3627 -1.96 -1.99703
3628 -2 -1.99703
3629 -2 -1.99703
3630 -2 -1.99703
3631 -2 -1.99703
3632 -1.96 -1.99702
3633 -1.98 -1.99702
3634 -1.96 -1.99701
3635 -1.98 -1.997
3636 -2 -1.99701
3637 -2 -1.99701
3638 -1.98 -1.997
3639 -1.98 -1.997
3640 -2 -1.997
3641 -2 -1.997
3642 -2 -1.997
3643 -2 -1.997
3644 -2 -1.997
3645 -2 -1.997
3646 -2 -1.997
3647 -2 -1.997
3648 -2 -1.997
3649 -2 -1.99701
3650 -2 -1.99701
3651 -2 -1.99701
3652 -2 -1.99701
3653 -2 -1.99701
3654 -2 -1.99701
3655 -2 -1.99701
3656 -2 -1.99701
3657 -2 -1.99701
3658 -2 -1.99701
3659 -2 -1.99701
3660 -2 -1.99701
3661 -2 -1.99702
3662 -2 -1.99702
3663 -2 -1.99702
3664 -2 -1.99702
3665 -2 -1.99702
3666 -2 -1.99702
3667 -2 -1.99702
3668 -2 -1.99702
3669 -2 -1.99702
3670 -2 -1.99702
3671 -2 -1.99702
3672 -2 -1.99702
3673 -2 -1.99703
3674 -1.98 -1.99702
3675 -2 -1.99702
3676 -2 -1.99702
3677 -1.98 -1.99702
3678 -2 -1.99702
3679 -2 -1.99702
3680 -1.98 -1.99701
3681 -1.97 -1.99701
3682 -1.98 -1.997
3683 -1.98 -1.997
3684 -2 -1.997
3685 -2 -1.997
3686 -2 -1.997
3687 -2 -1.997
3688 -2 -1.997
3689 -2 -1.997
3690 -2 -1.997
3691 -2 -1.997
3692 -2 -1.99701
3693 -2 -1.99701
3694 -2 -1.99701
3695 -2 -1.99701
3696 -2 -1.99701
3697 -2 -1.99701
3698 -2 -1.99701
3699 -2 -1.99701
3700 -2 -1.99701
3701 -2 -1.99701
3702 -2 -1.99701
3703 -1.98 -1.99701
3704 -2 -1.99701
3705 -2 -1.99701
3706 -2 -1.99701
3707 -2 -1.99701
3708 -2 -1.99701
3709 -2 -1.99701
3710 -2 -1.99701
3711 -2 -1.99702
3712 -2 -1.99702
3713 -2 -1.99702
3714 -2 -1.99702
3715 -1.98 -1.99701
3716 -2 -1.99701
3717 -2 -1.99701
3718 -2 -1.99702
3719 -2 -1.99702
3720 -2 -1.99702
3721 -2 -1.99702
3722 -2 -1.99702
3723 -1.98 -1.99701
3724 -1.98 -1.99701
3725 -2 -1.99701
3726 -2 -1.99701
3727 -2 -1.99701
3728 -2 -1.99701
3729 -2 -1.99701
3730 -2 -1.99701
3731 -2 -1.99702
3732 -2 -1.99702
3733 -2 -1.99702
3734 -2 -1.99702
3735 -2 -1.99702
3736 -2 -1.99702
3737 -2 -1.99702
3738 -2 -1.99702
3739 -2 -1.99702
3740 -2 -1.99702
3741 -2 -1.99702
3742 -1.98 -1.99702
3743 -2 -1.99702
3744 -2 -1.99702
3745 -2 -1.99702
3746 -2 -1.99702
3747 -2 -1.99702
3748 -2 -1.99702
3749 -2 -1.99702
3750 -2 -1.99702
3751 -2 -1.99703
3752 -2 -1.99703
3753 -2 -1.99703
3754 -2 -1.99703
3755 -2 -1.99703
3756 -1.98 -1.99702
3757 -2 -1.99703
3758 -2 -1.99703
3759 -2 -1.99703
3760 -2 -1.99703
3761 -2 -1.99703
3762 -2 -1.99703
3763 -2 -1.99703
3764 -2 -1.99703
3765 -2 -1.99703
3766 -2 -1.99703
3767 -2 -1.99703
3768 -2 -1.99703
3769 -2 -1.99703
3770 -2 -1.99704
3771 -2 -1.99704
3772 -2 -1.99704
3773 -2 -1.99704
3774 -2 -1.99704
3775 -2 -1.99704
3776 -2 -1.99704
3777 -2 -1.99704
3778 -2 -1.99704
3779 -2 -1.99704
3780 -1.98 -1.99704
3781 -1.98 -1.99703
3782 -2 -1.99703
3783 -2 -1.99703
3784 -1.98 -1.99703
3785 -1.98 -1.99703
3786 -2 -1.99703
3787 -1.98 -1.99702
3788 -2 -1.99702
3789 -2 -1.99702
3790 -2 -1.99702
3791 -2 -1.99703
3792 -2 -1.99703
3793 -2 -1.99703
3794 -2 -1.99703
3795 -2 -1.99703
3796 -2 -1.99703
3797 -1.96 -1.99702
3798 -2 -1.99702
3799 -2 -1.99702
3800 -2 -1.99702
3801 -2 -1.99702
3802 -2 -1.99702
3803 -2 -1.99702
3804 -2 -1.99702
3805 -1.98 -1.99702
3806 -2 -1.99702
3807 -2 -1.99702
3808 -2 -1.99702
3809 -2 -1.99702
3810 -2 -1.99702
3811 -2 -1.99703
3812 -2 -1.99703
3813 -2 -1.99703
3814 -2 -1.99703
3815 -2 -1.99703
3816 -2 -1.99703
3817 -2 -1.99703
3818 -2 -1.99703
3819 -2 -1.99703
3820 -2 -1.99703
3821 -2 -1.99703
3822 -2 -1.99703
3823 -2 -1.99703
3824 -2 -1.99704
3825 -2 -1.99704
3826 -2 -1.99704
3827 -2 -1.99704
3828 -2 -1.99704
3829 -2 -1.99704
3830 -2 -1.99704
3831 -2 -1.99704
3832 -2 -1.99704
3833 -2 -1.99704
3834 -2 -1.99704
3835 -2 -1.99704
3836 -2 -1.99704
3837 -2 -1.99705
3838 -2 -1.99705
3839 -2 -1.99705
3840 -2 -1.99705
3841 -2 -1.99705
3842 -2 -1.99705
3843 -2 -1.99705
3844 -2 -1.99705
3845 -2 -1.99705
3846 -2 -1.99705
3847 -1.98 -1.99705
3848 -1.98 -1.99704
3849 -1.98 -1.99704
3850 -1.98 -1.99703
3851 -1.98 -1.99703
3852 -2 -1.99703
3853 -2 -1.99703
3854 -2 -1.99703
3855 -2 -1.99703
3856 -2 -1.99703
3857 -2 -1.99703
3858 -2 -1.99704
3859 -2 -1.99704
3860 -1.98 -1.99703
3861 -1.96 -1.99702
3862 -1.96 -1.99701
3863 -1.98 -1.99701
3864 -1.98 -1.997
3865 -1.98 -1.997
3866 -1.98 -1.997
3867 -2 -1.997
3868 -2 -1.997
3869 -2 -1.997
3870 -2 -1.997
3871 -1.98 -1.99699
3872 -2 -1.99699
3873 -2 -1.997
3874 -2 -1.997
3875 -2 -1.997
3876 -2 -1.997
3877 -2 -1.997
3878 -2 -1.997
3879 -2 -1.997
3880 -2 -1.997
3881 -2 -1.997
3882 -1.98 -1.997
3883 -2 -1.997
3884 -1.98 -1.99699
3885 -1.98 -1.99699
3886 -2 -1.99699
3887 -2 -1.99699
3888 -2 -1.99699
3889 -2 -1.99699
3890 -2 -1.99699
3891 -2 -1.99699
3892 -2 -1.99699
3893 -1.98 -1.99699
3894 -1.98 -1.99699
3895 -2 -1.99699
3896 -2 -1.99699
3897 -2 -1.99699
3898 -2 -1.99699
3899 -2 -1.99699
3900 -2 -1.99699
3901 -2 -1.99699
3902 -2 -1.99699
3903 -2 -1.99699
3904 -2 -1.99699
3905 -2 -1.99699
3906 -2 -1.997
3907 -2 -1.997
3908 -2 -1.997
3909 -2 -1.997
3910 -2 -1.997
3911 -2 -1.997
3912 -2 -1.997
3913 -2 -1.997
3914 -2 -1.997
3915 -2 -1.997
3916 -2 -1.997
3917 -2 -1.997
3918 -2 -1.997
3919 -2 -1.99701
3920 -2 -1.99701
3921 -2 -1.99701
3922 -2 -1.99701
3923 -2 -1.99701
3924 -2 -1.99701
3925 -2 -1.99701
3926 -2 -1.99701
3927 -2 -1.99701
3928 -2 -1.99701
3929 -2 -1.99701
3930 -2 -1.99701
3931 -2 -1.99701
3932 -2 -1.99702
3933 -1.98 -1.99701
3934 -1.96 -1.997
3935 -1.98 -1.997
3936 -2 -1.997
3937 -2 -1.997
3938 -2 -1.997
3939 -2 -1.997
3940 -2 -1.997
3941 -2 -1.997
3942 -2 -1.997
3943 -2 -1.997
3944 -2 -1.997
3945 -2 -1.997
3946 -2 -1.99701
3947 -2 -1.99701
3948 -2 -1.99701
3949 -2 -1.99701
3950 -2 -1.99701
3951 -2 -1.99701
3952 -2 -1.99701
3953 -2 -1.99701
3954 -2 -1.99701
3955 -2 -1.99701
3956 -2 -1.99701
3957 -2 -1.99701
3958 -2 -1.99701
3959 -2 -1.99702
3960 -2 -1.99702
3961 -1.98 -1.99701
3962 -2 -1.99701
3963 -2 -1.99701
3964 -2 -1.99701
3965 -2 -1.99701
3966 -2 -1.99702
3967 -2 -1.99702
3968 -2 -1.99702
3969 -2 -1.99702
3970 -2 -1.99702
3971 -2 -1.99702
3972 -1.98 -1.99701
3973 -2 -1.99702
3974 -2 -1.99702
3975 -2 -1.99702
3976 -2 -1.99702
3977 -2 -1.99702
3978 -2 -1.99702
3979 -2 -1.99702
3980 -2 -1.99702
3981 -2 -1.99702
3982 -2 -1.99702
3983 -2 -1.99702
3984 -2 -1.99702
3985 -2 -1.99702
3986 -2 -1.99703
3987 -2 -1.99703
3988 -2 -1.99703
3989 -2 -1.99703
3990 -2 -1.99703
3991 -2 -1.99703
3992 -2 -1.99703
3993 -2 -1.99703
3994 -2 -1.99703
3995 -2 -1.99703
3996 -2 -1.99703
3997 -2 -1.99703
3998 -1.98 -1.99703
3999 -2 -1.99703
4000 -2 -1.99703
4001 -2 -1.99703
4002 -2 -1.99703
4003 -2 -1.99703
4004 -2 -1.99703
4005 -2 -1.99703
4006 -2 -1.99704
4007 -2 -1.99704
4008 -1.98 -1.99703
4009 -1.98 -1.99703
4010 -1.98 -1.99702
4011 -2 -1.99702
4012 -2 -1.99702
4013 -1.98 -1.99702
4014 -1.98 -1.99702
4015 -2 -1.99702
4016 -2 -1.99702
4017 -2 -1.99702
4018 -2 -1.99702
4019 -1.98 -1.99701
4020 -2 -1.99702
4021 -2 -1.99702
4022 -2 -1.99702
4023 -2 -1.99702
4024 -2 -1.99702
4025 -2 -1.99702
4026 -2 -1.99702
4027 -2 -1.99702
4028 -2 -1.99702
4029 -2 -1.99702
4030 -2 -1.99702
4031 -2 -1.99702
4032 -2 -1.99702
4033 -2 -1.99703
4034 -2 -1.99703
4035 -2 -1.99703
4036 -2 -1.99703
4037 -2 -1.99703
4038 -2 -1.99703
4039 -2 -1.99703
4040 -2 -1.99703
4041 -2 -1.99703
4042 -2 -1.99703
4043 -2 -1.99703
4044 -2 -1.99703
4045 -2 -1.99703
4046 -2 -1.99703
4047 -1.98 -1.99703
4048 -1.98 -1.99703
4049 -2 -1.99703
4050 -2 -1.99703
4051 -2 -1.99703
4052 -2 -1.99703
4053 -2 -1.99703
4054 -2 -1.99703
4055 -2 -1.99703
4056 -2 -1.99703
4057 -2 -1.99703
4058 -2 -1.99703
4059 -2 -1.99703
4060 -2 -1.99704
4061 -2 -1.99704
4062 -1.98 -1.99703
4063 -1.98 -1.99703
4064 -2 -1.99703
4065 -2 -1.99703
4066 -2 -1.99703
4067 -2 -1.99703
4068 -2 -1.99703
4069 -2 -1.99703
4070 -2 -1.99703
4071 -2 -1.99703
4072 -2 -1.99703
4073 -2 -1.99703
4074 -2 -1.99704
4075 -2 -1.99704
4076 -2 -1.99704
4077 -2 -1.99704
4078 -2 -1.99704
4079 -2 -1.99704
4080 -2 -1.99704
4081 -2 -1.99704
4082 -1.98 -1.99704
4083 -1.96 -1.99703
4084 -2 -1.99703
4085 -2 -1.99703
4086 -2 -1.99703
4087 -2 -1.99703
4088 -2 -1.99703
4089 -2 -1.99703
4090 -2 -1.99703
4091 -2 -1.99703
4092 -2 -1.99703
4093 -2 -1.99703
4094 -2 -1.99704
4095 -2 -1.99704
4096 -2 -1.99704
4097 -2 -1.99704
4098 -2 -1.99704
4099 -2 -1.99704
4100 -2 -1.99704
4101 -2 -1.99704
4102 -2 -1.99704
4103 -2 -1.99704
4104 -1.98 -1.99704
4105 -2 -1.99704
4106 -2 -1.99704
4107 -2 -1.99704
4108 -2 -1.99704
4109 -2 -1.99704
4110 -1.98 -1.99704
4111 -1.98 -1.99703
4112 -2 -1.99703
4113 -2 -1.99703
4114 -2 -1.99704
4115 -2 -1.99704
4116 -2 -1.99704
4117 -1.98 -1.99703
4118 -2 -1.99703
4119 -2 -1.99703
4120 -2 -1.99703
4121 -2 -1.99704
4122 -1.98 -1.99703
4123 -1.98 -1.99703
4124 -2 -1.99703
4125 -2 -1.99703
4126 -2 -1.99703
4127 -2 -1.99703
4128 -2 -1.99703
4129 -2 -1.99703
4130 -2 -1.99703
4131 -2 -1.99703
4132 -2 -1.99703
4133 -2 -1.99703
4134 -1.98 -1.99703
4135 -2 -1.99703
4136 -1.98 -1.99703
4137 -1.98 -1.99702
4138 -2 -1.99702
4139 -2 -1.99702
4140 -2 -1.99702
4141 -1.98 -1.99702
4142 -1.98 -1.99702
4143 -2 -1.99702
4144 -2 -1.99702
4145 -2 -1.99702
4146 -2 -1.99702
4147 -2 -1.99702
4148 -2 -1.99702
4149 -1.98 -1.99702
4150 -2 -1.99702
4151 -2 -1.99702
4152 -2 -1.99702
4153 -2 -1.99702
4154 -2 -1.99702
4155 -2 -1.99702
4156 -2 -1.99702
4157 -2 -1.99702
4158 -2 -1.99702
4159 -2 -1.99702
4160 -2 -1.99702
4161 -2 -1.99703
4162 -2 -1.99703
4163 -2 -1.99703
4164 -2 -1.99703
4165 -2 -1.99703
4166 -2 -1.99703
4167 -2 -1.99703
4168 -2 -1.99703
4169 -2 -1.99703
4170 -2 -1.99703
4171 -2 -1.99703
4172 -2 -1.99703
4173 -2 -1.99703
4174 -2 -1.99703
4175 -2 -1.99704
4176 -2 -1.99704
4177 -2 -1.99704
4178 -2 -1.99704
4179 -2 -1.99704
4180 -1.98 -1.99703
4181 -1.98 -1.99703
4182 -1.98 -1.99703
4183 -2 -1.99703
4184 -2 -1.99703
4185 -2 -1.99703
4186 -2 -1.99703
4187 -2 -1.99703
4188 -2 -1.99703
4189 -2 -1.99703
4190 -2 -1.99703
4191 -2 -1.99703
4192 -2 -1.99703
4193 -2 -1.99703
4194 -2 -1.99703
4195 -2 -1.99704
4196 -2 -1.99704
4197 -2 -1.99704
4198 -2 -1.99704
4199 -2 -1.99704
4200 -2 -1.99704
4201 -2 -1.99704
4202 -2 -1.99704
4203 -1.98 -1.99704
4204 -2 -1.99704
4205 -2 -1.99704
4206 -2 -1.99704
4207 -2 -1.99704
4208 -2 -1.99704
4209 -2 -1.99704
4210 -2 -1.99704
4211 -2 -1.99704
4212 -2 -1.99704
4213 -2 -1.99704
4214 -2 -1.99704
4215 -2 -1.99704
4216 -1.98 -1.99704
4217 -1.98 -1.99704
4218 -2 -1.99704
4219 -2 -1.99704
4220 -2 -1.99704
4221 -2 -1.99704
4222 -2 -1.99704
4223 -2 -1.99704
4224 -1.98 -1.99704
4225 -2 -1.99704
4226 -2 -1.99704
4227 -2 -1.99704
4228 -2 -1.99704
4229 -2 -1.99704
4230 -2 -1.99704
4231 -2 -1.99704
4232 -2 -1.99704
4233 -2 -1.99704
4234 -1.98 -1.99704
4235 -1.98 -1.99703
4236 -1.96 -1.99703
4237 -1.96 -1.99702
4238 -1.98 -1.99701
4239 -2 -1.99701
4240 -2 -1.99701
4241 -2 -1.99702
4242 -2 -1.99702
4243 -2 -1.99702
4244 -2 -1.99702
4245 -2 -1.99702
4246 -2 -1.99702
4247 -2 -1.99702
4248 -2 -1.99702
4249 -2 -1.99702
4250 -2 -1.99702
4251 -2 -1.99702
4252 -2 -1.99702
4253 -2 -1.99702
4254 -1.98 -1.99702
4255 -2 -1.99702
4256 -2 -1.99702
4257 -1.98 -1.99702
4258 -2 -1.99702
4259 -2 -1.99702
4260 -2 -1.99702
4261 -2 -1.99702
4262 -2 -1.99702
4263 -2 -1.99702
4264 -2 -1.99702
4265 -2 -1.99702
4266 -2 -1.99702
4267 -2 -1.99702
4268 -1.98 -1.99702
4269 -2 -1.99702
4270 -2 -1.99702
4271 -2 -1.99702
4272 -2 -1.99702
4273 -2 -1.99702
4274 -2 -1.99702
4275 -1.98 -1.99702
4276 -2 -1.99702
4277 -2 -1.99702
4278 -2 -1.99702
4279 -2 -1.99702
4280 -2 -1.99702
4281 -2 -1.99702
4282 -2 -1.99703
4283 -1.98 -1.99702
4284 -2 -1.99702
4285 -2 -1.99702
4286 -2 -1.99702
4287 -2 -1.99702
4288 -2 -1.99702
4289 -2 -1.99703
4290 -2 -1.99703
4291 -2 -1.99703
4292 -2 -1.99703
4293 -2 -1.99703
4294 -2 -1.99703
4295 -2 -1.99703
4296 -2 -1.99703
4297 -2 -1.99703
4298 -2 -1.99703
4299 -2 -1.99703
4300 -2 -1.99703
4301 -2 -1.99703
4302 -2 -1.99703
4303 -2 -1.99704
4304 -2 -1.99704
4305 -2 -1.99704
4306 -2 -1.99704
4307 -1.98 -1.99703
4308 -1.98 -1.99703
4309 -2 -1.99703
4310 -2 -1.99703
4311 -2 -1.99703
4312 -2 -1.99703
4313 -2 -1.99703
4314 -2 -1.99703
4315 -2 -1.99703
4316 -2 -1.99703
4317 -2 -1.99704
4318 -1.98 -1.99703
4319 -2 -1.99703
4320 -2 -1.99703
4321 -2 -1.99703
4322 -2 -1.99703
4323 -2 -1.99704
4324 -2 -1.99704
4325 -2 -1.99704
4326 -2 -1.99704
4327 -2 -1.99704
4328 -2 -1.99704
4329 -2 -1.99704
4330 -2 -1.99704
4331 -2 -1.99704
4332 -1.98 -1.99704
4333 -2 -1.99704
4334 -2 -1.99704
4335 -2 -1.99704
4336 -2 -1.99704
4337 -2 -1.99704
4338 -2 -1.99704
4339 -2 -1.99704
4340 -2 -1.99704
4341 -2 -1.99704
4342 -2 -1.99704
4343 -2 -1.99704
4344 -2 -1.99704
4345 -2 -1.99705
4346 -2 -1.99705
4347 -2 -1.99705
4348 -2 -1.99705
4349 -1.98 -1.99704
4350 -2 -1.99704
4351 -2 -1.99705
4352 -2 -1.99705
4353 -2 -1.99705
4354 -2 -1.99705
4355 -2 -1.99705
4356 -2 -1.99705
4357 -2 -1.99705
4358 -2 -1.99705
4359 -2 -1.99705
4360 -2 -1.99705
4361 -1.98 -1.99705
4362 -2 -1.99705
4363 -2 -1.99705
4364 -2 -1.99705
4365 -2 -1.99705
4366 -2 -1.99705
4367 -2 -1.99705
4368 -2 -1.99705
4369 -2 -1.99705
4370 -2 -1.99705
4371 -2 -1.99705
4372 -2 -1.99705
4373 -2 -1.99706
4374 -2 -1.99706
4375 -2 -1.99706
4376 -2 -1.99706
4377 -1.98 -1.99705
4378 -2 -1.99705
4379 -2 -1.99705
4380 -2 -1.99706
4381 -2 -1.99706
4382 -2 -1.99706
4383 -2 -1.99706
4384 -2 -1.99706
4385 -2 -1.99706
4386 -2 -1.99706
4387 -2 -1.99706
4388 -2 -1.99706
4389 -2 -1.99706
4390 -2 -1.99706
4391 -2 -1.99706
4392 -2 -1.99706
4393 -2 -1.99706
4394 -2 -1.99706
4395 -2 -1.99707
4396 -2 -1.99707
4397 -2 -1.99707
4398 -2 -1.99707
4399 -1.98 -1.99706
4400 -2 -1.99706
4401 -2 -1.99706
4402 -2 -1.99707
4403 -2 -1.99707
4404 -2 -1.99707
4405 -2 -1.99707
4406 -2 -1.99707
4407 -2 -1.99707
4408 -2 -1.99707
4409 -2 -1.99707
4410 -2 -1.99707
4411 -2 -1.99707
4412 -2 -1.99707
4413 -2 -1.99707
4414 -2 -1.99707
4415 -2 -1.99707
4416 -1.98 -1.99707
4417 -1.98 -1.99707
4418 -1.98 -1.99706
4419 -1.98 -1.99706
4420 -2 -1.99706
4421 -2 -1.99706
4422 -1.96 -1.99705
4423 -1.98 -1.99705
4424 -2 -1.99705
4425 -2 -1.99705
4426 -2 -1.99705
4427 -2 -1.99705
4428 -1.98 -1.99705
4429 -1.96 -1.99704
4430 -2 -1.99704
4431 -2 -1.99704
4432 -2 -1.99704
4433 -2 -1.99704
4434 -2 -1.99704
4435 -2 -1.99704
4436 -2 -1.99704
4437 -2 -1.99704
4438 -2 -1.99704
4439 -2 -1.99705
4440 -2 -1.99705
4441 -2 -1.99705
4442 -2 -1.99705
4443 -2 -1.99705
4444 -2 -1.99705
4445 -1.98 -1.99704
4446 -2 -1.99705
4447 -1.98 -1.99704
4448 -1.96 -1.99703
4449 -2 -1.99703
4450 -2 -1.99703
4451 -2 -1.99704
4452 -2 -1.99704
4453 -1.98 -1.99703
4454 -1.98 -1.99703
4455 -1.96 -1.99702
4456 -1.96 -1.99701
4457 -1.98 -1.99701
4458 -1.98 -1.997
4459 -2 -1.997
4460 -2 -1.99701
4461 -2 -1.99701
4462 -2 -1.99701
4463 -2 -1.99701
4464 -2 -1.99701
4465 -2 -1.99701
4466 -2 -1.99701
4467 -2 -1.99701
4468 -2 -1.99701
4469 -2 -1.99701
4470 -2 -1.99701
4471 -2 -1.99701
4472 -2 -1.99701
4473 -1.98 -1.99701
4474 -1.98 -1.99701
4475 -1.97 -1.997
4476 -2 -1.997
4477 -2 -1.997
4478 -2 -1.997
4479 -2 -1.997
4480 -1.98 -1.997
4481 -2 -1.997
4482 -2 -1.997
4483 -2 -1.997
4484 -2 -1.997
4485 -2 -1.997
4486 -2 -1.997
4487 -2 -1.997
4488 -2 -1.997
4489 -2 -1.997
4490 -2 -1.99701
4491 -1.98 -1.997
4492 -2 -1.997
4493 -2 -1.997
4494 -2 -1.997
4495 -2 -1.997
4496 -2 -1.997
4497 -2 -1.99701
4498 -2 -1.99701
4499 -2 -1.99701
4500 -2 -1.99701
4501 -2 -1.99701
4502 -2 -1.99701
4503 -1.98 -1.997
4504 -1.98 -1.997
4505 -2 -1.997
4506 -2 -1.997
4507 -2 -1.997
4508 -2 -1.997
4509 -2 -1.997
4510 -2 -1.99701
4511 -2 -1.99701
4512 -2 -1.99701
4513 -1.98 -1.997
4514 -2 -1.997
4515 -2 -1.997
4516 -2 -1.997
4517 -2 -1.99701
4518 -2 -1.99701
4519 -2 -1.99701
4520 -2 -1.99701
4521 -2 -1.99701
4522 -2 -1.99701
4523 -2 -1.99701
4524 -2 -1.99701
4525 -2 -1.99701
4526 -2 -1.99701
4527 -2 -1.99701
4528 -2 -1.99701
4529 -2 -1.99701
4530 -2 -1.99701
4531 -2 -1.99701
4532 -2 -1.99702
4533 -2 -1.99702
4534 -2 -1.99702
4535 -2 -1.99702
4536 -2 -1.99702
4537 -2 -1.99702
4538 -1.98 -1.99701
4539 -2 -1.99702
4540 -2 -1.99702
4541 -2 -1.99702
4542 -2 -1.99702
4543 -1.98 -1.99701
4544 -2 -1.99701
4545 -2 -1.99701
4546 -2 -1.99702
4547 -2 -1.99702
4548 -2 -1.99702
4549 -2 -1.99702
4550 -2 -1.99702
4551 -1.96 -1.99701
4552 -2 -1.99701
4553 -2 -1.99701
4554 -2 -1.99701
4555 -2 -1.99701
4556 -2 -1.99701
4557 -2 -1.99701
4558 -2 -1.99701
4559 -2 -1.99702
4560 -2 -1.99702
4561 -2 -1.99702
4562 -2 -1.99702
4563 -2 -1.99702
4564 -2 -1.99702
4565 -2 -1.99702
4566 -2 -1.99702
4567 -1.98 -1.99702
4568 -2 -1.99702
4569 -2 -1.99702
4570 -2 -1.99702
4571 -2 -1.99702
4572 -2 -1.99702
4573 -2 -1.99702
4574 -2 -1.99702
4575 -2 -1.99702
4576 -2 -1.99702
4577 -2 -1.99702
4578 -2 -1.99702
4579 -2 -1.99702
4580 -2 -1.99702
4581 -2 -1.99703
4582 -2 -1.99703
4583 -2 -1.99703
4584 -2 -1.99703
4585 -2 -1.99703
4586 -2 -1.99703
4587 -2 -1.99703
4588 -2 -1.99703
4589 -2 -1.99703
4590 -2 -1.99703
4591 -2 -1.99703
4592 -2 -1.99703
4593 -2 -1.99703
4594 -2 -1.99703
4595 -2 -1.99703
4596 -2 -1.99704
4597 -2 -1.99704
4598 -2 -1.99704
4599 -2 -1.99704
4600 -2 -1.99704
4601 -2 -1.99704
4602 -2 -1.99704
4603 -1.98 -1.99704
4604 -2 -1.99704
4605 -2 -1.99704
4606 -1.98 -1.99703
4607 -2 -1.99703
4608 -2 -1.99703
4609 -2 -1.99703
4610 -2 -1.99704
4611 -2 -1.99704
4612 -2 -1.99704
4613 -2 -1.99704
4614 -2 -1.99704
4615 -2 -1.99704
4616 -1.98 -1.99703
4617 -2 -1.99704
4618 -2 -1.99704
4619 -2 -1.99704
4620 -2 -1.99704
4621 -2 -1.99704
4622 -2 -1.99704
4623 -2 -1.99704
4624 -2 -1.99704
4625 -2 -1.99704
4626 -2 -1.99704
4627 -2 -1.99704
4628 -2 -1.99704
4629 -2 -1.99704
4630 -2 -1.99704
4631 -2 -1.99704
4632 -2 -1.99705
4633 -2 -1.99705
4634 -2 -1.99705
4635 -2 -1.99705
4636 -2 -1.99705
4637 -2 -1.99705
4638 -2 -1.99705
4639 -2 -1.99705
4640 -2 -1.99705
4641 -2 -1.99705
4642 -2 -1.99705
4643 -2 -1.99705
4644 -2 -1.99705
4645 -2 -1.99705
4646 -2 -1.99705
4647 -2 -1.99705
4648 -2 -1.99706
4649 -2 -1.99706
4650 -2 -1.99706
4651 -2 -1.99706
4652 -2 -1.99706
4653 -2 -1.99706
4654 -2 -1.99706
4655 -2 -1.99706
4656 -1.98 -1.99706
4657 -2 -1.99706
4658 -2 -1.99706
4659 -2 -1.99706
4660 -2 -1.99706
4661 -2 -1.99706
4662 -2 -1.99706
4663 -2 -1.99706
4664 -2 -1.99706
4665 -2 -1.99706
4666 -2 -1.99706
4667 -2 -1.99706
4668 -2 -1.99706
4669 -2 -1.99706
4670 -2 -1.99706
4671 -2 -1.99707
4672 -2 -1.99707
4673 -2 -1.99707
4674 -2 -1.99707
4675 -2 -1.99707
4676 -2 -1.99707
4677 -2 -1.99707
4678 -2 -1.99707
4679 -2 -1.99707
4680 -2 -1.99707
4681 -2 -1.99707
4682 -2 -1.99707
4683 -2 -1.99707
4684 -2 -1.99707
4685 -2 -1.99707
4686 -2 -1.99707
4687 -2 -1.99708
4688 -2 -1.99708
4689 -2 -1.99708
4690 -2 -1.99708
4691 -2 -1.99708
4692 -2 -1.99708
4693 -2 -1.99708
4694 -2 -1.99708
4695 -2 -1.99708
4696 -1.98 -1.99708
4697 -2 -1.99708
4698 -2 -1.99708
4699 -2 -1.99708
4700 -2 -1.99708
4701 -2 -1.99708
4702 -2 -1.99708
4703 -2 -1.99708
4704 -2 -1.99708
4705 -2 -1.99708
4706 -2 -1.99708
4707 -2 -1.99708
4708 -2 -1.99708
4709 -2 -1.99708
4710 -2 -1.99709
4711 -2 -1.99709
4712 -2 -1.99709
4713 -2 -1.99709
4714 -2 -1.99709
4715 -2 -1.99709
4716 -2 -1.99709
4717 -2 -1.99709
4718 -2 -1.99709
4719 -1.98 -1.99709
4720 -1.98 -1.99708
4721 -2 -1.99708
4722 -1.96 -1.99708
4723 -2 -1.99708
4724 -1.98 -1.99707
4725 -2 -1.99707
4726 -2 -1.99707
4727 -2 -1.99707
4728 -2 -1.99708
4729 -2 -1.99708
4730 -2 -1.99708
4731 -2 -1.99708
4732 -2 -1.99708
4733 -2 -1.99708
4734 -2 -1.99708
4735 -1.98 -1.99708
4736 -1.98 -1.99707
4737 -1.98 -1.99707
4738 -2 -1.99707
4739 -2 -1.99707
4740 -2 -1.99707
4741 -2 -1.99707
4742 -2 -1.99707
4743 -2 -1.99707
4744 -2 -1.99707
4745 -2 -1.99707
4746 -2 -1.99707
4747 -2 -1.99707
4748 -2 -1.99708
4749 -2 -1.99708
4750 -2 -1.99708
4751 -2 -1.99708
4752 -1.98 -1.99707
4753 -1.98 -1.99707
4754 -1.98 -1.99707
4755 -2 -1.99707
4756 -2 -1.99707
4757 -2 -1.99707
4758 -2 -1.99707
4759 -2 -1.99707
4760 -2 -1.99707
4761 -1.98 -1.99707
4762 -1.98 -1.99706
4763 -2 -1.99706
4764 -2 -1.99706
4765 -1.98 -1.99706
4766 -2 -1.99706
4767 -2 -1.99706
4768 -2 -1.99706
4769 -2 -1.99706
4770 -2 -1.99706
4771 -2 -1.99706
4772 -2 -1.99706
4773 -2 -1.99707
4774 -2 -1.99707
4775 -2 -1.99707
4776 -2 -1.99707
4777 -2 -1.99707
4778 -1.98 -1.99706
4779 -1.98 -1.99706
4780 -2 -1.99706
4781 -2 -1.99706
4782 -2 -1.99706
4783 -2 -1.99706
4784 -2 -1.99706
4785 -2 -1.99706
4786 -2 -1.99706
4787 -2 -1.99707
4788 -2 -1.99707
4789 -2 -1.99707
4790 -2 -1.99707
4791 -2 -1.99707
4792 -2 -1.99707
4793 -2 -1.99707
4794 -2 -1.99707
4795 -2 -1.99707
4796 -2 -1.99707
4797 -2 -1.99707
4798 -2 -1.99707
4799 -2 -1.99707
4800 -2 -1.99707
4801 -2 -1.99707
4802 -2 -1.99707
4803 -1.98 -1.99707
4804 -2 -1.99707
4805 -1.98 -1.99707
4806 -2 -1.99707
4807 -2 -1.99707
4808 -2 -1.99707
4809 -2 -1.99707
4810 -2 -1.99707
4811 -2 -1.99707
4812 -2 -1.99707
4813 -2 -1.99707
4814 -2 -1.99707
4815 -2 -1.99707
4816 -2 -1.99707
4817 -2 -1.99708
4818 -2 -1.99708
4819 -2 -1.99708
4820 -2 -1.99708
4821 -2 -1.99708
4822 -2 -1.99708
4823 -2 -1.99708
4824 -2 -1.99708
4825 -2 -1.99708
4826 -2 -1.99708
4827 -2 -1.99708
4828 -2 -1.99708
4829 -1.98 -1.99708
4830 -2 -1.99708
4831 -2 -1.99708
4832 -2 -1.99708
4833 -2 -1.99708
4834 -2 -1.99708
4835 -1.98 -1.99708
4836 -1.98 -1.99707
4837 -1.98 -1.99707
4838 -2 -1.99707
4839 -2 -1.99707
4840 -2 -1.99707
4841 -2 -1.99707
4842 -2 -1.99707
4843 -2 -1.99707
4844 -2 -1.99708
4845 -2 -1.99708
4846 -2 -1.99708
4847 -2 -1.99708
4848 -2 -1.99708
4849 -2 -1.99708
4850 -2 -1.99708
4851 -2 -1.99708
4852 -2 -1.99708
4853 -2 -1.99708
4854 -2 -1.99708
4855 -2 -1.99708
4856 -2 -1.99708
4857 -2 -1.99708
4858 -2 -1.99708
4859 -2 -1.99708
4860 -2 -1.99708
4861 -2 -1.99709
4862 -2 -1.99709
4863 -2 -1.99709
4864 -2 -1.99709
4865 -2 -1.99709
4866 -2 -1.99709
4867 -2 -1.99709
4868 -2 -1.99709
4869 -1.98 -1.99709
4870 -2 -1.99709
4871 -2 -1.99709
4872 -2 -1.99709
4873 -2 -1.99709
4874 -2 -1.99709
4875 -2 -1.99709
4876 -2 -1.99709
4877 -2 -1.99709
4878 -2 -1.99709
4879 -2 -1.99709
4880 -2 -1.99709
4881 -2 -1.99709
4882 -2 -1.99709
4883 -2 -1.99709
4884 -2 -1.9971
4885 -2 -1.9971
4886 -1.98 -1.99709
4887 -1.98 -1.99709
4888 -1.98 -1.99709
4889 -1.98 -1.99708
4890 -2 -1.99708
4891 -2 -1.99708
4892 -2 -1.99708
4893 -2 -1.99708
4894 -2 -1.99708
4895 -2 -1.99709
4896 -2 -1.99709
4897 -2 -1.99709
4898 -1.98 -1.99708
4899 -1.96 -1.99708
4900 -2 -1.99708
4901 -2 -1.99708
4902 -1.98 -1.99707
4903 -1.98 -1.99707
4904 -1.98 -1.99707
4905 -2 -1.99707
4906 -2 -1.99707
4907 -2 -1.99707
4908 -2 -1.99707
4909 -1.98 -1.99707
4910 -2 -1.99707
4911 -2 -1.99707
4912 -2 -1.99707
4913 -2 -1.99707
4914 -2 -1.99707
4915 -2 -1.99707
4916 -2 -1.99707
4917 -2 -1.99707
4918 -2 -1.99707
4919 -2 -1.99707
4920 -2 -1.99707
4921 -2 -1.99707
4922 -2 -1.99707
4923 -2 -1.99707
4924 -2 -1.99707
4925 -2 -1.99707
4926 -2 -1.99708
4927 -2 -1.99708
4928 -2 -1.99708
4929 -2 -1.99708
4930 -2 -1.99708
4931 -2 -1.99708
4932 -2 -1.99708
4933 -2 -1.99708
4934 -2 -1.99708
4935 -2 -1.99708
4936 -2 -1.99708
4937 -2 -1.99708
4938 -2 -1.99708
4939 -1.98 -1.99708
4940 -2 -1.99708
4941 -2 -1.99708
4942 -2 -1.99708
4943 -2 -1.99708
4944 -1.98 -1.99708
4945 -1.96 -1.99707
4946 -1.98 -1.99707
4947 -2 -1.99707
4948 -2 -1.99707
4949 -2 -1.99707
4950 -2 -1.99707
4951 -2 -1.99707
4952 -1.98 -1.99707
4953 -1.98 -1.99706
4954 -2 -1.99706
4955 -2 -1.99706
4956 -2 -1.99706
4957 -2 -1.99707
4958 -2 -1.99707
4959 -2 -1.99707
4960 -2 -1.99707
4961 -2 -1.99707
4962 -2 -1.99707
4963 -1.98 -1.99706
4964 -2 -1.99707
4965 -2 -1.99707
4966 -2 -1.99707
4967 -2 -1.99707
4968 -2 -1.99707
4969 -2 -1.99707
4970 -2 -1.99707
4971 -2 -1.99707
4972 -2 -1.99707
4973 -2 -1.99707
4974 -2 -1.99707
4975 -2 -1.99707
4976 -2 -1.99707
4977 -2 -1.99707
4978 -2 -1.99707
4979 -2 -1.99707
4980 -2 -1.99707
4981 -2 -1.99708
4982 -2 -1.99708
4983 -2 -1.99708
4984 -2 -1.99708
4985 -2 -1.99708
4986 -2 -1.99708
4987 -2 -1.99708
4988 -2 -1.99708
4989 -2 -1.99708
4990 -2 -1.99708
4991 -2 -1.99708
4992 -2 -1.99708
4993 -2 -1.99708
4994 -2 -1.99708
4995 -2 -1.99708
4996 -2 -1.99708
4997 -2 -1.99708
4998 -2 -1.99709
4999 -2 -1.99709
5000 -2 -1.99709
5001 -2 -1.99709
5002 -2 -1.99709
5003 -2 -1.99709
5004 -2 -1.99709
5005 -2 -1.99709
5006 -2 -1.99709
5007 -2 -1.99709
5008 -2 -1.99709
5009 -2 -1.99709
5010 -2 -1.99709
5011 -2 -1.99709
5012 -2 -1.99709
5013 -1.98 -1.99709
5014 -1.95 -1.99708
5015 -1.96 -1.99707
5016 -2 -1.99707
5017 -2 -1.99707
5018 -2 -1.99708
5019 -2 -1.99708
5020 -2 -1.99708
5021 -2 -1.99708
5022 -2 -1.99708
5023 -2 -1.99708
5024 -2 -1.99708
5025 -2 -1.99708
5026 -2 -1.99708
5027 -2 -1.99708
5028 -2 -1.99708
5029 -2 -1.99708
5030 -2 -1.99708
5031 -2 -1.99708
5032 -2 -1.99708
5033 -2 -1.99708
5034 -2 -1.99708
5035 -2 -1.99708
5036 -2 -1.99709
5037 -2 -1.99709
5038 -1.98 -1.99708
5039 -1.98 -1.99708
5040 -2 -1.99708
5041 -1.98 -1.99708
5042 -2 -1.99708
5043 -2 -1.99708
5044 -2 -1.99708
5045 -2 -1.99708
5046 -2 -1.99708
5047 -2 -1.99708
5048 -2 -1.99708
5049 -2 -1.99708
5050 -2 -1.99708
5051 -2 -1.99708
5052 -2 -1.99708
5053 -2 -1.99708
5054 -2 -1.99708
5055 -2 -1.99708
5056 -2 -1.99709
5057 -2 -1.99709
5058 -2 -1.99709
5059 -2 -1.99709
5060 -2 -1.99709
5061 -2 -1.99709
5062 -2 -1.99709
5063 -2 -1.99709
5064 -2 -1.99709
5065 -2 -1.99709
5066 -2 -1.99709
5067 -1.98 -1.99709
5068 -2 -1.99709
5069 -2 -1.99709
5070 -2 -1.99709
5071 -2 -1.99709
5072 -2 -1.99709
5073 -2 -1.99709
5074 -2 -1.99709
5075 -2 -1.99709
5076 -2 -1.99709
5077 -2 -1.99709
5078 -2 -1.99709
5079 -2 -1.99709
5080 -2 -1.9971
5081 -2 -1.9971
5082 -2 -1.9971
5083 -2 -1.9971
5084 -2 -1.9971
5085 -2 -1.9971
5086 -2 -1.9971
5087 -2 -1.9971
5088 -2 -1.9971
5089 -2 -1.9971
5090 -2 -1.9971
5091 -2 -1.9971
5092 -2 -1.9971
5093 -2 -1.9971
5094 -1.98 -1.9971
5095 -1.98 -1.9971
5096 -1.98 -1.99709
5097 -1.98 -1.99709
5098 -1.98 -1.99709
5099 -1.98 -1.99708
5100 -1.98 -1.99708
5101 -2 -1.99708
5102 -2 -1.99708
5103 -2 -1.99708
5104 -2 -1.99708
5105 -2 -1.99708
5106 -2 -1.99708
5107 -2 -1.99708
5108 -2 -1.99708
5109 -2 -1.99708
5110 -2 -1.99708
5111 -2 -1.99709
5112 -2 -1.99709
5113 -2 -1.99709
5114 -2 -1.99709
5115 -1.98 -1.99708
5116 -2 -1.99708
5117 -2 -1.99708
5118 -2 -1.99709
5119 -2 -1.99709
5120 -2 -1.99709
5121 -2 -1.99709
5122 -1.98 -1.99708
5123 -2 -1.99708
5124 -2 -1.99708
5125 -2 -1.99709
5126 -2 -1.99709
5127 -2 -1.99709
5128 -2 -1.99709
5129 -2 -1.99709
5130 -2 -1.99709
5131 -2 -1.99709
5132 -2 -1.99709
5133 -2 -1.99709
5134 -2 -1.99709
5135 -2 -1.99709
5136 -2 -1.99709
5137 -2 -1.99709
5138 -2 -1.99709
5139 -1.98 -1.99709
5140 -2 -1.99709
5141 -2 -1.99709
5142 -2 -1.99709
5143 -2 -1.99709
5144 -2 -1.99709
5145 -2 -1.99709
5146 -2 -1.99709
5147 -2 -1.99709
5148 -2 -1.99709
5149 -2 -1.9971
5150 -2 -1.9971
5151 -2 -1.9971
5152 -2 -1.9971
5153 -2 -1.9971
5154 -2 -1.9971
5155 -2 -1.9971
5156 -2 -1.9971
5157 -2 -1.9971
5158 -2 -1.9971
5159 -2 -1.9971
5160 -2 -1.9971
5161 -2 -1.9971
5162 -2 -1.9971
5163 -2 -1.9971
5164 -2 -1.9971
5165 -1.98 -1.9971
5166 -1.98 -1.9971
5167 -2 -1.9971
5168 -2 -1.9971
5169 -2 -1.9971
5170 -1.98 -1.9971
5171 -2 -1.9971
5172 -2 -1.9971
5173 -2 -1.9971
5174 -2 -1.9971
5175 -2 -1.9971
5176 -2 -1.9971
5177 -2 -1.9971
5178 -2 -1.9971
5179 -2 -1.9971
5180 -2 -1.9971
5181 -2 -1.9971
5182 -2 -1.9971
5183 -2 -1.9971
5184 -2 -1.9971
5185 -2 -1.9971
5186 -2 -1.9971
5187 -2 -1.9971
5188 -2 -1.99711
5189 -2 -1.99711
5190 -2 -1.99711
5191 -2 -1.99711
5192 -1.98 -1.9971
5193 -2 -1.9971
5194 -2 -1.9971
5195 -2 -1.99711
5196 -2 -1.99711
5197 -2 -1.99711
5198 -2 -1.99711
5199 -2 -1.99711
5200 -2 -1.99711
5201 -2 -1.99711
5202 -2 -1.99711
5203 -2 -1.99711
5204 -2 -1.99711
5205 -1.98 -1.99711
5206 -1.98 -1.9971
5207 -1.98 -1.9971
5208 -1.98 -1.9971
5209 -1.98 -1.99709
5210 -2 -1.99709
5211 -2 -1.9971
5212 -2 -1.9971
5213 -1.98 -1.99709
5214 -1.98 -1.99709
5215 -2 -1.99709
5216 -2 -1.99709
5217 -2 -1.99709
5218 -2 -1.99709
5219 -2 -1.99709
5220 -2 -1.99709
5221 -1.98 -1.99709
5222 -2 -1.99709
5223 -2 -1.99709
5224 -2 -1.99709
5225 -2 -1.99709
5226 -2 -1.99709
5227 -2 -1.99709
5228 -1.98 -1.99709
5229 -1.98 -1.99709
5230 -2 -1.99709
5231 -2 -1.99709
5232 -2 -1.99709
5233 -2 -1.99709
5234 -1.98 -1.99709
5235 -2 -1.99709
5236 -2 -1.99709
5237 -2 -1.99709
5238 -2 -1.99709
5239 -2 -1.99709
5240 -1.96 -1.99708
5241 -1.98 -1.99708
5242 -2 -1.99708
5243 -2 -1.99708
5244 -2 -1.99708
5245 -2 -1.99708
5246 -2 -1.99708
5247 -2 -1.99708
5248 -2 -1.99708
5249 -2 -1.99708
5250 -2 -1.99708
5251 -2 -1.99708
5252 -2 -1.99708
5253 -2 -1.99708
5254 -2 -1.99708
5255 -2 -1.99709
5256 -2 -1.99709
5257 -2 -1.99709
5258 -2 -1.99709
5259 -1.98 -1.99708
5260 -2 -1.99708
5261 -2 -1.99708
5262 -2 -1.99709
5263 -2 -1.99709
5264 -2 -1.99709
5265 -2 -1.99709
5266 -2 -1.99709
5267 -2 -1.99709
5268 -2 -1.99709
5269 -2 -1.99709
5270 -1.98 -1.99709
5271 -1.98 -1.99708
5272 -2 -1.99708
5273 -2 -1.99708
5274 -2 -1.99708
5275 -1.98 -1.99708
5276 -1.98 -1.99708
5277 -1.98 -1.99707
5278 -1.97 -1.99707
5279 -1.98 -1.99707
5280 -1.98 -1.99706
5281 -2 -1.99706
5282 -2 -1.99706
5283 -2 -1.99706
5284 -2 -1.99707
5285 -1.98 -1.99706
5286 -2 -1.99706
5287 -2 -1.99706
5288 -2 -1.99706
5289 -2 -1.99706
5290 -2 -1.99706
5291 -2 -1.99707
5292 -1.98 -1.99706
5293 -2 -1.99706
5294 -2 -1.99706
5295 -2 -1.99706
5296 -2 -1.99706
5297 -2 -1.99706
5298 -2 -1.99707
5299 -2 -1.99707
5300 -2 -1.99707
5301 -2 -1.99707
5302 -1.98 -1.99706
5303 -1.98 -1.99706
5304 -1.98 -1.99706
5305 -1.98 -1.99705
5306 -2 -1.99705
5307 -2 -1.99706
5308 -2 -1.99706
5309 -2 -1.99706
5310 -2 -1.99706
5311 -2 -1.99706
5312 -2 -1.99706
5313 -2 -1.99706
5314 -2 -1.99706
5315 -2 -1.99706
5316 -1.98 -1.99706
5317 -2 -1.99706
5318 -2 -1.99706
5319 -2 -1.99706
5320 -2 -1.99706
5321 -1.96 -1.99705
5322 -1.96 -1.99704
5323 -1.95 -1.99704
5324 -1.96 -1.99703
5325 -2 -1.99703
5326 -2 -1.99703
5327 -2 -1.99703
5328 -2 -1.99703
5329 -2 -1.99703
5330 -2 -1.99703
5331 -2 -1.99703
5332 -1.98 -1.99703
5333 -2 -1.99703
5334 -2 -1.99703
5335 -2 -1.99703
5336 -2 -1.99703
5337 -2 -1.99703
5338 -2 -1.99703
5339 -2 -1.99703
5340 -2 -1.99703
5341 -2 -1.99703
5342 -2 -1.99704
5343 -1.98 -1.99703
5344 -2 -1.99703
5345 -2 -1.99703
5346 -2 -1.99703
5347 -2 -1.99703
5348 -2 -1.99703
5349 -2 -1.99704
5350 -2 -1.99704
5351 -2 -1.99704
5352 -2 -1.99704
5353 -2 -1.99704
5354 -2 -1.99704
5355 -2 -1.99704
5356 -2 -1.99704
5357 -2 -1.99704
5358 -2 -1.99704
5359 -2 -1.99704
5360 -2 -1.99704
5361 -2 -1.99704
5362 -2 -1.99704
5363 -2 -1.99704
5364 -2 -1.99704
5365 -2 -1.99704
5366 -2 -1.99704
5367 -2 -1.99705
5368 -2 -1.99705
5369 -2 -1.99705
5370 -1.98 -1.99704
5371 -1.98 -1.99704
5372 -2 -1.99704
5373 -2 -1.99704
5374 -2 -1.99704
5375 -2 -1.99704
5376 -2 -1.99704
5377 -2 -1.99704
5378 -2 -1.99704
5379 -2 -1.99704
5380 -2 -1.99705
5381 -2 -1.99705
5382 -2 -1.99705
5383 -2 -1.99705
5384 -2 -1.99705
5385 -2 -1.99705
5386 -2 -1.99705
5387 -2 -1.99705
5388 -2 -1.99705
5389 -2 -1.99705
5390 -2 -1.99705
5391 -2 -1.99705
5392 -2 -1.99705
5393 -2 -1.99705
5394 -2 -1.99705
5395 -2 -1.99705
5396 -2 -1.99705
5397 -2 -1.99705
5398 -2 -1.99706
5399 -2 -1.99706
5400 -2 -1.99706
5401 -2 -1.99706
5402 -2 -1.99706
5403 -2 -1.99706
5404 -2 -1.99706
5405 -2 -1.99706
5406 -2 -1.99706
5407 -2 -1.99706
5408 -2 -1.99706
5409 -2 -1.99706
5410 -2 -1.99706
5411 -2 -1.99706
5412 -2 -1.99706
5413 -2 -1.99706
5414 -1.98 -1.99706
5415 -2 -1.99706
5416 -2 -1.99706
5417 -2 -1.99706
5418 -2 -1.99706
5419 -2 -1.99706
5420 -2 -1.99706
5421 -2 -1.99706
5422 -2 -1.99706
5423 -2 -1.99706
5424 -2 -1.99707
5425 -2 -1.99707
5426 -2 -1.99707
5427 -2 -1.99707
5428 -2 -1.99707
5429 -2 -1.99707
5430 -2 -1.99707
5431 -2 -1.99707
5432 -2 -1.99707
5433 -2 -1.99707
5434 -2 -1.99707
5435 -2 -1.99707
5436 -2 -1.99707
5437 -2 -1.99707
5438 -2 -1.99707
5439 -2 -1.99707
5440 -2 -1.99707
5441 -2 -1.99707
5442 -2 -1.99708
5443 -2 -1.99708
5444 -2 -1.99708
5445 -2 -1.99708
5446 -2 -1.99708
5447 -2 -1.99708
5448 -2 -1.99708
5449 -2 -1.99708
5450 -1.98 -1.99708
5451 -1.97 -1.99707
5452 -1.98 -1.99707
5453 -2 -1.99707
5454 -2 -1.99707
5455 -2 -1.99707
5456 -2 -1.99707
5457 -1.98 -1.99707
5458 -2 -1.99707
5459 -2 -1.99707
5460 -2 -1.99707
5461 -2 -1.99707
5462 -2 -1.99707
5463 -1.98 -1.99707
5464 -2 -1.99707
5465 -2 -1.99707
5466 -2 -1.99707
5467 -2 -1.99707
5468 -2 -1.99707
5469 -2 -1.99707
5470 -2 -1.99707
5471 -2 -1.99707
5472 -2 -1.99707
5473 -2 -1.99707
5474 -2 -1.99707
5475 -2 -1.99707
5476 -2 -1.99707
5477 -2 -1.99707
5478 -2 -1.99707
5479 -2 -1.99707
5480 -2 -1.99708
5481 -2 -1.99708
5482 -2 -1.99708
5483 -2 -1.99708
5484 -2 -1.99708
5485 -2 -1.99708
5486 -2 -1.99708
5487 -2 -1.99708
5488 -2 -1.99708
5489 -2 -1.99708
5490 -2 -1.99708
5491 -2 -1.99708
5492 -2 -1.99708
5493 -2 -1.99708
5494 -2 -1.99708
5495 -2 -1.99708
5496 -2 -1.99708
5497 -2 -1.99708
5498 -2 -1.99708
5499 -2 -1.99709
5500 -2 -1.99709
5501 -2 -1.99709
5502 -2 -1.99709
5503 -2 -1.99709
5504 -2 -1.99709
5505 -2 -1.99709
5506 -2 -1.99709
5507 -2 -1.99709
5508 -2 -1.99709
5509 -2 -1.99709
5510 -2 -1.99709
5511 -2 -1.99709
5512 -2 -1.99709
5513 -2 -1.99709
5514 -2 -1.99709
5515 -2 -1.99709
5516 -2 -1.99709
5517 -1.98 -1.99709
5518 -1.98 -1.99709
5519 -2 -1.99709
5520 -2 -1.99709
5521 -2 -1.99709
5522 -2 -1.99709
5523 -2 -1.99709
5524 -1.98 -1.99709
5525 -1.98 -1.99708
5526 -1.98 -1.99708
5527 -2 -1.99708
5528 -2 -1.99708
5529 -2 -1.99708
5530 -1.98 -1.99708
5531 -1.98 -1.99708
5532 -2 -1.99708
5533 -2 -1.99708
5534 -1.98 -1.99707
5535 -2 -1.99708
5536 -2 -1.99708
5537 -2 -1.99708
5538 -2 -1.99708
5539 -2 -1.99708
5540 -2 -1.99708
5541 -2 -1.99708
5542 -2 -1.99708
5543 -2 -1.99708
5544 -2 -1.99708
5545 -2 -1.99708
5546 -2 -1.99708
5547 -2 -1.99708
5548 -2 -1.99708
5549 -2 -1.99708
5550 -1.98 -1.99708
5551 -2 -1.99708
5552 -2 -1.99708
5553 -2 -1.99708
5554 -2 -1.99708
5555 -2 -1.99708
5556 -2 -1.99708
5557 -2 -1.99708
5558 -2 -1.99708
5559 -2 -1.99708
5560 -2 -1.99709
5561 -2 -1.99709
5562 -2 -1.99709
5563 -2 -1.99709
5564 -2 -1.99709
5565 -2 -1.99709
5566 -2 -1.99709
5567 -2 -1.99709
5568 -2 -1.99709
5569 -2 -1.99709
5570 -2 -1.99709
5571 -2 -1.99709
5572 -2 -1.99709
5573 -2 -1.99709
5574 -2 -1.99709
5575 -1.98 -1.99709
5576 -1.98 -1.99709
5577 -1.98 -1.99708
5578 -1.96 -1.99708
5579 -2 -1.99708
5580 -2 -1.99708
5581 -2 -1.99708
5582 -2 -1.99708
5583 -2 -1.99708
5584 -2 -1.99708
5585 -2 -1.99708
5586 -2 -1.99708
5587 -2 -1.99708
5588 -2 -1.99708
5589 -2 -1.99708
5590 -2 -1.99708
5591 -1.98 -1.99708
5592 -2 -1.99708
5593 -2 -1.99708
5594 -2 -1.99708
5595 -2 -1.99708
5596 -2 -1.99708
5597 -2 -1.99708
5598 -2 -1.99708
5599 -2 -1.99708
5600 -2 -1.99708
5601 -2 -1.99708
5602 -2 -1.99709
5603 -1.98 -1.99708
5604 -2 -1.99708
5605 -2 -1.99708
5606 -2 -1.99708
5607 -2 -1.99708
5608 -2 -1.99709
5609 -2 -1.99709
5610 -2 -1.99709
5611 -2 -1.99709
5612 -2 -1.99709
5613 -2 -1.99709
5614 -2 -1.99709
5615 -2 -1.99709
5616 -2 -1.99709
5617 -2 -1.99709
5618 -2 -1.99709
5619 -2 -1.99709
5620 -2 -1.99709
5621 -2 -1.99709
5622 -2 -1.99709
5623 -2 -1.99709
5624 -2 -1.99709
5625 -2 -1.99709
5626 -1.98 -1.99709
5627 -2 -1.99709
5628 -2 -1.99709
5629 -2 -1.99709
5630 -2 -1.99709
5631 -2 -1.99709
5632 -2 -1.99709
5633 -2 -1.99709
5634 -2 -1.99709
5635 -1.98 -1.99709
5636 -2 -1.99709
5637 -2 -1.99709
5638 -2 -1.99709
5639 -2 -1.99709
5640 -2 -1.99709
5641 -2 -1.9971
5642 -2 -1.9971
5643 -2 -1.9971
5644 -2 -1.9971
5645 -2 -1.9971
5646 -2 -1.9971
5647 -2 -1.9971
5648 -2 -1.9971
5649 -2 -1.9971
5650 -2 -1.9971
5651 -2 -1.9971
5652 -2 -1.9971
5653 -2 -1.9971
5654 -2 -1.9971
5655 -2 -1.9971
5656 -2 -1.9971
5657 -2 -1.9971
5658 -2 -1.9971
5659 -2 -1.9971
5660 -2 -1.9971
5661 -2 -1.99711
5662 -2 -1.99711
5663 -2 -1.99711
5664 -2 -1.99711
5665 -2 -1.99711
5666 -2 -1.99711
5667 -2 -1.99711
5668 -2 -1.99711
5669 -2 -1.99711
5670 -2 -1.99711
5671 -2 -1.99711
5672 -2 -1.99711
5673 -2 -1.99711
5674 -2 -1.99711
5675 -2 -1.99711
5676 -2 -1.99711
5677 -2 -1.99711
5678 -2 -1.99711
5679 -2 -1.99711
5680 -2 -1.99711
5681 -2 -1.99712
5682 -2 -1.99712
5683 -1.98 -1.99711
5684 -2 -1.99711
5685 -2 -1.99711
5686 -2 -1.99711
5687 -2 -1.99711
5688 -2 -1.99712
5689 -2 -1.99712
5690 -2 -1.99712
5691 -2 -1.99712
5692 -2 -1.99712
5693 -2 -1.99712
5694 -2 -1.99712
5695 -2 -1.99712
5696 -2 -1.99712
5697 -2 -1.99712
5698 -2 -1.99712
5699 -2 -1.99712
5700 -2 -1.99712
5701 -2 -1.99712
5702 -2 -1.99712
5703 -2 -1.99712
5704 -2 -1.99712
5705 -2 -1.99712
5706 -2 -1.99712
5707 -2 -1.99713
5708 -2 -1.99713
5709 -2 -1.99713
5710 -1.98 -1.99712
5711 -2 -1.99712
5712 -2 -1.99712
5713 -2 -1.99712
5714 -2 -1.99713
5715 -2 -1.99713
5716 -2 -1.99713
5717 -2 -1.99713
5718 -2 -1.99713
5719 -2 -1.99713
5720 -2 -1.99713
5721 -1.98 -1.99713
5722 -1.98 -1.99712
5723 -1.98 -1.99712
5724 -2 -1.99712
5725 -2 -1.99712
5726 -2 -1.99712
5727 -2 -1.99712
5728 -2 -1.99712
5729 -2 -1.99712
5730 -2 -1.99712
5731 -2 -1.99712
5732 -2 -1.99712
5733 -2 -1.99712
5734 -1.98 -1.99712
5735 -1.98 -1.99712
5736 -1.98 -1.99712
5737 -1.98 -1.99711
5738 -2 -1.99711
5739 -2 -1.99711
5740 -2 -1.99711
5741 -2 -1.99711
5742 -2 -1.99711
5743 -2 -1.99712
5744 -2 -1.99712
5745 -2 -1.99712
5746 -2 -1.99712
5747 -2 -1.99712
5748 -2 -1.99712
5749 -1.98 -1.99711
5750 -1.98 -1.99711
5751 -2 -1.99711
5752 -2 -1.99711
5753 -2 -1.99711
5754 -2 -1.99711
5755 -2 -1.99711
5756 -2 -1.99711
5757 -2 -1.99712
5758 -2 -1.99712
5759 -2 -1.99712
5760 -2 -1.99712
5761 -1.98 -1.99711
5762 -2 -1.99711
5763 -2 -1.99711
5764 -2 -1.99712
5765 -2 -1.99712
5766 -2 -1.99712
5767 -2 -1.99712
5768 -2 -1.99712
5769 -2 -1.99712
5770 -2 -1.99712
5771 -2 -1.99712
5772 -1.98 -1.99712
5773 -2 -1.99712
5774 -2 -1.99712
5775 -2 -1.99712
5776 -2 -1.99712
5777 -2 -1.99712
5778 -2 -1.99712
5779 -2 -1.99712
5780 -2 -1.99712
5781 -2 -1.99712
5782 -2 -1.99712
5783 -2 -1.99712
5784 -2 -1.99712
5785 -2 -1.99712
5786 -2 -1.99712
5787 -2 -1.99712
5788 -2 -1.99712
5789 -2 -1.99712
5790 -2 -1.99712
5791 -2 -1.99713
5792 -2 -1.99713
5793 -1.95 -1.99712
5794 -1.98 -1.99711
5795 -2 -1.99712
5796 -1.98 -1.99711
5797 -2 -1.99711
5798 -2 -1.99711
5799 -2 -1.99711
5800 -1.96 -1.99711
5801 -1.98 -1.9971
5802 -1.98 -1.9971
5803 -2 -1.9971
5804 -2 -1.9971
5805 -2 -1.9971
5806 -2 -1.9971
5807 -2 -1.9971
5808 -2 -1.9971
5809 -2 -1.9971
5810 -2 -1.99711
5811 -2 -1.99711
5812 -2 -1.99711
5813 -2 -1.99711
5814 -2 -1.99711
5815 -2 -1.99711
5816 -1.97 -1.9971
5817 -2 -1.9971
5818 -2 -1.9971
5819 -2 -1.9971
5820 -2 -1.99711
5821 -2 -1.99711
5822 -2 -1.99711
5823 -1.96 -1.9971
5824 -2 -1.9971
5825 -2 -1.9971
5826 -2 -1.9971
5827 -2 -1.9971
5828 -2 -1.9971
5829 -2 -1.9971
5830 -2 -1.9971
5831 -2 -1.9971
5832 -2 -1.9971
5833 -2 -1.9971
5834 -2 -1.99711
5835 -2 -1.99711
5836 -2 -1.99711
5837 -2 -1.99711
5838 -2 -1.99711
5839 -2 -1.99711
5840 -2 -1.99711
5841 -1.98 -1.99711
5842 -1.98 -1.9971
5843 -1.98 -1.9971
5844 -1.98 -1.9971
5845 -1.98 -1.99709
5846 -2 -1.99709
5847 -2 -1.99709
5848 -2 -1.9971
5849 -2 -1.9971
5850 -2 -1.9971
5851 -2 -1.9971
5852 -2 -1.9971
5853 -1.98 -1.99709
5854 -1.98 -1.99709
5855 -2 -1.99709
5856 -2 -1.99709
5857 -2 -1.99709
5858 -2 -1.99709
5859 -2 -1.99709
5860 -2 -1.99709
5861 -2 -1.99709
5862 -2 -1.9971
5863 -2 -1.9971
5864 -2 -1.9971
5865 -1.98 -1.99709
5866 -1.98 -1.99709
5867 -2 -1.99709
5868 -2 -1.99709
5869 -2 -1.99709
5870 -2 -1.99709
5871 -2 -1.99709
5872 -2 -1.99709
5873 -2 -1.99709
5874 -1.98 -1.99709
5875 -1.98 -1.99709
5876 -2 -1.99709
5877 -1.98 -1.99709
5878 -2 -1.99709
5879 -2 -1.99709
5880 -2 -1.99709
5881 -2 -1.99709
5882 -2 -1.99709
5883 -2 -1.99709
5884 -1.98 -1.99709
5885 -2 -1.99709
5886 -2 -1.99709
5887 -2 -1.99709
5888 -1.98 -1.99708
5889 -1.98 -1.99708
5890 -1.98 -1.99708
5891 -2 -1.99708
5892 -2 -1.99708
5893 -2 -1.99708
5894 -1.98 -1.99708
5895 -2 -1.99708
5896 -2 -1.99708
5897 -2 -1.99708
5898 -2 -1.99708
5899 -2 -1.99708
5900 -2 -1.99708
5901 -2 -1.99708
5902 -2 -1.99708
5903 -2 -1.99708
5904 -2 -1.99708
5905 -2 -1.99708
5906 -2 -1.99708
5907 -2 -1.99708
5908 -1.98 -1.99708
5909 -2 -1.99708
5910 -2 -1.99708
5911 -2 -1.99708
5912 -1.98 -1.99708
5913 -1.98 -1.99708
5914 -1.98 -1.99707
5915 -2 -1.99707
5916 -2 -1.99707
5917 -2 -1.99708
5918 -2 -1.99708
5919 -2 -1.99708
5920 -2 -1.99708
5921 -2 -1.99708
5922 -2 -1.99708
5923 -2 -1.99708
5924 -2 -1.99708
5925 -2 -1.99708
5926 -2 -1.99708
5927 -2 -1.99708
5928 -2 -1.99708
5929 -2 -1.99708
5930 -1.98 -1.99708
5931 -2 -1.99708
5932 -2 -1.99708
5933 -2 -1.99708
5934 -2 -1.99708
5935 -2 -1.99708
5936 -2 -1.99708
5937 -2 -1.99708
5938 -2 -1.99708
5939 -2 -1.99708
5940 -2 -1.99708
5941 -2 -1.99708
5942 -2 -1.99708
5943 -2 -1.99708
5944 -2 -1.99708
5945 -2 -1.99709
5946 -2 -1.99709
5947 -2 -1.99709
5948 -1.98 -1.99708
5949 -2 -1.99708
5950 -2 -1.99708
5951 -2 -1.99709
5952 -2 -1.99709
5953 -2 -1.99709
5954 -2 -1.99709
5955 -2 -1.99709
5956 -2 -1.99709
5957 -2 -1.99709
5958 -2 -1.99709
5959 -2 -1.99709
5960 -1.98 -1.99709
5961 -1.98 -1.99708
5962 -2 -1.99708
5963 -2 -1.99708
5964 -2 -1.99708
5965 -1.98 -1.99708
5966 -1.98 -1.99708
5967 -2 -1.99708
5968 -2 -1.99708
5969 -2 -1.99708
5970 -2 -1.99708
5971 -2 -1.99708
5972 -2 -1.99708
5973 -2 -1.99708
5974 -2 -1.99708
5975 -2 -1.99708
5976 -2 -1.99708
5977 -1.98 -1.99708
5978 -1.98 -1.99708
5979 -2 -1.99708
5980 -2 -1.99708
5981 -2 -1.99708
5982 -2 -1.99708
5983 -2 -1.99708
5984 -2 -1.99708
5985 -2 -1.99708
5986 -2 -1.99708
5987 -2 -1.99708
5988 -2 -1.99708
5989 -2 -1.99708
5990 -2 -1.99708
5991 -2 -1.99708
5992 -2 -1.99708
5993 -2 -1.99709
5994 -2 -1.99709
5995 -2 -1.99709
5996 -2 -1.99709
5997 -2 -1.99709
5998 -2 -1.99709
5999 -1.98 -1.99708
6000 -2 -1.99709
6001 -2 -1.99709
6002 -2 -1.99709
6003 -2 -1.99709
6004 -2 -1.99709
6005 -2 -1.99709
6006 -2 -1.99709
6007 -2 -1.99709
6008 -2 -1.99709
6009 -2 -1.99709
6010 -2 -1.99709
6011 -2 -1.99709
6012 -2 -1.99709
6013 -1.98 -1.99709
6014 -2 -1.99709
6015 -2 -1.99709
6016 -2 -1.99709
6017 -2 -1.99709
6018 -2 -1.99709
6019 -2 -1.99709
6020 -2 -1.99709
6021 -2 -1.99709
6022 -2 -1.99709
6023 -2 -1.99709
6024 -2 -1.99709
6025 -2 -1.99709
6026 -2 -1.99709
6027 -1.98 -1.99709
6028 -1.98 -1.99709
6029 -2 -1.99709
6030 -2 -1.99709
6031 -2 -1.99709
6032 -2 -1.99709
6033 -2 -1.99709
6034 -2 -1.99709
6035 -2 -1.99709
6036 -2 -1.99709
6037 -2 -1.99709
6038 -2 -1.99709
6039 -2 -1.99709
6040 -2 -1.99709
6041 -2 -1.9971
6042 -2 -1.9971
6043 -2 -1.9971
6044 -2 -1.9971
6045 -2 -1.9971
6046 -2 -1.9971
6047 -2 -1.9971
6048 -2 -1.9971
6049 -2 -1.9971
6050 -2 -1.9971
6051 -2 -1.9971
6052 -2 -1.9971
6053 -2 -1.9971
6054 -2 -1.9971
6055 -2 -1.9971
6056 -2 -1.9971
6057 -2 -1.9971
6058 -2 -1.9971
6059 -1.98 -1.9971
6060 -1.98 -1.9971
6061 -1.98 -1.9971
6062 -2 -1.9971
6063 -2 -1.9971
6064 -2 -1.9971
6065 -2 -1.9971
6066 -2 -1.9971
6067 -1.98 -1.99709
6068 -1.98 -1.99709
6069 -1.98 -1.99709
6070 -1.98 -1.99709
6071 -1.98 -1.99708
6072 -2 -1.99708
6073 -2 -1.99708
6074 -2 -1.99708
6075 -2 -1.99709
6076 -2 -1.99709
6077 -2 -1.99709
6078 -2 -1.99709
6079 -2 -1.99709
6080 -1.97 -1.99708
6081 -1.98 -1.99708
6082 -2 -1.99708
6083 -2 -1.99708
6084 -1.98 -1.99708
6085 -2 -1.99708
6086 -2 -1.99708
6087 -2 -1.99708
6088 -2 -1.99708
6089 -2 -1.99708
6090 -2 -1.99708
6091 -2 -1.99708
6092 -2 -1.99708
6093 -2 -1.99708
6094 -2 -1.99708
6095 -2 -1.99708
6096 -2 -1.99708
6097 -2 -1.99708
6098 -2 -1.99708
6099 -1.98 -1.99708
6100 -2 -1.99708
6101 -2 -1.99708
6102 -2 -1.99708
6103 -2 -1.99708
6104 -2 -1.99708
6105 -2 -1.99708
6106 -2 -1.99709
6107 -2 -1.99709
6108 -2 -1.99709
6109 -2 -1.99709
6110 -2 -1.99709
6111 -2 -1.99709
6112 -1.98 -1.99708
6113 -2 -1.99709
6114 -2 -1.99709
6115 -2 -1.99709
6116 -2 -1.99709
6117 -2 -1.99709
6118 -2 -1.99709
6119 -2 -1.99709
6120 -2 -1.99709
6121 -2 -1.99709
6122 -2 -1.99709
6123 -2 -1.99709
6124 -2 -1.99709
6125 -2 -1.99709
6126 -2 -1.99709
6127 -2 -1.99709
6128 -2 -1.99709
6129 -2 -1.99709
6130 -2 -1.99709
6131 -2 -1.99709
6132 -2 -1.99709
6133 -2 -1.99709
6134 -2 -1.9971
6135 -2 -1.9971
6136 -2 -1.9971
6137 -1.97 -1.99709
6138 -2 -1.99709
6139 -2 -1.99709
6140 -2 -1.99709
6141 -2 -1.99709
6142 -2 -1.99709
6143 -2 -1.99709
6144 -2 -1.9971
6145 -2 -1.9971
6146 -2 -1.9971
6147 -2 -1.9971
6148 -2 -1.9971
6149 -2 -1.9971
6150 -2 -1.9971
6151 -2 -1.9971
6152 -2 -1.9971
6153 -2 -1.9971
6154 -2 -1.9971
6155 -1.98 -1.9971
6156 -2 -1.9971
6157 -2 -1.9971
6158 -2 -1.9971
6159 -2 -1.9971
6160 -2 -1.9971
6161 -2 -1.9971
6162 -2 -1.9971
6163 -2 -1.9971
6164 -2 -1.9971
6165 -2 -1.9971
6166 -2 -1.9971
6167 -2 -1.9971
6168 -1.98 -1.9971
6169 -2 -1.9971
6170 -2 -1.9971
6171 -2 -1.9971
6172 -2 -1.9971
6173 -2 -1.9971
6174 -2 -1.9971
6175 -2 -1.9971
6176 -2 -1.9971
6177 -2 -1.9971
6178 -2 -1.9971
6179 -2 -1.99711
6180 -2 -1.99711
6181 -2 -1.99711
6182 -2 -1.99711
6183 -1.98 -1.9971
6184 -1.97 -1.9971
6185 -2 -1.9971
6186 -2 -1.9971
6187 -1.98 -1.9971
6188 -2 -1.9971
6189 -2 -1.9971
6190 -2 -1.9971
6191 -2 -1.9971
6192 -1.98 -1.9971
6193 -1.98 -1.99709
6194 -1.98 -1.99709
6195 -2 -1.99709
6196 -2 -1.99709
6197 -2 -1.99709
6198 -2 -1.99709
6199 -2 -1.99709
6200 -2 -1.99709
6201 -2 -1.99709
6202 -2 -1.99709
6203 -2 -1.9971
6204 -1.98 -1.99709
6205 -1.98 -1.99709
6206 -1.98 -1.99709
6207 -1.98 -1.99708
6208 -2 -1.99708
6209 -2 -1.99709
6210 -2 -1.99709
6211 -2 -1.99709
6212 -2 -1.99709
6213 -2 -1.99709
6214 -2 -1.99709
6215 -2 -1.99709
6216 -2 -1.99709
6217 -2 -1.99709
6218 -1.98 -1.99709
6219 -2 -1.99709
6220 -2 -1.99709
6221 -2 -1.99709
6222 -2 -1.99709
6223 -2 -1.99709
6224 -2 -1.99709
6225 -2 -1.99709
6226 -2 -1.99709
6227 -2 -1.99709
6228 -2 -1.99709
6229 -2 -1.99709
6230 -2 -1.99709
6231 -2 -1.99709
6232 -2 -1.99709
6233 -2 -1.99709
6234 -2 -1.99709
6235 -2 -1.99709
6236 -2 -1.99709
6237 -2 -1.9971
6238 -2 -1.9971
6239 -2 -1.9971
6240 -2 -1.9971
6241 -2 -1.9971
6242 -2 -1.9971
6243 -2 -1.9971
6244 -2 -1.9971
6245 -2 -1.9971
6246 -1.98 -1.9971
6247 -2 -1.9971
6248 -2 -1.9971
6249 -1.98 -1.99709
6250 -2 -1.99709
6251 -2 -1.9971
6252 -2 -1.9971
6253 -2 -1.9971
6254 -2 -1.9971
6255 -2 -1.9971
6256 -2 -1.9971
6257 -2 -1.9971
6258 -1.98 -1.9971
6259 -2 -1.9971
6260 -1.98 -1.99709
6261 -2 -1.99709
6262 -2 -1.99709
6263 -2 -1.99709
6264 -2 -1.99709
6265 -2 -1.9971
6266 -2 -1.9971
6267 -2 -1.9971
6268 -2 -1.9971
6269 -2 -1.9971
6270 -2 -1.9971
6271 -1.98 -1.9971
6272 -2 -1.9971
6273 -2 -1.9971
6274 -2 -1.9971
6275 -2 -1.9971
6276 -2 -1.9971
6277 -2 -1.9971
6278 -2 -1.9971
6279 -2 -1.9971
6280 -2 -1.9971
6281 -2 -1.9971
6282 -2 -1.9971
6283 -2 -1.9971
6284 -2 -1.9971
6285 -2 -1.9971
6286 -2 -1.9971
6287 -2 -1.9971
6288 -2 -1.9971
6289 -2 -1.9971
6290 -2 -1.9971
6291 -2 -1.9971
6292 -2 -1.9971
6293 -2 -1.99711
6294 -2 -1.99711
6295 -2 -1.99711
6296 -2 -1.99711
6297 -2 -1.99711
6298 -2 -1.99711
6299 -2 -1.99711
6300 -2 -1.99711
6301 -2 -1.99711
6302 -2 -1.99711
6303 -2 -1.99711
6304 -2 -1.99711
6305 -2 -1.99711
6306 -2 -1.99711
6307 -2 -1.99711
6308 -2 -1.99711
6309 -2 -1.99711
6310 -2 -1.99711
6311 -2 -1.99711
6312 -2 -1.99711
6313 -2 -1.99711
6314 -2 -1.99711
6315 -2 -1.99712
6316 -2 -1.99712
6317 -2 -1.99712
6318 -2 -1.99712
6319 -2 -1.99712
6320 -2 -1.99712
6321 -2 -1.99712
6322 -2 -1.99712
6323 -2 -1.99712
6324 -2 -1.99712
6325 -2 -1.99712
6326 -2 -1.99712
6327 -2 -1.99712
6328 -2 -1.99712
6329 -2 -1.99712
6330 -2 -1.99712
6331 -2 -1.99712
6332 -2 -1.99712
6333 -2 -1.99712
6334 -2 -1.99712
6335 -2 -1.99712
6336 -2 -1.99712
6337 -2 -1.99713
6338 -1.98 -1.99712
6339 -2 -1.99712
6340 -2 -1.99712
6341 -2 -1.99712
6342 -2 -1.99712
6343 -2 -1.99712
6344 -2 -1.99713
6345 -2 -1.99713
6346 -2 -1.99713
6347 -2 -1.99713
6348 -2 -1.99713
6349 -2 -1.99713
6350 -2 -1.99713
6351 -2 -1.99713
6352 -2 -1.99713
6353 -2 -1.99713
6354 -2 -1.99713
6355 -2 -1.99713
6356 -2 -1.99713
6357 -2 -1.99713
6358 -2 -1.99713
6359 -2 -1.99713
6360 -2 -1.99713
6361 -2 -1.99713
6362 -2 -1.99713
6363 -1.98 -1.99713
6364 -1.98 -1.99713
6365 -1.96 -1.99712
6366 -2 -1.99712
6367 -2 -1.99712
6368 -2 -1.99712
6369 -2 -1.99712
6370 -2 -1.99712
6371 -2 -1.99712
6372 -2 -1.99713
6373 -2 -1.99713
6374 -2 -1.99713
6375 -2 -1.99713
6376 -2 -1.99713
6377 -2 -1.99713
6378 -2 -1.99713
6379 -2 -1.99713
6380 -2 -1.99713
6381 -2 -1.99713
6382 -2 -1.99713
6383 -2 -1.99713
6384 -2 -1.99713
6385 -2 -1.99713
6386 -2 -1.99713
6387 -2 -1.99713
6388 -2 -1.99713
6389 -2 -1.99713
6390 -1.98 -1.99713
6391 -2 -1.99713
6392 -2 -1.99713
6393 -2 -1.99713
6394 -2 -1.99713
6395 -2 -1.99713
6396 -2 -1.99713
6397 -2 -1.99713
6398 -2 -1.99713
6399 -2 -1.99713
6400 -2 -1.99713
6401 -2 -1.99714
6402 -2 -1.99714
6403 -2 -1.99714
6404 -2 -1.99714
6405 -2 -1.99714
6406 -2 -1.99714
6407 -2 -1.99714
6408 -2 -1.99714
6409 -2 -1.99714
6410 -2 -1.99714
6411 -2 -1.99714
6412 -2 -1.99714
6413 -2 -1.99714
6414 -2 -1.99714
6415 -2 -1.99714
6416 -2 -1.99714
6417 -2 -1.99714
6418 -2 -1.99714
6419 -2 -1.99714
6420 -1.98 -1.99714
6421 -2 -1.99714
6422 -2 -1.99714
6423 -2 -1.99714
6424 -2 -1.99714
6425 -2 -1.99714
6426 -2 -1.99714
6427 -2 -1.99714
6428 -2 -1.99714
6429 -2 -1.99714
6430 -2 -1.99715
6431 -2 -1.99715
6432 -2 -1.99715
6433 -2 -1.99715
6434 -2 -1.99715
6435 -2 -1.99715
6436 -2 -1.99715
6437 -2 -1.99715
6438 -2 -1.99715
6439 -2 -1.99715
6440 -2 -1.99715
6441 -2 -1.99715
6442 -2 -1.99715
6443 -1.98 -1.99715
6444 -2 -1.99715
6445 -2 -1.99715
6446 -2 -1.99715
6447 -2 -1.99715
6448 -2 -1.99715
6449 -2 -1.99715
6450 -2 -1.99715
6451 -2 -1.99715
6452 -2 -1.99715
6453 -1.98 -1.99715
6454 -2 -1.99715
6455 -2 -1.99715
6456 -2 -1.99715
6457 -2 -1.99715
6458 -2 -1.99715
6459 -2 -1.99715
6460 -2 -1.99715
6461 -2 -1.99715
6462 -2 -1.99715
6463 -2 -1.99715
6464 -2 -1.99715
6465 -2 -1.99715
6466 -2 -1.99715
6467 -2 -1.99716
6468 -2 -1.99716
6469 -2 -1.99716
6470 -2 -1.99716
6471 -1.98 -1.99715
6472 -1.98 -1.99715
6473 -1.98 -1.99715
6474 -2 -1.99715
6475 -2 -1.99715
6476 -2 -1.99715
6477 -2 -1.99715
6478 -2 -1.99715
6479 -2 -1.99715
6480 -2 -1.99715
6481 -2 -1.99715
6482 -2 -1.99715
6483 -2 -1.99715
6484 -2 -1.99715
6485 -1.98 -1.99715
6486 -2 -1.99715
6487 -2 -1.99715
6488 -2 -1.99715
6489 -2 -1.99715
6490 -2 -1.99715
6491 -2 -1.99715
6492 -2 -1.99715
6493 -2 -1.99715
6494 -2 -1.99715
6495 -2 -1.99716
6496 -2 -1.99716
6497 -1.98 -1.99715
6498 -2 -1.99715
6499 -2 -1.99715
6500 -2 -1.99715
6501 -2 -1.99715
6502 -2 -1.99716
6503 -2 -1.99716
6504 -2 -1.99716
6505 -2 -1.99716
6506 -1.98 -1.99715
6507 -2 -1.99715
6508 -2 -1.99715
6509 -2 -1.99716
6510 -2 -1.99716
6511 -2 -1.99716
6512 -2 -1.99716
6513 -2 -1.99716
6514 -2 -1.99716
6515 -2 -1.99716
6516 -2 -1.99716
6517 -2 -1.99716
6518 -1.98 -1.99716
6519 -2 -1.99716
6520 -2 -1.99716
6521 -2 -1.99716
6522 -2 -1.99716
6523 -2 -1.99716
6524 -2 -1.99716
6525 -2 -1.99716
6526 -2 -1.99716
6527 -2 -1.99716
6528 -2 -1.99716
6529 -1.96 -1.99715
6530 -1.98 -1.99715
6531 -1.98 -1.99715
6532 -1.98 -1.99715
6533 -2 -1.99715
6534 -2 -1.99715
6535 -2 -1.99715
6536 -2 -1.99715
6537 -1.98 -1.99715
6538 -2 -1.99715
6539 -2 -1.99715
6540 -2 -1.99715
6541 -2 -1.99715
6542 -2 -1.99715
6543 -2 -1.99715
6544 -1.98 -1.99715
6545 -1.98 -1.99714
6546 -2 -1.99714
6547 -2 -1.99714
6548 -2 -1.99714
6549 -2 -1.99715
6550 -1.98 -1.99714
6551 -2 -1.99714
6552 -2 -1.99714
6553 -1.98 -1.99714
6554 -1.98 -1.99714
6555 -1.97 -1.99713
6556 -2 -1.99713
6557 -2 -1.99713
6558 -2 -1.99714
6559 -2 -1.99714
6560 -2 -1.99714
6561 -2 -1.99714
6562 -2 -1.99714
6563 -2 -1.99714
6564 -2 -1.99714
6565 -2 -1.99714
6566 -2 -1.99714
6567 -2 -1.99714
6568 -2 -1.99714
6569 -2 -1.99714
6570 -2 -1.99714
6571 -2 -1.99714
6572 -2 -1.99714
6573 -2 -1.99714
6574 -2 -1.99714
6575 -2 -1.99714
6576 -2 -1.99714
6577 -2 -1.99714
6578 -2 -1.99714
6579 -2 -1.99714
6580 -2 -1.99714
6581 -2 -1.99715
6582 -2 -1.99715
6583 -2 -1.99715
6584 -1.98 -1.99714
6585 -2 -1.99714
6586 -2 -1.99714
6587 -2 -1.99714
6588 -2 -1.99715
6589 -2 -1.99715
6590 -2 -1.99715
6591 -1.98 -1.99714
6592 -2 -1.99714
6593 -2 -1.99714
6594 -2 -1.99714
6595 -2 -1.99715
6596 -2 -1.99715
6597 -2 -1.99715
6598 -2 -1.99715
6599 -1.98 -1.99714
6600 -2 -1.99714
6601 -1.98 -1.99714
6602 -1.98 -1.99714
6603 -1.98 -1.99714
6604 -1.98 -1.99713
6605 -2 -1.99713
6606 -2 -1.99713
6607 -2 -1.99714
6608 -2 -1.99714
6609 -1.97 -1.99713
6610 -1.98 -1.99713
6611 -1.98 -1.99713
6612 -1.98 -1.99712
6613 -2 -1.99712
6614 -2 -1.99712
6615 -2 -1.99713
6616 -1.98 -1.99712
6617 -2 -1.99712
6618 -2 -1.99712
6619 -2 -1.99712
6620 -2 -1.99712
6621 -1.98 -1.99712
6622 -2 -1.99712
6623 -2 -1.99712
6624 -2 -1.99712
6625 -2 -1.99712
6626 -2 -1.99712
6627 -2 -1.99712
6628 -2 -1.99712
6629 -2 -1.99713
6630 -2 -1.99713
6631 -2 -1.99713
6632 -2 -1.99713
6633 -2 -1.99713
6634 -2 -1.99713
6635 -2 -1.99713
6636 -2 -1.99713
6637 -2 -1.99713
6638 -2 -1.99713
6639 -1.98 -1.99713
6640 -2 -1.99713
6641 -2 -1.99713
6642 -2 -1.99713
6643 -2 -1.99713
6644 -2 -1.99713
6645 -2 -1.99713
6646 -2 -1.99713
6647 -2 -1.99713
6648 -2 -1.99713
6649 -2 -1.99713
6650 -2 -1.99713
6651 -1.98 -1.99713
6652 -2 -1.99713
6653 -2 -1.99713
6654 -2 -1.99713
6655 -2 -1.99713
6656 -2 -1.99713
6657 -2 -1.99713
6658 -2 -1.99713
6659 -2 -1.99713
6660 -2 -1.99713
6661 -2 -1.99713
6662 -2 -1.99713
6663 -2 -1.99713
6664 -2 -1.99713
6665 -2 -1.99713
6666 -2 -1.99714
6667 -1.98 -1.99713
6668 -2 -1.99713
6669 -2 -1.99713
6670 -2 -1.99713
6671 -2 -1.99713
6672 -2 -1.99713
6673 -1.98 -1.99713
6674 -1.98 -1.99713
6675 -1.98 -1.99713
6676 -1.98 -1.99712
6677 -2 -1.99712
6678 -2 -1.99713
6679 -2 -1.99713
6680 -2 -1.99713
6681 -2 -1.99713
6682 -2 -1.99713
6683 -2 -1.99713
6684 -2 -1.99713
6685 -2 -1.99713
6686 -1.98 -1.99713
6687 -2 -1.99713
6688 -2 -1.99713
6689 -2 -1.99713
6690 -2 -1.99713
6691 -2 -1.99713
6692 -2 -1.99713
6693 -2 -1.99713
6694 -2 -1.99713
6695 -2 -1.99713
6696 -2 -1.99713
6697 -2 -1.99713
6698 -2 -1.99713
6699 -2 -1.99713
6700 -2 -1.99713
6701 -2 -1.99713
6702 -1.98 -1.99713
6703 -2 -1.99713
6704 -2 -1.99713
6705 -2 -1.99713
6706 -2 -1.99713
6707 -2 -1.99713
6708 -2 -1.99713
6709 -1.98 -1.99713
6710 -2 -1.99713
6711 -2 -1.99713
6712 -2 -1.99713
6713 -2 -1.99713
6714 -2 -1.99713
6715 -2 -1.99713
6716 -2 -1.99713
6717 -2 -1.99713
6718 -2 -1.99713
6719 -2 -1.99713
6720 -2 -1.99713
6721 -2 -1.99713
6722 -2 -1.99714
6723 -2 -1.99714
6724 -1.98 -1.99713
6725 -2 -1.99713
6726 -2 -1.99713
6727 -2 -1.99713
6728 -2 -1.99713
6729 -2 -1.99714
6730 -2 -1.99714
6731 -2 -1.99714
6732 -2 -1.99714
6733 -2 -1.99714
6734 -2 -1.99714
6735 -2 -1.99714
6736 -2 -1.99714
6737 -2 -1.99714
6738 -2 -1.99714
6739 -2 -1.99714
6740 -1.98 -1.99714
6741 -1.98 -1.99713
6742 -2 -1.99713
6743 -2 -1.99714
6744 -2 -1.99714
6745 -2 -1.99714
6746 -2 -1.99714
6747 -2 -1.99714
6748 -2 -1.99714
6749 -1.97 -1.99713
6750 -1.98 -1.99713
6751 -1.98 -1.99713
6752 -1.98 -1.99713
6753 -1.98 -1.99712
6754 -2 -1.99712
6755 -2 -1.99712
6756 -2 -1.99712
6757 -2 -1.99712
6758 -2 -1.99713
6759 -2 -1.99713
6760 -2 -1.99713
6761 -2 -1.99713
6762 -2 -1.99713
6763 -1.98 -1.99712
6764 -2 -1.99712
6765 -2 -1.99713
6766 -2 -1.99713
6767 -2 -1.99713
6768 -2 -1.99713
6769 -2 -1.99713
6770 -2 -1.99713
6771 -2 -1.99713
6772 -2 -1.99713
6773 -2 -1.99713
6774 -2 -1.99713
6775 -2 -1.99713
6776 -2 -1.99713
6777 -1.98 -1.99713
6778 -1.98 -1.99712
6779 -2 -1.99713
6780 -1.98 -1.99712
6781 -1.98 -1.99712
6782 -1.98 -1.99712
6783 -2 -1.99712
6784 -2 -1.99712
6785 -2 -1.99712
6786 -2 -1.99712
6787 -2 -1.99712
6788 -2 -1.99712
6789 -2 -1.99712
6790 -2 -1.99712
6791 -2 -1.99712
6792 -2 -1.99712
6793 -2 -1.99712
6794 -2 -1.99712
6795 -2 -1.99712
6796 -2 -1.99712
6797 -2 -1.99712
6798 -2 -1.99712
6799 -2 -1.99712
6800 -2 -1.99713
6801 -2 -1.99713
6802 -2 -1.99713
6803 -2 -1.99713
6804 -2 -1.99713
6805 -2 -1.99713
6806 -1.96 -1.99712
6807 -1.97 -1.99712
6808 -1.98 -1.99712
6809 -1.96 -1.99711
6810 -1.98 -1.99711
6811 -2 -1.99711
6812 -2 -1.99711
6813 -1.98 -1.99711
6814 -1.95 -1.9971
6815 -1.98 -1.9971
6816 -2 -1.9971
6817 -2 -1.9971
6818 -2 -1.9971
6819 -1.98 -1.9971
6820 -2 -1.9971
6821 -2 -1.9971
6822 -2 -1.9971
6823 -2 -1.9971
6824 -2 -1.9971
6825 -2 -1.9971
6826 -2 -1.9971
6827 -2 -1.9971
6828 -2 -1.9971
6829 -2 -1.9971
6830 -2 -1.9971
6831 -2 -1.9971
6832 -1.97 -1.9971
6833 -1.98 -1.99709
6834 -1.98 -1.99709
6835 -2 -1.99709
6836 -2 -1.99709
6837 -1.98 -1.99709
6838 -2 -1.99709
6839 -2 -1.99709
6840 -2 -1.99709
6841 -2 -1.99709
6842 -2 -1.99709
6843 -2 -1.99709
6844 -2 -1.99709
6845 -2 -1.99709
6846 -2 -1.99709
6847 -2 -1.99709
6848 -2 -1.99709
6849 -2 -1.99709
6850 -2 -1.9971
6851 -2 -1.9971
6852 -2 -1.9971
6853 -2 -1.9971
6854 -2 -1.9971
6855 -2 -1.9971
6856 -2 -1.9971
6857 -2 -1.9971
6858 -2 -1.9971
6859 -2 -1.9971
6860 -1.98 -1.9971
6861 -1.98 -1.99709
6862 -1.98 -1.99709
6863 -2 -1.99709
6864 -2 -1.99709
6865 -2 -1.99709
6866 -2 -1.99709
6867 -2 -1.99709
6868 -1.98 -1.99709
6869 -2 -1.99709
6870 -1.98 -1.99709
6871 -2 -1.99709
6872 -2 -1.99709
6873 -2 -1.99709
6874 -2 -1.99709
6875 -2 -1.99709
6876 -2 -1.99709
6877 -2 -1.99709
6878 -2 -1.99709
6879 -2 -1.99709
6880 -2 -1.99709
6881 -2 -1.99709
6882 -2 -1.99709
6883 -2 -1.99709
6884 -2 -1.9971
6885 -2 -1.9971
6886 -2 -1.9971
6887 -2 -1.9971
6888 -2 -1.9971
6889 -2 -1.9971
6890 -2 -1.9971
6891 -2 -1.9971
6892 -2 -1.9971
6893 -2 -1.9971
6894 -2 -1.9971
6895 -2 -1.9971
6896 -2 -1.9971
6897 -1.98 -1.9971
6898 -2 -1.9971
6899 -2 -1.9971
6900 -2 -1.9971
6901 -2 -1.9971
6902 -2 -1.9971
6903 -2 -1.9971
6904 -2 -1.9971
6905 -2 -1.9971
6906 -2 -1.9971
6907 -2 -1.9971
6908 -2 -1.9971
6909 -2 -1.9971
6910 -2 -1.9971
6911 -2 -1.9971
6912 -2 -1.9971
6913 -2 -1.9971
6914 -2 -1.9971
6915 -2 -1.99711
6916 -2 -1.99711
6917 -2 -1.99711
6918 -1.98 -1.9971
6919 -1.98 -1.9971
6920 -1.98 -1.9971
6921 -2 -1.9971
6922 -2 -1.9971
6923 -2 -1.9971
6924 -2 -1.9971
6925 -2 -1.9971
6926 -2 -1.9971
6927 -2 -1.9971
6928 -2 -1.9971
6929 -2 -1.9971
6930 -2 -1.9971
6931 -2 -1.9971
6932 -2 -1.9971
6933 -2 -1.9971
6934 -2 -1.9971
6935 -1.98 -1.9971
6936 -2 -1.9971
6937 -2 -1.9971
6938 -2 -1.9971
6939 -2 -1.9971
6940 -1.98 -1.9971
6941 -1.98 -1.9971
6942 -2 -1.9971
6943 -2 -1.9971
6944 -2 -1.9971
6945 -2 -1.9971
6946 -1.98 -1.9971
6947 -2 -1.9971
6948 -2 -1.9971
6949 -2 -1.9971
6950 -2 -1.9971
6951 -2 -1.9971
6952 -2 -1.9971
6953 -2 -1.9971
6954 -2 -1.9971
6955 -2 -1.9971
6956 -2 -1.9971
6957 -2 -1.9971
6958 -2 -1.9971
6959 -2 -1.9971
6960 -2 -1.9971
6961 -2 -1.9971
6962 -2 -1.9971
6963 -1.98 -1.9971
6964 -1.98 -1.9971
6965 -2 -1.9971
6966 -1.98 -1.9971
6967 -2 -1.9971
6968 -1.98 -1.9971
6969 -2 -1.9971
6970 -2 -1.9971
6971 -2 -1.9971
6972 -2 -1.9971
6973 -2 -1.9971
6974 -2 -1.9971
6975 -2 -1.9971
6976 -2 -1.9971
6977 -2 -1.9971
6978 -2 -1.9971
6979 -2 -1.9971
6980 -2 -1.9971
6981 -2 -1.9971
6982 -2 -1.9971
6983 -2 -1.9971
6984 -2 -1.9971
6985 -2 -1.9971
6986 -2 -1.9971
6987 -2 -1.9971
6988 -2 -1.9971
6989 -2 -1.9971
6990 -2 -1.9971
6991 -2 -1.99711
6992 -2 -1.99711
6993 -2 -1.99711
6994 -2 -1.99711
6995 -2 -1.99711
6996 -2 -1.99711
6997 -2 -1.99711
6998 -2 -1.99711
6999 -2 -1.99711
7000 -2 -1.99711
7001 -2 -1.99711
7002 -2 -1.99711
7003 -2 -1.99711
7004 -2 -1.99711
7005 -2 -1.99711
7006 -2 -1.99711
7007 -2 -1.99711
7008 -2 -1.99711
7009 -2 -1.99711
7010 -1.98 -1.99711
7011 -2 -1.99711
7012 -2 -1.99711
7013 -2 -1.99711
7014 -2 -1.99711
7015 -2 -1.99711
7016 -2 -1.99711
7017 -2 -1.99711
7018 -2 -1.99711
7019 -2 -1.99711
7020 -2 -1.99711
7021 -1.98 -1.99711
7022 -2 -1.99711
7023 -2 -1.99711
7024 -2 -1.99711
7025 -2 -1.99711
7026 -2 -1.99711
7027 -2 -1.99711
7028 -2 -1.99711
7029 -1.98 -1.99711
7030 -2 -1.99711
7031 -2 -1.99711
7032 -2 -1.99711
7033 -2 -1.99711
7034 -1.98 -1.99711
7035 -1.98 -1.99711
7036 -1.98 -1.99711
7037 -2 -1.99711
7038 -2 -1.99711
7039 -2 -1.99711
7040 -2 -1.99711
7041 -2 -1.99711
7042 -2 -1.99711
7043 -2 -1.99711
7044 -2 -1.99711
7045 -2 -1.99711
7046 -2 -1.99711
7047 -2 -1.99711
7048 -2 -1.99711
7049 -2 -1.99711
7050 -2 -1.99711
7051 -2 -1.99711
7052 -2 -1.99711
7053 -2 -1.99711
7054 -2 -1.99711
7055 -2 -1.99711
7056 -2 -1.99711
7057 -2 -1.99712
7058 -2 -1.99712
7059 -2 -1.99712
7060 -2 -1.99712
7061 -2 -1.99712
7062 -2 -1.99712
7063 -2 -1.99712
7064 -2 -1.99712
7065 -2 -1.99712
7066 -2 -1.99712
7067 -1.98 -1.99712
7068 -1.98 -1.99711
7069 -1.98 -1.99711
7070 -2 -1.99711
7071 -2 -1.99711
7072 -2 -1.99711
7073 -2 -1.99711
7074 -2 -1.99711
7075 -2 -1.99711
7076 -2 -1.99711
7077 -2 -1.99712
7078 -2 -1.99712
7079 -2 -1.99712
7080 -2 -1.99712
7081 -1.98 -1.99711
7082 -2 -1.99711
7083 -2 -1.99711
7084 -2 -1.99712
7085 -2 -1.99712
7086 -2 -1.99712
7087 -2 -1.99712
7088 -2 -1.99712
7089 -2 -1.99712
7090 -2 -1.99712
7091 -2 -1.99712
7092 -2 -1.99712
7093 -2 -1.99712
7094 -2 -1.99712
7095 -2 -1.99712
7096 -1.98 -1.99712
7097 -1.98 -1.99711
7098 -2 -1.99712
7099 -1.98 -1.99711
7100 -2 -1.99711
7101 -2 -1.99711
7102 -2 -1.99711
7103 -2 -1.99711
7104 -2 -1.99711
7105 -2 -1.99712
7106 -2 -1.99712
7107 -2 -1.99712
7108 -1.98 -1.99711
7109 -2 -1.99711
7110 -2 -1.99711
7111 -2 -1.99711
7112 -2 -1.99712
7113 -2 -1.99712
7114 -2 -1.99712
7115 -2 -1.99712
7116 -2 -1.99712
7117 -1.98 -1.99711
7118 -2 -1.99711
7119 -2 -1.99712
7120 -2 -1.99712
7121 -2 -1.99712
7122 -1.98 -1.99711
7123 -2 -1.99711
7124 -2 -1.99711
7125 -2 -1.99711
7126 -2 -1.99712
7127 -2 -1.99712
7128 -2 -1.99712
7129 -2 -1.99712
7130 -2 -1.99712
7131 -2 -1.99712
7132 -2 -1.99712
7133 -2 -1.99712
7134 -2 -1.99712
7135 -2 -1.99712
7136 -2 -1.99712
7137 -2 -1.99712
7138 -1.98 -1.99712
7139 -2 -1.99712
7140 -2 -1.99712
7141 -2 -1.99712
7142 -1.98 -1.99712
7143 -2 -1.99712
7144 -2 -1.99712
7145 -1.98 -1.99711
7146 -1.98 -1.99711
7147 -2 -1.99711
7148 -2 -1.99711
7149 -2 -1.99711
7150 -1.98 -1.99711
7151 -1.98 -1.99711
7152 -1.98 -1.99711
7153 -2 -1.99711
7154 -2 -1.99711
7155 -2 -1.99711
7156 -2 -1.99711
7157 -2 -1.99711
7158 -1.98 -1.99711
7159 -1.98 -1.9971
7160 -2 -1.9971
7161 -2 -1.9971
7162 -2 -1.9971
7163 -1.98 -1.9971
7164 -2 -1.9971
7165 -2 -1.9971
7166 -2 -1.9971
7167 -2 -1.9971
7168 -2 -1.9971
7169 -2 -1.9971
7170 -2 -1.99711
7171 -2 -1.99711
7172 -2 -1.99711
7173 -2 -1.99711
7174 -2 -1.99711
7175 -2 -1.99711
7176 -2 -1.99711
7177 -2 -1.99711
7178 -2 -1.99711
7179 -2 -1.99711
7180 -2 -1.99711
7181 -2 -1.99711
7182 -2 -1.99711
7183 -2 -1.99711
7184 -2 -1.99711
7185 -1.98 -1.99711
7186 -1.98 -1.99711
7187 -2 -1.99711
7188 -2 -1.99711
7189 -2 -1.99711
7190 -2 -1.99711
7191 -2 -1.99711
7192 -2 -1.99711
7193 -2 -1.99711
7194 -2 -1.99711
7195 -1.98 -1.99711
7196 -1.98 -1.9971
7197 -1.98 -1.9971
7198 -2 -1.9971
7199 -2 -1.9971
7200 -2 -1.9971
7201 -2 -1.9971
7202 -2 -1.9971
7203 -2 -1.9971
7204 -2 -1.9971
7205 -2 -1.99711
7206 -2 -1.99711
7207 -2 -1.99711
7208 -2 -1.99711
7209 -2 -1.99711
7210 -1.98 -1.9971
7211 -2 -1.9971
7212 -2 -1.99711
7213 -2 -1.99711
7214 -2 -1.99711
7215 -2 -1.99711
7216 -2 -1.99711
7217 -2 -1.99711
7218 -2 -1.99711
7219 -2 -1.99711
7220 -2 -1.99711
7221 -2 -1.99711
7222 -2 -1.99711
7223 -2 -1.99711
7224 -2 -1.99711
7225 -1.98 -1.99711
7226 -2 -1.99711
7227 -2 -1.99711
7228 -2 -1.99711
7229 -2 -1.99711
7230 -2 -1.99711
7231 -2 -1.99711
7232 -2 -1.99711
7233 -2 -1.99711
7234 -1.98 -1.99711
7235 -2 -1.99711
7236 -2 -1.99711
7237 -2 -1.99711
7238 -2 -1.99711
7239 -2 -1.99711
7240 -2 -1.99711
7241 -2 -1.99711
7242 -2 -1.99711
7243 -1.98 -1.99711
7244 -1.98 -1.99711
7245 -1.98 -1.9971
7246 -2 -1.99711
7247 -2 -1.99711
7248 -1.98 -1.9971
7249 -2 -1.9971
7250 -2 -1.9971
7251 -1.98 -1.9971
7252 -2 -1.9971
7253 -2 -1.9971
7254 -2 -1.9971
7255 -2 -1.9971
7256 -1.98 -1.9971
7257 -2 -1.9971
7258 -2 -1.9971
7259 -2 -1.9971
7260 -2 -1.9971
7261 -2 -1.9971
7262 -2 -1.9971
7263 -2 -1.9971
7264 -2 -1.9971
7265 -2 -1.9971
7266 -2 -1.9971
7267 -2 -1.99711
7268 -2 -1.99711
7269 -2 -1.99711
7270 -2 -1.99711
7271 -1.98 -1.9971
7272 -2 -1.9971
7273 -2 -1.9971
7274 -2 -1.99711
7275 -1.98 -1.9971
7276 -2 -1.9971
7277 -2 -1.9971
7278 -2 -1.9971
7279 -2 -1.9971
7280 -1.98 -1.9971
7281 -1.98 -1.9971
7282 -2 -1.9971
7283 -2 -1.9971
7284 -2 -1.9971
7285 -2 -1.9971
7286 -2 -1.9971
7287 -2 -1.9971
7288 -2 -1.9971
7289 -2 -1.9971
7290 -2 -1.9971
7291 -1.98 -1.9971
7292 -1.98 -1.9971
7293 -2 -1.9971
7294 -2 -1.9971
7295 -2 -1.9971
7296 -1.98 -1.9971
7297 -1.98 -1.9971
7298 -1.98 -1.99709
7299 -1.98 -1.99709
7300 -2 -1.99709
7301 -2 -1.99709
7302 -2 -1.99709
7303 -2 -1.99709
7304 -2 -1.99709
7305 -2 -1.99709
7306 -2 -1.99709
7307 -2 -1.99709
7308 -2 -1.99709
7309 -2 -1.99709
7310 -2 -1.99709
7311 -2 -1.9971
7312 -2 -1.9971
7313 -1.98 -1.99709
7314 -2 -1.99709
7315 -2 -1.99709
7316 -2 -1.99709
7317 -2 -1.99709
7318 -2 -1.9971
7319 -2 -1.9971
7320 -2 -1.9971
7321 -2 -1.9971
7322 -2 -1.9971
7323 -2 -1.9971
7324 -2 -1.9971
7325 -2 -1.9971
7326 -2 -1.9971
7327 -2 -1.9971
7328 -2 -1.9971
7329 -2 -1.9971
7330 -2 -1.9971
7331 -2 -1.9971
7332 -2 -1.9971
7333 -2 -1.9971
7334 -2 -1.9971
7335 -1.98 -1.9971
7336 -2 -1.9971
7337 -2 -1.9971
7338 -2 -1.9971
7339 -2 -1.9971
7340 -2 -1.9971
7341 -2 -1.9971
7342 -2 -1.9971
7343 -2 -1.9971
7344 -2 -1.9971
7345 -2 -1.9971
7346 -2 -1.9971
7347 -2 -1.9971
7348 -2 -1.9971
7349 -2 -1.9971
7350 -2 -1.99711
7351 -2 -1.99711
7352 -2 -1.99711
7353 -2 -1.99711
7354 -1.98 -1.9971
7355 -1.98 -1.9971
7356 -2 -1.9971
7357 -2 -1.9971
7358 -1.98 -1.9971
7359 -1.98 -1.9971
7360 -2 -1.9971
7361 -2 -1.9971
7362 -2 -1.9971
7363 -2 -1.9971
7364 -2 -1.9971
7365 -2 -1.9971
7366 -2 -1.9971
7367 -2 -1.9971
7368 -2 -1.9971
7369 -2 -1.9971
7370 -2 -1.9971
7371 -2 -1.9971
7372 -2 -1.9971
7373 -2 -1.9971
7374 -2 -1.9971
7375 -2 -1.9971
7376 -2 -1.9971
7377 -2 -1.9971
7378 -2 -1.99711
7379 -2 -1.99711
7380 -2 -1.99711
7381 -2 -1.99711
7382 -2 -1.99711
7383 -2 -1.99711
7384 -2 -1.99711
7385 -2 -1.99711
7386 -2 -1.99711
7387 -2 -1.99711
7388 -2 -1.99711
7389 -2 -1.99711
7390 -2 -1.99711
7391 -2 -1.99711
7392 -2 -1.99711
7393 -2 -1.99711
7394 -2 -1.99711
7395 -2 -1.99711
7396 -2 -1.99711
7397 -2 -1.99711
7398 -2 -1.99711
7399 -2 -1.99711
7400 -2 -1.99711
7401 -2 -1.99711
7402 -2 -1.99711
7403 -2 -1.99712
7404 -2 -1.99712
7405 -2 -1.99712
7406 -2 -1.99712
7407 -2 -1.99712
7408 -2 -1.99712
7409 -2 -1.99712
7410 -2 -1.99712
7411 -1.98 -1.99712
7412 -1.98 -1.99711
7413 -1.98 -1.99711
7414 -2 -1.99711
7415 -2 -1.99711
7416 -2 -1.99711
7417 -2 -1.99711
7418 -2 -1.99711
7419 -2 -1.99711
7420 -2 -1.99711
7421 -2 -1.99711
7422 -2 -1.99711
7423 -2 -1.99711
7424 -2 -1.99712
7425 -2 -1.99712
7426 -1.98 -1.99711
7427 -2 -1.99711
7428 -2 -1.99711
7429 -2 -1.99711
7430 -2 -1.99711
7431 -2 -1.99712
7432 -2 -1.99712
7433 -2 -1.99712
7434 -1.98 -1.99711
7435 -2 -1.99711
7436 -2 -1.99711
7437 -2 -1.99711
7438 -2 -1.99712
7439 -2 -1.99712
7440 -2 -1.99712
7441 -2 -1.99712
7442 -2 -1.99712
7443 -1.98 -1.99711
7444 -2 -1.99711
7445 -2 -1.99712
7446 -2 -1.99712
7447 -2 -1.99712
7448 -2 -1.99712
7449 -2 -1.99712
7450 -2 -1.99712
7451 -2 -1.99712
7452 -2 -1.99712
7453 -2 -1.99712
7454 -2 -1.99712
7455 -2 -1.99712
7456 -2 -1.99712
7457 -1.98 -1.99712
7458 -2 -1.99712
7459 -1.98 -1.99712
7460 -1.98 -1.99711
7461 -2 -1.99711
7462 -2 -1.99711
7463 -2 -1.99711
7464 -2 -1.99711
7465 -2 -1.99711
7466 -2 -1.99712
7467 -2 -1.99712
7468 -1.98 -1.99711
7469 -1.98 -1.99711
7470 -1.98 -1.99711
7471 -1.98 -1.99711
7472 -2 -1.99711
7473 -2 -1.99711
7474 -2 -1.99711
7475 -2 -1.99711
7476 -2 -1.99711
7477 -2 -1.99711
7478 -2 -1.99711
7479 -2 -1.99711
7480 -2 -1.99711
7481 -2 -1.99711
7482 -2 -1.99711
7483 -2 -1.99711
7484 -2 -1.99711
7485 -2 -1.99711
7486 -1.98 -1.99711
7487 -2 -1.99711
7488 -2 -1.99711
7489 -2 -1.99711
7490 -2 -1.99711
7491 -2 -1.99711
7492 -2 -1.99711
7493 -2 -1.99711
7494 -1.98 -1.99711
7495 -2 -1.99711
7496 -2 -1.99711
7497 -2 -1.99711
7498 -2 -1.99711
7499 -2 -1.99711
7500 -2 -1.99711
7501 -1.98 -1.99711
7502 -1.98 -1.99711
7503 -1.98 -1.99711
7504 -2 -1.99711
7505 -2 -1.99711
7506 -2 -1.99711
7507 -2 -1.99711
7508 -2 -1.99711
7509 -2 -1.99711
7510 -2 -1.99711
7511 -2 -1.99711
7512 -2 -1.99711
7513 -2 -1.99711
7514 -2 -1.99711
7515 -2 -1.99711
7516 -2 -1.99711
7517 -2 -1.99711
7518 -2 -1.99711
7519 -1.98 -1.99711
7520 -1.98 -1.99711
7521 -1.98 -1.9971
7522 -1.98 -1.9971
7523 -2 -1.9971
7524 -2 -1.9971
7525 -2 -1.9971
7526 -2 -1.9971
7527 -2 -1.9971
7528 -2 -1.9971
7529 -2 -1.9971
7530 -2 -1.99711
7531 -2 -1.99711
7532 -2 -1.99711
7533 -1.98 -1.9971
7534 -2 -1.9971
7535 -2 -1.9971
7536 -1.98 -1.9971
7537 -2 -1.9971
7538 -2 -1.9971
7539 -2 -1.9971
7540 -2 -1.9971
7541 -2 -1.9971
7542 -1.98 -1.9971
7543 -1.98 -1.9971
7544 -2 -1.9971
7545 -2 -1.9971
7546 -2 -1.9971
7547 -2 -1.9971
7548 -2 -1.9971
7549 -2 -1.9971
7550 -1.98 -1.9971
7551 -1.98 -1.9971
7552 -1.98 -1.9971
7553 -2 -1.9971
7554 -1.98 -1.99709
7555 -1.98 -1.99709
7556 -2 -1.99709
7557 -2 -1.99709
7558 -2 -1.99709
7559 -2 -1.99709
7560 -2 -1.99709
7561 -2 -1.99709
7562 -2 -1.99709
7563 -2 -1.99709
7564 -2 -1.99709
7565 -2 -1.99709
7566 -2 -1.9971
7567 -2 -1.9971
7568 -2 -1.9971
7569 -2 -1.9971
7570 -2 -1.9971
7571 -2 -1.9971
7572 -2 -1.9971
7573 -2 -1.9971
7574 -2 -1.9971
7575 -2 -1.9971
7576 -2 -1.9971
7577 -2 -1.9971
7578 -2 -1.9971
7579 -1.98 -1.9971
7580 -1.98 -1.9971
7581 -1.98 -1.99709
7582 -2 -1.99709
7583 -2 -1.99709
7584 -2 -1.99709
7585 -2 -1.99709
7586 -2 -1.9971
7587 -2 -1.9971
7588 -2 -1.9971
7589 -2 -1.9971
7590 -2 -1.9971
7591 -2 -1.9971
7592 -2 -1.9971
7593 -2 -1.9971
7594 -2 -1.9971
7595 -2 -1.9971
7596 -2 -1.9971
7597 -2 -1.9971
7598 -2 -1.9971
7599 -2 -1.9971
7600 -2 -1.9971
7601 -2 -1.9971
7602 -2 -1.9971
7603 -2 -1.9971
7604 -2 -1.9971
7605 -2 -1.9971
7606 -2 -1.9971
7607 -2 -1.9971
7608 -2 -1.9971
7609 -2 -1.9971
7610 -1.98 -1.9971
7611 -1.98 -1.9971
7612 -2 -1.9971
7613 -2 -1.9971
7614 -2 -1.9971
7615 -2 -1.9971
7616 -2 -1.9971
7617 -2 -1.9971
7618 -2 -1.9971
7619 -2 -1.9971
7620 -2 -1.9971
7621 -2 -1.9971
7622 -2 -1.9971
7623 -2 -1.9971
7624 -2 -1.9971
7625 -1.96 -1.9971
7626 -1.98 -1.9971
7627 -1.98 -1.99709
7628 -2 -1.9971
7629 -2 -1.9971
7630 -2 -1.9971
7631 -2 -1.9971
7632 -2 -1.9971
7633 -2 -1.9971
7634 -2 -1.9971
7635 -2 -1.9971
7636 -2 -1.9971
7637 -1.98 -1.9971
7638 -2 -1.9971
7639 -2 -1.9971
7640 -2 -1.9971
7641 -2 -1.9971
7642 -2 -1.9971
7643 -2 -1.9971
7644 -2 -1.9971
7645 -2 -1.9971
7646 -2 -1.9971
7647 -2 -1.9971
7648 -2 -1.9971
7649 -2 -1.9971
7650 -2 -1.9971
7651 -2 -1.9971
7652 -2 -1.9971
7653 -2 -1.9971
7654 -2 -1.9971
7655 -2 -1.9971
7656 -2 -1.9971
7657 -2 -1.9971
7658 -2 -1.9971
7659 -2 -1.9971
7660 -2 -1.9971
7661 -2 -1.99711
7662 -2 -1.99711
7663 -2 -1.99711
7664 -2 -1.99711
7665 -2 -1.99711
7666 -2 -1.99711
7667 -2 -1.99711
7668 -2 -1.99711
7669 -2 -1.99711
7670 -2 -1.99711
7671 -1.98 -1.99711
7672 -2 -1.99711
7673 -2 -1.99711
7674 -2 -1.99711
7675 -2 -1.99711
7676 -2 -1.99711
7677 -2 -1.99711
7678 -2 -1.99711
7679 -2 -1.99711
7680 -2 -1.99711
7681 -2 -1.99711
7682 -2 -1.99711
7683 -2 -1.99711
7684 -2 -1.99711
7685 -2 -1.99711
7686 -2 -1.99711
7687 -2 -1.99711
7688 -2 -1.99711
7689 -2 -1.99711
7690 -1.98 -1.99711
7691 -2 -1.99711
7692 -2 -1.99711
7693 -2 -1.99711
7694 -2 -1.99711
7695 -2 -1.99711
7696 -2 -1.99711
7697 -2 -1.99711
7698 -2 -1.99711
7699 -2 -1.99711
7700 -2 -1.99711
7701 -2 -1.99712
7702 -2 -1.99712
7703 -2 -1.99712
7704 -2 -1.99712
7705 -2 -1.99712
7706 -2 -1.99712
7707 -2 -1.99712
7708 -2 -1.99712
7709 -1.98 -1.99712
7710 -1.98 -1.99711
7711 -1.98 -1.99711
7712 -2 -1.99711
7713 -2 -1.99711
7714 -1.98 -1.99711
7715 -2 -1.99711
7716 -2 -1.99711
7717 -1.98 -1.99711
7718 -1.98 -1.99711
7719 -1.98 -1.9971
7720 -2 -1.9971
7721 -2 -1.9971
7722 -2 -1.9971
7723 -1.98 -1.9971
7724 -2 -1.9971
7725 -2 -1.9971
7726 -2 -1.9971
7727 -2 -1.9971
7728 -2 -1.9971
7729 -2 -1.9971
7730 -2 -1.99711
7731 -2 -1.99711
7732 -2 -1.99711
7733 -1.98 -1.9971
7734 -2 -1.9971
7735 -2 -1.9971
7736 -2 -1.9971
7737 -2 -1.99711
7738 -2 -1.99711
7739 -2 -1.99711
7740 -2 -1.99711
7741 -2 -1.99711
7742 -2 -1.99711
7743 -2 -1.99711
7744 -2 -1.99711
7745 -2 -1.99711
7746 -1.98 -1.99711
7747 -2 -1.99711
7748 -2 -1.99711
7749 -2 -1.99711
7750 -2 -1.99711
7751 -1.98 -1.99711
7752 -2 -1.99711
7753 -2 -1.99711
7754 -1.98 -1.9971
7755 -2 -1.9971
7756 -2 -1.9971
7757 -1.98 -1.9971
7758 -1.98 -1.9971
7759 -2 -1.9971
7760 -2 -1.9971
7761 -2 -1.9971
7762 -2 -1.9971
7763 -1.98 -1.9971
7764 -2 -1.9971
7765 -1.98 -1.9971
7766 -2 -1.9971
7767 -2 -1.9971
7768 -2 -1.9971
7769 -2 -1.9971
7770 -2 -1.9971
7771 -2 -1.9971
7772 -2 -1.9971
7773 -2 -1.9971
7774 -2 -1.9971
7775 -2 -1.9971
7776 -2 -1.9971
7777 -2 -1.9971
7778 -2 -1.9971
7779 -2 -1.9971
7780 -1.98 -1.9971
7781 -1.98 -1.9971
7782 -1.98 -1.9971
7783 -2 -1.9971
7784 -2 -1.9971
7785 -2 -1.9971
7786 -1.98 -1.9971
7787 -2 -1.9971
7788 -2 -1.9971
7789 -2 -1.9971
7790 -1.98 -1.99709
7791 -2 -1.99709
7792 -2 -1.99709
7793 -2 -1.9971
7794 -2 -1.9971
7795 -2 -1.9971
7796 -2 -1.9971
7797 -2 -1.9971
7798 -2 -1.9971
7799 -2 -1.9971
7800 -2 -1.9971
7801 -2 -1.9971
7802 -2 -1.9971
7803 -2 -1.9971
7804 -2 -1.9971
7805 -2 -1.9971
7806 -2 -1.9971
7807 -2 -1.9971
7808 -2 -1.9971
7809 -2 -1.9971
7810 -2 -1.9971
7811 -2 -1.9971
7812 -2 -1.9971
7813 -2 -1.9971
7814 -2 -1.9971
7815 -2 -1.9971
7816 -2 -1.9971
7817 -2 -1.9971
7818 -2 -1.9971
7819 -2 -1.9971
7820 -2 -1.99711
7821 -2 -1.99711
7822 -2 -1.99711
7823 -2 -1.99711
7824 -2 -1.99711
7825 -1.98 -1.9971
7826 -2 -1.9971
7827 -2 -1.99711
7828 -2 -1.99711
7829 -2 -1.99711
7830 -2 -1.99711
7831 -2 -1.99711
7832 -2 -1.99711
7833 -2 -1.99711
7834 -2 -1.99711
7835 -1.98 -1.99711
7836 -2 -1.99711
7837 -2 -1.99711
7838 -2 -1.99711
7839 -2 -1.99711
7840 -2 -1.99711
7841 -2 -1.99711
7842 -2 -1.99711
7843 -2 -1.99711
7844 -2 -1.99711
7845 -2 -1.99711
7846 -2 -1.99711
7847 -2 -1.99711
7848 -2 -1.99711
7849 -2 -1.99711
7850 -2 -1.99711
7851 -2 -1.99711
7852 -2 -1.99711
7853 -2 -1.99711
7854 -2 -1.99711
7855 -2 -1.99711
7856 -2 -1.99711
7857 -2 -1.99711
7858 -2 -1.99711
7859 -2 -1.99711
7860 -2 -1.99711
7861 -1.98 -1.99711
7862 -1.98 -1.99711
7863 -2 -1.99711
7864 -2 -1.99711
7865 -2 -1.99711
7866 -2 -1.99711
7867 -1.98 -1.99711
7868 -2 -1.99711
7869 -2 -1.99711
7870 -2 -1.99711
7871 -2 -1.99711
7872 -2 -1.99711
7873 -2 -1.99711
7874 -2 -1.99711
7875 -2 -1.99711
7876 -2 -1.99711
7877 -2 -1.99711
7878 -2 -1.99711
7879 -2 -1.99711
7880 -2 -1.99711
7881 -2 -1.99711
7882 -2 -1.99712
7883 -2 -1.99712
7884 -2 -1.99712
7885 -2 -1.99712
7886 -2 -1.99712
7887 -2 -1.99712
7888 -2 -1.99712
7889 -2 -1.99712
7890 -2 -1.99712
7891 -2 -1.99712
7892 -2 -1.99712
7893 -2 -1.99712
7894 -2 -1.99712
7895 -2 -1.99712
7896 -2 -1.99712
7897 -2 -1.99712
7898 -2 -1.99712
7899 -2 -1.99712
7900 -2 -1.99712
7901 -2 -1.99712
7902 -2 -1.99712
7903 -2 -1.99712
7904 -2 -1.99712
7905 -2 -1.99712
7906 -2 -1.99712
7907 -2 -1.99712
7908 -2 -1.99712
7909 -1.98 -1.99712
7910 -1.98 -1.99712
7911 -1.98 -1.99712
7912 -1.98 -1.99712
7913 -2 -1.99712
7914 -2 -1.99712
7915 -2 -1.99712
7916 -2 -1.99712
7917 -2 -1.99712
7918 -2 -1.99712
7919 -2 -1.99712
7920 -2 -1.99712
7921 -2 -1.99712
7922 -2 -1.99712
7923 -2 -1.99712
7924 -2 -1.99712
7925 -2 -1.99712
7926 -2 -1.99712
7927 -2 -1.99712
7928 -1.98 -1.99712
7929 -2 -1.99712
7930 -2 -1.99712
7931 -2 -1.99712
7932 -1.98 -1.99712
7933 -2 -1.99712
7934 -2 -1.99712
7935 -2 -1.99712
7936 -2 -1.99712
7937 -2 -1.99712
7938 -2 -1.99712
7939 -2 -1.99712
7940 -2 -1.99712
7941 -2 -1.99712
7942 -2 -1.99712
7943 -2 -1.99712
7944 -2 -1.99712
7945 -2 -1.99712
7946 -2 -1.99712
7947 -2 -1.99712
7948 -2 -1.99712
7949 -2 -1.99712
7950 -2 -1.99712
7951 -2 -1.99713
7952 -2 -1.99713
7953 -2 -1.99713
7954 -2 -1.99713
7955 -2 -1.99713
7956 -2 -1.99713
7957 -2 -1.99713
7958 -2 -1.99713
7959 -2 -1.99713
7960 -2 -1.99713
7961 -2 -1.99713
7962 -2 -1.99713
7963 -2 -1.99713
7964 -2 -1.99713
7965 -2 -1.99713
7966 -2 -1.99713
7967 -2 -1.99713
7968 -2 -1.99713
7969 -2 -1.99713
7970 -2 -1.99713
7971 -2 -1.99713
7972 -2 -1.99713
7973 -2 -1.99713
7974 -2 -1.99713
7975 -2 -1.99713
7976 -2 -1.99713
7977 -2 -1.99713
7978 -2 -1.99713
7979 -2 -1.99714
7980 -1.98 -1.99713
7981 -2 -1.99713
7982 -2 -1.99713
7983 -2 -1.99713
7984 -2 -1.99713
7985 -2 -1.99713
7986 -2 -1.99714
7987 -1.98 -1.99713
7988 -2 -1.99713
7989 -2 -1.99713
7990 -2 -1.99713
7991 -2 -1.99713
7992 -2 -1.99713
7993 -2 -1.99714
7994 -2 -1.99714
7995 -2 -1.99714
7996 -2 -1.99714
7997 -2 -1.99714
7998 -2 -1.99714
7999 -2 -1.99714
8000 -2 -1.99714
8001 -2 -1.99714
8002 -2 -1.99714
8003 -2 -1.99714
8004 -2 -1.99714
8005 -2 -1.99714
8006 -2 -1.99714
8007 -2 -1.99714
8008 -2 -1.99714
8009 -2 -1.99714
8010 -2 -1.99714
8011 -2 -1.99714
8012 -2 -1.99714
8013 -2 -1.99714
8014 -1.96 -1.99714
8015 -1.98 -1.99714
8016 -2 -1.99714
8017 -2 -1.99714
8018 -2 -1.99714
8019 -2 -1.99714
8020 -2 -1.99714
8021 -2 -1.99714
8022 -2 -1.99714
8023 -2 -1.99714
8024 -2 -1.99714
8025 -2 -1.99714
8026 -2 -1.99714
8027 -2 -1.99714
8028 -2 -1.99714
8029 -2 -1.99714
8030 -2 -1.99714
8031 -2 -1.99714
8032 -2 -1.99714
8033 -2 -1.99714
8034 -2 -1.99714
8035 -1.98 -1.99714
8036 -2 -1.99714
8037 -2 -1.99714
8038 -2 -1.99714
8039 -2 -1.99714
8040 -2 -1.99714
8041 -2 -1.99714
8042 -2 -1.99714
8043 -2 -1.99714
8044 -2 -1.99714
8045 -2 -1.99714
8046 -2 -1.99714
8047 -2 -1.99714
8048 -2 -1.99714
8049 -2 -1.99715
8050 -2 -1.99715
8051 -2 -1.99715
8052 -2 -1.99715
8053 -2 -1.99715
8054 -2 -1.99715
8055 -2 -1.99715
8056 -2 -1.99715
8057 -2 -1.99715
8058 -2 -1.99715
8059 -2 -1.99715
8060 -2 -1.99715
8061 -2 -1.99715
8062 -2 -1.99715
8063 -1.98 -1.99715
8064 -2 -1.99715
8065 -2 -1.99715
8066 -2 -1.99715
8067 -2 -1.99715
8068 -2 -1.99715
8069 -1.98 -1.99715
8070 -2 -1.99715
8071 -2 -1.99715
8072 -2 -1.99715
8073 -2 -1.99715
8074 -2 -1.99715
8075 -2 -1.99715
8076 -2 -1.99715
8077 -2 -1.99715
8078 -1.98 -1.99715
8079 -1.98 -1.99715
8080 -2 -1.99715
8081 -2 -1.99715
8082 -2 -1.99715
8083 -1.98 -1.99714
8084 -1.98 -1.99714
8085 -2 -1.99714
8086 -2 -1.99714
8087 -2 -1.99714
8088 -2 -1.99714
8089 -2 -1.99714
8090 -2 -1.99714
8091 -2 -1.99715
8092 -2 -1.99715
8093 -2 -1.99715
8094 -2 -1.99715
8095 -2 -1.99715
8096 -2 -1.99715
8097 -2 -1.99715
8098 -2 -1.99715
8099 -2 -1.99715
8100 -2 -1.99715
8101 -2 -1.99715
8102 -1.98 -1.99715
8103 -2 -1.99715
8104 -2 -1.99715
8105 -2 -1.99715
8106 -2 -1.99715
8107 -1.98 -1.99715
8108 -1.98 -1.99714
8109 -2 -1.99714
8110 -2 -1.99714
8111 -2 -1.99714
8112 -2 -1.99715
8113 -2 -1.99715
8114 -2 -1.99715
8115 -2 -1.99715
8116 -2 -1.99715
8117 -2 -1.99715
8118 -1.98 -1.99714
8119 -2 -1.99715
8120 -2 -1.99715
8121 -2 -1.99715
8122 -2 -1.99715
8123 -2 -1.99715
8124 -2 -1.99715
8125 -2 -1.99715
8126 -2 -1.99715
8127 -2 -1.99715
8128 -2 -1.99715
8129 -2 -1.99715
8130 -2 -1.99715
8131 -2 -1.99715
8132 -2 -1.99715
8133 -1.98 -1.99715
8134 -2 -1.99715
8135 -2 -1.99715
8136 -2 -1.99715
8137 -2 -1.99715
8138 -2 -1.99715
8139 -2 -1.99715
8140 -2 -1.99715
8141 -2 -1.99715
8142 -2 -1.99715
8143 -2 -1.99715
8144 -2 -1.99715
8145 -2 -1.99715
8146 -2 -1.99715
8147 -2 -1.99715
8148 -1.98 -1.99715
8149 -1.98 -1.99715
8150 -2 -1.99715
8151 -2 -1.99715
8152 -2 -1.99715
8153 -2 -1.99715
8154 -2 -1.99715
8155 -2 -1.99715
8156 -1.98 -1.99715
8157 -1.98 -1.99715
8158 -2 -1.99715
8159 -2 -1.99715
8160 -2 -1.99715
8161 -2 -1.99715
8162 -2 -1.99715
8163 -2 -1.99715
8164 -2 -1.99715
8165 -2 -1.99715
8166 -2 -1.99715
8167 -2 -1.99715
8168 -2 -1.99715
8169 -2 -1.99715
8170 -2 -1.99715
8171 -2 -1.99715
8172 -2 -1.99715
8173 -2 -1.99715
8174 -2 -1.99715
8175 -2 -1.99715
8176 -1.98 -1.99715
8177 -2 -1.99715
8178 -2 -1.99715
8179 -2 -1.99715
8180 -2 -1.99715
8181 -2 -1.99715
8182 -2 -1.99715
8183 -2 -1.99715
8184 -1.98 -1.99715
8185 -1.96 -1.99715
8186 -1.96 -1.99714
8187 -1.96 -1.99714
8188 -1.97 -1.99713
8189 -1.97 -1.99713
8190 -2 -1.99713
8191 -2 -1.99713
8192 -2 -1.99713
8193 -2 -1.99713
8194 -2 -1.99713
8195 -2 -1.99713
8196 -2 -1.99713
8197 -2 -1.99713
8198 -2 -1.99713
8199 -2 -1.99713
8200 -2 -1.99713
8201 -2 -1.99713
8202 -2 -1.99714
8203 -2 -1.99714
8204 -2 -1.99714
8205 -2 -1.99714
8206 -2 -1.99714
8207 -2 -1.99714
8208 -2 -1.99714
8209 -2 -1.99714
8210 -2 -1.99714
8211 -2 -1.99714
8212 -2 -1.99714
8213 -2 -1.99714
8214 -2 -1.99714
8215 -2 -1.99714
8216 -2 -1.99714
8217 -2 -1.99714
8218 -2 -1.99714
8219 -1.98 -1.99714
8220 -2 -1.99714
8221 -2 -1.99714
8222 -2 -1.99714
8223 -2 -1.99714
8224 -2 -1.99714
8225 -2 -1.99714
8226 -2 -1.99714
8227 -2 -1.99714
8228 -2 -1.99714
8229 -2 -1.99714
8230 -2 -1.99714
8231 -2 -1.99714
8232 -2 -1.99714
8233 -1.98 -1.99714
8234 -2 -1.99714
8235 -2 -1.99714
8236 -2 -1.99714
8237 -2 -1.99714
8238 -2 -1.99714
8239 -2 -1.99714
8240 -2 -1.99714
8241 -2 -1.99714
8242 -2 -1.99714
8243 -1.98 -1.99714
8244 -2 -1.99714
8245 -2 -1.99714
8246 -2 -1.99714
8247 -1.98 -1.99714
8248 -2 -1.99714
8249 -2 -1.99714
8250 -2 -1.99714
8251 -2 -1.99714
8252 -2 -1.99714
8253 -2 -1.99714
8254 -2 -1.99714
8255 -2 -1.99714
8256 -2 -1.99714
8257 -2 -1.99714
8258 -2 -1.99714
8259 -1.98 -1.99714
8260 -1.98 -1.99714
8261 -1.98 -1.99714
8262 -2 -1.99714
8263 -2 -1.99714
8264 -2 -1.99714
8265 -2 -1.99714
8266 -2 -1.99714
8267 -2 -1.99714
8268 -2 -1.99714
8269 -2 -1.99714
8270 -2 -1.99714
8271 -2 -1.99714
8272 -2 -1.99714
8273 -2 -1.99714
8274 -2 -1.99714
8275 -1.97 -1.99714
8276 -1.98 -1.99714
8277 -1.98 -1.99714
8278 -1.98 -1.99713
8279 -1.98 -1.99713
8280 -1.98 -1.99713
8281 -1.98 -1.99713
8282 -1.98 -1.99713
8283 -2 -1.99713
8284 -2 -1.99713
8285 -2 -1.99713
8286 -1.98 -1.99712
8287 -1.98 -1.99712
8288 -2 -1.99712
8289 -2 -1.99712
8290 -1.98 -1.99712
8291 -1.98 -1.99712
8292 -1.98 -1.99712
8293 -2 -1.99712
8294 -2 -1.99712
8295 -2 -1.99712
8296 -1.98 -1.99712
8297 -2 -1.99712
8298 -2 -1.99712
8299 -2 -1.99712
8300 -2 -1.99712
8301 -2 -1.99712
8302 -2 -1.99712
8303 -2 -1.99712
8304 -2 -1.99712
8305 -2 -1.99712
8306 -2 -1.99712
8307 -2 -1.99712
8308 -2 -1.99712
8309 -2 -1.99712
8310 -1.98 -1.99712
8311 -2 -1.99712
8312 -2 -1.99712
8313 -2 -1.99712
8314 -1.98 -1.99712
8315 -2 -1.99712
8316 -2 -1.99712
8317 -2 -1.99712
8318 -2 -1.99712
8319 -2 -1.99712
8320 -2 -1.99712
8321 -2 -1.99712
8322 -2 -1.99712
8323 -2 -1.99712
8324 -1.98 -1.99712
8325 -2 -1.99712
8326 -2 -1.99712
8327 -2 -1.99712
8328 -2 -1.99712
8329 -2 -1.99712
8330 -2 -1.99712
8331 -2 -1.99712
8332 -2 -1.99712
8333 -2 -1.99712
8334 -1.98 -1.99712
8335 -2 -1.99712
8336 -2 -1.99712
8337 -1.98 -1.99712
8338 -2 -1.99712
8339 -2 -1.99712
8340 -2 -1.99712
8341 -2 -1.99712
8342 -2 -1.99712
8343 -2 -1.99712
8344 -2 -1.99712
8345 -2 -1.99712
8346 -2 -1.99712
8347 -2 -1.99712
8348 -2 -1.99712
8349 -2 -1.99712
8350 -2 -1.99712
8351 -2 -1.99712
8352 -2 -1.99712
8353 -2 -1.99712
8354 -2 -1.99712
8355 -2 -1.99712
8356 -2 -1.99712
8357 -2 -1.99712
8358 -1.98 -1.99712
8359 -1.98 -1.99712
8360 -2 -1.99712
8361 -2 -1.99712
8362 -2 -1.99712
8363 -1.98 -1.99712
8364 -2 -1.99712
8365 -1.96 -1.99712
8366 -1.98 -1.99711
8367 -2 -1.99711
8368 -2 -1.99711
8369 -2 -1.99711
8370 -2 -1.99712
8371 -2 -1.99712
8372 -2 -1.99712
8373 -2 -1.99712
8374 -2 -1.99712
8375 -2 -1.99712
8376 -2 -1.99712
8377 -2 -1.99712
8378 -2 -1.99712
8379 -2 -1.99712
8380 -2 -1.99712
8381 -2 -1.99712
8382 -1.98 -1.99712
8383 -1.98 -1.99711
8384 -1.98 -1.99711
8385 -2 -1.99711
8386 -2 -1.99711
8387 -2 -1.99711
8388 -2 -1.99711
8389 -2 -1.99711
8390 -2 -1.99711
8391 -2 -1.99712
8392 -2 -1.99712
8393 -2 -1.99712
8394 -2 -1.99712
8395 -2 -1.99712
8396 -2 -1.99712
8397 -2 -1.99712
8398 -2 -1.99712
8399 -2 -1.99712
8400 -2 -1.99712
8401 -2 -1.99712
8402 -2 -1.99712
8403 -2 -1.99712
8404 -2 -1.99712
8405 -2 -1.99712
8406 -2 -1.99712
8407 -2 -1.99712
8408 -2 -1.99712
8409 -2 -1.99712
8410 -2 -1.99712
8411 -2 -1.99712
8412 -1.98 -1.99712
8413 -1.98 -1.99712
8414 -2 -1.99712
8415 -2 -1.99712
8416 -1.98 -1.99712
8417 -1.98 -1.99711
8418 -2 -1.99711
8419 -2 -1.99712
8420 -2 -1.99712
8421 -2 -1.99712
8422 -2 -1.99712
8423 -2 -1.99712
8424 -2 -1.99712
8425 -2 -1.99712
8426 -2 -1.99712
8427 -2 -1.99712
8428 -2 -1.99712
8429 -2 -1.99712
8430 -2 -1.99712
8431 -2 -1.99712
8432 -2 -1.99712
8433 -2 -1.99712
8434 -2 -1.99712
8435 -2 -1.99712
8436 -2 -1.99712
8437 -2 -1.99712
8438 -2 -1.99712
8439 -2 -1.99712
8440 -2 -1.99712
8441 -2 -1.99712
8442 -2 -1.99712
8443 -2 -1.99712
8444 -2 -1.99712
8445 -2 -1.99712
8446 -2 -1.99712
8447 -2 -1.99712
8448 -2 -1.99713
8449 -2 -1.99713
8450 -2 -1.99713
8451 -2 -1.99713
8452 -2 -1.99713
8453 -2 -1.99713
8454 -2 -1.99713
8455 -2 -1.99713
8456 -2 -1.99713
8457 -1.98 -1.99713
8458 -2 -1.99713
8459 -2 -1.99713
8460 -2 -1.99713
8461 -2 -1.99713
8462 -2 -1.99713
8463 -2 -1.99713
8464 -2 -1.99713
8465 -2 -1.99713
8466 -2 -1.99713
8467 -2 -1.99713
8468 -2 -1.99713
8469 -2 -1.99713
8470 -2 -1.99713
8471 -2 -1.99713
8472 -2 -1.99713
8473 -2 -1.99713
8474 -2 -1.99713
8475 -2 -1.99713
8476 -2 -1.99713
8477 -2 -1.99713
8478 -2 -1.99713
8479 -2 -1.99713
8480 -2 -1.99713
8481 -2 -1.99713
8482 -2 -1.99713
8483 -2 -1.99713
8484 -2 -1.99713
8485 -2 -1.99714
8486 -2 -1.99714
8487 -2 -1.99714
8488 -2 -1.99714
8489 -2 -1.99714
8490 -1.98 -1.99713
8491 -2 -1.99713
8492 -2 -1.99714
8493 -2 -1.99714
8494 -2 -1.99714
8495 -2 -1.99714
8496 -2 -1.99714
8497 -2 -1.99714
8498 -2 -1.99714
8499 -2 -1.99714
8500 -2 -1.99714
8501 -2 -1.99714
8502 -2 -1.99714
8503 -2 -1.99714
8504 -2 -1.99714
8505 -2 -1.99714
8506 -2 -1.99714
8507 -2 -1.99714
8508 -2 -1.99714
8509 -2 -1.99714
8510 -1.98 -1.99714
8511 -1.98 -1.99714
8512 -1.98 -1.99713
8513 -1.98 -1.99713
8514 -1.98 -1.99713
8515 -1.98 -1.99713
8516 -1.98 -1.99713
8517 -1.98 -1.99712
8518 -2 -1.99713
8519 -2 -1.99713
8520 -2 -1.99713
8521 -2 -1.99713
8522 -2 -1.99713
8523 -2 -1.99713
8524 -2 -1.99713
8525 -2 -1.99713
8526 -2 -1.99713
8527 -2 -1.99713
8528 -2 -1.99713
8529 -2 -1.99713
8530 -2 -1.99713
8531 -2 -1.99713
8532 -2 -1.99713
8533 -2 -1.99713
8534 -2 -1.99713
8535 -2 -1.99713
8536 -2 -1.99713
8537 -2 -1.99713
8538 -2 -1.99713
8539 -2 -1.99713
8540 -2 -1.99713
8541 -2 -1.99713
8542 -2 -1.99713
8543 -2 -1.99713
8544 -2 -1.99713
8545 -2 -1.99713
8546 -2 -1.99713
8547 -2 -1.99714
8548 -2 -1.99714
8549 -2 -1.99714
8550 -2 -1.99714
8551 -2 -1.99714
8552 -2 -1.99714
8553 -2 -1.99714
8554 -2 -1.99714
8555 -2 -1.99714
8556 -2 -1.99714
8557 -2 -1.99714
8558 -2 -1.99714
8559 -2 -1.99714
8560 -2 -1.99714
8561 -2 -1.99714
8562 -2 -1.99714
8563 -2 -1.99714
8564 -2 -1.99714
8565 -2 -1.99714
8566 -2 -1.99714
8567 -2 -1.99714
8568 -1.96 -1.99714
8569 -1.96 -1.99713
8570 -2 -1.99713
8571 -2 -1.99713
8572 -2 -1.99713
8573 -2 -1.99713
8574 -1.98 -1.99713
8575 -1.96 -1.99713
8576 -2 -1.99713
8577 -2 -1.99713
8578 -1.98 -1.99713
8579 -2 -1.99713
8580 -2 -1.99713
8581 -1.98 -1.99713
8582 -1.98 -1.99712
8583 -1.98 -1.99712
8584 -1.97 -1.99712
8585 -2 -1.99712
8586 -2 -1.99712
8587 -2 -1.99712
8588 -2 -1.99712
8589 -2 -1.99712
8590 -2 -1.99712
8591 -2 -1.99712
8592 -2 -1.99712
8593 -1.98 -1.99712
8594 -1.97 -1.99712
8595 -1.98 -1.99711
8596 -2 -1.99711
8597 -1.98 -1.99711
8598 -2 -1.99711
8599 -1.98 -1.99711
8600 -2 -1.99711
8601 -2 -1.99711
8602 -2 -1.99711
8603 -2 -1.99711
8604 -2 -1.99711
8605 -2 -1.99711
8606 -2 -1.99711
8607 -2 -1.99711
8608 -2 -1.99711
8609 -2 -1.99711
8610 -2 -1.99711
8611 -2 -1.99711
8612 -2 -1.99711
8613 -2 -1.99712
8614 -2 -1.99712
8615 -2 -1.99712
8616 -2 -1.99712
8617 -2 -1.99712
8618 -1.98 -1.99711
8619 -1.98 -1.99711
8620 -1.98 -1.99711
8621 -1.98 -1.99711
8622 -1.98 -1.99711
8623 -2 -1.99711
8624 -2 -1.99711
8625 -2 -1.99711
8626 -2 -1.99711
8627 -2 -1.99711
8628 -2 -1.99711
8629 -2 -1.99711
8630 -2 -1.99711
8631 -1.98 -1.99711
8632 -1.98 -1.99711
8633 -2 -1.99711
8634 -2 -1.99711
8635 -2 -1.99711
8636 -2 -1.99711
8637 -2 -1.99711
8638 -2 -1.99711
8639 -1.95 -1.9971
8640 -1.98 -1.9971
8641 -1.98 -1.9971
8642 -2 -1.9971
8643 -2 -1.9971
8644 -2 -1.9971
8645 -2 -1.9971
8646 -2 -1.9971
8647 -2 -1.9971
8648 -2 -1.9971
8649 -2 -1.9971
8650 -1.98 -1.9971
8651 -1.98 -1.9971
8652 -2 -1.9971
8653 -2 -1.9971
8654 -2 -1.9971
8655 -2 -1.9971
8656 -1.98 -1.9971
8657 -2 -1.9971
8658 -2 -1.9971
8659 -2 -1.9971
8660 -2 -1.9971
8661 -2 -1.9971
8662 -2 -1.9971
8663 -2 -1.9971
8664 -2 -1.9971
8665 -2 -1.9971
8666 -2 -1.9971
8667 -2 -1.9971
8668 -1.98 -1.9971
8669 -2 -1.9971
8670 -2 -1.9971
8671 -2 -1.9971
8672 -2 -1.9971
8673 -2 -1.9971
8674 -2 -1.9971
8675 -2 -1.9971
8676 -2 -1.9971
8677 -2 -1.9971
8678 -2 -1.9971
8679 -2 -1.9971
8680 -2 -1.9971
8681 -2 -1.9971
8682 -2 -1.9971
8683 -2 -1.9971
8684 -2 -1.9971
8685 -2 -1.9971
8686 -2 -1.9971
8687 -2 -1.9971
8688 -2 -1.9971
8689 -2 -1.9971
8690 -2 -1.99711
8691 -2 -1.99711
8692 -2 -1.99711
8693 -2 -1.99711
8694 -2 -1.99711
8695 -2 -1.99711
8696 -2 -1.99711
8697 -2 -1.99711
8698 -2 -1.99711
8699 -2 -1.99711
8700 -2 -1.99711
8701 -2 -1.99711
8702 -2 -1.99711
8703 -2 -1.99711
8704 -2 -1.99711
8705 -2 -1.99711
8706 -2 -1.99711
8707 -2 -1.99711
8708 -2 -1.99711
8709 -2 -1.99711
8710 -2 -1.99711
8711 -2 -1.99711
8712 -2 -1.99711
8713 -2 -1.99711
8714 -2 -1.99711
8715 -2 -1.99711
8716 -2 -1.99711
8717 -2 -1.99711
8718 -2 -1.99711
8719 -2 -1.99711
8720 -2 -1.99712
8721 -2 -1.99712
8722 -2 -1.99712
8723 -2 -1.99712
8724 -2 -1.99712
8725 -2 -1.99712
8726 -2 -1.99712
8727 -2 -1.99712
8728 -2 -1.99712
8729 -2 -1.99712
8730 -2 -1.99712
8731 -2 -1.99712
8732 -2 -1.99712
8733 -2 -1.99712
8734 -2 -1.99712
8735 -1.96 -1.99712
8736 -1.98 -1.99711
8737 -2 -1.99711
8738 -2 -1.99711
8739 -2 -1.99711
8740 -2 -1.99711
8741 -2 -1.99712
8742 -2 -1.99712
8743 -2 -1.99712
8744 -2 -1.99712
8745 -2 -1.99712
8746 -2 -1.99712
8747 -2 -1.99712
8748 -2 -1.99712
8749 -2 -1.99712
8750 -2 -1.99712
8751 -1.98 -1.99712
8752 -1.98 -1.99711
8753 -2 -1.99711
8754 -2 -1.99711
8755 -2 -1.99712
8756 -2 -1.99712
8757 -1.98 -1.99711
8758 -1.98 -1.99711
8759 -1.98 -1.99711
8760 -1.96 -1.99711
8761 -1.96 -1.9971
8762 -1.98 -1.9971
8763 -1.97 -1.9971
8764 -2 -1.9971
8765 -2 -1.9971
8766 -2 -1.9971
8767 -2 -1.9971
8768 -2 -1.9971
8769 -2 -1.9971
8770 -2 -1.9971
8771 -2 -1.9971
8772 -2 -1.9971
8773 -2 -1.9971
8774 -2 -1.9971
8775 -2 -1.9971
8776 -2 -1.9971
8777 -2 -1.9971
8778 -2 -1.9971
8779 -2 -1.9971
8780 -2 -1.9971
8781 -2 -1.9971
8782 -2 -1.9971
8783 -2 -1.9971
8784 -2 -1.9971
8785 -2 -1.9971
8786 -2 -1.9971
8787 -2 -1.9971
8788 -2 -1.9971
8789 -1.98 -1.9971
8790 -2 -1.9971
8791 -2 -1.9971
8792 -2 -1.9971
8793 -1.98 -1.9971
8794 -2 -1.9971
8795 -1.98 -1.9971
8796 -1.98 -1.9971
8797 -1.98 -1.9971
8798 -2 -1.9971
8799 -2 -1.9971
8800 -2 -1.9971
8801 -2 -1.9971
8802 -2 -1.9971
8803 -1.97 -1.99709
8804 -2 -1.99709
8805 -2 -1.9971
8806 -2 -1.9971
8807 -2 -1.9971
8808 -2 -1.9971
8809 -2 -1.9971
8810 -2 -1.9971
8811 -2 -1.9971
8812 -2 -1.9971
8813 -2 -1.9971
8814 -2 -1.9971
8815 -2 -1.9971
8816 -2 -1.9971
8817 -2 -1.9971
8818 -2 -1.9971
8819 -1.98 -1.9971
8820 -2 -1.9971
8821 -2 -1.9971
8822 -2 -1.9971
8823 -2 -1.9971
8824 -2 -1.9971
8825 -2 -1.9971
8826 -2 -1.9971
8827 -2 -1.9971
8828 -2 -1.9971
8829 -2 -1.9971
8830 -2 -1.9971
8831 -2 -1.9971
8832 -2 -1.9971
8833 -2 -1.9971
8834 -2 -1.9971
8835 -2 -1.9971
8836 -2 -1.9971
8837 -2 -1.9971
8838 -2 -1.9971
8839 -2 -1.9971
8840 -1.98 -1.9971
8841 -2 -1.9971
8842 -2 -1.9971
8843 -2 -1.9971
8844 -2 -1.9971
8845 -2 -1.9971
8846 -2 -1.9971
8847 -2 -1.9971
8848 -2 -1.9971
8849 -2 -1.99711
8850 -2 -1.99711
8851 -2 -1.99711
8852 -2 -1.99711
8853 -2 -1.99711
8854 -1.98 -1.9971
8855 -1.98 -1.9971
8856 -1.98 -1.9971
8857 -1.98 -1.9971
8858 -1.98 -1.9971
8859 -1.98 -1.99709
8860 -1.98 -1.99709
8861 -1.96 -1.99709
8862 -1.96 -1.99708
8863 -1.94 -1.99708
8864 -1.96 -1.99707
8865 -2 -1.99707
8866 -2 -1.99707
8867 -2 -1.99707
8868 -1.98 -1.99707
8869 -1.98 -1.99707
8870 -2 -1.99707
8871 -1.98 -1.99707
8872 -2 -1.99707
8873 -2 -1.99707
8874 -2 -1.99707
8875 -2 -1.99707
8876 -2 -1.99707
8877 -2 -1.99707
8878 -2 -1.99707
8879 -2 -1.99707
8880 -2 -1.99707
8881 -2 -1.99707
8882 -2 -1.99707
8883 -2 -1.99707
8884 -2 -1.99707
8885 -2 -1.99707
8886 -1.98 -1.99707
8887 -2 -1.99707
8888 -2 -1.99707
8889 -1.98 -1.99707
8890 -1.98 -1.99707
8891 -1.98 -1.99707
8892 -1.98 -1.99707
8893 -2 -1.99707
8894 -2 -1.99707
8895 -2 -1.99707
8896 -2 -1.99707
8897 -2 -1.99707
8898 -2 -1.99707
8899 -2 -1.99707
8900 -2 -1.99707
8901 -2 -1.99707
8902 -2 -1.99707
8903 -2 -1.99707
8904 -2 -1.99707
8905 -2 -1.99707
8906 -2 -1.99707
8907 -2 -1.99707
8908 -2 -1.99707
8909 -2 -1.99707
8910 -2 -1.99707
8911 -2 -1.99707
8912 -2 -1.99707
8913 -2 -1.99707
8914 -2 -1.99707
8915 -2 -1.99707
8916 -2 -1.99707
8917 -2 -1.99707
8918 -2 -1.99707
8919 -2 -1.99707
8920 -2 -1.99707
8921 -2 -1.99707
8922 -2 -1.99707
8923 -2 -1.99708
8924 -2 -1.99708
8925 -2 -1.99708
8926 -2 -1.99708
8927 -2 -1.99708
8928 -2 -1.99708
8929 -2 -1.99708
8930 -2 -1.99708
8931 -2 -1.99708
8932 -2 -1.99708
8933 -2 -1.99708
8934 -1.96 -1.99707
8935 -1.98 -1.99707
8936 -1.98 -1.99707
8937 -1.98 -1.99707
8938 -2 -1.99707
8939 -2 -1.99707
8940 -2 -1.99707
8941 -2 -1.99707
8942 -2 -1.99707
8943 -2 -1.99707
8944 -2 -1.99707
8945 -2 -1.99707
8946 -2 -1.99707
8947 -2 -1.99707
8948 -2 -1.99707
8949 -2 -1.99707
8950 -2 -1.99707
8951 -1.98 -1.99707
8952 -1.98 -1.99707
8953 -1.98 -1.99707
8954 -2 -1.99707
8955 -1.98 -1.99707
8956 -2 -1.99707
8957 -2 -1.99707
8958 -2 -1.99707
8959 -2 -1.99707
8960 -2 -1.99707
8961 -2 -1.99707
8962 -2 -1.99707
8963 -2 -1.99707
8964 -2 -1.99707
8965 -2 -1.99707
8966 -2 -1.99707
8967 -2 -1.99707
8968 -2 -1.99707
8969 -2 -1.99707
8970 -2 -1.99707
8971 -2 -1.99707
8972 -2 -1.99707
8973 -2 -1.99707
8974 -2 -1.99707
8975 -2 -1.99707
8976 -2 -1.99707
8977 -2 -1.99707
8978 -2 -1.99707
8979 -2 -1.99707
8980 -2 -1.99707
8981 -2 -1.99707
8982 -2 -1.99707
8983 -2 -1.99707
8984 -2 -1.99708
8985 -2 -1.99708
8986 -2 -1.99708
8987 -2 -1.99708
8988 -2 -1.99708
8989 -2 -1.99708
8990 -2 -1.99708
8991 -2 -1.99708
8992 -2 -1.99708
8993 -2 -1.99708
8994 -2 -1.99708
8995 -2 -1.99708
8996 -2 -1.99708
8997 -2 -1.99708
8998 -2 -1.99708
8999 -2 -1.99708
9000 -1.98 -1.99708
9001 -1.98 -1.99708
9002 -1.98 -1.99707
9003 -2 -1.99707
9004 -2 -1.99707
9005 -2 -1.99708
9006 -2 -1.99708
9007 -2 -1.99708
9008 -2 -1.99708
9009 -2 -1.99708
9010 -1.96 -1.99707
9011 -1.98 -1.99707
9012 -1.98 -1.99707
9013 -1.97 -1.99707
9014 -2 -1.99707
9015 -2 -1.99707
9016 -2 -1.99707
9017 -2 -1.99707
9018 -2 -1.99707
9019 -2 -1.99707
9020 -2 -1.99707
9021 -2 -1.99707
9022 -2 -1.99707
9023 -2 -1.99707
9024 -2 -1.99707
9025 -2 -1.99707
9026 -2 -1.99707
9027 -2 -1.99707
9028 -2 -1.99707
9029 -2 -1.99707
9030 -2 -1.99707
9031 -2 -1.99707
9032 -2 -1.99707
9033 -2 -1.99707
9034 -1.98 -1.99707
9035 -2 -1.99707
9036 -2 -1.99707
9037 -2 -1.99707
9038 -2 -1.99707
9039 -2 -1.99707
9040 -2 -1.99707
9041 -2 -1.99707
9042 -2 -1.99707
9043 -2 -1.99707
9044 -2 -1.99707
9045 -2 -1.99707
9046 -1.98 -1.99707
9047 -2 -1.99707
9048 -1.98 -1.99707
9049 -1.98 -1.99707
9050 -2 -1.99707
9051 -2 -1.99707
9052 -2 -1.99707
9053 -2 -1.99707
9054 -2 -1.99707
9055 -2 -1.99707
9056 -2 -1.99707
9057 -2 -1.99707
9058 -2 -1.99707
9059 -2 -1.99707
9060 -2 -1.99707
9061 -2 -1.99707
9062 -2 -1.99707
9063 -2 -1.99707
9064 -1.98 -1.99707
9065 -1.98 -1.99707
9066 -2 -1.99707
9067 -2 -1.99707
9068 -2 -1.99707
9069 -2 -1.99707
9070 -2 -1.99707
9071 -2 -1.99707
9072 -2 -1.99707
9073 -2 -1.99707
9074 -2 -1.99707
9075 -2 -1.99707
9076 -2 -1.99707
9077 -2 -1.99707
9078 -2 -1.99707
9079 -2 -1.99707
9080 -2 -1.99707
9081 -2 -1.99707
9082 -2 -1.99707
9083 -2 -1.99708
9084 -2 -1.99708
9085 -2 -1.99708
9086 -2 -1.99708
9087 -2 -1.99708
9088 -2 -1.99708
9089 -2 -1.99708
9090 -2 -1.99708
9091 -1.98 -1.99708
9092 -1.98 -1.99707
9093 -2 -1.99707
9094 -2 -1.99707
9095 -2 -1.99707
9096 -2 -1.99707
9097 -2 -1.99708
9098 -2 -1.99708
9099 -2 -1.99708
9100 -2 -1.99708
9101 -2 -1.99708
9102 -2 -1.99708
9103 -2 -1.99708
9104 -2 -1.99708
9105 -1.98 -1.99708
9106 -2 -1.99708
9107 -1.98 -1.99707
9108 -2 -1.99707
9109 -2 -1.99707
9110 -2 -1.99707
9111 -2 -1.99708
9112 -2 -1.99708
9113 -1.98 -1.99707
9114 -1.98 -1.99707
9115 -2 -1.99707
9116 -2 -1.99707
9117 -2 -1.99707
9118 -2 -1.99707
9119 -2 -1.99707
9120 -2 -1.99707
9121 -2 -1.99707
9122 -2 -1.99707
9123 -1.98 -1.99707
9124 -1.98 -1.99707
9125 -2 -1.99707
9126 -2 -1.99707
9127 -2 -1.99707
9128 -2 -1.99707
9129 -2 -1.99707
9130 -2 -1.99707
9131 -2 -1.99707
9132 -2 -1.99707
9133 -2 -1.99707
9134 -2 -1.99707
9135 -2 -1.99707
9136 -2 -1.99707
9137 -2 -1.99707
9138 -2 -1.99708
9139 -2 -1.99708
9140 -2 -1.99708
9141 -2 -1.99708
9142 -2 -1.99708
9143 -2 -1.99708
9144 -2 -1.99708
9145 -2 -1.99708
9146 -2 -1.99708
9147 -2 -1.99708
9148 -2 -1.99708
9149 -2 -1.99708
9150 -2 -1.99708
9151 -2 -1.99708
9152 -2 -1.99708
9153 -2 -1.99708
9154 -1.98 -1.99708
9155 -2 -1.99708
9156 -2 -1.99708
9157 -2 -1.99708
9158 -2 -1.99708
9159 -2 -1.99708
9160 -2 -1.99708
9161 -2 -1.99708
9162 -2 -1.99708
9163 -2 -1.99708
9164 -2 -1.99708
9165 -2 -1.99708
9166 -2 -1.99708
9167 -2 -1.99708
9168 -2 -1.99708
9169 -1.98 -1.99708
9170 -2 -1.99708
9171 -2 -1.99708
9172 -1.98 -1.99708
9173 -2 -1.99708
9174 -2 -1.99708
9175 -2 -1.99708
9176 -2 -1.99708
9177 -2 -1.99708
9178 -1.98 -1.99708
9179 -1.96 -1.99708
9180 -1.96 -1.99707
9181 -1.96 -1.99707
9182 -2 -1.99707
9183 -2 -1.99707
9184 -2 -1.99707
9185 -2 -1.99707
9186 -2 -1.99707
9187 -2 -1.99707
9188 -2 -1.99707
9189 -2 -1.99707
9190 -2 -1.99707
9191 -2 -1.99707
9192 -2 -1.99707
9193 -2 -1.99707
9194 -2 -1.99707
9195 -2 -1.99707
9196 -2 -1.99707
9197 -2 -1.99707
9198 -2 -1.99707
9199 -2 -1.99707
9200 -2 -1.99707
9201 -2 -1.99707
9202 -2 -1.99707
9203 -2 -1.99707
9204 -2 -1.99707
9205 -2 -1.99707
9206 -2 -1.99708
9207 -2 -1.99708
9208 -2 -1.99708
9209 -2 -1.99708
9210 -2 -1.99708
9211 -2 -1.99708
9212 -2 -1.99708
9213 -2 -1.99708
9214 -2 -1.99708
9215 -2 -1.99708
9216 -2 -1.99708
9217 -2 -1.99708
9218 -1.98 -1.99708
9219 -1.98 -1.99707
9220 -2 -1.99708
9221 -2 -1.99708
9222 -2 -1.99708
9223 -2 -1.99708
9224 -2 -1.99708
9225 -2 -1.99708
9226 -2 -1.99708
9227 -2 -1.99708
9228 -2 -1.99708
9229 -2 -1.99708
9230 -2 -1.99708
9231 -2 -1.99708
9232 -2 -1.99708
9233 -2 -1.99708
9234 -2 -1.99708
9235 -2 -1.99708
9236 -2 -1.99708
9237 -2 -1.99708
9238 -2 -1.99708
9239 -2 -1.99708
9240 -2 -1.99708
9241 -2 -1.99708
9242 -2 -1.99708
9243 -2 -1.99708
9244 -2 -1.99708
9245 -1.98 -1.99708
9246 -2 -1.99708
9247 -2 -1.99708
9248 -2 -1.99708
9249 -2 -1.99708
9250 -2 -1.99708
9251 -2 -1.99708
9252 -2 -1.99708
9253 -2 -1.99708
9254 -2 -1.99708
9255 -2 -1.99708
9256 -2 -1.99708
9257 -2 -1.99708
9258 -2 -1.99708
9259 -2 -1.99709
9260 -2 -1.99709
9261 -2 -1.99709
9262 -2 -1.99709
9263 -2 -1.99709
9264 -2 -1.99709
9265 -2 -1.99709
9266 -2 -1.99709
9267 -2 -1.99709
9268 -2 -1.99709
9269 -2 -1.99709
9270 -2 -1.99709
9271 -2 -1.99709
9272 -2 -1.99709
9273 -2 -1.99709
9274 -2 -1.99709
9275 -2 -1.99709
9276 -2 -1.99709
9277 -2 -1.99709
9278 -2 -1.99709
9279 -2 -1.99709
9280 -2 -1.99709
9281 -2 -1.99709
9282 -2 -1.99709
9283 -2 -1.99709
9284 -2 -1.99709
9285 -2 -1.99709
9286 -2 -1.99709
9287 -2 -1.99709
9288 -2 -1.99709
9289 -2 -1.99709
9290 -2 -1.9971
9291 -2 -1.9971
9292 -2 -1.9971
9293 -2 -1.9971
9294 -2 -1.9971
9295 -2 -1.9971
9296 -2 -1.9971
9297 -2 -1.9971
9298 -2 -1.9971
9299 -2 -1.9971
9300 -2 -1.9971
9301 -2 -1.9971
9302 -2 -1.9971
9303 -2 -1.9971
9304 -2 -1.9971
9305 -2 -1.9971
9306 -2 -1.9971
9307 -2 -1.9971
9308 -2 -1.9971
9309 -2 -1.9971
9310 -1.98 -1.9971
9311 -1.96 -1.9971
9312 -2 -1.9971
9313 -2 -1.9971
9314 -2 -1.9971
9315 -2 -1.9971
9316 -2 -1.9971
9317 -2 -1.9971
9318 -2 -1.9971
9319 -2 -1.9971
9320 -2 -1.9971
9321 -2 -1.9971
9322 -2 -1.9971
9323 -2 -1.9971
9324 -2 -1.9971
9325 -2 -1.9971
9326 -2 -1.9971
9327 -2 -1.9971
9328 -2 -1.9971
9329 -2 -1.9971
9330 -2 -1.9971
9331 -2 -1.9971
9332 -1.98 -1.9971
9333 -2 -1.9971
9334 -2 -1.9971
9335 -2 -1.9971
9336 -1.98 -1.9971
9337 -2 -1.9971
9338 -2 -1.9971
9339 -2 -1.9971
9340 -2 -1.9971
9341 -2 -1.9971
9342 -2 -1.9971
9343 -2 -1.9971
9344 -2 -1.9971
9345 -2 -1.9971
9346 -2 -1.9971
9347 -1.98 -1.9971
9348 -2 -1.9971
9349 -2 -1.9971
9350 -2 -1.9971
9351 -2 -1.9971
9352 -2 -1.9971
9353 -1.98 -1.9971
9354 -1.98 -1.9971
9355 -2 -1.9971
9356 -2 -1.9971
9357 -2 -1.9971
9358 -2 -1.9971
9359 -2 -1.9971
9360 -2 -1.9971
9361 -2 -1.9971
9362 -2 -1.9971
9363 -2 -1.9971
9364 -2 -1.9971
9365 -2 -1.9971
9366 -2 -1.9971
9367 -2 -1.9971
9368 -1.98 -1.9971
9369 -1.98 -1.9971
9370 -1.98 -1.9971
9371 -2 -1.9971
9372 -2 -1.9971
9373 -2 -1.9971
9374 -2 -1.9971
9375 -2 -1.9971
9376 -2 -1.9971
9377 -2 -1.9971
9378 -2 -1.9971
9379 -2 -1.9971
9380 -2 -1.9971
9381 -2 -1.9971
9382 -2 -1.9971
9383 -2 -1.9971
9384 -2 -1.9971
9385 -2 -1.9971
9386 -2 -1.9971
9387 -2 -1.9971
9388 -1.98 -1.9971
9389 -2 -1.9971
9390 -2 -1.9971
9391 -2 -1.9971
9392 -2 -1.9971
9393 -2 -1.9971
9394 -2 -1.9971
9395 -2 -1.9971
9396 -2 -1.9971
9397 -2 -1.9971
9398 -2 -1.9971
9399 -2 -1.9971
9400 -2 -1.9971
9401 -2 -1.9971
9402 -2 -1.9971
9403 -2 -1.9971
9404 -2 -1.9971
9405 -2 -1.99711
9406 -2 -1.99711
9407 -2 -1.99711
9408 -2 -1.99711
9409 -2 -1.99711
9410 -2 -1.99711
9411 -2 -1.99711
9412 -2 -1.99711
9413 -2 -1.99711
9414 -2 -1.99711
9415 -2 -1.99711
9416 -2 -1.99711
9417 -2 -1.99711
9418 -2 -1.99711
9419 -2 -1.99711
9420 -2 -1.99711
9421 -1.98 -1.99711
9422 -2 -1.99711
9423 -2 -1.99711
9424 -1.98 -1.99711
9425 -2 -1.99711
9426 -2 -1.99711
9427 -2 -1.99711
9428 -2 -1.99711
9429 -2 -1.99711
9430 -2 -1.99711
9431 -1.98 -1.99711
9432 -1.98 -1.9971
9433 -2 -1.99711
9434 -2 -1.99711
9435 -2 -1.99711
9436 -2 -1.99711
9437 -2 -1.99711
9438 -2 -1.99711
9439 -1.98 -1.9971
9440 -2 -1.99711
9441 -2 -1.99711
9442 -2 -1.99711
9443 -2 -1.99711
9444 -2 -1.99711
9445 -2 -1.99711
9446 -2 -1.99711
9447 -2 -1.99711
9448 -2 -1.99711
9449 -2 -1.99711
9450 -2 -1.99711
9451 -2 -1.99711
9452 -2 -1.99711
9453 -2 -1.99711
9454 -2 -1.99711
9455 -2 -1.99711
9456 -2 -1.99711
9457 -1.98 -1.99711
9458 -2 -1.99711
9459 -2 -1.99711
9460 -2 -1.99711
9461 -2 -1.99711
9462 -2 -1.99711
9463 -1.98 -1.99711
9464 -2 -1.99711
9465 -2 -1.99711
9466 -2 -1.99711
9467 -2 -1.99711
9468 -2 -1.99711
9469 -2 -1.99711
9470 -1.98 -1.99711
9471 -2 -1.99711
9472 -2 -1.99711
9473 -2 -1.99711
9474 -2 -1.99711
9475 -2 -1.99711
9476 -2 -1.99711
9477 -2 -1.99711
9478 -2 -1.99711
9479 -1.98 -1.99711
9480 -2 -1.99711
9481 -2 -1.99711
9482 -2 -1.99711
9483 -2 -1.99711
9484 -2 -1.99711
9485 -2 -1.99711
9486 -2 -1.99711
9487 -2 -1.99711
9488 -2 -1.99711
9489 -2 -1.99711
9490 -2 -1.99711
9491 -2 -1.99711
9492 -2 -1.99711
9493 -2 -1.99711
9494 -2 -1.99711
9495 -2 -1.99711
9496 -2 -1.99711
9497 -2 -1.99711
9498 -2 -1.99711
9499 -2 -1.99711
9500 -2 -1.99712
9501 -2 -1.99712
9502 -2 -1.99712
9503 -2 -1.99712
9504 -2 -1.99712
9505 -2 -1.99712
9506 -2 -1.99712
9507 -2 -1.99712
9508 -2 -1.99712
9509 -2 -1.99712
9510 -1.98 -1.99712
9511 -2 -1.99712
9512 -2 -1.99712
9513 -2 -1.99712
9514 -2 -1.99712
9515 -2 -1.99712
9516 -2 -1.99712
9517 -2 -1.99712
9518 -2 -1.99712
9519 -2 -1.99712
9520 -2 -1.99712
9521 -2 -1.99712
9522 -2 -1.99712
9523 -2 -1.99712
9524 -2 -1.99712
9525 -2 -1.99712
9526 -2 -1.99712
9527 -2 -1.99712
9528 -2 -1.99712
9529 -2 -1.99712
9530 -2 -1.99712
9531 -2 -1.99712
9532 -2 -1.99712
9533 -2 -1.99712
9534 -2 -1.99712
9535 -2 -1.99712
9536 -2 -1.99712
9537 -1.98 -1.99712
9538 -2 -1.99712
9539 -2 -1.99712
9540 -2 -1.99712
9541 -1.98 -1.99712
9542 -2 -1.99712
9543 -2 -1.99712
9544 -2 -1.99712
9545 -2 -1.99712
9546 -2 -1.99712
9547 -2 -1.99712
9548 -2 -1.99712
9549 -2 -1.99712
9550 -2 -1.99712
9551 -2 -1.99712
9552 -2 -1.99712
9553 -1.98 -1.99712
9554 -1.98 -1.99712
9555 -1.98 -1.99712
9556 -1.98 -1.99712
9557 -2 -1.99712
9558 -2 -1.99712
9559 -2 -1.99712
9560 -2 -1.99712
9561 -2 -1.99712
9562 -2 -1.99712
9563 -1.98 -1.99712
9564 -2 -1.99712
9565 -2 -1.99712
9566 -2 -1.99712
9567 -2 -1.99712
9568 -2 -1.99712
9569 -2 -1.99712
9570 -2 -1.99712
9571 -2 -1.99712
9572 -2 -1.99712
9573 -2 -1.99712
9574 -2 -1.99712
9575 -2 -1.99712
9576 -2 -1.99712
9577 -2 -1.99712
9578 -2 -1.99712
9579 -2 -1.99712
9580 -2 -1.99712
9581 -2 -1.99712
9582 -1.98 -1.99712
9583 -2 -1.99712
9584 -2 -1.99712
9585 -2 -1.99712
9586 -2 -1.99712
9587 -2 -1.99712
9588 -2 -1.99712
9589 -2 -1.99712
9590 -2 -1.99712
9591 -2 -1.99712
9592 -2 -1.99712
9593 -2 -1.99712
9594 -2 -1.99712
9595 -2 -1.99712
9596 -2 -1.99713
9597 -2 -1.99713
9598 -2 -1.99713
9599 -2 -1.99713
9600 -2 -1.99713
9601 -2 -1.99713
9602 -2 -1.99713
9603 -2 -1.99713
9604 -2 -1.99713
9605 -2 -1.99713
9606 -2 -1.99713
9607 -2 -1.99713
9608 -2 -1.99713
9609 -2 -1.99713
9610 -2 -1.99713
9611 -1.98 -1.99713
9612 -1.98 -1.99713
9613 -2 -1.99713
9614 -2 -1.99713
9615 -2 -1.99713
9616 -2 -1.99713
9617 -2 -1.99713
9618 -1.98 -1.99713
9619 -2 -1.99713
9620 -2 -1.99713
9621 -2 -1.99713
9622 -2 -1.99713
9623 -2 -1.99713
9624 -2 -1.99713
9625 -2 -1.99713
9626 -2 -1.99713
9627 -2 -1.99713
9628 -2 -1.99713
9629 -2 -1.99713
9630 -2 -1.99713
9631 -1.98 -1.99713
9632 -2 -1.99713
9633 -2 -1.99713
9634 -2 -1.99713
9635 -2 -1.99713
9636 -2 -1.99713
9637 -2 -1.99713
9638 -2 -1.99713
9639 -2 -1.99713
9640 -2 -1.99713
9641 -2 -1.99713
9642 -2 -1.99713
9643 -2 -1.99713
9644 -2 -1.99713
9645 -2 -1.99713
9646 -2 -1.99713
9647 -2 -1.99713
9648 -2 -1.99713
9649 -2 -1.99713
9650 -2 -1.99713
9651 -2 -1.99713
9652 -2 -1.99713
9653 -2 -1.99713
9654 -2 -1.99713
9655 -2 -1.99713
9656 -2 -1.99713
9657 -2 -1.99714
9658 -2 -1.99714
9659 -2 -1.99714
9660 -2 -1.99714
9661 -2 -1.99714
9662 -2 -1.99714
9663 -2 -1.99714
9664 -1.98 -1.99714
9665 -2 -1.99714
9666 -2 -1.99714
9667 -2 -1.99714
9668 -2 -1.99714
9669 -1.98 -1.99713
9670 -1.98 -1.99713
9671 -1.98 -1.99713
9672 -1.98 -1.99713
9673 -2 -1.99713
9674 -2 -1.99713
9675 -2 -1.99713
9676 -2 -1.99713
9677 -2 -1.99713
9678 -2 -1.99713
9679 -2 -1.99713
9680 -1.98 -1.99713
9681 -1.98 -1.99713
9682 -2 -1.99713
9683 -2 -1.99713
9684 -2 -1.99713
9685 -1.98 -1.99713
9686 -2 -1.99713
9687 -2 -1.99713
9688 -2 -1.99713
9689 -2 -1.99713
9690 -2 -1.99713
9691 -1.98 -1.99713
9692 -1.98 -1.99712
9693 -2 -1.99713
9694 -1.98 -1.99712
9695 -2 -1.99712
9696 -2 -1.99712
9697 -2 -1.99712
9698 -2 -1.99712
9699 -2 -1.99712
9700 -2 -1.99713
9701 -1.98 -1.99712
9702 -2 -1.99712
9703 -2 -1.99712
9704 -2 -1.99712
9705 -2 -1.99712
9706 -2 -1.99712
9707 -2 -1.99713
9708 -2 -1.99713
9709 -2 -1.99713
9710 -2 -1.99713
9711 -2 -1.99713
9712 -2 -1.99713
9713 -2 -1.99713
9714 -2 -1.99713
9715 -2 -1.99713
9716 -2 -1.99713
9717 -1.98 -1.99713
9718 -2 -1.99713
9719 -2 -1.99713
9720 -2 -1.99713
9721 -2 -1.99713
9722 -2 -1.99713
9723 -2 -1.99713
9724 -2 -1.99713
9725 -2 -1.99713
9726 -2 -1.99713
9727 -2 -1.99713
9728 -2 -1.99713
9729 -2 -1.99713
9730 -2 -1.99713
9731 -2 -1.99713
9732 -2 -1.99713
9733 -2 -1.99713
9734 -2 -1.99713
9735 -2 -1.99713
9736 -2 -1.99713
9737 -2 -1.99713
9738 -2 -1.99713
9739 -2 -1.99713
9740 -2 -1.99713
9741 -2 -1.99713
9742 -2 -1.99713
9743 -2 -1.99713
9744 -2 -1.99713
9745 -2 -1.99713
9746 -2 -1.99713
9747 -2 -1.99713
9748 -2 -1.99714
9749 -2 -1.99714
9750 -2 -1.99714
9751 -2 -1.99714
9752 -2 -1.99714
9753 -2 -1.99714
9754 -2 -1.99714
9755 -2 -1.99714
9756 -2 -1.99714
9757 -2 -1.99714
9758 -2 -1.99714
9759 -2 -1.99714
9760 -2 -1.99714
9761 -2 -1.99714
9762 -2 -1.99714
9763 -2 -1.99714
9764 -2 -1.99714
9765 -2 -1.99714
9766 -2 -1.99714
9767 -2 -1.99714
9768 -2 -1.99714
9769 -2 -1.99714
9770 -2 -1.99714
9771 -2 -1.99714
9772 -2 -1.99714
9773 -2 -1.99714
9774 -2 -1.99714
9775 -2 -1.99714
9776 -2 -1.99714
9777 -2 -1.99714
9778 -2 -1.99714
9779 -2 -1.99714
9780 -2 -1.99714
9781 -2 -1.99714
9782 -2 -1.99715
9783 -2 -1.99715
9784 -2 -1.99715
9785 -2 -1.99715
9786 -2 -1.99715
9787 -2 -1.99715
9788 -2 -1.99715
9789 -2 -1.99715
9790 -2 -1.99715
9791 -2 -1.99715
9792 -2 -1.99715
9793 -2 -1.99715
9794 -2 -1.99715
9795 -1.98 -1.99715
9796 -1.98 -1.99715
9797 -1.97 -1.99714
9798 -1.97 -1.99714
9799 -1.96 -1.99714
9800 -1.98 -1.99713
9801 -1.98 -1.99713
9802 -2 -1.99713
9803 -2 -1.99713
9804 -2 -1.99713
9805 -2 -1.99713
9806 -2 -1.99713
9807 -2 -1.99713
9808 -2 -1.99713
9809 -2 -1.99713
9810 -2 -1.99713
9811 -2 -1.99714
9812 -2 -1.99714
9813 -2 -1.99714
9814 -2 -1.99714
9815 -2 -1.99714
9816 -2 -1.99714
9817 -2 -1.99714
9818 -2 -1.99714
9819 -1.98 -1.99714
9820 -2 -1.99714
9821 -1.98 -1.99713
9822 -2 -1.99713
9823 -2 -1.99713
9824 -2 -1.99713
9825 -1.98 -1.99713
9826 -1.98 -1.99713
9827 -2 -1.99713
9828 -2 -1.99713
9829 -2 -1.99713
9830 -2 -1.99713
9831 -2 -1.99713
9832 -2 -1.99713
9833 -2 -1.99713
9834 -2 -1.99713
9835 -1.98 -1.99713
9836 -1.96 -1.99713
9837 -1.98 -1.99713
9838 -1.98 -1.99712
9839 -2 -1.99712
9840 -2 -1.99713
9841 -2 -1.99713
9842 -2 -1.99713
9843 -2 -1.99713
9844 -2 -1.99713
9845 -2 -1.99713
9846 -2 -1.99713
9847 -2 -1.99713
9848 -2 -1.99713
9849 -2 -1.99713
9850 -2 -1.99713
9851 -2 -1.99713
9852 -2 -1.99713
9853 -2 -1.99713
9854 -1.98 -1.99713
9855 -1.98 -1.99713
9856 -2 -1.99713
9857 -2 -1.99713
9858 -2 -1.99713
9859 -2 -1.99713
9860 -2 -1.99713
9861 -2 -1.99713
9862 -2 -1.99713
9863 -2 -1.99713
9864 -2 -1.99713
9865 -2 -1.99713
9866 -2 -1.99713
9867 -2 -1.99713
9868 -2 -1.99713
9869 -2 -1.99713
9870 -2 -1.99713
9871 -2 -1.99713
9872 -1.98 -1.99713
9873 -2 -1.99713
9874 -2 -1.99713
9875 -2 -1.99713
9876 -2 -1.99713
9877 -2 -1.99713
9878 -2 -1.99713
9879 -2 -1.99713
9880 -2 -1.99713
9881 -1.98 -1.99713
9882 -1.98 -1.99713
9883 -2 -1.99713
9884 -2 -1.99713
9885 -2 -1.99713
9886 -2 -1.99713
9887 -2 -1.99713
9888 -2 -1.99713
9889 -1.98 -1.99713
9890 -1.98 -1.99713
9891 -2 -1.99713
9892 -2 -1.99713
9893 -2 -1.99713
9894 -2 -1.99713
9895 -2 -1.99713
9896 -2 -1.99713
9897 -2 -1.99713
9898 -2 -1.99713
9899 -2 -1.99713
9900 -2 -1.99713
9901 -2 -1.99713
9902 -2 -1.99713
9903 -2 -1.99713
9904 -2 -1.99713
9905 -2 -1.99713
9906 -2 -1.99713
9907 -1.98 -1.99713
9908 -2 -1.99713
9909 -2 -1.99713
9910 -2 -1.99713
9911 -2 -1.99713
9912 -2 -1.99713
9913 -1.98 -1.99713
9914 -2 -1.99713
9915 -2 -1.99713
9916 -2 -1.99713
9917 -2 -1.99713
9918 -1.98 -1.99713
9919 -1.98 -1.99713
9920 -2 -1.99713
9921 -2 -1.99713
9922 -2 -1.99713
9923 -2 -1.99713
9924 -2 -1.99713
9925 -2 -1.99713
9926 -2 -1.99713
9927 -2 -1.99713
9928 -2 -1.99713
9929 -2 -1.99713
9930 -2 -1.99713
9931 -2 -1.99713
9932 -1.98 -1.99713
9933 -2 -1.99713
9934 -2 -1.99713
9935 -2 -1.99713
9936 -2 -1.99713
9937 -2 -1.99713
9938 -2 -1.99713
9939 -2 -1.99713
9940 -2 -1.99713
9941 -2 -1.99713
9942 -2 -1.99713
9943 -2 -1.99713
9944 -2 -1.99713
9945 -1.98 -1.99713
9946 -2 -1.99713
9947 -2 -1.99713
9948 -2 -1.99713
9949 -2 -1.99713
9950 -1.98 -1.99713
9951 -1.98 -1.99713
9952 -2 -1.99713
9953 -2 -1.99713
9954 -2 -1.99713
9955 -2 -1.99713
9956 -2 -1.99713
9957 -2 -1.99713
9958 -1.98 -1.99713
9959 -1.98 -1.99713
9960 -1.98 -1.99712
9961 -2 -1.99712
9962 -2 -1.99712
9963 -2 -1.99712
9964 -2 -1.99712
9965 -2 -1.99713
9966 -2 -1.99713
9967 -1.98 -1.99712
9968 -2 -1.99712
9969 -2 -1.99712
9970 -2 -1.99712
9971 -2 -1.99712
9972 -2 -1.99713
9973 -2 -1.99713
9974 -2 -1.99713
9975 -2 -1.99713
9976 -2 -1.99713
9977 -2 -1.99713
9978 -2 -1.99713
9979 -2 -1.99713
9980 -2 -1.99713
9981 -2 -1.99713
9982 -2 -1.99713
9983 -2 -1.99713
9984 -2 -1.99713
9985 -2 -1.99713
9986 -2 -1.99713
9987 -2 -1.99713
9988 -2 -1.99713
9989 -2 -1.99713
9990 -2 -1.99713
9991 -2 -1.99713
9992 -2 -1.99713
9993 -1.98 -1.99713
9994 -2 -1.99713
9995 -2 -1.99713
9996 -1.96 -1.99713
9997 -2 -1.99713
9998 -2 -1.99713
9999 -2 -1.99713
10000 -2 -1.99713
10001 -2 -1.99713
10002 -2 -1.99713
10003 -2 -1.99713
10004 -1.98 -1.99713
10005 -2 -1.99713
10006 -2 -1.99713
10007 -2 -1.99713
10008 -2 -1.99713
10009 -2 -1.99713
10010 -2 -1.99713
10011 -1.98 -1.99713
10012 -2 -1.99713
10013 -2 -1.99713
10014 -2 -1.99713
10015 -2 -1.99713
10016 -1.98 -1.99713
10017 -2 -1.99713
10018 -1.98 -1.99712
10019 -2 -1.99712
10020 -2 -1.99713
10021 -2 -1.99713
10022 -2 -1.99713
10023 -2 -1.99713
10024 -1.98 -1.99712
10025 -2 -1.99712
10026 -2 -1.99712
10027 -2 -1.99713
10028 -2 -1.99713
10029 -2 -1.99713
10030 -2 -1.99713
10031 -2 -1.99713
10032 -2 -1.99713
10033 -2 -1.99713
10034 -2 -1.99713
10035 -2 -1.99713
10036 -2 -1.99713
10037 -2 -1.99713
10038 -2 -1.99713
10039 -2 -1.99713
10040 -2 -1.99713
10041 -2 -1.99713
10042 -2 -1.99713
10043 -2 -1.99713
10044 -2 -1.99713
10045 -2 -1.99713
10046 -2 -1.99713
10047 -1.98 -1.99713
10048 -2 -1.99713
10049 -2 -1.99713
10050 -2 -1.99713
10051 -2 -1.99713
10052 -1.98 -1.99713
10053 -2 -1.99713
10054 -2 -1.99713
10055 -2 -1.99713
10056 -2 -1.99713
10057 -2 -1.99713
10058 -1.98 -1.99713
10059 -1.98 -1.99713
10060 -1.98 -1.99712
10061 -1.97 -1.99712
10062 -2 -1.99712
10063 -2 -1.99712
10064 -2 -1.99712
10065 -2 -1.99712
10066 -2 -1.99712
10067 -2 -1.99712
10068 -2 -1.99712
10069 -2 -1.99712
10070 -1.98 -1.99712
10071 -2 -1.99712
10072 -2 -1.99712
10073 -2 -1.99712
10074 -2 -1.99712
10075 -2 -1.99712
10076 -2 -1.99712
10077 -2 -1.99712
10078 -2 -1.99712
10079 -2 -1.99712
10080 -2 -1.99713
10081 -2 -1.99713
10082 -2 -1.99713
10083 -2 -1.99713
10084 -2 -1.99713
10085 -2 -1.99713
10086 -2 -1.99713
10087 -2 -1.99713
10088 -2 -1.99713
10089 -2 -1.99713
10090 -2 -1.99713
10091 -2 -1.99713
10092 -2 -1.99713
10093 -2 -1.99713
10094 -1.98 -1.99713
10095 -2 -1.99713
10096 -2 -1.99713
10097 -2 -1.99713
10098 -2 -1.99713
10099 -2 -1.99713
10100 -2 -1.99713
10101 -2 -1.99713
10102 -2 -1.99713
10103 -2 -1.99713
10104 -2 -1.99713
10105 -2 -1.99713
10106 -2 -1.99713
10107 -2 -1.99713
10108 -2 -1.99713
10109 -2 -1.99713
10110 -2 -1.99713
10111 -2 -1.99713
10112 -2 -1.99713
10113 -2 -1.99713
10114 -1.98 -1.99713
10115 -1.98 -1.99713
10116 -1.98 -1.99713
10117 -1.98 -1.99713
10118 -1.98 -1.99712
10119 -2 -1.99712
10120 -2 -1.99712
10121 -2 -1.99713
10122 -2 -1.99713
10123 -2 -1.99713
10124 -2 -1.99713
10125 -2 -1.99713
10126 -2 -1.99713
10127 -2 -1.99713
10128 -2 -1.99713
10129 -2 -1.99713
10130 -2 -1.99713
10131 -2 -1.99713
10132 -1.98 -1.99713
10133 -1.98 -1.99712
10134 -1.98 -1.99712
10135 -2 -1.99712
10136 -1.98 -1.99712
10137 -2 -1.99712
10138 -2 -1.99712
10139 -2 -1.99712
10140 -2 -1.99712
10141 -2 -1.99712
10142 -2 -1.99712
10143 -2 -1.99712
10144 -2 -1.99712
10145 -2 -1.99712
10146 -2 -1.99712
10147 -2 -1.99712
10148 -2 -1.99712
10149 -2 -1.99713
10150 -2 -1.99713
10151 -2 -1.99713
10152 -2 -1.99713
10153 -2 -1.99713
10154 -2 -1.99713
10155 -2 -1.99713
10156 -2 -1.99713
10157 -2 -1.99713
10158 -2 -1.99713
10159 -2 -1.99713
10160 -2 -1.99713
10161 -1.98 -1.99713
10162 -2 -1.99713
10163 -2 -1.99713
10164 -2 -1.99713
10165 -2 -1.99713
10166 -2 -1.99713
10167 -2 -1.99713
10168 -2 -1.99713
10169 -2 -1.99713
10170 -2 -1.99713
10171 -2 -1.99713
10172 -2 -1.99713
10173 -2 -1.99713
10174 -2 -1.99713
10175 -2 -1.99713
10176 -2 -1.99713
10177 -2 -1.99713
10178 -2 -1.99713
10179 -2 -1.99713
10180 -2 -1.99713
10181 -2 -1.99713
10182 -2 -1.99713
10183 -2 -1.99713
10184 -2 -1.99713
10185 -2 -1.99713
10186 -2 -1.99713
10187 -2 -1.99713
10188 -2 -1.99713
10189 -2 -1.99713
10190 -1.97 -1.99713
10191 -1.98 -1.99713
10192 -2 -1.99713
10193 -2 -1.99713
10194 -2 -1.99713
10195 -1.98 -1.99713
10196 -2 -1.99713
10197 -2 -1.99713
10198 -2 -1.99713
10199 -2 -1.99713
10200 -2 -1.99713
10201 -2 -1.99713
10202 -2 -1.99713
10203 -2 -1.99713
10204 -1.98 -1.99713
10205 -2 -1.99713
10206 -2 -1.99713
10207 -2 -1.99713
10208 -2 -1.99713
10209 -2 -1.99713
10210 -2 -1.99713
10211 -2 -1.99713
10212 -2 -1.99713
10213 -2 -1.99713
10214 -2 -1.99713
10215 -2 -1.99713
10216 -2 -1.99713
10217 -2 -1.99713
10218 -2 -1.99713
10219 -2 -1.99713
10220 -2 -1.99713
10221 -1.98 -1.99713
10222 -2 -1.99713
10223 -2 -1.99713
10224 -2 -1.99713
10225 -1.98 -1.99713
10226 -1.98 -1.99713
10227 -2 -1.99713
10228 -2 -1.99713
10229 -2 -1.99713
10230 -2 -1.99713
10231 -1.98 -1.99713
10232 -1.98 -1.99713
10233 -2 -1.99713
10234 -2 -1.99713
10235 -1.98 -1.99713
10236 -1.96 -1.99712
10237 -2 -1.99712
10238 -1.98 -1.99712
10239 -2 -1.99712
10240 -1.98 -1.99712
10241 -1.98 -1.99712
10242 -1.98 -1.99712
10243 -1.98 -1.99712
10244 -1.98 -1.99711
10245 -1.98 -1.99711
10246 -1.98 -1.99711
10247 -1.98 -1.99711
10248 -2 -1.99711
10249 -2 -1.99711
10250 -2 -1.99711
10251 -2 -1.99711
10252 -2 -1.99711
10253 -2 -1.99711
10254 -2 -1.99711
10255 -2 -1.99711
10256 -2 -1.99711
10257 -2 -1.99711
10258 -2 -1.99711
10259 -2 -1.99711
10260 -2 -1.99711
10261 -2 -1.99711
10262 -2 -1.99711
10263 -2 -1.99711
10264 -2 -1.99711
10265 -2 -1.99711
10266 -2 -1.99711
10267 -2 -1.99711
10268 -2 -1.99711
10269 -2 -1.99711
10270 -2 -1.99712
10271 -2 -1.99712
10272 -2 -1.99712
10273 -2 -1.99712
10274 -2 -1.99712
10275 -2 -1.99712
10276 -2 -1.99712
10277 -2 -1.99712
10278 -2 -1.99712
10279 -2 -1.99712
10280 -2 -1.99712
10281 -2 -1.99712
10282 -2 -1.99712
10283 -2 -1.99712
10284 -1.98 -1.99712
10285 -2 -1.99712
10286 -2 -1.99712
10287 -2 -1.99712
10288 -2 -1.99712
10289 -2 -1.99712
10290 -2 -1.99712
10291 -2 -1.99712
10292 -2 -1.99712
10293 -2 -1.99712
10294 -2 -1.99712
10295 -2 -1.99712
10296 -2 -1.99712
10297 -2 -1.99712
10298 -2 -1.99712
10299 -2 -1.99712
10300 -2 -1.99712
10301 -2 -1.99712
10302 -2 -1.99712
10303 -2 -1.99712
10304 -2 -1.99712
10305 -2 -1.99712
10306 -2 -1.99712
10307 -2 -1.99712
10308 -2 -1.99712
10309 -2 -1.99712
10310 -2 -1.99712
10311 -2 -1.99712
10312 -1.98 -1.99712
10313 -2 -1.99712
10314 -2 -1.99712
10315 -2 -1.99712
10316 -2 -1.99712
10317 -2 -1.99712
10318 -2 -1.99712
10319 -2 -1.99712
10320 -2 -1.99713
10321 -2 -1.99713
10322 -2 -1.99713
10323 -2 -1.99713
10324 -2 -1.99713
10325 -2 -1.99713
10326 -2 -1.99713
10327 -2 -1.99713
10328 -2 -1.99713
10329 -2 -1.99713
10330 -2 -1.99713
10331 -2 -1.99713
10332 -2 -1.99713
10333 -1.98 -1.99713
10334 -1.98 -1.99713
10335 -2 -1.99713
10336 -2 -1.99713
10337 -2 -1.99713
10338 -2 -1.99713
10339 -2 -1.99713
10340 -2 -1.99713
10341 -2 -1.99713
10342 -2 -1.99713
10343 -2 -1.99713
10344 -1.98 -1.99713
10345 -1.98 -1.99712
10346 -2 -1.99712
10347 -1.98 -1.99712
10348 -1.98 -1.99712
10349 -1.98 -1.99712
10350 -2 -1.99712
10351 -2 -1.99712
10352 -2 -1.99712
10353 -2 -1.99712
10354 -2 -1.99712
10355 -2 -1.99712
10356 -2 -1.99712
10357 -2 -1.99712
10358 -2 -1.99712
10359 -2 -1.99712
10360 -2 -1.99712
10361 -2 -1.99712
10362 -2 -1.99712
10363 -2 -1.99712
10364 -2 -1.99712
10365 -2 -1.99712
10366 -2 -1.99712
10367 -2 -1.99712
10368 -2 -1.99713
10369 -2 -1.99713
10370 -2 -1.99713
10371 -2 -1.99713
10372 -2 -1.99713
10373 -2 -1.99713
10374 -2 -1.99713
10375 -2 -1.99713
10376 -1.98 -1.99713
10377 -2 -1.99713
10378 -2 -1.99713
10379 -2 -1.99713
10380 -2 -1.99713
10381 -2 -1.99713
10382 -1.98 -1.99713
10383 -1.98 -1.99712
10384 -1.98 -1.99712
10385 -2 -1.99712
10386 -2 -1.99712
10387 -2 -1.99712
10388 -2 -1.99712
10389 -2 -1.99712
10390 -2 -1.99712
10391 -2 -1.99712
10392 -2 -1.99712
10393 -2 -1.99712
10394 -2 -1.99712
10395 -2 -1.99712
10396 -1.98 -1.99712
10397 -2 -1.99712
10398 -2 -1.99712
10399 -2 -1.99712
10400 -1.98 -1.99712
10401 -1.98 -1.99712
10402 -2 -1.99712
10403 -2 -1.99712
10404 -2 -1.99712
10405 -2 -1.99712
10406 -2 -1.99712
10407 -2 -1.99712
10408 -1.98 -1.99712
10409 -1.98 -1.99712
10410 -1.98 -1.99712
10411 -2 -1.99712
10412 -2 -1.99712
10413 -1.98 -1.99712
10414 -2 -1.99712
10415 -1.98 -1.99712
10416 -2 -1.99712
10417 -2 -1.99712
10418 -2 -1.99712
10419 -2 -1.99712
10420 -2 -1.99712
10421 -2 -1.99712
10422 -1.98 -1.99712
10423 -1.98 -1.99711
10424 -2 -1.99711
10425 -2 -1.99711
10426 -2 -1.99711
10427 -2 -1.99711
10428 -2 -1.99711
10429 -2 -1.99712
10430 -2 -1.99712
10431 -2 -1.99712
10432 -1.98 -1.99711
10433 -1.98 -1.99711
10434 -2 -1.99711
10435 -2 -1.99711
10436 -2 -1.99711
10437 -2 -1.99711
10438 -1.98 -1.99711
10439 -1.98 -1.99711
10440 -1.98 -1.99711
10441 -1.98 -1.99711
10442 -2 -1.99711
10443 -2 -1.99711
10444 -2 -1.99711
10445 -2 -1.99711
10446 -2 -1.99711
10447 -1.98 -1.99711
10448 -1.98 -1.9971
10449 -2 -1.99711
10450 -2 -1.99711
10451 -2 -1.99711
10452 -2 -1.99711
10453 -2 -1.99711
10454 -2 -1.99711
10455 -1.98 -1.99711
10456 -2 -1.99711
10457 -2 -1.99711
10458 -2 -1.99711
10459 -1.96 -1.9971
10460 -1.98 -1.9971
10461 -2 -1.9971
10462 -2 -1.9971
10463 -2 -1.9971
10464 -2 -1.9971
10465 -2 -1.9971
10466 -2 -1.9971
10467 -2 -1.9971
10468 -2 -1.9971
10469 -2 -1.9971
10470 -2 -1.9971
10471 -2 -1.9971
10472 -2 -1.9971
10473 -1.98 -1.9971
10474 -1.98 -1.9971
10475 -2 -1.9971
10476 -2 -1.9971
10477 -2 -1.9971
10478 -2 -1.9971
10479 -2 -1.9971
10480 -2 -1.9971
10481 -2 -1.9971
10482 -2 -1.9971
10483 -2 -1.9971
10484 -2 -1.9971
10485 -2 -1.9971
10486 -2 -1.9971
10487 -2 -1.9971
10488 -1.98 -1.9971
10489 -2 -1.9971
10490 -2 -1.9971
10491 -2 -1.9971
10492 -2 -1.9971
10493 -2 -1.9971
10494 -2 -1.9971
10495 -2 -1.9971
10496 -2 -1.9971
10497 -2 -1.99711
10498 -2 -1.99711
10499 -2 -1.99711
10500 -2 -1.99711
10501 -2 -1.99711
10502 -2 -1.99711
10503 -2 -1.99711
10504 -2 -1.99711
10505 -2 -1.99711
10506 -2 -1.99711
10507 -1.96 -1.9971
10508 -2 -1.9971
10509 -2 -1.9971
10510 -1.98 -1.9971
10511 -2 -1.9971
10512 -2 -1.9971
10513 -2 -1.9971
10514 -2 -1.9971
10515 -2 -1.9971
10516 -2 -1.9971
10517 -2 -1.9971
10518 -2 -1.99711
10519 -2 -1.99711
10520 -2 -1.99711
10521 -2 -1.99711
10522 -2 -1.99711
10523 -2 -1.99711
10524 -2 -1.99711
10525 -2 -1.99711
10526 -2 -1.99711
10527 -2 -1.99711
10528 -2 -1.99711
10529 -1.98 -1.99711
10530 -2 -1.99711
10531 -1.98 -1.99711
10532 -1.98 -1.9971
10533 -2 -1.9971
10534 -2 -1.9971
10535 -2 -1.9971
10536 -2 -1.9971
10537 -2 -1.9971
10538 -2 -1.99711
10539 -2 -1.99711
10540 -2 -1.99711
10541 -2 -1.99711
10542 -2 -1.99711
10543 -1.98 -1.9971
10544 -2 -1.9971
10545 -2 -1.99711
10546 -2 -1.99711
10547 -2 -1.99711
10548 -2 -1.99711
10549 -2 -1.99711
10550 -2 -1.99711
10551 -2 -1.99711
10552 -2 -1.99711
10553 -2 -1.99711
10554 -2 -1.99711
10555 -2 -1.99711
10556 -2 -1.99711
10557 -2 -1.99711
10558 -2 -1.99711
10559 -2 -1.99711
10560 -2 -1.99711
10561 -2 -1.99711
10562 -2 -1.99711
10563 -2 -1.99711
10564 -2 -1.99711
10565 -2 -1.99711
10566 -2 -1.99711
10567 -2 -1.99711
10568 -2 -1.99711
10569 -2 -1.99711
10570 -2 -1.99711
10571 -2 -1.99711
10572 -2 -1.99711
10573 -2 -1.99711
10574 -2 -1.99711
10575 -1.98 -1.99711
10576 -2 -1.99711
10577 -2 -1.99711
10578 -2 -1.99711
10579 -2 -1.99711
10580 -1.98 -1.99711
10581 -2 -1.99711
10582 -2 -1.99711
10583 -2 -1.99711
10584 -2 -1.99711
10585 -2 -1.99711
10586 -2 -1.99711
10587 -2 -1.99711
10588 -2 -1.99711
10589 -2 -1.99711
10590 -2 -1.99711
10591 -2 -1.99711
10592 -2 -1.99711
10593 -2 -1.99711
10594 -2 -1.99711
10595 -2 -1.99711
10596 -2 -1.99712
10597 -1.96 -1.99711
10598 -2 -1.99711
10599 -2 -1.99711
10600 -2 -1.99711
10601 -2 -1.99711
10602 -2 -1.99711
10603 -2 -1.99711
10604 -2 -1.99711
10605 -2 -1.99711
10606 -2 -1.99711
10607 -2 -1.99711
10608 -2 -1.99711
10609 -2 -1.99711
10610 -2 -1.99712
10611 -2 -1.99712
10612 -2 -1.99712
10613 -2 -1.99712
10614 -2 -1.99712
10615 -2 -1.99712
10616 -2 -1.99712
10617 -2 -1.99712
10618 -2 -1.99712
10619 -2 -1.99712
10620 -2 -1.99712
10621 -2 -1.99712
10622 -2 -1.99712
10623 -2 -1.99712
10624 -2 -1.99712
10625 -2 -1.99712
10626 -2 -1.99712
10627 -2 -1.99712
10628 -1.98 -1.99712
10629 -1.96 -1.99711
10630 -1.98 -1.99711
10631 -2 -1.99711
10632 -2 -1.99711
10633 -2 -1.99711
10634 -2 -1.99711
10635 -2 -1.99711
10636 -2 -1.99711
10637 -2 -1.99712
10638 -2 -1.99712
10639 -2 -1.99712
10640 -2 -1.99712
10641 -2 -1.99712
10642 -2 -1.99712
10643 -2 -1.99712
10644 -2 -1.99712
10645 -2 -1.99712
10646 -2 -1.99712
10647 -2 -1.99712
10648 -2 -1.99712
10649 -2 -1.99712
10650 -2 -1.99712
10651 -2 -1.99712
10652 -2 -1.99712
10653 -2 -1.99712
10654 -2 -1.99712
10655 -2 -1.99712
10656 -2 -1.99712
10657 -2 -1.99712
10658 -2 -1.99712
10659 -2 -1.99712
10660 -2 -1.99712
10661 -2 -1.99712
10662 -2 -1.99712
10663 -2 -1.99712
10664 -2 -1.99712
10665 -2 -1.99712
10666 -2 -1.99712
10667 -2 -1.99712
10668 -1.97 -1.99712
10669 -1.97 -1.99712
10670 -1.98 -1.99712
10671 -1.96 -1.99711
10672 -1.98 -1.99711
10673 -1.98 -1.99711
10674 -2 -1.99711
10675 -2 -1.99711
10676 -2 -1.99711
10677 -2 -1.99711
10678 -1.98 -1.99711
10679 -2 -1.99711
10680 -2 -1.99711
10681 -2 -1.99711
10682 -2 -1.99711
10683 -1.98 -1.99711
10684 -2 -1.99711
10685 -2 -1.99711
10686 -2 -1.99711
10687 -2 -1.99711
10688 -2 -1.99711
10689 -1.98 -1.99711
10690 -1.98 -1.99711
10691 -1.98 -1.99711
10692 -2 -1.99711
10693 -2 -1.99711
10694 -2 -1.99711
10695 -2 -1.99711
10696 -2 -1.99711
10697 -2 -1.99711
10698 -2 -1.99711
10699 -2 -1.99711
10700 -1.98 -1.99711
10701 -2 -1.99711
10702 -2 -1.99711
10703 -2 -1.99711
10704 -2 -1.99711
10705 -2 -1.99711
10706 -2 -1.99711
10707 -2 -1.99711
10708 -2 -1.99711
10709 -2 -1.99711
10710 -2 -1.99711
10711 -2 -1.99711
10712 -1.98 -1.99711
10713 -1.98 -1.99711
10714 -2 -1.99711
10715 -2 -1.99711
10716 -2 -1.99711
10717 -2 -1.99711
10718 -2 -1.99711
10719 -2 -1.99711
10720 -2 -1.99711
10721 -2 -1.99711
10722 -2 -1.99711
10723 -1.98 -1.99711
10724 -1.96 -1.9971
10725 -1.98 -1.9971
10726 -2 -1.9971
10727 -2 -1.9971
10728 -2 -1.9971
10729 -2 -1.9971
10730 -1.98 -1.9971
10731 -2 -1.9971
10732 -1.98 -1.9971
10733 -2 -1.9971
10734 -1.98 -1.9971
10735 -2 -1.9971
10736 -2 -1.9971
10737 -2 -1.9971
10738 -2 -1.9971
10739 -1.98 -1.9971
10740 -2 -1.9971
10741 -2 -1.9971
10742 -2 -1.9971
10743 -1.98 -1.9971
10744 -1.98 -1.9971
10745 -1.96 -1.99709
10746 -1.98 -1.99709
10747 -1.98 -1.99709
10748 -1.98 -1.99709
10749 -2 -1.99709
10750 -2 -1.99709
10751 -2 -1.99709
10752 -2 -1.99709
10753 -2 -1.99709
10754 -2 -1.99709
10755 -2 -1.99709
10756 -2 -1.99709
10757 -2 -1.99709
10758 -2 -1.99709
10759 -2 -1.99709
10760 -2 -1.99709
10761 -2 -1.99709
10762 -2 -1.99709
10763 -2 -1.99709
10764 -2 -1.99709
10765 -2 -1.99709
10766 -2 -1.99709
10767 -1.98 -1.99709
10768 -1.98 -1.99709
10769 -1.98 -1.99709
10770 -2 -1.99709
10771 -2 -1.99709
10772 -2 -1.99709
10773 -1.98 -1.99709
10774 -2 -1.99709
10775 -2 -1.99709
10776 -2 -1.99709
10777 -2 -1.99709
10778 -2 -1.99709
10779 -2 -1.99709
10780 -2 -1.99709
10781 -2 -1.99709
10782 -2 -1.99709
10783 -2 -1.99709
10784 -2 -1.99709
10785 -1.98 -1.99709
10786 -1.96 -1.99708
10787 -2 -1.99708
10788 -2 -1.99708
10789 -2 -1.99709
10790 -2 -1.99709
10791 -2 -1.99709
10792 -2 -1.99709
10793 -2 -1.99709
10794 -2 -1.99709
10795 -2 -1.99709
10796 -2 -1.99709
10797 -2 -1.99709
10798 -1.98 -1.99709
10799 -1.97 -1.99708
10800 -2 -1.99708
10801 -2 -1.99708
10802 -1.98 -1.99708
10803 -2 -1.99708
10804 -2 -1.99708
10805 -2 -1.99708
10806 -2 -1.99708
10807 -2 -1.99708
10808 -2 -1.99708
10809 -2 -1.99708
10810 -2 -1.99708
10811 -2 -1.99708
10812 -2 -1.99708
10813 -2 -1.99709
10814 -2 -1.99709
10815 -2 -1.99709
10816 -2 -1.99709
10817 -2 -1.99709
10818 -2 -1.99709
10819 -2 -1.99709
10820 -2 -1.99709
10821 -2 -1.99709
10822 -2 -1.99709
10823 -2 -1.99709
10824 -2 -1.99709
10825 -2 -1.99709
10826 -2 -1.99709
10827 -1.98 -1.99709
10828 -2 -1.99709
10829 -2 -1.99709
10830 -2 -1.99709
10831 -2 -1.99709
10832 -2 -1.99709
10833 -2 -1.99709
10834 -2 -1.99709
10835 -1.98 -1.99709
10836 -2 -1.99709
10837 -2 -1.99709
10838 -2 -1.99709
10839 -2 -1.99709
10840 -2 -1.99709
10841 -2 -1.99709
10842 -2 -1.99709
10843 -2 -1.99709
10844 -2 -1.99709
10845 -2 -1.99709
10846 -2 -1.99709
10847 -2 -1.99709
10848 -2 -1.99709
10849 -2 -1.99709
10850 -2 -1.99709
10851 -2 -1.99709
10852 -2 -1.99709
10853 -2 -1.99709
10854 -2 -1.99709
10855 -2 -1.99709
10856 -2 -1.99709
10857 -2 -1.99709
10858 -2 -1.99709
10859 -1.98 -1.99709
10860 -1.98 -1.99709
10861 -1.98 -1.99709
10862 -2 -1.99709
10863 -2 -1.99709
10864 -2 -1.99709
10865 -2 -1.99709
10866 -2 -1.99709
10867 -2 -1.99709
10868 -2 -1.99709
10869 -2 -1.99709
10870 -2 -1.99709
10871 -2 -1.99709
10872 -2 -1.99709
10873 -2 -1.99709
10874 -2 -1.99709
10875 -2 -1.99709
10876 -2 -1.99709
10877 -2 -1.99709
10878 -2 -1.99709
10879 -2 -1.99709
10880 -2 -1.99709
10881 -2 -1.99709
10882 -2 -1.99709
10883 -2 -1.99709
10884 -2 -1.9971
10885 -2 -1.9971
10886 -2 -1.9971
10887 -2 -1.9971
10888 -2 -1.9971
10889 -2 -1.9971
10890 -2 -1.9971
10891 -2 -1.9971
10892 -1.98 -1.9971
10893 -1.98 -1.99709
10894 -1.98 -1.99709
10895 -2 -1.99709
10896 -2 -1.99709
10897 -2 -1.99709
10898 -1.98 -1.99709
10899 -2 -1.99709
10900 -2 -1.99709
10901 -2 -1.99709
10902 -1.98 -1.99709
10903 -1.98 -1.99709
10904 -2 -1.99709
10905 -2 -1.99709
10906 -2 -1.99709
10907 -2 -1.99709
10908 -2 -1.99709
10909 -2 -1.99709
10910 -2 -1.99709
10911 -2 -1.99709
10912 -2 -1.99709
10913 -1.98 -1.99709
10914 -1.98 -1.99709
10915 -2 -1.99709
10916 -2 -1.99709
10917 -2 -1.99709
10918 -2 -1.99709
10919 -2 -1.99709
10920 -2 -1.99709
10921 -2 -1.99709
10922 -1.98 -1.99709
10923 -1.98 -1.99709
10924 -2 -1.99709
10925 -2 -1.99709
10926 -2 -1.99709
10927 -2 -1.99709
10928 -1.98 -1.99709
10929 -2 -1.99709
10930 -2 -1.99709
10931 -2 -1.99709
10932 -2 -1.99709
10933 -2 -1.99709
10934 -2 -1.99709
10935 -2 -1.99709
10936 -1.98 -1.99709
10937 -2 -1.99709
10938 -2 -1.99709
10939 -2 -1.99709
10940 -2 -1.99709
10941 -2 -1.99709
10942 -2 -1.99709
10943 -2 -1.99709
10944 -2 -1.99709
10945 -2 -1.99709
10946 -2 -1.99709
10947 -1.98 -1.99709
10948 -2 -1.99709
10949 -2 -1.99709
10950 -2 -1.99709
10951 -2 -1.99709
10952 -2 -1.99709
10953 -2 -1.99709
10954 -2 -1.99709
10955 -1.98 -1.99709
10956 -1.98 -1.99709
10957 -2 -1.99709
10958 -2 -1.99709
10959 -2 -1.99709
10960 -2 -1.99709
10961 -2 -1.99709
10962 -2 -1.99709
10963 -1.98 -1.99709
10964 -1.98 -1.99709
10965 -1.98 -1.99708
10966 -2 -1.99708
10967 -2 -1.99708
10968 -2 -1.99708
10969 -2 -1.99708
10970 -2 -1.99709
10971 -2 -1.99709
10972 -2 -1.99709
10973 -2 -1.99709
10974 -2 -1.99709
10975 -2 -1.99709
10976 -2 -1.99709
10977 -2 -1.99709
10978 -2 -1.99709
10979 -2 -1.99709
10980 -2 -1.99709
10981 -2 -1.99709
10982 -2 -1.99709
10983 -2 -1.99709
10984 -2 -1.99709
10985 -2 -1.99709
10986 -2 -1.99709
10987 -2 -1.99709
10988 -2 -1.99709
10989 -2 -1.99709
10990 -2 -1.99709
10991 -1.98 -1.99709
10992 -2 -1.99709
10993 -1.98 -1.99709
10994 -1.98 -1.99709
10995 -2 -1.99709
10996 -2 -1.99709
10997 -2 -1.99709
10998 -1.98 -1.99709
10999 -2 -1.99709
11000 -2 -1.99709
11001 -2 -1.99709
11002 -2 -1.99709
11003 -2 -1.99709
11004 -2 -1.99709
11005 -2 -1.99709
11006 -2 -1.99709
11007 -2 -1.99709
11008 -1.98 -1.99709
11009 -2 -1.99709
11010 -2 -1.99709
11011 -2 -1.99709
11012 -2 -1.99709
11013 -2 -1.99709
11014 -2 -1.99709
11015 -2 -1.99709
11016 -1.98 -1.99709
11017 -1.98 -1.99708
11018 -1.96 -1.99708
11019 -1.98 -1.99708
11020 -1.98 -1.99708
11021 -1.98 -1.99708
11022 -2 -1.99708
11023 -2 -1.99708
11024 -2 -1.99708
11025 -2 -1.99708
11026 -2 -1.99708
11027 -2 -1.99708
11028 -2 -1.99708
11029 -2 -1.99708
11030 -2 -1.99708
11031 -2 -1.99708
11032 -2 -1.99708
11033 -2 -1.99708
11034 -2 -1.99708
11035 -2 -1.99708
11036 -2 -1.99708
11037 -2 -1.99708
11038 -2 -1.99708
11039 -2 -1.99708
11040 -2 -1.99708
11041 -2 -1.99708
11042 -2 -1.99708
11043 -2 -1.99708
11044 -2 -1.99708
11045 -2 -1.99708
11046 -2 -1.99708
11047 -2 -1.99708
11048 -2 -1.99708
11049 -2 -1.99708
11050 -2 -1.99708
11051 -2 -1.99708
11052 -2 -1.99708
11053 -2 -1.99709
11054 -2 -1.99709
11055 -1.98 -1.99708
11056 -2 -1.99708
11057 -2 -1.99708
11058 -2 -1.99708
11059 -2 -1.99708
11060 -2 -1.99709
11061 -2 -1.99709
11062 -2 -1.99709
11063 -2 -1.99709
11064 -2 -1.99709
11065 -1.98 -1.99708
11066 -2 -1.99709
11067 -2 -1.99709
11068 -2 -1.99709
11069 -1.98 -1.99708
11070 -1.98 -1.99708
11071 -2 -1.99708
11072 -1.98 -1.99708
11073 -1.98 -1.99708
11074 -2 -1.99708
11075 -2 -1.99708
11076 -2 -1.99708
11077 -2 -1.99708
11078 -2 -1.99708
11079 -2 -1.99708
11080 -2 -1.99708
11081 -2 -1.99708
11082 -2 -1.99708
11083 -2 -1.99708
11084 -2 -1.99708
11085 -2 -1.99708
11086 -2 -1.99708
11087 -2 -1.99708
11088 -2 -1.99708
11089 -2 -1.99708
11090 -2 -1.99708
11091 -2 -1.99708
11092 -2 -1.99708
11093 -2 -1.99708
11094 -2 -1.99709
11095 -1.98 -1.99708
11096 -1.98 -1.99708
11097 -2 -1.99708
11098 -2 -1.99708
11099 -2 -1.99708
11100 -2 -1.99708
11101 -2 -1.99708
11102 -2 -1.99708
11103 -2 -1.99708
11104 -2 -1.99708
11105 -2 -1.99708
11106 -2 -1.99708
11107 -2 -1.99708
11108 -1.98 -1.99708
11109 -1.98 -1.99708
11110 -2 -1.99708
11111 -2 -1.99708
11112 -1.96 -1.99708
11113 -1.96 -1.99708
11114 -2 -1.99708
11115 -2 -1.99708
11116 -2 -1.99708
11117 -2 -1.99708
11118 -2 -1.99708
11119 -2 -1.99708
11120 -2 -1.99708
11121 -2 -1.99708
11122 -2 -1.99708
11123 -2 -1.99708
11124 -2 -1.99708
11125 -2 -1.99708
11126 -2 -1.99708
11127 -2 -1.99708
11128 -2 -1.99708
11129 -2 -1.99708
11130 -2 -1.99708
11131 -2 -1.99708
11132 -1.98 -1.99708
11133 -1.98 -1.99708
11134 -1.98 -1.99708
11135 -2 -1.99708
11136 -2 -1.99708
11137 -2 -1.99708
11138 -2 -1.99708
11139 -2 -1.99708
11140 -2 -1.99708
11141 -2 -1.99708
11142 -2 -1.99708
11143 -2 -1.99708
11144 -1.98 -1.99708
11145 -2 -1.99708
11146 -2 -1.99708
11147 -2 -1.99708
11148 -2 -1.99708
11149 -2 -1.99708
11150 -2 -1.99708
11151 -2 -1.99708
11152 -2 -1.99708
11153 -2 -1.99708
11154 -2 -1.99708
11155 -2 -1.99708
11156 -2 -1.99708
11157 -2 -1.99708
11158 -2 -1.99708
11159 -2 -1.99708
11160 -2 -1.99708
11161 -2 -1.99708
11162 -2 -1.99708
11163 -2 -1.99708
11164 -1.98 -1.99708
11165 -1.98 -1.99708
11166 -2 -1.99708
11167 -2 -1.99708
11168 -2 -1.99708
11169 -2 -1.99708
11170 -2 -1.99708
11171 -2 -1.99708
11172 -2 -1.99708
11173 -2 -1.99708
11174 -2 -1.99708
11175 -2 -1.99708
11176 -2 -1.99708
11177 -2 -1.99708
11178 -2 -1.99708
11179 -2 -1.99708
11180 -2 -1.99708
11181 -2 -1.99708
11182 -2 -1.99708
11183 -1.98 -1.99708
11184 -1.96 -1.99708
11185 -2 -1.99708
11186 -2 -1.99708
11187 -2 -1.99708
11188 -2 -1.99708
11189 -2 -1.99708
11190 -2 -1.99708
11191 -2 -1.99708
11192 -2 -1.99708
11193 -2 -1.99708
11194 -2 -1.99708
11195 -2 -1.99708
11196 -1.98 -1.99708
11197 -2 -1.99708
11198 -2 -1.99708
11199 -2 -1.99708
11200 -2 -1.99708
11201 -2 -1.99708
11202 -2 -1.99708
11203 -2 -1.99708
11204 -2 -1.99708
11205 -2 -1.99708
11206 -2 -1.99708
11207 -2 -1.99708
11208 -2 -1.99708
11209 -2 -1.99708
11210 -2 -1.99708
11211 -1.98 -1.99708
11212 -2 -1.99708
11213 -2 -1.99708
11214 -1.98 -1.99708
11215 -2 -1.99708
11216 -2 -1.99708
11217 -2 -1.99708
11218 -2 -1.99708
11219 -2 -1.99708
11220 -2 -1.99708
11221 -2 -1.99708
11222 -2 -1.99708
11223 -2 -1.99708
11224 -1.98 -1.99708
11225 -2 -1.99708
11226 -2 -1.99708
11227 -2 -1.99708
11228 -2 -1.99708
11229 -2 -1.99708
11230 -2 -1.99708
11231 -2 -1.99708
11232 -2 -1.99708
11233 -2 -1.99708
11234 -2 -1.99708
11235 -2 -1.99708
11236 -2 -1.99708
11237 -1.98 -1.99708
11238 -2 -1.99708
11239 -2 -1.99708
11240 -2 -1.99708
11241 -2 -1.99708
11242 -2 -1.99708
11243 -2 -1.99708
11244 -2 -1.99708
11245 -2 -1.99709
11246 -2 -1.99709
11247 -2 -1.99709
11248 -2 -1.99709
11249 -2 -1.99709
11250 -2 -1.99709
11251 -2 -1.99709
11252 -2 -1.99709
11253 -2 -1.99709
11254 -2 -1.99709
11255 -2 -1.99709
11256 -2 -1.99709
11257 -2 -1.99709
11258 -2 -1.99709
11259 -1.98 -1.99709
11260 -2 -1.99709
11261 -2 -1.99709
11262 -2 -1.99709
11263 -2 -1.99709
11264 -2 -1.99709
11265 -2 -1.99709
11266 -1.98 -1.99709
11267 -2 -1.99709
11268 -2 -1.99709
11269 -2 -1.99709
11270 -2 -1.99709
11271 -2 -1.99709
11272 -2 -1.99709
11273 -2 -1.99709
11274 -2 -1.99709
11275 -2 -1.99709
11276 -2 -1.99709
11277 -2 -1.99709
11278 -2 -1.99709
11279 -2 -1.99709
11280 -2 -1.99709
11281 -2 -1.99709
11282 -2 -1.99709
11283 -2 -1.99709
11284 -1.98 -1.99709
11285 -1.98 -1.99709
11286 -2 -1.99709
11287 -2 -1.99709
11288 -2 -1.99709
11289 -2 -1.99709
11290 -2 -1.99709
11291 -2 -1.99709
11292 -2 -1.99709
11293 -2 -1.99709
11294 -2 -1.99709
11295 -2 -1.99709
11296 -2 -1.99709
11297 -2 -1.99709
11298 -2 -1.99709
11299 -2 -1.99709
11300 -2 -1.99709
11301 -1.98 -1.99709
11302 -1.98 -1.99709
11303 -2 -1.99709
11304 -2 -1.99709
11305 -2 -1.99709
11306 -1.98 -1.99709
11307 -1.96 -1.99709
11308 -2 -1.99709
11309 -1.98 -1.99708
11310 -2 -1.99708
11311 -2 -1.99708
11312 -2 -1.99708
11313 -2 -1.99709
11314 -2 -1.99709
11315 -2 -1.99709
11316 -2 -1.99709
11317 -2 -1.99709
11318 -2 -1.99709
11319 -2 -1.99709
11320 -2 -1.99709
11321 -2 -1.99709
11322 -2 -1.99709
11323 -2 -1.99709
11324 -2 -1.99709
11325 -2 -1.99709
11326 -2 -1.99709
11327 -2 -1.99709
11328 -2 -1.99709
11329 -2 -1.99709
11330 -2 -1.99709
11331 -2 -1.99709
11332 -2 -1.99709
11333 -2 -1.99709
11334 -2 -1.99709
11335 -2 -1.99709
11336 -2 -1.99709
11337 -2 -1.99709
11338 -2 -1.99709
11339 -2 -1.99709
11340 -2 -1.99709
11341 -1.98 -1.99709
11342 -1.98 -1.99709
11343 -1.98 -1.99709
11344 -2 -1.99709
11345 -2 -1.99709
11346 -2 -1.99709
11347 -2 -1.99709
11348 -2 -1.99709
11349 -2 -1.99709
11350 -2 -1.99709
11351 -2 -1.99709
11352 -2 -1.99709
11353 -2 -1.99709
11354 -2 -1.99709
11355 -2 -1.99709
11356 -2 -1.99709
11357 -2 -1.99709
11358 -2 -1.99709
11359 -2 -1.99709
11360 -2 -1.99709
11361 -2 -1.99709
11362 -2 -1.99709
11363 -2 -1.99709
11364 -2 -1.99709
11365 -2 -1.99709
11366 -2 -1.99709
11367 -2 -1.99709
11368 -2 -1.99709
11369 -2 -1.99709
11370 -2 -1.99709
11371 -2 -1.99709
11372 -2 -1.99709
11373 -2 -1.9971
11374 -2 -1.9971
11375 -2 -1.9971
11376 -2 -1.9971
11377 -2 -1.9971
11378 -2 -1.9971
11379 -1.98 -1.99709
11380 -1.98 -1.99709
11381 -1.98 -1.99709
11382 -1.96 -1.99709
11383 -1.98 -1.99709
11384 -1.95 -1.99708
11385 -2 -1.99708
11386 -2 -1.99708
11387 -2 -1.99708
11388 -2 -1.99708
11389 -2 -1.99708
11390 -2 -1.99708
11391 -2 -1.99708
11392 -2 -1.99709
11393 -2 -1.99709
11394 -2 -1.99709
11395 -2 -1.99709
11396 -1.98 -1.99708
11397 -1.98 -1.99708
11398 -1.98 -1.99708
11399 -2 -1.99708
11400 -2 -1.99708
11401 -2 -1.99708
11402 -2 -1.99708
11403 -2 -1.99708
11404 -2 -1.99708
11405 -2 -1.99708
11406 -2 -1.99708
11407 -2 -1.99708
11408 -2 -1.99708
11409 -2 -1.99708
11410 -2 -1.99708
11411 -2 -1.99708
11412 -2 -1.99708
11413 -2 -1.99709
11414 -1.98 -1.99708
11415 -2 -1.99708
11416 -2 -1.99708
11417 -2 -1.99708
11418 -2 -1.99708
11419 -1.98 -1.99708
11420 -1.98 -1.99708
11421 -2 -1.99708
11422 -2 -1.99708
11423 -2 -1.99708
11424 -2 -1.99708
11425 -1.98 -1.99708
11426 -2 -1.99708
11427 -1.98 -1.99708
11428 -1.98 -1.99708
11429 -1.98 -1.99708
11430 -2 -1.99708
11431 -2 -1.99708
11432 -2 -1.99708
11433 -2 -1.99708
11434 -2 -1.99708
11435 -2 -1.99708
11436 -2 -1.99708
11437 -2 -1.99708
11438 -2 -1.99708
11439 -2 -1.99708
11440 -2 -1.99708
11441 -2 -1.99708
11442 -1.98 -1.99708
11443 -1.98 -1.99708
11444 -2 -1.99708
11445 -2 -1.99708
11446 -2 -1.99708
11447 -2 -1.99708
11448 -2 -1.99708
11449 -2 -1.99708
11450 -2 -1.99708
11451 -2 -1.99708
11452 -2 -1.99708
11453 -2 -1.99708
11454 -2 -1.99708
11455 -2 -1.99708
11456 -2 -1.99708
11457 -2 -1.99708
11458 -2 -1.99708
11459 -2 -1.99708
11460 -2 -1.99708
11461 -2 -1.99708
11462 -2 -1.99708
11463 -2 -1.99708
11464 -2 -1.99708
11465 -2 -1.99708
11466 -2 -1.99708
11467 -2 -1.99708
11468 -2 -1.99708
11469 -2 -1.99708
11470 -2 -1.99708
11471 -2 -1.99708
11472 -2 -1.99708
11473 -2 -1.99708
11474 -2 -1.99708
11475 -2 -1.99709
11476 -2 -1.99709
11477 -2 -1.99709
11478 -2 -1.99709
11479 -2 -1.99709
11480 -2 -1.99709
11481 -2 -1.99709
11482 -2 -1.99709
11483 -2 -1.99709
11484 -2 -1.99709
11485 -2 -1.99709
11486 -2 -1.99709
11487 -1.96 -1.99708
11488 -2 -1.99709
11489 -2 -1.99709
11490 -2 -1.99709
11491 -2 -1.99709
11492 -2 -1.99709
11493 -2 -1.99709
11494 -2 -1.99709
11495 -2 -1.99709
11496 -2 -1.99709
11497 -2 -1.99709
11498 -2 -1.99709
11499 -2 -1.99709
11500 -1.98 -1.99709
11501 -2 -1.99709
11502 -2 -1.99709
11503 -2 -1.99709
11504 -2 -1.99709
11505 -2 -1.99709
11506 -2 -1.99709
11507 -2 -1.99709
11508 -1.98 -1.99709
11509 -1.98 -1.99709
11510 -1.98 -1.99708
11511 -1.94 -1.99708
11512 -1.98 -1.99708
11513 -2 -1.99708
11514 -2 -1.99708
11515 -2 -1.99708
11516 -2 -1.99708
11517 -2 -1.99708
11518 -2 -1.99708
11519 -2 -1.99708
11520 -2 -1.99708
11521 -2 -1.99708
11522 -2 -1.99708
11523 -2 -1.99708
11524 -2 -1.99708
11525 -2 -1.99708
11526 -2 -1.99708
11527 -2 -1.99708
11528 -2 -1.99708
11529 -2 -1.99708
11530 -2 -1.99708
11531 -2 -1.99708
11532 -2 -1.99708
11533 -2 -1.99708
11534 -2 -1.99708
11535 -1.98 -1.99708
11536 -2 -1.99708
11537 -1.98 -1.99708
11538 -2 -1.99708
11539 -2 -1.99708
11540 -2 -1.99708
11541 -2 -1.99708
11542 -2 -1.99708
11543 -2 -1.99708
11544 -2 -1.99708
11545 -1.98 -1.99708
11546 -2 -1.99708
11547 -2 -1.99708
11548 -2 -1.99708
11549 -2 -1.99708
11550 -2 -1.99708
11551 -1.98 -1.99708
11552 -1.98 -1.99708
11553 -1.98 -1.99708
11554 -2 -1.99708
11555 -2 -1.99708
11556 -2 -1.99708
11557 -2 -1.99708
11558 -2 -1.99708
11559 -2 -1.99708
11560 -2 -1.99708
11561 -2 -1.99708
11562 -2 -1.99708
11563 -2 -1.99708
11564 -2 -1.99708
11565 -2 -1.99708
11566 -2 -1.99708
11567 -2 -1.99708
11568 -2 -1.99708
11569 -2 -1.99708
11570 -2 -1.99708
11571 -2 -1.99708
11572 -2 -1.99708
11573 -2 -1.99708
11574 -2 -1.99708
11575 -2 -1.99708
11576 -2 -1.99708
11577 -2 -1.99708
11578 -2 -1.99708
11579 -2 -1.99708
11580 -2 -1.99708
11581 -2 -1.99708
11582 -1.98 -1.99708
11583 -2 -1.99708
11584 -2 -1.99708
11585 -2 -1.99708
11586 -2 -1.99708
11587 -2 -1.99708
11588 -1.98 -1.99708
11589 -2 -1.99708
11590 -2 -1.99708
11591 -2 -1.99708
11592 -2 -1.99708
11593 -2 -1.99708
11594 -2 -1.99708
11595 -2 -1.99708
11596 -2 -1.99708
11597 -1.98 -1.99708
11598 -2 -1.99708
11599 -2 -1.99708
11600 -2 -1.99708
11601 -2 -1.99708
11602 -2 -1.99708
11603 -2 -1.99708
11604 -2 -1.99708
11605 -2 -1.99709
11606 -1.98 -1.99708
11607 -2 -1.99708
11608 -1.98 -1.99708
11609 -2 -1.99708
11610 -2 -1.99708
11611 -2 -1.99708
11612 -2 -1.99708
11613 -1.98 -1.99708
11614 -1.98 -1.99708
11615 -1.98 -1.99708
11616 -2 -1.99708
11617 -2 -1.99708
11618 -2 -1.99708
11619 -2 -1.99708
11620 -2 -1.99708
11621 -2 -1.99708
11622 -2 -1.99708
11623 -2 -1.99708
11624 -2 -1.99708
11625 -2 -1.99708
11626 -2 -1.99708
11627 -2 -1.99708
11628 -2 -1.99708
11629 -2 -1.99708
11630 -2 -1.99708
11631 -2 -1.99708
11632 -2 -1.99708
11633 -1.98 -1.99708
11634 -1.98 -1.99708
11635 -1.98 -1.99708
11636 -2 -1.99708
11637 -2 -1.99708
11638 -2 -1.99708
11639 -1.98 -1.99708
11640 -1.96 -1.99707
11641 -2 -1.99708
11642 -2 -1.99708
11643 -2 -1.99708
11644 -2 -1.99708
11645 -2 -1.99708
11646 -2 -1.99708
11647 -2 -1.99708
11648 -1.98 -1.99708
11649 -1.98 -1.99707
11650 -2 -1.99707
11651 -2 -1.99707
11652 -2 -1.99707
11653 -2 -1.99707
11654 -2 -1.99708
11655 -2 -1.99708
11656 -2 -1.99708
11657 -2 -1.99708
11658 -2 -1.99708
11659 -2 -1.99708
11660 -2 -1.99708
11661 -2 -1.99708
11662 -2 -1.99708
11663 -2 -1.99708
11664 -2 -1.99708
11665 -2 -1.99708
11666 -2 -1.99708
11667 -2 -1.99708
11668 -2 -1.99708
11669 -2 -1.99708
11670 -1.98 -1.99708
11671 -2 -1.99708
11672 -2 -1.99708
11673 -2 -1.99708
11674 -2 -1.99708
11675 -2 -1.99708
11676 -2 -1.99708
11677 -2 -1.99708
11678 -1.98 -1.99708
11679 -2 -1.99708
11680 -2 -1.99708
11681 -2 -1.99708
11682 -2 -1.99708
11683 -2 -1.99708
11684 -2 -1.99708
11685 -2 -1.99708
11686 -2 -1.99708
11687 -2 -1.99708
11688 -2 -1.99708
11689 -2 -1.99708
11690 -2 -1.99708
11691 -2 -1.99708
11692 -2 -1.99708
11693 -2 -1.99708
11694 -1.98 -1.99708
11695 -1.98 -1.99708
11696 -1.98 -1.99708
11697 -1.98 -1.99708
11698 -1.98 -1.99707
11699 -1.98 -1.99707
11700 -1.98 -1.99707
11701 -2 -1.99707
11702 -2 -1.99707
11703 -2 -1.99707
11704 -2 -1.99707
11705 -1.98 -1.99707
11706 -1.98 -1.99707
11707 -1.98 -1.99707
11708 -2 -1.99707
11709 -2 -1.99707
11710 -2 -1.99707
11711 -2 -1.99707
11712 -1.98 -1.99707
11713 -1.98 -1.99707
11714 -2 -1.99707
11715 -2 -1.99707
11716 -2 -1.99707
11717 -2 -1.99707
11718 -2 -1.99707
11719 -2 -1.99707
11720 -2 -1.99707
11721 -2 -1.99707
11722 -2 -1.99707
11723 -2 -1.99707
11724 -2 -1.99707
11725 -2 -1.99707
11726 -2 -1.99707
11727 -2 -1.99707
11728 -2 -1.99707
11729 -2 -1.99707
11730 -2 -1.99707
11731 -2 -1.99707
11732 -2 -1.99707
11733 -2 -1.99707
11734 -2 -1.99707
11735 -2 -1.99707
11736 -2 -1.99707
11737 -1.98 -1.99707
11738 -2 -1.99707
11739 -2 -1.99707
11740 -2 -1.99707
11741 -2 -1.99707
11742 -2 -1.99707
11743 -2 -1.99707
11744 -1.98 -1.99707
11745 -2 -1.99707
11746 -2 -1.99707
11747 -2 -1.99707
11748 -2 -1.99707
11749 -2 -1.99707
11750 -1.98 -1.99707
11751 -1.98 -1.99707
11752 -1.98 -1.99707
11753 -1.98 -1.99707
11754 -1.98 -1.99706
11755 -2 -1.99706
11756 -2 -1.99706
11757 -2 -1.99706
11758 -2 -1.99707
11759 -2 -1.99707
11760 -2 -1.99707
11761 -2 -1.99707
11762 -2 -1.99707
11763 -2 -1.99707
11764 -2 -1.99707
11765 -2 -1.99707
11766 -2 -1.99707
11767 -2 -1.99707
11768 -2 -1.99707
11769 -2 -1.99707
11770 -2 -1.99707
11771 -2 -1.99707
11772 -2 -1.99707
11773 -2 -1.99707
11774 -2 -1.99707
11775 -2 -1.99707
11776 -2 -1.99707
11777 -1.98 -1.99707
11778 -2 -1.99707
11779 -1.98 -1.99707
11780 -2 -1.99707
11781 -2 -1.99707
11782 -2 -1.99707
11783 -2 -1.99707
11784 -2 -1.99707
11785 -2 -1.99707
11786 -2 -1.99707
11787 -2 -1.99707
11788 -2 -1.99707
11789 -2 -1.99707
11790 -2 -1.99707
11791 -2 -1.99707
11792 -2 -1.99707
11793 -2 -1.99707
11794 -2 -1.99707
11795 -2 -1.99707
11796 -2 -1.99707
11797 -2 -1.99707
11798 -2 -1.99707
11799 -2 -1.99707
11800 -2 -1.99707
11801 -2 -1.99707
11802 -2 -1.99707
11803 -2 -1.99707
11804 -2 -1.99707
11805 -2 -1.99707
11806 -2 -1.99707
11807 -2 -1.99707
11808 -2 -1.99707
11809 -2 -1.99707
11810 -2 -1.99707
11811 -2 -1.99708
11812 -2 -1.99708
11813 -1.98 -1.99707
11814 -2 -1.99707
11815 -2 -1.99707
11816 -2 -1.99707
11817 -2 -1.99707
11818 -2 -1.99708
11819 -2 -1.99708
11820 -2 -1.99708
11821 -2 -1.99708
11822 -2 -1.99708
11823 -2 -1.99708
11824 -1.96 -1.99707
11825 -1.98 -1.99707
11826 -2 -1.99707
11827 -2 -1.99707
11828 -2 -1.99707
11829 -2 -1.99707
11830 -2 -1.99707
11831 -2 -1.99707
11832 -2 -1.99707
11833 -2 -1.99707
11834 -2 -1.99707
11835 -2 -1.99707
11836 -2 -1.99707
11837 -2 -1.99707
11838 -2 -1.99707
11839 -2 -1.99708
11840 -2 -1.99708
11841 -2 -1.99708
11842 -1.98 -1.99707
11843 -1.98 -1.99707
11844 -2 -1.99707
11845 -1.98 -1.99707
11846 -1.98 -1.99707
11847 -1.98 -1.99707
11848 -2 -1.99707
11849 -2 -1.99707
11850 -2 -1.99707
11851 -2 -1.99707
11852 -2 -1.99707
11853 -2 -1.99707
11854 -2 -1.99707
11855 -2 -1.99707
11856 -2 -1.99707
11857 -1.98 -1.99707
11858 -1.98 -1.99707
11859 -2 -1.99707
11860 -2 -1.99707
11861 -2 -1.99707
11862 -2 -1.99707
11863 -2 -1.99707
11864 -2 -1.99707
11865 -2 -1.99707
11866 -2 -1.99707
11867 -2 -1.99707
11868 -2 -1.99707
11869 -2 -1.99707
11870 -2 -1.99707
11871 -2 -1.99707
11872 -2 -1.99707
11873 -2 -1.99707
11874 -2 -1.99707
11875 -2 -1.99707
11876 -2 -1.99707
11877 -2 -1.99707
11878 -2 -1.99707
11879 -2 -1.99707
11880 -2 -1.99707
11881 -1.98 -1.99707
11882 -2 -1.99707
11883 -2 -1.99707
11884 -2 -1.99707
11885 -2 -1.99707
11886 -2 -1.99707
11887 -2 -1.99707
11888 -2 -1.99707
11889 -2 -1.99707
11890 -2 -1.99707
11891 -2 -1.99707
11892 -2 -1.99707
11893 -2 -1.99707
11894 -2 -1.99708
11895 -2 -1.99708
11896 -2 -1.99708
11897 -1.98 -1.99707
11898 -1.98 -1.99707
11899 -2 -1.99707
11900 -1.98 -1.99707
11901 -2 -1.99707
11902 -2 -1.99707
11903 -2 -1.99707
11904 -2 -1.99707
11905 -1.98 -1.99707
11906 -1.96 -1.99707
11907 -2 -1.99707
11908 -2 -1.99707
11909 -2 -1.99707
11910 -2 -1.99707
11911 -2 -1.99707
11912 -2 -1.99707
11913 -2 -1.99707
11914 -2 -1.99707
11915 -2 -1.99707
11916 -2 -1.99707
11917 -2 -1.99707
11918 -2 -1.99707
11919 -2 -1.99707
11920 -2 -1.99707
11921 -2 -1.99707
11922 -2 -1.99707
11923 -2 -1.99707
11924 -2 -1.99707
11925 -2 -1.99707
11926 -2 -1.99707
11927 -2 -1.99707
11928 -2 -1.99707
11929 -2 -1.99707
11930 -2 -1.99707
11931 -2 -1.99707
11932 -1.98 -1.99707
11933 -2 -1.99707
11934 -2 -1.99707
11935 -2 -1.99707
11936 -2 -1.99707
11937 -2 -1.99707
11938 -2 -1.99707
11939 -2 -1.99707
11940 -2 -1.99707
11941 -1.97 -1.99707
11942 -2 -1.99707
11943 -2 -1.99707
11944 -2 -1.99707
11945 -2 -1.99707
11946 -2 -1.99707
11947 -2 -1.99707
11948 -2 -1.99707
11949 -2 -1.99707
11950 -2 -1.99707
11951 -2 -1.99707
11952 -2 -1.99708
11953 -2 -1.99708
11954 -2 -1.99708
11955 -2 -1.99708
11956 -2 -1.99708
11957 -2 -1.99708
11958 -2 -1.99708
11959 -2 -1.99708
11960 -2 -1.99708
11961 -2 -1.99708
11962 -2 -1.99708
11963 -2 -1.99708
11964 -2 -1.99708
11965 -2 -1.99708
11966 -2 -1.99708
11967 -2 -1.99708
11968 -2 -1.99708
11969 -2 -1.99708
11970 -2 -1.99708
11971 -2 -1.99708
11972 -2 -1.99708
11973 -2 -1.99708
11974 -2 -1.99708
11975 -2 -1.99708
11976 -2 -1.99708
11977 -2 -1.99708
11978 -2 -1.99708
11979 -2 -1.99708
11980 -2 -1.99708
11981 -2 -1.99708
11982 -2 -1.99708
11983 -2 -1.99708
11984 -2 -1.99708
11985 -2 -1.99708
11986 -2 -1.99708
11987 -2 -1.99708
11988 -2 -1.99708
11989 -2 -1.99708
11990 -1.98 -1.99708
11991 -1.98 -1.99708
11992 -2 -1.99708
11993 -2 -1.99708
11994 -2 -1.99708
11995 -2 -1.99708
11996 -2 -1.99708
11997 -2 -1.99708
11998 -2 -1.99708
11999 -2 -1.99708
12000 -2 -1.99708
12001 -2 -1.99708
12002 -2 -1.99708
12003 -2 -1.99708
12004 -2 -1.99708
12005 -2 -1.99708
12006 -2 -1.99709
12007 -2 -1.99709
12008 -2 -1.99709
12009 -2 -1.99709
12010 -2 -1.99709
12011 -2 -1.99709
12012 -2 -1.99709
12013 -2 -1.99709
12014 -2 -1.99709
12015 -1.98 -1.99709
12016 -1.96 -1.99708
12017 -2 -1.99708
12018 -2 -1.99708
12019 -1.98 -1.99708
12020 -2 -1.99708
12021 -2 -1.99708
12022 -2 -1.99708
12023 -2 -1.99708
12024 -2 -1.99708
12025 -2 -1.99708
12026 -2 -1.99708
12027 -2 -1.99708
12028 -2 -1.99708
12029 -2 -1.99708
12030 -2 -1.99708
12031 -2 -1.99708
12032 -2 -1.99708
12033 -2 -1.99708
12034 -2 -1.99709
12035 -1.98 -1.99708
12036 -2 -1.99708
12037 -1.97 -1.99708
12038 -1.98 -1.99708
12039 -1.98 -1.99708
12040 -2 -1.99708
12041 -2 -1.99708
12042 -1.98 -1.99708
12043 -2 -1.99708
12044 -2 -1.99708
12045 -2 -1.99708
12046 -2 -1.99708
12047 -2 -1.99708
12048 -2 -1.99708
12049 -2 -1.99708
12050 -2 -1.99708
12051 -2 -1.99708
12052 -2 -1.99708
12053 -2 -1.99708
12054 -2 -1.99708
12055 -2 -1.99708
12056 -2 -1.99708
12057 -2 -1.99708
12058 -2 -1.99708
12059 -2 -1.99708
12060 -2 -1.99708
12061 -2 -1.99708
12062 -2 -1.99708
12063 -2 -1.99708
12064 -2 -1.99708
12065 -2 -1.99708
12066 -2 -1.99708
12067 -2 -1.99708
12068 -2 -1.99708
12069 -2 -1.99708
12070 -2 -1.99708
12071 -2 -1.99708
12072 -2 -1.99709
12073 -2 -1.99709
12074 -2 -1.99709
12075 -2 -1.99709
12076 -2 -1.99709
12077 -1.98 -1.99708
12078 -1.98 -1.99708
12079 -2 -1.99708
12080 -2 -1.99708
12081 -2 -1.99708
12082 -2 -1.99708
12083 -2 -1.99708
12084 -2 -1.99708
12085 -2 -1.99709
12086 -1.98 -1.99708
12087 -2 -1.99708
12088 -2 -1.99708
12089 -2 -1.99708
12090 -2 -1.99708
12091 -1.98 -1.99708
12092 -2 -1.99708
12093 -2 -1.99708
12094 -2 -1.99708
12095 -2 -1.99708
12096 -2 -1.99708
12097 -2 -1.99708
12098 -2 -1.99708
12099 -2 -1.99709
12100 -1.98 -1.99708
12101 -1.98 -1.99708
12102 -2 -1.99708
12103 -2 -1.99708
12104 -2 -1.99708
12105 -2 -1.99708
12106 -2 -1.99708
12107 -2 -1.99708
12108 -2 -1.99708
12109 -2 -1.99708
12110 -2 -1.99708
12111 -2 -1.99708
12112 -2 -1.99708
12113 -2 -1.99709
12114 -2 -1.99709
12115 -2 -1.99709
12116 -2 -1.99709
12117 -2 -1.99709
12118 -2 -1.99709
12119 -1.98 -1.99708
12120 -1.98 -1.99708
12121 -2 -1.99708
12122 -2 -1.99708
12123 -2 -1.99708
12124 -2 -1.99708
12125 -2 -1.99708
12126 -2 -1.99709
12127 -2 -1.99709
12128 -2 -1.99709
12129 -2 -1.99709
12130 -2 -1.99709
12131 -2 -1.99709
12132 -2 -1.99709
12133 -2 -1.99709
12134 -2 -1.99709
12135 -2 -1.99709
12136 -2 -1.99709
12137 -2 -1.99709
12138 -2 -1.99709
12139 -2 -1.99709
12140 -2 -1.99709
12141 -2 -1.99709
12142 -2 -1.99709
12143 -2 -1.99709
12144 -1.98 -1.99709
12145 -2 -1.99709
12146 -2 -1.99709
12147 -2 -1.99709
12148 -2 -1.99709
12149 -2 -1.99709
12150 -2 -1.99709
12151 -2 -1.99709
12152 -2 -1.99709
12153 -2 -1.99709
12154 -2 -1.99709
12155 -2 -1.99709
12156 -2 -1.99709
12157 -2 -1.99709
12158 -2 -1.99709
12159 -2 -1.99709
12160 -2 -1.99709
12161 -2 -1.99709
12162 -2 -1.99709
12163 -2 -1.99709
12164 -1.98 -1.99709
12165 -2 -1.99709
12166 -2 -1.99709
12167 -2 -1.99709
12168 -2 -1.99709
12169 -1.98 -1.99709
12170 -1.98 -1.99709
12171 -2 -1.99709
12172 -2 -1.99709
12173 -2 -1.99709
12174 -2 -1.99709
12175 -2 -1.99709
12176 -2 -1.99709
12177 -2 -1.99709
12178 -2 -1.99709
12179 -2 -1.99709
12180 -2 -1.99709
12181 -2 -1.99709
12182 -2 -1.99709
12183 -2 -1.99709
12184 -2 -1.99709
12185 -2 -1.99709
12186 -2 -1.99709
12187 -1.98 -1.99709
12188 -2 -1.99709
12189 -2 -1.99709
12190 -2 -1.99709
12191 -2 -1.99709
12192 -1.98 -1.99709
12193 -2 -1.99709
12194 -2 -1.99709
12195 -2 -1.99709
12196 -2 -1.99709
12197 -2 -1.99709
12198 -2 -1.99709
12199 -2 -1.99709
12200 -2 -1.99709
12201 -2 -1.99709
12202 -2 -1.99709
12203 -2 -1.99709
12204 -2 -1.99709
12205 -2 -1.99709
12206 -2 -1.99709
12207 -2 -1.99709
12208 -2 -1.99709
12209 -2 -1.9971
12210 -2 -1.9971
12211 -2 -1.9971
12212 -2 -1.9971
12213 -2 -1.9971
12214 -2 -1.9971
12215 -2 -1.9971
12216 -1.98 -1.9971
12217 -2 -1.9971
12218 -2 -1.9971
12219 -2 -1.9971
12220 -1.98 -1.99709
12221 -2 -1.99709
12222 -2 -1.99709
12223 -2 -1.9971
12224 -2 -1.9971
12225 -2 -1.9971
12226 -2 -1.9971
12227 -2 -1.9971
12228 -1.98 -1.99709
12229 -2 -1.99709
12230 -2 -1.9971
12231 -2 -1.9971
12232 -2 -1.9971
12233 -2 -1.9971
12234 -1.98 -1.99709
12235 -2 -1.99709
12236 -2 -1.99709
12237 -2 -1.9971
12238 -2 -1.9971
12239 -2 -1.9971
12240 -2 -1.9971
12241 -2 -1.9971
12242 -2 -1.9971
12243 -2 -1.9971
12244 -2 -1.9971
12245 -2 -1.9971
12246 -2 -1.9971
12247 -2 -1.9971
12248 -2 -1.9971
12249 -2 -1.9971
12250 -2 -1.9971
12251 -2 -1.9971
12252 -2 -1.9971
12253 -2 -1.9971
12254 -2 -1.9971
12255 -2 -1.9971
12256 -2 -1.9971
12257 -2 -1.9971
12258 -2 -1.9971
12259 -2 -1.9971
12260 -2 -1.9971
12261 -2 -1.9971
12262 -2 -1.9971
12263 -2 -1.9971
12264 -2 -1.9971
12265 -2 -1.9971
12266 -2 -1.9971
12267 -2 -1.9971
12268 -2 -1.9971
12269 -2 -1.9971
12270 -1.98 -1.9971
12271 -1.98 -1.9971
12272 -2 -1.9971
12273 -2 -1.9971
12274 -2 -1.9971
12275 -2 -1.9971
12276 -2 -1.9971
12277 -2 -1.9971
12278 -2 -1.9971
12279 -2 -1.9971
12280 -2 -1.9971
12281 -2 -1.9971
12282 -2 -1.9971
12283 -2 -1.9971
12284 -1.96 -1.9971
12285 -2 -1.9971
12286 -2 -1.9971
12287 -2 -1.9971
12288 -2 -1.9971
12289 -2 -1.9971
12290 -2 -1.9971
12291 -2 -1.9971
12292 -2 -1.9971
12293 -2 -1.9971
12294 -2 -1.9971
12295 -2 -1.9971
12296 -2 -1.9971
12297 -2 -1.9971
12298 -2 -1.9971
12299 -2 -1.9971
12300 -2 -1.9971
12301 -2 -1.9971
12302 -2 -1.9971
12303 -2 -1.9971
12304 -2 -1.9971
12305 -2 -1.9971
12306 -2 -1.9971
12307 -2 -1.99711
12308 -2 -1.99711
12309 -2 -1.99711
12310 -2 -1.99711
12311 -2 -1.99711
12312 -2 -1.99711
12313 -2 -1.99711
12314 -2 -1.99711
12315 -2 -1.99711
12316 -2 -1.99711
12317 -2 -1.99711
12318 -2 -1.99711
12319 -2 -1.99711
12320 -2 -1.99711
12321 -2 -1.99711
12322 -2 -1.99711
12323 -2 -1.99711
12324 -2 -1.99711
12325 -2 -1.99711
12326 -2 -1.99711
12327 -2 -1.99711
12328 -2 -1.99711
12329 -2 -1.99711
12330 -2 -1.99711
12331 -2 -1.99711
12332 -2 -1.99711
12333 -2 -1.99711
12334 -2 -1.99711
12335 -2 -1.99711
12336 -2 -1.99711
12337 -2 -1.99711
12338 -2 -1.99711
12339 -2 -1.99711
12340 -2 -1.99711
12341 -2 -1.99711
12342 -2 -1.99711
12343 -2 -1.99711
12344 -2 -1.99711
12345 -2 -1.99711
12346 -2 -1.99711
12347 -2 -1.99711
12348 -2 -1.99711
12349 -2 -1.99711
12350 -2 -1.99712
12351 -2 -1.99712
12352 -2 -1.99712
12353 -2 -1.99712
12354 -1.98 -1.99711
12355 -2 -1.99711
12356 -2 -1.99711
12357 -2 -1.99712
12358 -2 -1.99712
12359 -2 -1.99712
12360 -2 -1.99712
12361 -2 -1.99712
12362 -2 -1.99712
12363 -1.98 -1.99712
12364 -1.98 -1.99711
12365 -2 -1.99711
12366 -2 -1.99711
12367 -2 -1.99711
12368 -2 -1.99711
12369 -2 -1.99711
12370 -2 -1.99712
12371 -2 -1.99712
12372 -2 -1.99712
12373 -2 -1.99712
12374 -2 -1.99712
12375 -2 -1.99712
12376 -1.98 -1.99711
12377 -2 -1.99712
12378 -2 -1.99712
12379 -2 -1.99712
12380 -2 -1.99712
12381 -2 -1.99712
12382 -2 -1.99712
12383 -2 -1.99712
12384 -2 -1.99712
12385 -2 -1.99712
12386 -2 -1.99712
12387 -2 -1.99712
12388 -2 -1.99712
12389 -2 -1.99712
12390 -2 -1.99712
12391 -2 -1.99712
12392 -2 -1.99712
12393 -2 -1.99712
12394 -2 -1.99712
12395 -2 -1.99712
12396 -2 -1.99712
12397 -2 -1.99712
12398 -1.98 -1.99712
12399 -1.98 -1.99712
12400 -2 -1.99712
12401 -2 -1.99712
12402 -2 -1.99712
12403 -2 -1.99712
12404 -1.98 -1.99712
12405 -1.98 -1.99712
12406 -2 -1.99712
12407 -2 -1.99712
12408 -2 -1.99712
12409 -1.98 -1.99711
12410 -1.98 -1.99711
12411 -1.98 -1.99711
12412 -1.97 -1.99711
12413 -1.98 -1.99711
12414 -2 -1.99711
12415 -2 -1.99711
12416 -2 -1.99711
12417 -2 -1.99711
12418 -2 -1.99711
12419 -2 -1.99711
12420 -2 -1.99711
12421 -2 -1.99711
12422 -1.96 -1.99711
12423 -2 -1.99711
12424 -2 -1.99711
12425 -2 -1.99711
12426 -2 -1.99711
12427 -2 -1.99711
12428 -2 -1.99711
12429 -2 -1.99711
12430 -2 -1.99711
12431 -2 -1.99711
12432 -2 -1.99711
12433 -2 -1.99711
12434 -2 -1.99711
12435 -1.98 -1.99711
12436 -2 -1.99711
12437 -2 -1.99711
12438 -2 -1.99711
12439 -1.98 -1.99711
12440 -2 -1.99711
12441 -2 -1.99711
12442 -2 -1.99711
12443 -2 -1.99711
12444 -2 -1.99711
12445 -2 -1.99711
12446 -2 -1.99711
12447 -2 -1.99711
12448 -2 -1.99711
12449 -1.98 -1.99711
12450 -2 -1.99711
12451 -2 -1.99711
12452 -2 -1.99711
12453 -2 -1.99711
12454 -2 -1.99711
12455 -2 -1.99711
12456 -2 -1.99711
12457 -2 -1.99711
12458 -2 -1.99711
12459 -2 -1.99711
12460 -2 -1.99711
12461 -2 -1.99711
12462 -1.98 -1.99711
12463 -1.98 -1.99711
12464 -1.98 -1.99711
12465 -1.98 -1.99711
12466 -1.96 -1.9971
12467 -1.98 -1.9971
12468 -2 -1.9971
12469 -2 -1.9971
12470 -2 -1.9971
12471 -2 -1.9971
12472 -2 -1.9971
12473 -2 -1.9971
12474 -2 -1.9971
12475 -2 -1.9971
12476 -2 -1.9971
12477 -1.98 -1.9971
12478 -1.98 -1.9971
12479 -1.98 -1.9971
12480 -1.98 -1.9971
12481 -2 -1.9971
12482 -1.98 -1.9971
12483 -1.98 -1.9971
12484 -2 -1.9971
12485 -2 -1.9971
12486 -1.98 -1.99709
12487 -2 -1.99709
12488 -2 -1.9971
12489 -2 -1.9971
12490 -2 -1.9971
12491 -2 -1.9971
12492 -2 -1.9971
12493 -2 -1.9971
12494 -2 -1.9971
12495 -2 -1.9971
12496 -2 -1.9971
12497 -2 -1.9971
12498 -2 -1.9971
12499 -2 -1.9971
12500 -2 -1.9971
12501 -2 -1.9971
12502 -2 -1.9971
12503 -2 -1.9971
12504 -2 -1.9971
12505 -2 -1.9971
12506 -2 -1.9971
12507 -2 -1.9971
12508 -2 -1.9971
12509 -2 -1.9971
12510 -2 -1.9971
12511 -2 -1.9971
12512 -1.98 -1.9971
12513 -1.98 -1.9971
12514 -2 -1.9971
12515 -2 -1.9971
12516 -2 -1.9971
12517 -2 -1.9971
12518 -2 -1.9971
12519 -2 -1.9971
12520 -2 -1.9971
12521 -2 -1.9971
12522 -2 -1.9971
12523 -2 -1.9971
12524 -2 -1.9971
12525 -2 -1.9971
12526 -2 -1.9971
12527 -2 -1.9971
12528 -2 -1.9971
12529 -2 -1.9971
12530 -2 -1.9971
12531 -2 -1.9971
12532 -2 -1.9971
12533 -2 -1.9971
12534 -2 -1.9971
12535 -2 -1.9971
12536 -2 -1.9971
12537 -2 -1.9971
12538 -2 -1.9971
12539 -2 -1.9971
12540 -2 -1.9971
12541 -2 -1.9971
12542 -2 -1.9971
12543 -2 -1.9971
12544 -2 -1.9971
12545 -1.98 -1.9971
12546 -1.98 -1.9971
12547 -2 -1.9971
12548 -2 -1.9971
12549 -2 -1.9971
12550 -2 -1.9971
12551 -2 -1.9971
12552 -1.98 -1.9971
12553 -1.98 -1.9971
12554 -1.98 -1.9971
12555 -1.98 -1.9971
12556 -2 -1.9971
12557 -2 -1.9971
12558 -2 -1.9971
12559 -2 -1.9971
12560 -2 -1.9971
12561 -2 -1.9971
12562 -2 -1.9971
12563 -2 -1.9971
12564 -2 -1.9971
12565 -1.98 -1.9971
12566 -2 -1.9971
12567 -2 -1.9971
12568 -1.98 -1.9971
12569 -1.98 -1.9971
12570 -2 -1.9971
12571 -2 -1.9971
12572 -2 -1.9971
12573 -2 -1.9971
12574 -2 -1.9971
12575 -2 -1.9971
12576 -2 -1.9971
12577 -2 -1.9971
12578 -2 -1.9971
12579 -2 -1.9971
12580 -1.98 -1.9971
12581 -1.98 -1.9971
12582 -2 -1.9971
12583 -1.98 -1.99709
12584 -2 -1.99709
12585 -2 -1.9971
12586 -2 -1.9971
12587 -2 -1.9971
12588 -1.98 -1.99709
12589 -2 -1.99709
12590 -2 -1.99709
12591 -2 -1.99709
12592 -2 -1.9971
12593 -2 -1.9971
12594 -2 -1.9971
12595 -2 -1.9971
12596 -2 -1.9971
12597 -2 -1.9971
12598 -2 -1.9971
12599 -2 -1.9971
12600 -2 -1.9971
12601 -2 -1.9971
12602 -2 -1.9971
12603 -2 -1.9971
12604 -2 -1.9971
12605 -2 -1.9971
12606 -2 -1.9971
12607 -2 -1.9971
12608 -2 -1.9971
12609 -1.98 -1.9971
12610 -2 -1.9971
12611 -2 -1.9971
12612 -2 -1.9971
12613 -2 -1.9971
12614 -1.98 -1.9971
12615 -2 -1.9971
12616 -2 -1.9971
12617 -2 -1.9971
12618 -1.98 -1.9971
12619 -2 -1.9971
12620 -2 -1.9971
12621 -2 -1.9971
12622 -2 -1.9971
12623 -2 -1.9971
12624 -2 -1.9971
12625 -2 -1.9971
12626 -2 -1.9971
12627 -2 -1.9971
12628 -2 -1.9971
12629 -2 -1.9971
12630 -2 -1.9971
12631 -2 -1.9971
12632 -2 -1.9971
12633 -2 -1.9971
12634 -2 -1.9971
12635 -2 -1.9971
12636 -2 -1.9971
12637 -2 -1.9971
12638 -2 -1.9971
12639 -2 -1.9971
12640 -2 -1.9971
12641 -2 -1.9971
12642 -2 -1.9971
12643 -2 -1.9971
12644 -2 -1.9971
12645 -2 -1.9971
12646 -2 -1.9971
12647 -2 -1.9971
12648 -2 -1.9971
12649 -2 -1.9971
12650 -2 -1.9971
12651 -2 -1.9971
12652 -2 -1.9971
12653 -2 -1.9971
12654 -2 -1.9971
12655 -2 -1.9971
12656 -2 -1.99711
12657 -2 -1.99711
12658 -2 -1.99711
12659 -2 -1.99711
12660 -2 -1.99711
12661 -2 -1.99711
12662 -2 -1.99711
12663 -2 -1.99711
12664 -2 -1.99711
12665 -2 -1.99711
12666 -2 -1.99711
12667 -2 -1.99711
12668 -2 -1.99711
12669 -2 -1.99711
12670 -2 -1.99711
12671 -2 -1.99711
12672 -2 -1.99711
12673 -2 -1.99711
12674 -2 -1.99711
12675 -2 -1.99711
12676 -2 -1.99711
12677 -2 -1.99711
12678 -2 -1.99711
12679 -2 -1.99711
12680 -2 -1.99711
12681 -2 -1.99711
12682 -2 -1.99711
12683 -2 -1.99711
12684 -2 -1.99711
12685 -2 -1.99711
12686 -2 -1.99711
12687 -2 -1.99711
12688 -2 -1.99711
12689 -2 -1.99711
12690 -2 -1.99711
12691 -2 -1.99711
12692 -2 -1.99711
12693 -2 -1.99711
12694 -2 -1.99711
12695 -2 -1.99711
12696 -2 -1.99711
12697 -2 -1.99711
12698 -1.98 -1.99711
12699 -1.98 -1.99711
12700 -2 -1.99711
12701 -2 -1.99711
12702 -2 -1.99711
12703 -2 -1.99711
12704 -2 -1.99711
12705 -2 -1.99711
12706 -2 -1.99711
12707 -1.98 -1.99711
12708 -2 -1.99711
12709 -2 -1.99711
12710 -2 -1.99711
12711 -2 -1.99711
12712 -2 -1.99711
12713 -2 -1.99711
12714 -2 -1.99711
12715 -2 -1.99711
12716 -2 -1.99711
12717 -2 -1.99711
12718 -2 -1.99711
12719 -1.98 -1.99711
12720 -1.98 -1.99711
12721 -2 -1.99711
12722 -2 -1.99711
12723 -1.98 -1.99711
12724 -1.98 -1.99711
12725 -2 -1.99711
12726 -2 -1.99711
12727 -1.98 -1.99711
12728 -1.98 -1.99711
12729 -2 -1.99711
12730 -1.98 -1.99711
12731 -2 -1.99711
12732 -2 -1.99711
12733 -2 -1.99711
12734 -2 -1.99711
12735 -2 -1.99711
12736 -2 -1.99711
12737 -2 -1.99711
12738 -2 -1.99711
12739 -2 -1.99711
12740 -2 -1.99711
12741 -2 -1.99711
12742 -2 -1.99711
12743 -2 -1.99711
12744 -1.98 -1.99711
12745 -2 -1.99711
12746 -2 -1.99711
12747 -2 -1.99711
12748 -1.98 -1.99711
12749 -1.98 -1.99711
12750 -1.98 -1.9971
12751 -2 -1.9971
12752 -2 -1.9971
12753 -2 -1.99711
12754 -2 -1.99711
12755 -2 -1.99711
12756 -2 -1.99711
12757 -2 -1.99711
12758 -2 -1.99711
12759 -2 -1.99711
12760 -2 -1.99711
12761 -1.98 -1.99711
12762 -2 -1.99711
12763 -2 -1.99711
12764 -2 -1.99711
12765 -2 -1.99711
12766 -2 -1.99711
12767 -2 -1.99711
12768 -2 -1.99711
12769 -2 -1.99711
12770 -1.98 -1.99711
12771 -1.98 -1.9971
12772 -2 -1.9971
12773 -2 -1.99711
12774 -2 -1.99711
12775 -2 -1.99711
12776 -2 -1.99711
12777 -2 -1.99711
12778 -2 -1.99711
12779 -2 -1.99711
12780 -2 -1.99711
12781 -2 -1.99711
12782 -2 -1.99711
12783 -2 -1.99711
12784 -2 -1.99711
12785 -2 -1.99711
12786 -2 -1.99711
12787 -2 -1.99711
12788 -2 -1.99711
12789 -2 -1.99711
12790 -2 -1.99711
12791 -2 -1.99711
12792 -2 -1.99711
12793 -1.98 -1.99711
12794 -1.98 -1.99711
12795 -2 -1.99711
12796 -2 -1.99711
12797 -2 -1.99711
12798 -2 -1.99711
12799 -2 -1.99711
12800 -2 -1.99711
12801 -2 -1.99711
12802 -2 -1.99711
12803 -2 -1.99711
12804 -1.98 -1.99711
12805 -2 -1.99711
12806 -2 -1.99711
12807 -2 -1.99711
12808 -2 -1.99711
12809 -2 -1.99711
12810 -2 -1.99711
12811 -2 -1.99711
12812 -1.98 -1.99711
12813 -2 -1.99711
12814 -1.97 -1.99711
12815 -1.98 -1.9971
12816 -2 -1.9971
12817 -2 -1.9971
12818 -2 -1.99711
12819 -2 -1.99711
12820 -2 -1.99711
12821 -2 -1.99711
12822 -2 -1.99711
12823 -2 -1.99711
12824 -2 -1.99711
12825 -2 -1.99711
12826 -2 -1.99711
12827 -2 -1.99711
12828 -2 -1.99711
12829 -2 -1.99711
12830 -2 -1.99711
12831 -2 -1.99711
12832 -2 -1.99711
12833 -2 -1.99711
12834 -1.98 -1.99711
12835 -1.98 -1.99711
12836 -2 -1.99711
12837 -2 -1.99711
12838 -2 -1.99711
12839 -2 -1.99711
12840 -2 -1.99711
12841 -2 -1.99711
12842 -2 -1.99711
12843 -2 -1.99711
12844 -2 -1.99711
12845 -2 -1.99711
12846 -2 -1.99711
12847 -2 -1.99711
12848 -2 -1.99711
12849 -2 -1.99711
12850 -2 -1.99711
12851 -1.98 -1.99711
12852 -2 -1.99711
12853 -2 -1.99711
12854 -2 -1.99711
12855 -2 -1.99711
12856 -2 -1.99711
12857 -2 -1.99711
12858 -2 -1.99711
12859 -2 -1.99711
12860 -2 -1.99711
12861 -2 -1.99711
12862 -2 -1.99711
12863 -2 -1.99711
12864 -2 -1.99711
12865 -1.98 -1.99711
12866 -2 -1.99711
12867 -2 -1.99711
12868 -2 -1.99711
12869 -2 -1.99711
12870 -2 -1.99711
12871 -2 -1.99711
12872 -2 -1.99711
12873 -2 -1.99711
12874 -2 -1.99711
12875 -2 -1.99711
12876 -1.98 -1.99711
12877 -1.98 -1.99711
12878 -2 -1.99711
12879 -2 -1.99711
12880 -2 -1.99711
12881 -2 -1.99711
12882 -2 -1.99711
12883 -2 -1.99711
12884 -2 -1.99711
12885 -2 -1.99711
12886 -2 -1.99711
12887 -2 -1.99711
12888 -2 -1.99711
12889 -2 -1.99711
12890 -2 -1.99711
12891 -2 -1.99711
12892 -2 -1.99711
12893 -2 -1.99711
12894 -2 -1.99711
12895 -2 -1.99711
12896 -2 -1.99711
12897 -2 -1.99711
12898 -1.98 -1.99711
12899 -1.98 -1.99711
12900 -1.98 -1.99711
12901 -2 -1.99711
12902 -2 -1.99711
12903 -2 -1.99711
12904 -2 -1.99711
12905 -2 -1.99711
12906 -2 -1.99711
12907 -2 -1.99711
12908 -2 -1.99711
12909 -2 -1.99711
12910 -2 -1.99711
12911 -2 -1.99711
12912 -2 -1.99711
12913 -2 -1.99711
12914 -2 -1.99711
12915 -1.98 -1.99711
12916 -1.98 -1.99711
12917 -2 -1.99711
12918 -1.98 -1.99711
12919 -2 -1.99711
12920 -2 -1.99711
12921 -2 -1.99711
12922 -2 -1.99711
12923 -2 -1.99711
12924 -2 -1.99711
12925 -2 -1.99711
12926 -2 -1.99711
12927 -2 -1.99711
12928 -1.98 -1.99711
12929 -1.98 -1.99711
12930 -2 -1.99711
12931 -2 -1.99711
12932 -2 -1.99711
12933 -2 -1.99711
12934 -2 -1.99711
12935 -2 -1.99711
12936 -2 -1.99711
12937 -2 -1.99711
12938 -2 -1.99711
12939 -2 -1.99711
12940 -2 -1.99711
12941 -2 -1.99711
12942 -2 -1.99711
12943 -2 -1.99711
12944 -2 -1.99711
12945 -2 -1.99711
12946 -2 -1.99711
12947 -2 -1.99711
12948 -2 -1.99711
12949 -2 -1.99711
12950 -2 -1.99711
12951 -2 -1.99711
12952 -1.98 -1.99711
12953 -2 -1.99711
12954 -2 -1.99711
12955 -2 -1.99711
12956 -2 -1.99711
12957 -2 -1.99711
12958 -2 -1.99711
12959 -2 -1.99711
12960 -2 -1.99711
12961 -2 -1.99711
12962 -2 -1.99711
12963 -1.98 -1.99711
12964 -1.98 -1.99711
12965 -2 -1.99711
12966 -2 -1.99711
12967 -2 -1.99711
12968 -2 -1.99711
12969 -2 -1.99711
12970 -1.98 -1.99711
12971 -2 -1.99711
12972 -2 -1.99711
12973 -2 -1.99711
12974 -2 -1.99711
12975 -2 -1.99711
12976 -2 -1.99711
12977 -2 -1.99711
12978 -2 -1.99711
12979 -2 -1.99711
12980 -2 -1.99711
12981 -2 -1.99711
12982 -2 -1.99711
12983 -2 -1.99711
12984 -2 -1.99711
12985 -2 -1.99711
12986 -2 -1.99711
12987 -2 -1.99712
12988 -2 -1.99712
12989 -2 -1.99712
12990 -2 -1.99712
12991 -2 -1.99712
12992 -2 -1.99712
12993 -2 -1.99712
12994 -2 -1.99712
12995 -2 -1.99712
12996 -2 -1.99712
12997 -2 -1.99712
12998 -2 -1.99712
12999 -2 -1.99712
13000 -2 -1.99712
13001 -2 -1.99712
13002 -2 -1.99712
13003 -2 -1.99712
13004 -2 -1.99712
13005 -2 -1.99712
13006 -1.98 -1.99712
13007 -2 -1.99712
13008 -2 -1.99712
13009 -2 -1.99712
13010 -2 -1.99712
13011 -2 -1.99712
13012 -2 -1.99712
13013 -2 -1.99712
13014 -2 -1.99712
13015 -2 -1.99712
13016 -2 -1.99712
13017 -2 -1.99712
13018 -2 -1.99712
13019 -2 -1.99712
13020 -2 -1.99712
13021 -2 -1.99712
13022 -2 -1.99712
13023 -2 -1.99712
13024 -2 -1.99712
13025 -2 -1.99712
13026 -2 -1.99712
13027 -2 -1.99712
13028 -2 -1.99712
13029 -2 -1.99712
13030 -2 -1.99712
13031 -2 -1.99712
13032 -2 -1.99712
13033 -2 -1.99712
13034 -2 -1.99712
13035 -2 -1.99712
13036 -2 -1.99712
13037 -2 -1.99712
13038 -2 -1.99712
13039 -2 -1.99712
13040 -2 -1.99713
13041 -2 -1.99713
13042 -2 -1.99713
13043 -2 -1.99713
13044 -2 -1.99713
13045 -2 -1.99713
13046 -2 -1.99713
13047 -2 -1.99713
13048 -2 -1.99713
13049 -1.98 -1.99713
13050 -1.98 -1.99712
13051 -2 -1.99712
13052 -2 -1.99712
13053 -2 -1.99713
13054 -2 -1.99713
13055 -2 -1.99713
13056 -1.98 -1.99712
13057 -2 -1.99712
13058 -2 -1.99712
13059 -2 -1.99712
13060 -2 -1.99713
13061 -2 -1.99713
13062 -2 -1.99713
13063 -2 -1.99713
13064 -2 -1.99713
13065 -2 -1.99713
13066 -2 -1.99713
13067 -2 -1.99713
13068 -2 -1.99713
13069 -2 -1.99713
13070 -2 -1.99713
13071 -2 -1.99713
13072 -2 -1.99713
13073 -2 -1.99713
13074 -2 -1.99713
13075 -2 -1.99713
13076 -2 -1.99713
13077 -2 -1.99713
13078 -2 -1.99713
13079 -2 -1.99713
13080 -2 -1.99713
13081 -2 -1.99713
13082 -2 -1.99713
13083 -2 -1.99713
13084 -1.98 -1.99713
13085 -2 -1.99713
13086 -2 -1.99713
13087 -2 -1.99713
13088 -2 -1.99713
13089 -2 -1.99713
13090 -2 -1.99713
13091 -2 -1.99713
13092 -2 -1.99713
13093 -2 -1.99713
13094 -2 -1.99713
13095 -2 -1.99713
13096 -2 -1.99713
13097 -2 -1.99713
13098 -2 -1.99713
13099 -2 -1.99713
13100 -2 -1.99713
13101 -2 -1.99713
13102 -2 -1.99713
13103 -2 -1.99713
13104 -2 -1.99713
13105 -2 -1.99713
13106 -1.98 -1.99713
13107 -2 -1.99713
13108 -2 -1.99713
13109 -2 -1.99713
13110 -2 -1.99713
13111 -2 -1.99713
13112 -2 -1.99713
13113 -1.96 -1.99713
13114 -1.98 -1.99713
13115 -1.98 -1.99713
13116 -2 -1.99713
13117 -2 -1.99713
13118 -1.98 -1.99713
13119 -2 -1.99713
13120 -2 -1.99713
13121 -2 -1.99713
13122 -2 -1.99713
13123 -2 -1.99713
13124 -2 -1.99713
13125 -2 -1.99713
13126 -2 -1.99713
13127 -2 -1.99713
13128 -2 -1.99713
13129 -2 -1.99713
13130 -2 -1.99713
13131 -2 -1.99713
13132 -2 -1.99713
13133 -2 -1.99713
13134 -1.98 -1.99713
13135 -1.98 -1.99713
13136 -2 -1.99713
13137 -2 -1.99713
13138 -2 -1.99713
13139 -2 -1.99713
13140 -2 -1.99713
13141 -2 -1.99713
13142 -2 -1.99713
13143 -2 -1.99713
13144 -2 -1.99713
13145 -2 -1.99713
13146 -2 -1.99713
13147 -2 -1.99713
13148 -2 -1.99713
13149 -2 -1.99713
13150 -2 -1.99713
13151 -2 -1.99713
13152 -2 -1.99713
13153 -2 -1.99713
13154 -2 -1.99713
13155 -2 -1.99713
13156 -2 -1.99713
13157 -2 -1.99713
13158 -2 -1.99713
13159 -2 -1.99713
13160 -2 -1.99713
13161 -2 -1.99713
13162 -2 -1.99713
13163 -2 -1.99713
13164 -2 -1.99713
13165 -2 -1.99713
13166 -2 -1.99713
13167 -2 -1.99713
13168 -2 -1.99713
13169 -2 -1.99714
13170 -2 -1.99714
13171 -2 -1.99714
13172 -2 -1.99714
13173 -2 -1.99714
13174 -2 -1.99714
13175 -2 -1.99714
13176 -2 -1.99714
13177 -2 -1.99714
13178 -1.98 -1.99714
13179 -2 -1.99714
13180 -2 -1.99714
13181 -1.98 -1.99713
13182 -1.98 -1.99713
13183 -2 -1.99713
13184 -2 -1.99713
13185 -2 -1.99713
13186 -2 -1.99713
13187 -2 -1.99713
13188 -2 -1.99713
13189 -2 -1.99713
13190 -2 -1.99714
13191 -2 -1.99714
13192 -2 -1.99714
13193 -2 -1.99714
13194 -2 -1.99714
13195 -2 -1.99714
13196 -2 -1.99714
13197 -2 -1.99714
13198 -2 -1.99714
13199 -2 -1.99714
13200 -1.98 -1.99714
13201 -2 -1.99714
13202 -2 -1.99714
13203 -2 -1.99714
13204 -2 -1.99714
13205 -2 -1.99714
13206 -2 -1.99714
13207 -2 -1.99714
13208 -2 -1.99714
13209 -2 -1.99714
13210 -2 -1.99714
13211 -2 -1.99714
13212 -2 -1.99714
13213 -2 -1.99714
13214 -2 -1.99714
13215 -2 -1.99714
13216 -2 -1.99714
13217 -2 -1.99714
13218 -2 -1.99714
13219 -2 -1.99714
13220 -2 -1.99714
13221 -2 -1.99714
13222 -1.98 -1.99714
13223 -2 -1.99714
13224 -1.98 -1.99714
13225 -2 -1.99714
13226 -1.98 -1.99714
13227 -2 -1.99714
13228 -2 -1.99714
13229 -2 -1.99714
13230 -2 -1.99714
13231 -2 -1.99714
13232 -2 -1.99714
13233 -2 -1.99714
13234 -2 -1.99714
13235 -2 -1.99714
13236 -2 -1.99714
13237 -2 -1.99714
13238 -2 -1.99714
13239 -1.98 -1.99714
13240 -2 -1.99714
13241 -2 -1.99714
13242 -2 -1.99714
13243 -2 -1.99714
13244 -2 -1.99714
13245 -2 -1.99714
13246 -2 -1.99714
13247 -2 -1.99714
13248 -2 -1.99714
13249 -2 -1.99714
13250 -1.98 -1.99714
13251 -1.98 -1.99714
13252 -2 -1.99714
13253 -1.98 -1.99714
13254 -2 -1.99714
13255 -2 -1.99714
13256 -2 -1.99714
13257 -1.98 -1.99714
13258 -2 -1.99714
13259 -1.98 -1.99713
13260 -1.98 -1.99713
13261 -1.98 -1.99713
13262 -2 -1.99713
13263 -2 -1.99713
13264 -2 -1.99713
13265 -2 -1.99713
13266 -2 -1.99713
13267 -2 -1.99713
13268 -2 -1.99713
13269 -1.98 -1.99713
13270 -1.98 -1.99713
13271 -2 -1.99713
13272 -2 -1.99713
13273 -2 -1.99713
13274 -2 -1.99713
13275 -1.95 -1.99713
13276 -1.98 -1.99713
13277 -2 -1.99713
13278 -2 -1.99713
13279 -2 -1.99713
13280 -2 -1.99713
13281 -2 -1.99713
13282 -2 -1.99713
13283 -2 -1.99713
13284 -1.98 -1.99713
13285 -1.98 -1.99713
13286 -2 -1.99713
13287 -1.98 -1.99713
13288 -1.98 -1.99712
13289 -2 -1.99712
13290 -1.95 -1.99712
13291 -1.97 -1.99712
13292 -1.98 -1.99712
13293 -1.98 -1.99712
13294 -1.98 -1.99711
13295 -2 -1.99711
13296 -1.98 -1.99711
13297 -1.98 -1.99711
13298 -2 -1.99711
13299 -2 -1.99711
13300 -2 -1.99711
13301 -2 -1.99711
13302 -2 -1.99711
13303 -2 -1.99711
13304 -2 -1.99711
13305 -2 -1.99711
13306 -2 -1.99711
13307 -2 -1.99711
13308 -2 -1.99711
13309 -2 -1.99711
13310 -2 -1.99712
13311 -2 -1.99712
13312 -2 -1.99712
13313 -2 -1.99712
13314 -2 -1.99712
13315 -2 -1.99712
13316 -2 -1.99712
13317 -2 -1.99712
13318 -2 -1.99712
13319 -2 -1.99712
13320 -2 -1.99712
13321 -2 -1.99712
13322 -2 -1.99712
13323 -2 -1.99712
13324 -2 -1.99712
13325 -2 -1.99712
13326 -2 -1.99712
13327 -2 -1.99712
13328 -1.98 -1.99712
13329 -1.98 -1.99712
13330 -2 -1.99712
13331 -2 -1.99712
13332 -2 -1.99712
13333 -2 -1.99712
13334 -2 -1.99712
13335 -2 -1.99712
13336 -2 -1.99712
13337 -2 -1.99712
13338 -2 -1.99712
13339 -2 -1.99712
13340 -2 -1.99712
13341 -2 -1.99712
13342 -2 -1.99712
13343 -1.98 -1.99712
13344 -1.98 -1.99712
13345 -2 -1.99712
13346 -2 -1.99712
13347 -2 -1.99712
13348 -2 -1.99712
13349 -2 -1.99712
13350 -2 -1.99712
13351 -2 -1.99712
13352 -2 -1.99712
13353 -2 -1.99712
13354 -2 -1.99712
13355 -2 -1.99712
13356 -2 -1.99712
13357 -2 -1.99712
13358 -2 -1.99712
13359 -2 -1.99712
13360 -2 -1.99712
13361 -2 -1.99712
13362 -2 -1.99712
13363 -2 -1.99712
13364 -2 -1.99712
13365 -2 -1.99712
13366 -1.98 -1.99712
13367 -2 -1.99712
13368 -2 -1.99712
13369 -2 -1.99712
13370 -2 -1.99712
13371 -1.98 -1.99712
13372 -2 -1.99712
13373 -2 -1.99712
13374 -1.98 -1.99712
13375 -2 -1.99712
13376 -1.96 -1.99712
13377 -1.98 -1.99711
13378 -2 -1.99711
13379 -2 -1.99712
13380 -2 -1.99712
13381 -2 -1.99712
13382 -2 -1.99712
13383 -2 -1.99712
13384 -2 -1.99712
13385 -2 -1.99712
13386 -2 -1.99712
13387 -2 -1.99712
13388 -2 -1.99712
13389 -2 -1.99712
13390 -2 -1.99712
13391 -2 -1.99712
13392 -2 -1.99712
13393 -2 -1.99712
13394 -2 -1.99712
13395 -2 -1.99712
13396 -2 -1.99712
13397 -2 -1.99712
13398 -1.98 -1.99712
13399 -2 -1.99712
13400 -2 -1.99712
13401 -1.98 -1.99712
13402 -2 -1.99712
13403 -2 -1.99712
13404 -1.98 -1.99712
13405 -1.97 -1.99711
13406 -1.98 -1.99711
13407 -1.98 -1.99711
13408 -1.98 -1.99711
13409 -2 -1.99711
13410 -2 -1.99711
13411 -2 -1.99711
13412 -2 -1.99711
13413 -2 -1.99711
13414 -2 -1.99711
13415 -2 -1.99711
13416 -2 -1.99711
13417 -2 -1.99711
13418 -2 -1.99711
13419 -1.98 -1.99711
13420 -2 -1.99711
13421 -2 -1.99711
13422 -2 -1.99711
13423 -2 -1.99711
13424 -2 -1.99711
13425 -2 -1.99711
13426 -2 -1.99711
13427 -2 -1.99711
13428 -2 -1.99711
13429 -2 -1.99711
13430 -2 -1.99711
13431 -2 -1.99711
13432 -1.98 -1.99711
13433 -1.98 -1.99711
13434 -2 -1.99711
13435 -2 -1.99711
13436 -2 -1.99711
13437 -2 -1.99711
13438 -2 -1.99711
13439 -2 -1.99711
13440 -2 -1.99711
13441 -2 -1.99711
13442 -2 -1.99711
13443 -2 -1.99711
13444 -2 -1.99711
13445 -2 -1.99711
13446 -2 -1.99711
13447 -2 -1.99711
13448 -2 -1.99711
13449 -2 -1.99711
13450 -2 -1.99711
13451 -2 -1.99711
13452 -2 -1.99712
13453 -2 -1.99712
13454 -2 -1.99712
13455 -1.98 -1.99711
13456 -1.98 -1.99711
13457 -2 -1.99711
13458 -2 -1.99711
13459 -2 -1.99711
13460 -2 -1.99711
13461 -2 -1.99711
13462 -2 -1.99711
13463 -2 -1.99711
13464 -2 -1.99711
13465 -2 -1.99711
13466 -1.98 -1.99711
13467 -2 -1.99711
13468 -2 -1.99711
13469 -2 -1.99711
13470 -2 -1.99711
13471 -2 -1.99711
13472 -2 -1.99711
13473 -2 -1.99712
13474 -2 -1.99712
13475 -2 -1.99712
13476 -2 -1.99712
13477 -2 -1.99712
13478 -2 -1.99712
13479 -2 -1.99712
13480 -2 -1.99712
13481 -2 -1.99712
13482 -2 -1.99712
13483 -2 -1.99712
13484 -2 -1.99712
13485 -2 -1.99712
13486 -2 -1.99712
13487 -2 -1.99712
13488 -2 -1.99712
13489 -2 -1.99712
13490 -2 -1.99712
13491 -2 -1.99712
13492 -2 -1.99712
13493 -2 -1.99712
13494 -2 -1.99712
13495 -2 -1.99712
13496 -2 -1.99712
13497 -2 -1.99712
13498 -2 -1.99712
13499 -2 -1.99712
13500 -2 -1.99712
13501 -2 -1.99712
13502 -2 -1.99712
13503 -2 -1.99712
13504 -2 -1.99712
13505 -2 -1.99712
13506 -2 -1.99712
13507 -2 -1.99712
13508 -2 -1.99712
13509 -2 -1.99712
13510 -1.98 -1.99712
13511 -2 -1.99712
13512 -2 -1.99712
13513 -2 -1.99712
13514 -2 -1.99712
13515 -2 -1.99712
13516 -2 -1.99712
13517 -2 -1.99712
13518 -2 -1.99712
13519 -2 -1.99712
13520 -2 -1.99712
13521 -2 -1.99712
13522 -2 -1.99712
13523 -2 -1.99712
13524 -2 -1.99712
13525 -2 -1.99712
13526 -2 -1.99713
13527 -2 -1.99713
13528 -2 -1.99713
13529 -2 -1.99713
13530 -2 -1.99713
13531 -2 -1.99713
13532 -2 -1.99713
13533 -2 -1.99713
13534 -2 -1.99713
13535 -2 -1.99713
13536 -2 -1.99713
13537 -2 -1.99713
13538 -2 -1.99713
13539 -2 -1.99713
13540 -2 -1.99713
13541 -2 -1.99713
13542 -2 -1.99713
13543 -2 -1.99713
13544 -2 -1.99713
13545 -2 -1.99713
13546 -2 -1.99713
13547 -2 -1.99713
13548 -2 -1.99713
13549 -2 -1.99713
13550 -2 -1.99713
13551 -2 -1.99713
13552 -2 -1.99713
13553 -2 -1.99713
13554 -2 -1.99713
13555 -2 -1.99713
13556 -1.98 -1.99713
13557 -1.98 -1.99713
13558 -2 -1.99713
13559 -2 -1.99713
13560 -2 -1.99713
13561 -2 -1.99713
13562 -1.98 -1.99713
13563 -2 -1.99713
13564 -2 -1.99713
13565 -2 -1.99713
13566 -2 -1.99713
13567 -2 -1.99713
13568 -2 -1.99713
13569 -2 -1.99713
13570 -2 -1.99713
13571 -2 -1.99713
13572 -2 -1.99713
13573 -2 -1.99713
13574 -2 -1.99713
13575 -2 -1.99713
13576 -2 -1.99713
13577 -2 -1.99713
13578 -2 -1.99713
13579 -2 -1.99713
13580 -1.98 -1.99713
13581 -2 -1.99713
13582 -2 -1.99713
13583 -2 -1.99713
13584 -2 -1.99713
13585 -2 -1.99713
13586 -2 -1.99713
13587 -2 -1.99713
13588 -2 -1.99713
13589 -2 -1.99713
13590 -2 -1.99713
13591 -2 -1.99713
13592 -2 -1.99713
13593 -2 -1.99713
13594 -2 -1.99713
13595 -1.98 -1.99713
13596 -1.98 -1.99713
13597 -1.98 -1.99713
13598 -1.98 -1.99713
13599 -1.98 -1.99713
13600 -2 -1.99713
13601 -2 -1.99713
13602 -2 -1.99713
13603 -1.98 -1.99713
13604 -1.98 -1.99713
13605 -1.96 -1.99712
13606 -1.96 -1.99712
13607 -1.97 -1.99712
13608 -1.98 -1.99712
13609 -2 -1.99712
13610 -2 -1.99712
13611 -2 -1.99712
13612 -2 -1.99712
13613 -2 -1.99712
13614 -1.98 -1.99712
13615 -1.98 -1.99712
13616 -1.98 -1.99711
13617 -2 -1.99711
13618 -2 -1.99711
13619 -2 -1.99711
13620 -2 -1.99711
13621 -2 -1.99711
13622 -2 -1.99712
13623 -2 -1.99712
13624 -2 -1.99712
13625 -2 -1.99712
13626 -1.98 -1.99711
13627 -1.98 -1.99711
13628 -1.98 -1.99711
13629 -2 -1.99711
13630 -1.98 -1.99711
13631 -1.98 -1.99711
13632 -1.98 -1.99711
13633 -2 -1.99711
13634 -2 -1.99711
13635 -2 -1.99711
13636 -1.98 -1.99711
13637 -2 -1.99711
13638 -2 -1.99711
13639 -2 -1.99711
13640 -2 -1.99711
13641 -2 -1.99711
13642 -2 -1.99711
13643 -1.98 -1.99711
13644 -2 -1.99711
13645 -2 -1.99711
13646 -2 -1.99711
13647 -2 -1.99711
13648 -2 -1.99711
13649 -2 -1.99711
13650 -1.98 -1.99711
13651 -1.98 -1.99711
13652 -1.98 -1.99711
13653 -1.98 -1.9971
13654 -1.98 -1.9971
13655 -2 -1.9971
13656 -2 -1.9971
13657 -2 -1.9971
13658 -2 -1.9971
13659 -1.98 -1.9971
13660 -1.94 -1.9971
13661 -1.94 -1.99709
13662 -1.96 -1.99709
13663 -1.98 -1.99709
13664 -2 -1.99709
13665 -2 -1.99709
13666 -2 -1.99709
13667 -2 -1.99709
13668 -2 -1.99709
13669 -2 -1.99709
13670 -2 -1.99709
13671 -1.98 -1.99709
13672 -1.98 -1.99709
13673 -1.98 -1.99709
13674 -1.98 -1.99709
13675 -1.98 -1.99709
13676 -1.98 -1.99708
13677 -2 -1.99708
13678 -2 -1.99708
13679 -2 -1.99708
13680 -2 -1.99709
13681 -2 -1.99709
13682 -2 -1.99709
13683 -2 -1.99709
13684 -2 -1.99709
13685 -2 -1.99709
13686 -2 -1.99709
13687 -2 -1.99709
13688 -2 -1.99709
13689 -2 -1.99709
13690 -2 -1.99709
13691 -1.98 -1.99709
13692 -1.98 -1.99708
13693 -2 -1.99708
13694 -2 -1.99709
13695 -2 -1.99709
13696 -2 -1.99709
13697 -2 -1.99709
13698 -2 -1.99709
13699 -2 -1.99709
13700 -2 -1.99709
13701 -2 -1.99709
13702 -2 -1.99709
13703 -2 -1.99709
13704 -2 -1.99709
13705 -2 -1.99709
13706 -2 -1.99709
13707 -2 -1.99709
13708 -2 -1.99709
13709 -2 -1.99709
13710 -2 -1.99709
13711 -2 -1.99709
13712 -2 -1.99709
13713 -1.98 -1.99709
13714 -2 -1.99709
13715 -2 -1.99709
13716 -2 -1.99709
13717 -2 -1.99709
13718 -2 -1.99709
13719 -2 -1.99709
13720 -2 -1.99709
13721 -2 -1.99709
13722 -2 -1.99709
13723 -2 -1.99709
13724 -2 -1.99709
13725 -2 -1.99709
13726 -2 -1.99709
13727 -2 -1.99709
13728 -1.98 -1.99709
13729 -1.97 -1.99709
13730 -1.96 -1.99708
13731 -1.96 -1.99708
13732 -1.96 -1.99708
13733 -1.98 -1.99708
13734 -2 -1.99708
13735 -2 -1.99708
13736 -2 -1.99708
13737 -2 -1.99708
13738 -2 -1.99708
13739 -2 -1.99708
13740 -1.98 -1.99708
13741 -1.98 -1.99708
13742 -1.98 -1.99708
13743 -2 -1.99708
13744 -2 -1.99708
13745 -2 -1.99708
13746 -2 -1.99708
13747 -2 -1.99708
13748 -1.98 -1.99708
13749 -2 -1.99708
13750 -2 -1.99708
13751 -2 -1.99708
13752 -2 -1.99708
13753 -2 -1.99708
13754 -2 -1.99708
13755 -2 -1.99708
13756 -2 -1.99708
13757 -2 -1.99708
13758 -2 -1.99708
13759 -2 -1.99708
13760 -2 -1.99708
13761 -2 -1.99708
13762 -2 -1.99708
13763 -2 -1.99708
13764 -1.98 -1.99708
13765 -1.98 -1.99708
13766 -2 -1.99708
13767 -2 -1.99708
13768 -2 -1.99708
13769 -2 -1.99708
13770 -2 -1.99708
13771 -2 -1.99708
13772 -2 -1.99708
13773 -2 -1.99708
13774 -2 -1.99708
13775 -2 -1.99708
13776 -2 -1.99708
13777 -2 -1.99708
13778 -2 -1.99708
13779 -1.98 -1.99708
13780 -2 -1.99708
13781 -2 -1.99708
13782 -2 -1.99708
13783 -2 -1.99708
13784 -2 -1.99708
13785 -2 -1.99708
13786 -2 -1.99708
13787 -2 -1.99708
13788 -2 -1.99708
13789 -2 -1.99708
13790 -1.98 -1.99708
13791 -1.98 -1.99708
13792 -2 -1.99708
13793 -2 -1.99708
13794 -2 -1.99708
13795 -2 -1.99708
13796 -2 -1.99708
13797 -2 -1.99708
13798 -2 -1.99708
13799 -2 -1.99708
13800 -2 -1.99708
13801 -2 -1.99708
13802 -2 -1.99708
13803 -2 -1.99708
13804 -2 -1.99708
13805 -1.98 -1.99708
13806 -2 -1.99708
13807 -2 -1.99708
13808 -2 -1.99708
13809 -2 -1.99708
13810 -2 -1.99708
13811 -2 -1.99708
13812 -2 -1.99708
13813 -2 -1.99708
13814 -2 -1.99708
13815 -2 -1.99708
13816 -2 -1.99708
13817 -2 -1.99708
13818 -2 -1.99708
13819 -2 -1.99708
13820 -2 -1.99708
13821 -2 -1.99708
13822 -2 -1.99708
13823 -2 -1.99708
13824 -2 -1.99708
13825 -2 -1.99708
13826 -2 -1.99708
13827 -1.98 -1.99708
13828 -2 -1.99708
13829 -2 -1.99708
13830 -2 -1.99708
13831 -2 -1.99708
13832 -2 -1.99708
13833 -2 -1.99708
13834 -2 -1.99708
13835 -2 -1.99708
13836 -2 -1.99708
13837 -2 -1.99708
13838 -2 -1.99708
13839 -2 -1.99708
13840 -2 -1.99708
13841 -2 -1.99708
13842 -2 -1.99709
13843 -2 -1.99709
13844 -1.98 -1.99708
13845 -1.98 -1.99708
13846 -2 -1.99708
13847 -2 -1.99708
13848 -2 -1.99708
13849 -2 -1.99708
13850 -2 -1.99708
13851 -2 -1.99708
13852 -2 -1.99708
13853 -2 -1.99708
13854 -2 -1.99708
13855 -2 -1.99709
13856 -2 -1.99709
13857 -2 -1.99709
13858 -2 -1.99709
13859 -2 -1.99709
13860 -1.98 -1.99708
13861 -1.98 -1.99708
13862 -2 -1.99708
13863 -1.98 -1.99708
13864 -1.98 -1.99708
13865 -1.98 -1.99708
13866 -2 -1.99708
13867 -2 -1.99708
13868 -2 -1.99708
13869 -2 -1.99708
13870 -2 -1.99708
13871 -2 -1.99708
13872 -2 -1.99708
13873 -1.98 -1.99708
13874 -2 -1.99708
13875 -2 -1.99708
13876 -2 -1.99708
13877 -2 -1.99708
13878 -2 -1.99708
13879 -1.98 -1.99708
13880 -2 -1.99708
13881 -2 -1.99708
13882 -2 -1.99708
13883 -2 -1.99708
13884 -1.98 -1.99708
13885 -2 -1.99708
13886 -2 -1.99708
13887 -2 -1.99708
13888 -2 -1.99708
13889 -2 -1.99708
13890 -2 -1.99708
13891 -2 -1.99708
13892 -2 -1.99708
13893 -2 -1.99708
13894 -2 -1.99708
13895 -2 -1.99708
13896 -2 -1.99708
13897 -2 -1.99708
13898 -2 -1.99708
13899 -2 -1.99708
13900 -2 -1.99708
13901 -2 -1.99708
13902 -2 -1.99708
13903 -2 -1.99708
13904 -2 -1.99708
13905 -1.98 -1.99708
13906 -2 -1.99708
13907 -1.97 -1.99708
13908 -1.97 -1.99708
13909 -1.97 -1.99708
13910 -1.98 -1.99708
13911 -2 -1.99708
13912 -2 -1.99708
13913 -1.98 -1.99707
13914 -1.98 -1.99707
13915 -2 -1.99707
13916 -2 -1.99707
13917 -2 -1.99707
13918 -2 -1.99707
13919 -2 -1.99707
13920 -2 -1.99707
13921 -2 -1.99708
13922 -2 -1.99708
13923 -2 -1.99708
13924 -2 -1.99708
13925 -2 -1.99708
13926 -2 -1.99708
13927 -2 -1.99708
13928 -2 -1.99708
13929 -1.98 -1.99708
13930 -2 -1.99708
13931 -1.98 -1.99707
13932 -1.98 -1.99707
13933 -2 -1.99707
13934 -2 -1.99707
13935 -2 -1.99707
13936 -2 -1.99707
13937 -2 -1.99707
13938 -1.98 -1.99707
13939 -2 -1.99707
13940 -2 -1.99707
13941 -2 -1.99707
13942 -1.98 -1.99707
13943 -2 -1.99707
13944 -2 -1.99707
13945 -2 -1.99707
13946 -2 -1.99707
13947 -2 -1.99707
13948 -2 -1.99707
13949 -2 -1.99707
13950 -2 -1.99707
13951 -2 -1.99707
13952 -2 -1.99707
13953 -2 -1.99707
13954 -2 -1.99707
13955 -2 -1.99708
13956 -2 -1.99708
13957 -2 -1.99708
13958 -2 -1.99708
13959 -2 -1.99708
13960 -2 -1.99708
13961 -2 -1.99708
13962 -2 -1.99708
13963 -2 -1.99708
13964 -2 -1.99708
13965 -2 -1.99708
13966 -1.98 -1.99708
13967 -2 -1.99708
13968 -2 -1.99708
13969 -2 -1.99708
13970 -2 -1.99708
13971 -2 -1.99708
13972 -2 -1.99708
13973 -2 -1.99708
13974 -2 -1.99708
13975 -2 -1.99708
13976 -2 -1.99708
13977 -2 -1.99708
13978 -2 -1.99708
13979 -1.98 -1.99708
13980 -1.98 -1.99708
13981 -2 -1.99708
13982 -2 -1.99708
13983 -2 -1.99708
13984 -2 -1.99708
13985 -2 -1.99708
13986 -2 -1.99708
13987 -2 -1.99708
13988 -2 -1.99708
13989 -2 -1.99708
13990 -1.96 -1.99708
13991 -2 -1.99708
13992 -2 -1.99708
13993 -2 -1.99708
13994 -1.98 -1.99707
13995 -1.98 -1.99707
13996 -2 -1.99707
13997 -2 -1.99707
13998 -1.98 -1.99707
13999 -2 -1.99707
14000 -2 -1.99707
14001 -2 -1.99707
14002 -2 -1.99707
14003 -2 -1.99707
14004 -2 -1.99707
14005 -2 -1.99707
14006 -2 -1.99707
14007 -2 -1.99707
14008 -1.97 -1.99707
14009 -1.96 -1.99707
14010 -1.98 -1.99707
14011 -1.98 -1.99707
14012 -1.98 -1.99707
14013 -2 -1.99707
14014 -2 -1.99707
14015 -2 -1.99707
14016 -2 -1.99707
14017 -2 -1.99707
14018 -2 -1.99707
14019 -1.96 -1.99706
14020 -1.96 -1.99706
14021 -2 -1.99706
14022 -2 -1.99706
14023 -2 -1.99706
14024 -2 -1.99706
14025 -2 -1.99706
14026 -2 -1.99706
14027 -2 -1.99706
14028 -2 -1.99706
14029 -2 -1.99706
14030 -2 -1.99706
14031 -2 -1.99706
14032 -2 -1.99706
14033 -2 -1.99706
14034 -2 -1.99707
14035 -2 -1.99707
14036 -1.98 -1.99706
14037 -2 -1.99706
14038 -2 -1.99706
14039 -1.94 -1.99706
14040 -2 -1.99706
14041 -2 -1.99706
14042 -2 -1.99706
14043 -1.98 -1.99706
14044 -2 -1.99706
14045 -2 -1.99706
14046 -2 -1.99706
14047 -2 -1.99706
14048 -2 -1.99706
14049 -2 -1.99706
14050 -2 -1.99706
14051 -2 -1.99706
14052 -2 -1.99706
14053 -2 -1.99706
14054 -2 -1.99706
14055 -2 -1.99706
14056 -2 -1.99706
14057 -2 -1.99706
14058 -2 -1.99706
14059 -2 -1.99706
14060 -2 -1.99706
14061 -2 -1.99706
14062 -2 -1.99706
14063 -1.98 -1.99706
14064 -1.98 -1.99706
14065 -2 -1.99706
14066 -1.98 -1.99706
14067 -2 -1.99706
14068 -2 -1.99706
14069 -2 -1.99706
14070 -2 -1.99706
14071 -2 -1.99706
14072 -2 -1.99706
14073 -2 -1.99706
14074 -2 -1.99706
14075 -2 -1.99706
14076 -1.98 -1.99706
14077 -2 -1.99706
14078 -2 -1.99706
14079 -2 -1.99706
14080 -2 -1.99706
14081 -2 -1.99706
14082 -2 -1.99706
14083 -2 -1.99706
14084 -2 -1.99706
14085 -2 -1.99706
14086 -2 -1.99706
14087 -2 -1.99706
14088 -2 -1.99706
14089 -2 -1.99706
14090 -2 -1.99706
14091 -2 -1.99706
14092 -2 -1.99706
14093 -2 -1.99706
14094 -2 -1.99706
14095 -1.98 -1.99706
14096 -1.98 -1.99706
14097 -2 -1.99706
14098 -2 -1.99706
14099 -2 -1.99706
14100 -2 -1.99706
14101 -2 -1.99706
14102 -2 -1.99706
14103 -2 -1.99706
14104 -2 -1.99706
14105 -2 -1.99706
14106 -2 -1.99706
14107 -2 -1.99706
14108 -2 -1.99706
14109 -2 -1.99707
14110 -2 -1.99707
14111 -2 -1.99707
14112 -2 -1.99707
14113 -1.98 -1.99706
14114 -2 -1.99706
14115 -2 -1.99707
14116 -2 -1.99707
14117 -1.98 -1.99706
14118 -2 -1.99706
14119 -2 -1.99706
14120 -2 -1.99706
14121 -2 -1.99706
14122 -2 -1.99707
14123 -2 -1.99707
14124 -2 -1.99707
14125 -2 -1.99707
14126 -2 -1.99707
14127 -2 -1.99707
14128 -2 -1.99707
14129 -2 -1.99707
14130 -2 -1.99707
14131 -2 -1.99707
14132 -2 -1.99707
14133 -2 -1.99707
14134 -2 -1.99707
14135 -2 -1.99707
14136 -1.98 -1.99707
14137 -2 -1.99707
14138 -2 -1.99707
14139 -2 -1.99707
14140 -2 -1.99707
14141 -2 -1.99707
14142 -2 -1.99707
14143 -2 -1.99707
14144 -2 -1.99707
14145 -2 -1.99707
14146 -2 -1.99707
14147 -2 -1.99707
14148 -2 -1.99707
14149 -2 -1.99707
14150 -2 -1.99707
14151 -2 -1.99707
14152 -1.98 -1.99707
14153 -2 -1.99707
14154 -2 -1.99707
14155 -2 -1.99707
14156 -2 -1.99707
14157 -2 -1.99707
14158 -2 -1.99707
14159 -2 -1.99707
14160 -2 -1.99707
14161 -1.98 -1.99707
14162 -2 -1.99707
14163 -2 -1.99707
14164 -2 -1.99707
14165 -2 -1.99707
14166 -2 -1.99707
14167 -2 -1.99707
14168 -2 -1.99707
14169 -2 -1.99707
14170 -2 -1.99707
14171 -2 -1.99707
14172 -2 -1.99707
14173 -2 -1.99707
14174 -2 -1.99707
14175 -2 -1.99707
14176 -2 -1.99707
14177 -2 -1.99707
14178 -2 -1.99707
14179 -2 -1.99707
14180 -2 -1.99707
14181 -2 -1.99707
14182 -2 -1.99707
14183 -2 -1.99707
14184 -2 -1.99707
14185 -2 -1.99707
14186 -1.98 -1.99707
14187 -1.98 -1.99707
14188 -2 -1.99707
14189 -2 -1.99707
14190 -2 -1.99707
14191 -1.98 -1.99707
14192 -2 -1.99707
14193 -2 -1.99707
14194 -2 -1.99707
14195 -2 -1.99707
14196 -2 -1.99707
14197 -2 -1.99707
14198 -2 -1.99707
14199 -2 -1.99707
14200 -1.98 -1.99707
14201 -2 -1.99707
14202 -2 -1.99707
14203 -2 -1.99707
14204 -2 -1.99707
14205 -2 -1.99707
14206 -1.98 -1.99707
14207 -1.98 -1.99707
14208 -2 -1.99707
14209 -2 -1.99707
14210 -2 -1.99707
14211 -1.98 -1.99707
14212 -1.98 -1.99707
14213 -2 -1.99707
14214 -2 -1.99707
14215 -2 -1.99707
14216 -1.98 -1.99707
14217 -1.98 -1.99707
14218 -2 -1.99707
14219 -1.98 -1.99707
14220 -2 -1.99707
14221 -2 -1.99707
14222 -2 -1.99707
14223 -2 -1.99707
14224 -2 -1.99707
14225 -2 -1.99707
14226 -2 -1.99707
14227 -2 -1.99707
14228 -2 -1.99707
14229 -2 -1.99707
14230 -2 -1.99707
14231 -2 -1.99707
14232 -2 -1.99707
14233 -2 -1.99707
14234 -2 -1.99707
14235 -1.98 -1.99707
14236 -2 -1.99707
14237 -2 -1.99707
14238 -2 -1.99707
14239 -2 -1.99707
14240 -2 -1.99707
14241 -2 -1.99707
14242 -2 -1.99707
14243 -2 -1.99707
14244 -2 -1.99707
14245 -2 -1.99707
14246 -2 -1.99707
14247 -2 -1.99707
14248 -2 -1.99707
14249 -2 -1.99707
14250 -2 -1.99707
14251 -2 -1.99707
14252 -2 -1.99707
14253 -2 -1.99707
14254 -2 -1.99707
14255 -1.98 -1.99707
14256 -2 -1.99707
14257 -2 -1.99707
14258 -2 -1.99707
14259 -2 -1.99707
14260 -2 -1.99707
14261 -2 -1.99707
14262 -2 -1.99707
14263 -2 -1.99707
14264 -2 -1.99707
14265 -2 -1.99707
14266 -2 -1.99707
14267 -2 -1.99707
14268 -2 -1.99707
14269 -1.98 -1.99707
14270 -1.98 -1.99707
14271 -1.98 -1.99707
14272 -1.98 -1.99707
14273 -2 -1.99707
14274 -2 -1.99707
14275 -2 -1.99707
14276 -2 -1.99707
14277 -2 -1.99707
14278 -2 -1.99707
14279 -2 -1.99707
14280 -2 -1.99707
14281 -2 -1.99707
14282 -2 -1.99707
14283 -2 -1.99707
14284 -2 -1.99707
14285 -2 -1.99707
14286 -1.98 -1.99707
14287 -1.96 -1.99707
14288 -1.98 -1.99707
14289 -1.98 -1.99706
14290 -1.98 -1.99706
14291 -2 -1.99706
14292 -2 -1.99706
14293 -2 -1.99706
14294 -2 -1.99706
14295 -2 -1.99706
14296 -2 -1.99706
14297 -2 -1.99706
14298 -2 -1.99706
14299 -2 -1.99707
14300 -2 -1.99707
14301 -2 -1.99707
14302 -2 -1.99707
14303 -2 -1.99707
14304 -2 -1.99707
14305 -2 -1.99707
14306 -1.98 -1.99707
14307 -2 -1.99707
14308 -2 -1.99707
14309 -2 -1.99707
14310 -2 -1.99707
14311 -2 -1.99707
14312 -2 -1.99707
14313 -2 -1.99707
14314 -2 -1.99707
14315 -2 -1.99707
14316 -2 -1.99707
14317 -2 -1.99707
14318 -2 -1.99707
14319 -2 -1.99707
14320 -2 -1.99707
14321 -2 -1.99707
14322 -2 -1.99707
14323 -1.98 -1.99707
14324 -1.98 -1.99707
14325 -2 -1.99707
14326 -2 -1.99707
14327 -2 -1.99707
14328 -2 -1.99707
14329 -2 -1.99707
14330 -2 -1.99707
14331 -2 -1.99707
14332 -2 -1.99707
14333 -2 -1.99707
14334 -2 -1.99707
14335 -2 -1.99707
14336 -2 -1.99707
14337 -2 -1.99707
14338 -2 -1.99707
14339 -2 -1.99707
14340 -2 -1.99707
14341 -2 -1.99707
14342 -2 -1.99707
14343 -2 -1.99707
14344 -2 -1.99707
14345 -2 -1.99707
14346 -2 -1.99707
14347 -2 -1.99707
14348 -2 -1.99707
14349 -2 -1.99707
14350 -2 -1.99707
14351 -2 -1.99707
14352 -2 -1.99707
14353 -2 -1.99707
14354 -2 -1.99707
14355 -2 -1.99707
14356 -2 -1.99707
14357 -2 -1.99707
14358 -2 -1.99707
14359 -2 -1.99707
14360 -2 -1.99707
14361 -2 -1.99707
14362 -2 -1.99707
14363 -2 -1.99707
14364 -2 -1.99707
14365 -2 -1.99707
14366 -1.98 -1.99707
14367 -2 -1.99707
14368 -2 -1.99707
14369 -2 -1.99707
14370 -2 -1.99707
14371 -2 -1.99707
14372 -2 -1.99707
14373 -2 -1.99707
14374 -2 -1.99707
14375 -2 -1.99707
14376 -2 -1.99708
14377 -2 -1.99708
14378 -2 -1.99708
14379 -2 -1.99708
14380 -2 -1.99708
14381 -2 -1.99708
14382 -2 -1.99708
14383 -2 -1.99708
14384 -2 -1.99708
14385 -2 -1.99708
14386 -2 -1.99708
14387 -1.98 -1.99708
14388 -1.98 -1.99707
14389 -2 -1.99708
14390 -2 -1.99708
14391 -2 -1.99708
14392 -2 -1.99708
14393 -2 -1.99708
14394 -2 -1.99708
14395 -2 -1.99708
14396 -2 -1.99708
14397 -2 -1.99708
14398 -2 -1.99708
14399 -2 -1.99708
14400 -2 -1.99708
14401 -1.98 -1.99708
14402 -1.98 -1.99707
14403 -1.96 -1.99707
14404 -2 -1.99707
14405 -2 -1.99707
14406 -1.98 -1.99707
14407 -1.98 -1.99707
14408 -1.96 -1.99707
14409 -1.98 -1.99707
14410 -1.98 -1.99707
14411 -2 -1.99707
14412 -2 -1.99707
14413 -2 -1.99707
14414 -2 -1.99707
14415 -2 -1.99707
14416 -2 -1.99707
14417 -2 -1.99707
14418 -2 -1.99707
14419 -2 -1.99707
14420 -2 -1.99707
14421 -2 -1.99707
14422 -2 -1.99707
14423 -2 -1.99707
14424 -2 -1.99707
14425 -2 -1.99707
14426 -2 -1.99707
14427 -2 -1.99707
14428 -2 -1.99707
14429 -2 -1.99707
14430 -2 -1.99707
14431 -2 -1.99707
14432 -2 -1.99707
14433 -2 -1.99707
14434 -2 -1.99707
14435 -2 -1.99707
14436 -2 -1.99707
14437 -2 -1.99707
14438 -2 -1.99707
14439 -2 -1.99707
14440 -2 -1.99707
14441 -2 -1.99707
14442 -2 -1.99707
14443 -1.98 -1.99707
14444 -2 -1.99707
14445 -1.98 -1.99707
14446 -1.98 -1.99707
14447 -1.98 -1.99707
14448 -1.96 -1.99706
14449 -1.98 -1.99706
14450 -2 -1.99706
14451 -2 -1.99706
14452 -1.98 -1.99706
14453 -2 -1.99706
14454 -2 -1.99706
14455 -2 -1.99706
14456 -2 -1.99706
14457 -2 -1.99706
14458 -2 -1.99706
14459 -2 -1.99706
14460 -2 -1.99706
14461 -2 -1.99706
14462 -2 -1.99706
14463 -2 -1.99707
14464 -1.98 -1.99706
14465 -2 -1.99706
14466 -2 -1.99706
14467 -2 -1.99706
14468 -2 -1.99706
14469 -2 -1.99706
14470 -2 -1.99707
14471 -2 -1.99707
14472 -2 -1.99707
14473 -2 -1.99707
14474 -2 -1.99707
14475 -2 -1.99707
14476 -2 -1.99707
14477 -2 -1.99707
14478 -2 -1.99707
14479 -2 -1.99707
14480 -2 -1.99707
14481 -2 -1.99707
14482 -2 -1.99707
14483 -2 -1.99707
14484 -2 -1.99707
14485 -2 -1.99707
14486 -2 -1.99707
14487 -2 -1.99707
14488 -2 -1.99707
14489 -2 -1.99707
14490 -2 -1.99707
14491 -2 -1.99707
14492 -2 -1.99707
14493 -2 -1.99707
14494 -2 -1.99707
14495 -2 -1.99707
14496 -2 -1.99707
14497 -2 -1.99707
14498 -2 -1.99707
14499 -2 -1.99707
14500 -2 -1.99707
14501 -2 -1.99707
14502 -2 -1.99707
14503 -2 -1.99707
14504 -2 -1.99707
14505 -2 -1.99707
14506 -2 -1.99707
14507 -2 -1.99707
14508 -2 -1.99707
14509 -2 -1.99707
14510 -2 -1.99707
14511 -2 -1.99707
14512 -2 -1.99707
14513 -2 -1.99707
14514 -2 -1.99707
14515 -2 -1.99707
14516 -2 -1.99707
14517 -2 -1.99707
14518 -2 -1.99707
14519 -2 -1.99708
14520 -2 -1.99708
14521 -2 -1.99708
14522 -2 -1.99708
14523 -2 -1.99708
14524 -2 -1.99708
14525 -2 -1.99708
14526 -1.98 -1.99708
14527 -1.98 -1.99707
14528 -2 -1.99707
14529 -2 -1.99707
14530 -2 -1.99707
14531 -2 -1.99707
14532 -2 -1.99707
14533 -2 -1.99708
14534 -2 -1.99708
14535 -2 -1.99708
14536 -2 -1.99708
14537 -2 -1.99708
14538 -2 -1.99708
14539 -2 -1.99708
14540 -2 -1.99708
14541 -2 -1.99708
14542 -2 -1.99708
14543 -2 -1.99708
14544 -2 -1.99708
14545 -2 -1.99708
14546 -2 -1.99708
14547 -2 -1.99708
14548 -2 -1.99708
14549 -2 -1.99708
14550 -1.98 -1.99708
14551 -1.98 -1.99708
14552 -1.98 -1.99707
14553 -1.98 -1.99707
14554 -2 -1.99707
14555 -2 -1.99707
14556 -2 -1.99707
14557 -1.98 -1.99707
14558 -2 -1.99707
14559 -2 -1.99707
14560 -2 -1.99707
14561 -2 -1.99707
14562 -2 -1.99707
14563 -2 -1.99707
14564 -2 -1.99707
14565 -2 -1.99707
14566 -2 -1.99707
14567 -2 -1.99708
14568 -2 -1.99708
14569 -2 -1.99708
14570 -2 -1.99708
14571 -2 -1.99708
14572 -2 -1.99708
14573 -2 -1.99708
14574 -2 -1.99708
14575 -2 -1.99708
14576 -2 -1.99708
14577 -1.98 -1.99708
14578 -2 -1.99708
14579 -2 -1.99708
14580 -2 -1.99708
14581 -2 -1.99708
14582 -2 -1.99708
14583 -2 -1.99708
14584 -2 -1.99708
14585 -2 -1.99708
14586 -2 -1.99708
14587 -2 -1.99708
14588 -2 -1.99708
14589 -2 -1.99708
14590 -2 -1.99708
14591 -1.98 -1.99708
14592 -1.98 -1.99708
14593 -1.98 -1.99707
14594 -1.98 -1.99707
14595 -2 -1.99707
14596 -2 -1.99707
14597 -2 -1.99707
14598 -1.98 -1.99707
14599 -2 -1.99707
14600 -2 -1.99707
14601 -2 -1.99707
14602 -2 -1.99707
14603 -2 -1.99707
14604 -2 -1.99707
14605 -2 -1.99707
14606 -2 -1.99707
14607 -2 -1.99707
14608 -1.98 -1.99707
14609 -2 -1.99707
14610 -2 -1.99707
14611 -2 -1.99707
14612 -2 -1.99707
14613 -2 -1.99707
14614 -2 -1.99707
14615 -2 -1.99708
14616 -2 -1.99708
14617 -2 -1.99708
14618 -2 -1.99708
14619 -2 -1.99708
14620 -2 -1.99708
14621 -2 -1.99708
14622 -2 -1.99708
14623 -2 -1.99708
14624 -2 -1.99708
14625 -2 -1.99708
14626 -2 -1.99708
14627 -2 -1.99708
14628 -2 -1.99708
14629 -2 -1.99708
14630 -2 -1.99708
14631 -2 -1.99708
14632 -2 -1.99708
14633 -1.98 -1.99708
14634 -1.98 -1.99708
14635 -1.98 -1.99708
14636 -2 -1.99708
14637 -2 -1.99708
14638 -1.98 -1.99707
14639 -1.98 -1.99707
14640 -1.98 -1.99707
14641 -2 -1.99707
14642 -2 -1.99707
14643 -2 -1.99707
14644 -2 -1.99707
14645 -2 -1.99707
14646 -2 -1.99707
14647 -2 -1.99707
14648 -2 -1.99707
14649 -2 -1.99707
14650 -1.98 -1.99707
14651 -1.98 -1.99707
14652 -2 -1.99707
14653 -2 -1.99707
14654 -2 -1.99707
14655 -2 -1.99707
14656 -2 -1.99707
14657 -2 -1.99707
14658 -2 -1.99707
14659 -2 -1.99707
14660 -2 -1.99707
14661 -2 -1.99707
14662 -2 -1.99707
14663 -2 -1.99707
14664 -2 -1.99707
14665 -1.98 -1.99707
14666 -1.98 -1.99707
14667 -1.98 -1.99707
14668 -2 -1.99707
14669 -2 -1.99707
14670 -2 -1.99707
14671 -1.98 -1.99707
14672 -2 -1.99707
14673 -2 -1.99707
14674 -2 -1.99707
14675 -2 -1.99707
14676 -2 -1.99707
14677 -2 -1.99707
14678 -2 -1.99707
14679 -2 -1.99707
14680 -2 -1.99707
14681 -2 -1.99707
14682 -2 -1.99707
14683 -2 -1.99707
14684 -2 -1.99707
14685 -2 -1.99707
14686 -2 -1.99707
14687 -2 -1.99707
14688 -2 -1.99707
14689 -2 -1.99707
14690 -2 -1.99707
14691 -2 -1.99707
14692 -2 -1.99707
14693 -2 -1.99707
14694 -2 -1.99707
14695 -2 -1.99707
14696 -2 -1.99707
14697 -1.98 -1.99707
14698 -1.96 -1.99707
14699 -2 -1.99707
14700 -2 -1.99707
14701 -2 -1.99707
14702 -2 -1.99707
14703 -2 -1.99707
14704 -2 -1.99707
14705 -2 -1.99707
14706 -2 -1.99707
14707 -2 -1.99707
14708 -2 -1.99707
14709 -2 -1.99707
14710 -2 -1.99707
14711 -2 -1.99707
14712 -2 -1.99707
14713 -2 -1.99707
14714 -2 -1.99707
14715 -2 -1.99707
14716 -2 -1.99707
14717 -2 -1.99708
14718 -2 -1.99708
14719 -2 -1.99708
14720 -2 -1.99708
14721 -2 -1.99708
14722 -2 -1.99708
14723 -1.98 -1.99707
14724 -1.98 -1.99707
14725 -1.98 -1.99707
14726 -1.98 -1.99707
14727 -1.98 -1.99707
14728 -2 -1.99707
14729 -2 -1.99707
14730 -2 -1.99707
14731 -2 -1.99707
14732 -2 -1.99707
14733 -2 -1.99707
14734 -2 -1.99707
14735 -2 -1.99707
14736 -2 -1.99707
14737 -2 -1.99707
14738 -2 -1.99707
14739 -2 -1.99707
14740 -2 -1.99707
14741 -2 -1.99707
14742 -2 -1.99707
14743 -2 -1.99707
14744 -2 -1.99707
14745 -2 -1.99707
14746 -2 -1.99707
14747 -2 -1.99707
14748 -2 -1.99707
14749 -2 -1.99707
14750 -2 -1.99707
14751 -2 -1.99707
14752 -2 -1.99708
14753 -2 -1.99708
14754 -2 -1.99708
14755 -1.98 -1.99707
14756 -1.98 -1.99707
14757 -1.98 -1.99707
14758 -1.98 -1.99707
14759 -2 -1.99707
14760 -2 -1.99707
14761 -2 -1.99707
14762 -2 -1.99707
14763 -2 -1.99707
14764 -2 -1.99707
14765 -2 -1.99707
14766 -2 -1.99707
14767 -2 -1.99707
14768 -2 -1.99707
14769 -2 -1.99707
14770 -2 -1.99707
14771 -2 -1.99707
14772 -2 -1.99707
14773 -2 -1.99707
14774 -2 -1.99707
14775 -2 -1.99707
14776 -2 -1.99707
14777 -2 -1.99707
14778 -2 -1.99707
14779 -2 -1.99708
14780 -2 -1.99708
14781 -2 -1.99708
14782 -2 -1.99708
14783 -2 -1.99708
14784 -2 -1.99708
14785 -2 -1.99708
14786 -2 -1.99708
14787 -2 -1.99708
14788 -1.98 -1.99708
14789 -2 -1.99708
14790 -2 -1.99708
14791 -2 -1.99708
14792 -2 -1.99708
14793 -2 -1.99708
14794 -2 -1.99708
14795 -2 -1.99708
14796 -1.98 -1.99708
14797 -1.97 -1.99707
14798 -1.95 -1.99707
14799 -1.98 -1.99707
14800 -1.98 -1.99707
14801 -2 -1.99707
14802 -2 -1.99707
14803 -2 -1.99707
14804 -2 -1.99707
14805 -2 -1.99707
14806 -2 -1.99707
14807 -2 -1.99707
14808 -2 -1.99707
14809 -1.98 -1.99707
14810 -1.98 -1.99707
14811 -1.98 -1.99707
14812 -2 -1.99707
14813 -2 -1.99707
14814 -2 -1.99707
14815 -2 -1.99707
14816 -2 -1.99707
14817 -2 -1.99707
14818 -2 -1.99707
14819 -2 -1.99707
14820 -2 -1.99707
14821 -2 -1.99707
14822 -2 -1.99707
14823 -2 -1.99707
14824 -2 -1.99707
14825 -2 -1.99707
14826 -2 -1.99707
14827 -2 -1.99707
14828 -2 -1.99707
14829 -2 -1.99707
14830 -2 -1.99707
14831 -1.98 -1.99707
14832 -2 -1.99707
14833 -2 -1.99707
14834 -2 -1.99707
14835 -2 -1.99707
14836 -2 -1.99707
14837 -2 -1.99707
14838 -2 -1.99707
14839 -2 -1.99707
14840 -2 -1.99707
14841 -2 -1.99707
14842 -2 -1.99707
14843 -2 -1.99707
14844 -1.96 -1.99707
14845 -1.98 -1.99707
14846 -2 -1.99707
14847 -1.98 -1.99707
14848 -2 -1.99707
14849 -2 -1.99707
14850 -2 -1.99707
14851 -2 -1.99707
14852 -2 -1.99707
14853 -2 -1.99707
14854 -2 -1.99707
14855 -2 -1.99707
14856 -2 -1.99707
14857 -2 -1.99707
14858 -2 -1.99707
14859 -2 -1.99707
14860 -2 -1.99707
14861 -2 -1.99707
14862 -2 -1.99707
14863 -2 -1.99707
14864 -2 -1.99707
14865 -2 -1.99707
14866 -2 -1.99707
14867 -2 -1.99707
14868 -2 -1.99707
14869 -2 -1.99707
14870 -2 -1.99707
14871 -2 -1.99707
14872 -2 -1.99707
14873 -1.98 -1.99707
14874 -2 -1.99707
14875 -2 -1.99707
14876 -2 -1.99707
14877 -2 -1.99707
14878 -2 -1.99707
14879 -1.98 -1.99707
14880 -2 -1.99707
14881 -2 -1.99707
14882 -2 -1.99707
14883 -2 -1.99707
14884 -2 -1.99707
14885 -2 -1.99707
14886 -2 -1.99707
14887 -2 -1.99707
14888 -2 -1.99707
14889 -2 -1.99707
14890 -2 -1.99707
14891 -2 -1.99707
14892 -2 -1.99707
14893 -2 -1.99707
14894 -2 -1.99707
14895 -2 -1.99707
14896 -2 -1.99707
14897 -2 -1.99707
14898 -2 -1.99707
14899 -2 -1.99707
14900 -2 -1.99707
14901 -2 -1.99707
14902 -2 -1.99708
14903 -2 -1.99708
14904 -1.98 -1.99707
14905 -2 -1.99707
14906 -2 -1.99707
14907 -2 -1.99707
14908 -2 -1.99707
14909 -2 -1.99708
14910 -2 -1.99708
14911 -2 -1.99708
14912 -2 -1.99708
14913 -1.98 -1.99707
14914 -2 -1.99707
14915 -2 -1.99707
14916 -2 -1.99708
14917 -2 -1.99708
14918 -2 -1.99708
14919 -2 -1.99708
14920 -2 -1.99708
14921 -2 -1.99708
14922 -2 -1.99708
14923 -2 -1.99708
14924 -2 -1.99708
14925 -2 -1.99708
14926 -2 -1.99708
14927 -2 -1.99708
14928 -2 -1.99708
14929 -2 -1.99708
14930 -2 -1.99708
14931 -2 -1.99708
14932 -2 -1.99708
14933 -2 -1.99708
14934 -2 -1.99708
14935 -2 -1.99708
14936 -2 -1.99708
14937 -2 -1.99708
14938 -2 -1.99708
14939 -2 -1.99708
14940 -2 -1.99708
14941 -2 -1.99708
14942 -2 -1.99708
14943 -2 -1.99708
14944 -2 -1.99708
14945 -2 -1.99708
14946 -2 -1.99708
14947 -1.98 -1.99708
14948 -1.98 -1.99708
14949 -2 -1.99708
14950 -2 -1.99708
14951 -2 -1.99708
14952 -2 -1.99708
14953 -2 -1.99708
14954 -2 -1.99708
14955 -2 -1.99708
14956 -2 -1.99708
14957 -2 -1.99708
14958 -2 -1.99708
14959 -2 -1.99708
14960 -2 -1.99708
14961 -2 -1.99708
14962 -2 -1.99708
14963 -2 -1.99708
14964 -2 -1.99708
14965 -2 -1.99708
14966 -2 -1.99708
14967 -2 -1.99708
14968 -2 -1.99708
14969 -1.98 -1.99708
14970 -1.98 -1.99708
14971 -1.97 -1.99708
14972 -2 -1.99708
14973 -2 -1.99708
14974 -2 -1.99708
14975 -2 -1.99708
14976 -2 -1.99708
14977 -2 -1.99708
14978 -2 -1.99708
14979 -2 -1.99708
14980 -2 -1.99708
14981 -2 -1.99708
14982 -1.96 -1.99708
14983 -1.98 -1.99708
14984 -1.98 -1.99708
14985 -1.98 -1.99707
14986 -2 -1.99707
14987 -2 -1.99707
14988 -2 -1.99708
14989 -2 -1.99708
14990 -2 -1.99708
14991 -2 -1.99708
14992 -2 -1.99708
14993 -2 -1.99708
14994 -2 -1.99708
14995 -2 -1.99708
14996 -2 -1.99708
14997 -2 -1.99708
14998 -2 -1.99708
14999 -2 -1.99708
15000 -2 -1.99708
15001 -2 -1.99708
15002 -2 -1.99708
15003 -1.98 -1.99708
15004 -2 -1.99708
15005 -2 -1.99708
15006 -2 -1.99708
15007 -2 -1.99708
15008 -2 -1.99708
15009 -2 -1.99708
15010 -2 -1.99708
15011 -2 -1.99708
15012 -2 -1.99708
15013 -2 -1.99708
15014 -2 -1.99708
15015 -1.98 -1.99708
15016 -2 -1.99708
15017 -2 -1.99708
15018 -2 -1.99708
15019 -2 -1.99708
15020 -2 -1.99708
15021 -2 -1.99708
15022 -2 -1.99708
15023 -1.98 -1.99708
15024 -1.96 -1.99708
15025 -1.98 -1.99707
15026 -2 -1.99707
15027 -2 -1.99707
15028 -2 -1.99707
15029 -2 -1.99708
15030 -2 -1.99708
15031 -2 -1.99708
15032 -2 -1.99708
15033 -2 -1.99708
15034 -2 -1.99708
15035 -2 -1.99708
15036 -2 -1.99708
15037 -2 -1.99708
15038 -2 -1.99708
15039 -2 -1.99708
15040 -2 -1.99708
15041 -2 -1.99708
15042 -2 -1.99708
15043 -2 -1.99708
15044 -2 -1.99708
15045 -2 -1.99708
15046 -2 -1.99708
15047 -2 -1.99708
15048 -2 -1.99708
15049 -2 -1.99708
15050 -2 -1.99708
15051 -1.98 -1.99708
15052 -2 -1.99708
15053 -2 -1.99708
15054 -2 -1.99708
15055 -1.98 -1.99708
15056 -1.98 -1.99708
15057 -1.98 -1.99708
15058 -1.98 -1.99707
15059 -2 -1.99707
15060 -2 -1.99707
15061 -2 -1.99707
15062 -2 -1.99707
15063 -2 -1.99708
15064 -2 -1.99708
15065 -2 -1.99708
15066 -2 -1.99708
15067 -2 -1.99708
15068 -2 -1.99708
15069 -2 -1.99708
15070 -1.98 -1.99708
15071 -2 -1.99708
15072 -2 -1.99708
15073 -2 -1.99708
15074 -2 -1.99708
15075 -2 -1.99708
15076 -2 -1.99708
15077 -1.96 -1.99707
15078 -2 -1.99707
15079 -2 -1.99707
15080 -1.98 -1.99707
15081 -2 -1.99707
15082 -2 -1.99707
15083 -2 -1.99707
15084 -2 -1.99707
15085 -2 -1.99707
15086 -1.98 -1.99707
15087 -2 -1.99707
15088 -2 -1.99707
15089 -2 -1.99707
15090 -2 -1.99707
15091 -2 -1.99707
15092 -2 -1.99707
15093 -2 -1.99707
15094 -2 -1.99707
15095 -2 -1.99707
15096 -2 -1.99707
15097 -2 -1.99708
15098 -2 -1.99708
15099 -2 -1.99708
15100 -2 -1.99708
15101 -1.98 -1.99707
15102 -1.98 -1.99707
15103 -2 -1.99707
15104 -2 -1.99707
15105 -1.96 -1.99707
15106 -1.98 -1.99707
15107 -1.97 -1.99707
15108 -2 -1.99707
15109 -2 -1.99707
15110 -2 -1.99707
15111 -2 -1.99707
15112 -2 -1.99707
15113 -2 -1.99707
15114 -2 -1.99707
15115 -2 -1.99707
15116 -2 -1.99707
15117 -2 -1.99707
15118 -2 -1.99707
15119 -2 -1.99707
15120 -2 -1.99707
15121 -2 -1.99707
15122 -2 -1.99707
15123 -2 -1.99707
15124 -2 -1.99707
15125 -2 -1.99707
15126 -2 -1.99707
15127 -2 -1.99707
15128 -2 -1.99707
15129 -2 -1.99707
15130 -2 -1.99707
15131 -2 -1.99707
15132 -2 -1.99707
15133 -2 -1.99707
15134 -2 -1.99707
15135 -2 -1.99707
15136 -2 -1.99707
15137 -2 -1.99707
15138 -2 -1.99707
15139 -2 -1.99707
15140 -2 -1.99707
15141 -2 -1.99708
15142 -2 -1.99708
15143 -2 -1.99708
15144 -2 -1.99708
15145 -2 -1.99708
15146 -2 -1.99708
15147 -2 -1.99708
15148 -2 -1.99708
15149 -2 -1.99708
15150 -2 -1.99708
15151 -2 -1.99708
15152 -2 -1.99708
15153 -2 -1.99708
15154 -2 -1.99708
15155 -2 -1.99708
15156 -2 -1.99708
15157 -1.98 -1.99708
15158 -2 -1.99708
15159 -2 -1.99708
15160 -2 -1.99708
15161 -2 -1.99708
15162 -2 -1.99708
15163 -2 -1.99708
15164 -2 -1.99708
15165 -2 -1.99708
15166 -2 -1.99708
15167 -1.98 -1.99708
15168 -1.98 -1.99708
15169 -1.96 -1.99707
15170 -1.98 -1.99707
15171 -1.98 -1.99707
15172 -2 -1.99707
15173 -2 -1.99707
15174 -2 -1.99707
15175 -2 -1.99707
15176 -2 -1.99707
15177 -2 -1.99707
15178 -2 -1.99707
15179 -2 -1.99707
15180 -2 -1.99707
15181 -2 -1.99707
15182 -2 -1.99707
15183 -2 -1.99707
15184 -2 -1.99707
15185 -2 -1.99707
15186 -2 -1.99707
15187 -2 -1.99707
15188 -2 -1.99707
15189 -2 -1.99708
15190 -2 -1.99708
15191 -2 -1.99708
15192 -2 -1.99708
15193 -2 -1.99708
15194 -2 -1.99708
15195 -1.98 -1.99707
15196 -1.98 -1.99707
15197 -2 -1.99707
15198 -2 -1.99707
15199 -2 -1.99707
15200 -2 -1.99707
15201 -2 -1.99707
15202 -2 -1.99707
15203 -2 -1.99708
15204 -2 -1.99708
15205 -1.98 -1.99707
15206 -1.98 -1.99707
15207 -2 -1.99707
15208 -2 -1.99707
15209 -2 -1.99707
15210 -2 -1.99707
15211 -2 -1.99707
15212 -2 -1.99707
15213 -2 -1.99707
15214 -2 -1.99707
15215 -2 -1.99707
15216 -2 -1.99707
15217 -2 -1.99708
15218 -2 -1.99708
15219 -2 -1.99708
15220 -2 -1.99708
15221 -2 -1.99708
15222 -2 -1.99708
15223 -1.98 -1.99708
15224 -2 -1.99708
15225 -2 -1.99708
15226 -2 -1.99708
15227 -2 -1.99708
15228 -2 -1.99708
15229 -2 -1.99708
15230 -2 -1.99708
15231 -2 -1.99708
15232 -2 -1.99708
15233 -2 -1.99708
15234 -2 -1.99708
15235 -2 -1.99708
15236 -2 -1.99708
15237 -1.98 -1.99708
15238 -2 -1.99708
15239 -2 -1.99708
15240 -1.96 -1.99707
15241 -2 -1.99707
15242 -2 -1.99707
15243 -2 -1.99707
15244 -2 -1.99708
15245 -2 -1.99708
15246 -2 -1.99708
15247 -1.98 -1.99707
15248 -2 -1.99707
15249 -2 -1.99707
15250 -2 -1.99707
15251 -1.98 -1.99707
15252 -2 -1.99707
15253 -2 -1.99707
15254 -2 -1.99707
15255 -2 -1.99707
15256 -2 -1.99707
15257 -2 -1.99707
15258 -2 -1.99708
15259 -2 -1.99708
15260 -2 -1.99708
15261 -2 -1.99708
15262 -1.98 -1.99707
15263 -2 -1.99707
15264 -2 -1.99708
15265 -2 -1.99708
15266 -2 -1.99708
15267 -2 -1.99708
15268 -2 -1.99708
15269 -1.98 -1.99707
15270 -2 -1.99707
15271 -2 -1.99708
15272 -1.98 -1.99707
15273 -2 -1.99707
15274 -2 -1.99707
15275 -2 -1.99707
15276 -2 -1.99707
15277 -1.98 -1.99707
15278 -2 -1.99707
15279 -2 -1.99707
15280 -2 -1.99707
15281 -1.98 -1.99707
15282 -1.98 -1.99707
15283 -1.98 -1.99707
15284 -2 -1.99707
15285 -2 -1.99707
15286 -2 -1.99707
15287 -2 -1.99707
15288 -2 -1.99707
15289 -2 -1.99707
15290 -2 -1.99707
15291 -2 -1.99707
15292 -2 -1.99707
15293 -2 -1.99707
15294 -1.98 -1.99707
15295 -2 -1.99707
15296 -2 -1.99707
15297 -2 -1.99707
15298 -2 -1.99707
15299 -2 -1.99707
15300 -2 -1.99707
15301 -2 -1.99707
15302 -2 -1.99707
15303 -2 -1.99707
15304 -2 -1.99707
15305 -2 -1.99707
15306 -2 -1.99707
15307 -2 -1.99707
15308 -2 -1.99707
15309 -2 -1.99707
15310 -2 -1.99707
15311 -2 -1.99707
15312 -2 -1.99708
15313 -2 -1.99708
15314 -2 -1.99708
15315 -2 -1.99708
15316 -2 -1.99708
15317 -1.98 -1.99707
15318 -1.97 -1.99707
15319 -2 -1.99707
15320 -2 -1.99707
15321 -2 -1.99707
15322 -2 -1.99707
15323 -2 -1.99707
15324 -2 -1.99707
15325 -2 -1.99707
15326 -2 -1.99707
15327 -2 -1.99707
15328 -2 -1.99707
15329 -2 -1.99708
15330 -2 -1.99708
15331 -2 -1.99708
15332 -2 -1.99708
15333 -1.98 -1.99707
15334 -2 -1.99707
15335 -2 -1.99707
15336 -2 -1.99708
15337 -2 -1.99708
15338 -2 -1.99708
15339 -2 -1.99708
15340 -2 -1.99708
15341 -2 -1.99708
15342 -2 -1.99708
15343 -2 -1.99708
15344 -2 -1.99708
15345 -2 -1.99708
15346 -2 -1.99708
15347 -2 -1.99708
15348 -2 -1.99708
15349 -2 -1.99708
15350 -2 -1.99708
15351 -2 -1.99708
15352 -2 -1.99708
15353 -2 -1.99708
15354 -2 -1.99708
15355 -2 -1.99708
15356 -2 -1.99708
15357 -2 -1.99708
15358 -2 -1.99708
15359 -2 -1.99708
15360 -1.98 -1.99708
15361 -1.98 -1.99708
15362 -1.98 -1.99708
15363 -1.98 -1.99707
15364 -2 -1.99708
15365 -2 -1.99708
15366 -2 -1.99708
15367 -2 -1.99708
15368 -2 -1.99708
15369 -2 -1.99708
15370 -2 -1.99708
15371 -2 -1.99708
15372 -2 -1.99708
15373 -2 -1.99708
15374 -2 -1.99708
15375 -2 -1.99708
15376 -1.98 -1.99708
15377 -2 -1.99708
15378 -2 -1.99708
15379 -2 -1.99708
15380 -2 -1.99708
15381 -2 -1.99708
15382 -2 -1.99708
15383 -2 -1.99708
15384 -2 -1.99708
15385 -2 -1.99708
15386 -2 -1.99708
15387 -2 -1.99708
15388 -2 -1.99708
15389 -2 -1.99708
15390 -2 -1.99708
15391 -2 -1.99708
15392 -2 -1.99708
15393 -2 -1.99708
15394 -2 -1.99708
15395 -2 -1.99708
15396 -1.98 -1.99708
15397 -2 -1.99708
15398 -2 -1.99708
15399 -2 -1.99708
15400 -2 -1.99708
15401 -2 -1.99708
15402 -2 -1.99708
15403 -2 -1.99708
15404 -1.98 -1.99708
15405 -2 -1.99708
15406 -1.98 -1.99708
15407 -2 -1.99708
15408 -2 -1.99708
15409 -2 -1.99708
15410 -2 -1.99708
15411 -2 -1.99708
15412 -2 -1.99708
15413 -2 -1.99708
15414 -2 -1.99708
15415 -2 -1.99708
15416 -2 -1.99708
15417 -2 -1.99708
15418 -2 -1.99708
15419 -2 -1.99708
15420 -2 -1.99708
15421 -2 -1.99708
15422 -2 -1.99708
15423 -2 -1.99708
15424 -2 -1.99708
15425 -2 -1.99708
15426 -2 -1.99708
15427 -2 -1.99708
15428 -2 -1.99708
15429 -2 -1.99708
15430 -2 -1.99708
15431 -2 -1.99708
15432 -1.98 -1.99708
15433 -2 -1.99708
15434 -2 -1.99708
15435 -2 -1.99708
15436 -2 -1.99708
15437 -2 -1.99708
15438 -2 -1.99708
15439 -2 -1.99708
15440 -2 -1.99708
15441 -2 -1.99708
15442 -1.98 -1.99708
15443 -1.98 -1.99708
15444 -1.98 -1.99708
15445 -2 -1.99708
15446 -2 -1.99708
15447 -2 -1.99708
15448 -2 -1.99708
15449 -2 -1.99708
15450 -2 -1.99708
15451 -2 -1.99708
15452 -2 -1.99708
15453 -2 -1.99708
15454 -2 -1.99708
15455 -2 -1.99708
15456 -2 -1.99708
15457 -2 -1.99708
15458 -2 -1.99708
15459 -2 -1.99708
15460 -2 -1.99708
15461 -2 -1.99708
15462 -2 -1.99708
15463 -2 -1.99708
15464 -2 -1.99708
15465 -2 -1.99708
15466 -2 -1.99708
15467 -2 -1.99708
15468 -2 -1.99708
15469 -2 -1.99708
15470 -2 -1.99708
15471 -2 -1.99709
15472 -2 -1.99709
15473 -2 -1.99709
15474 -2 -1.99709
15475 -2 -1.99709
15476 -2 -1.99709
15477 -2 -1.99709
15478 -2 -1.99709
15479 -1.98 -1.99709
15480 -2 -1.99709
15481 -1.98 -1.99708
15482 -1.98 -1.99708
15483 -2 -1.99708
15484 -1.98 -1.99708
15485 -2 -1.99708
15486 -2 -1.99708
15487 -2 -1.99708
15488 -2 -1.99708
15489 -2 -1.99708
15490 -2 -1.99708
15491 -1.98 -1.99708
15492 -2 -1.99708
15493 -2 -1.99708
15494 -2 -1.99708
15495 -2 -1.99708
15496 -2 -1.99708
15497 -2 -1.99708
15498 -2 -1.99708
15499 -2 -1.99708
15500 -2 -1.99708
15501 -2 -1.99708
15502 -2 -1.99708
15503 -2 -1.99708
15504 -2 -1.99708
15505 -2 -1.99708
15506 -2 -1.99709
15507 -2 -1.99709
15508 -2 -1.99709
15509 -2 -1.99709
15510 -2 -1.99709
15511 -1.98 -1.99708
15512 -2 -1.99709
15513 -2 -1.99709
15514 -2 -1.99709
15515 -2 -1.99709
15516 -2 -1.99709
15517 -1.98 -1.99708
15518 -1.98 -1.99708
15519 -2 -1.99708
15520 -2 -1.99708
15521 -2 -1.99708
15522 -2 -1.99708
15523 -2 -1.99708
15524 -2 -1.99708
15525 -2 -1.99708
15526 -2 -1.99709
15527 -1.94 -1.99708
15528 -1.98 -1.99708
15529 -2 -1.99708
15530 -2 -1.99708
15531 -2 -1.99708
15532 -2 -1.99708
15533 -2 -1.99708
15534 -2 -1.99708
15535 -2 -1.99708
15536 -2 -1.99708
15537 -2 -1.99708
15538 -1.98 -1.99708
15539 -1.98 -1.99708
15540 -2 -1.99708
15541 -2 -1.99708
15542 -2 -1.99708
15543 -2 -1.99708
15544 -2 -1.99708
15545 -2 -1.99708
15546 -2 -1.99708
15547 -2 -1.99708
15548 -1.98 -1.99708
15549 -2 -1.99708
15550 -2 -1.99708
15551 -1.98 -1.99708
15552 -2 -1.99708
15553 -1.98 -1.99708
15554 -1.98 -1.99708
15555 -2 -1.99708
15556 -2 -1.99708
15557 -2 -1.99708
15558 -2 -1.99708
15559 -2 -1.99708
15560 -2 -1.99708
15561 -2 -1.99708
15562 -2 -1.99708
15563 -2 -1.99708
15564 -2 -1.99708
15565 -2 -1.99708
15566 -2 -1.99708
15567 -2 -1.99708
15568 -1.98 -1.99708
15569 -2 -1.99708
15570 -2 -1.99708
15571 -2 -1.99708
15572 -2 -1.99708
15573 -2 -1.99708
15574 -2 -1.99708
15575 -2 -1.99708
15576 -2 -1.99708
15577 -2 -1.99708
15578 -1.98 -1.99708
15579 -2 -1.99708
15580 -2 -1.99708
15581 -2 -1.99708
15582 -2 -1.99708
15583 -2 -1.99708
15584 -2 -1.99708
15585 -2 -1.99708
15586 -2 -1.99708
15587 -2 -1.99708
15588 -2 -1.99708
15589 -2 -1.99708
15590 -2 -1.99708
15591 -2 -1.99708
15592 -2 -1.99708
15593 -2 -1.99708
15594 -2 -1.99708
15595 -2 -1.99708
15596 -2 -1.99708
15597 -2 -1.99708
15598 -2 -1.99708
15599 -2 -1.99708
15600 -2 -1.99708
15601 -2 -1.99708
15602 -2 -1.99708
15603 -2 -1.99708
15604 -2 -1.99708
15605 -2 -1.99708
15606 -2 -1.99708
15607 -2 -1.99708
15608 -2 -1.99709
15609 -2 -1.99709
15610 -2 -1.99709
15611 -2 -1.99709
15612 -2 -1.99709
15613 -2 -1.99709
15614 -2 -1.99709
15615 -2 -1.99709
15616 -2 -1.99709
15617 -2 -1.99709
15618 -2 -1.99709
15619 -2 -1.99709
15620 -1.98 -1.99709
15621 -1.96 -1.99708
15622 -1.96 -1.99708
15623 -1.98 -1.99708
15624 -1.98 -1.99708
15625 -1.98 -1.99708
15626 -1.98 -1.99708
15627 -2 -1.99708
15628 -2 -1.99708
15629 -2 -1.99708
15630 -2 -1.99708
15631 -2 -1.99708
15632 -2 -1.99708
15633 -2 -1.99708
15634 -2 -1.99708
15635 -2 -1.99708
15636 -2 -1.99708
15637 -1.98 -1.99708
15638 -1.98 -1.99708
15639 -2 -1.99708
15640 -2 -1.99708
15641 -2 -1.99708
15642 -2 -1.99708
15643 -2 -1.99708
15644 -2 -1.99708
15645 -2 -1.99708
15646 -1.98 -1.99708
15647 -1.98 -1.99708
15648 -1.98 -1.99707
15649 -1.96 -1.99707
15650 -1.96 -1.99707
15651 -2 -1.99707
15652 -2 -1.99707
15653 -2 -1.99707
15654 -2 -1.99707
15655 -2 -1.99707
15656 -2 -1.99707
15657 -2 -1.99707
15658 -2 -1.99707
15659 -2 -1.99707
15660 -2 -1.99707
15661 -2 -1.99707
15662 -2 -1.99707
15663 -2 -1.99707
15664 -1.98 -1.99707
15665 -2 -1.99707
15666 -2 -1.99707
15667 -2 -1.99707
15668 -2 -1.99707
15669 -2 -1.99707
15670 -2 -1.99707
15671 -2 -1.99707
15672 -2 -1.99707
15673 -2 -1.99707
15674 -2 -1.99707
15675 -2 -1.99707
15676 -2 -1.99707
15677 -2 -1.99707
15678 -1.98 -1.99707
15679 -1.98 -1.99707
15680 -2 -1.99707
15681 -2 -1.99707
15682 -2 -1.99707
15683 -2 -1.99707
15684 -2 -1.99707
15685 -2 -1.99707
15686 -2 -1.99707
15687 -1.98 -1.99707
15688 -1.98 -1.99707
15689 -1.95 -1.99707
15690 -1.98 -1.99707
15691 -1.98 -1.99707
15692 -1.98 -1.99706
15693 -2 -1.99706
15694 -2 -1.99706
15695 -2 -1.99706
15696 -1.98 -1.99706
15697 -1.96 -1.99706
15698 -2 -1.99706
15699 -2 -1.99706
15700 -2 -1.99706
15701 -2 -1.99706
15702 -2 -1.99706
15703 -1.98 -1.99706
15704 -2 -1.99706
15705 -2 -1.99706
15706 -2 -1.99706
15707 -1.98 -1.99706
15708 -1.98 -1.99706
15709 -1.98 -1.99706
15710 -2 -1.99706
15711 -2 -1.99706
15712 -2 -1.99706
15713 -2 -1.99706
15714 -2 -1.99706
15715 -2 -1.99706
15716 -2 -1.99706
15717 -2 -1.99706
15718 -2 -1.99706
15719 -2 -1.99706
15720 -2 -1.99706
15721 -2 -1.99706
15722 -2 -1.99706
15723 -2 -1.99706
15724 -2 -1.99706
15725 -2 -1.99706
15726 -2 -1.99706
15727 -2 -1.99706
15728 -2 -1.99706
15729 -2 -1.99706
15730 -2 -1.99706
15731 -2 -1.99706
15732 -1.98 -1.99706
15733 -2 -1.99706
15734 -2 -1.99706
15735 -2 -1.99706
15736 -2 -1.99706
15737 -1.98 -1.99706
15738 -2 -1.99706
15739 -2 -1.99706
15740 -2 -1.99706
15741 -2 -1.99706
15742 -2 -1.99706
15743 -2 -1.99706
15744 -2 -1.99706
15745 -2 -1.99706
15746 -2 -1.99706
15747 -1.98 -1.99706
15748 -2 -1.99706
15749 -2 -1.99706
15750 -2 -1.99706
15751 -2 -1.99706
15752 -2 -1.99706
15753 -2 -1.99706
15754 -2 -1.99706
15755 -1.98 -1.99706
15756 -2 -1.99706
15757 -2 -1.99706
15758 -2 -1.99706
15759 -2 -1.99706
15760 -2 -1.99706
15761 -2 -1.99706
15762 -1.98 -1.99706
15763 -1.98 -1.99706
15764 -2 -1.99706
15765 -2 -1.99706
15766 -2 -1.99706
15767 -2 -1.99706
15768 -2 -1.99706
15769 -2 -1.99706
15770 -2 -1.99706
15771 -2 -1.99706
15772 -2 -1.99706
15773 -2 -1.99706
15774 -2 -1.99706
15775 -2 -1.99706
15776 -2 -1.99706
15777 -2 -1.99706
15778 -2 -1.99706
15779 -1.98 -1.99706
15780 -2 -1.99706
15781 -2 -1.99706
15782 -2 -1.99706
15783 -2 -1.99706
15784 -2 -1.99706
15785 -2 -1.99706
15786 -2 -1.99706
15787 -2 -1.99706
15788 -2 -1.99706
15789 -2 -1.99706
15790 -2 -1.99706
15791 -2 -1.99706
15792 -2 -1.99707
15793 -2 -1.99707
15794 -2 -1.99707
15795 -1.98 -1.99706
15796 -1.98 -1.99706
15797 -1.98 -1.99706
15798 -1.96 -1.99706
15799 -1.98 -1.99706
15800 -1.98 -1.99706
15801 -1.98 -1.99706
15802 -1.98 -1.99706
15803 -1.98 -1.99705
15804 -2 -1.99705
15805 -2 -1.99705
15806 -2 -1.99706
15807 -2 -1.99706
15808 -1.98 -1.99705
15809 -1.98 -1.99705
15810 -1.98 -1.99705
15811 -2 -1.99705
15812 -1.98 -1.99705
15813 -1.98 -1.99705
15814 -2 -1.99705
15815 -2 -1.99705
15816 -2 -1.99705
15817 -2 -1.99705
15818 -2 -1.99705
15819 -1.98 -1.99705
15820 -2 -1.99705
15821 -2 -1.99705
15822 -2 -1.99705
15823 -2 -1.99705
15824 -2 -1.99705
15825 -2 -1.99705
15826 -2 -1.99705
15827 -2 -1.99705
15828 -2 -1.99705
15829 -2 -1.99705
15830 -2 -1.99705
15831 -1.98 -1.99705
15832 -1.98 -1.99705
15833 -1.98 -1.99705
15834 -2 -1.99705
15835 -2 -1.99705
15836 -2 -1.99705
15837 -2 -1.99705
15838 -2 -1.99705
15839 -2 -1.99705
15840 -2 -1.99705
15841 -2 -1.99705
15842 -2 -1.99705
15843 -2 -1.99705
15844 -2 -1.99705
15845 -2 -1.99705
15846 -1.98 -1.99705
15847 -2 -1.99705
15848 -2 -1.99705
15849 -2 -1.99705
15850 -2 -1.99705
15851 -2 -1.99705
15852 -2 -1.99705
15853 -2 -1.99705
15854 -2 -1.99705
15855 -2 -1.99705
15856 -1.98 -1.99705
15857 -1.97 -1.99705
15858 -1.98 -1.99705
15859 -2 -1.99705
15860 -1.98 -1.99705
15861 -1.98 -1.99705
15862 -2 -1.99705
15863 -2 -1.99705
15864 -2 -1.99705
15865 -2 -1.99705
15866 -2 -1.99705
15867 -2 -1.99705
15868 -2 -1.99705
15869 -2 -1.99705
15870 -2 -1.99705
15871 -2 -1.99705
15872 -1.98 -1.99705
15873 -1.98 -1.99705
15874 -1.98 -1.99704
15875 -1.98 -1.99704
15876 -2 -1.99704
15877 -2 -1.99704
15878 -2 -1.99704
15879 -2 -1.99704
15880 -2 -1.99704
15881 -1.98 -1.99704
15882 -1.98 -1.99704
15883 -2 -1.99704
15884 -1.98 -1.99704
15885 -1.98 -1.99704
15886 -2 -1.99704
15887 -2 -1.99704
15888 -2 -1.99704
15889 -2 -1.99704
15890 -2 -1.99704
15891 -2 -1.99704
15892 -2 -1.99704
15893 -2 -1.99704
15894 -2 -1.99704
15895 -2 -1.99704
15896 -1.98 -1.99704
15897 -1.98 -1.99704
15898 -1.98 -1.99704
15899 -1.98 -1.99704
15900 -2 -1.99704
15901 -2 -1.99704
15902 -2 -1.99704
15903 -2 -1.99704
15904 -2 -1.99704
15905 -2 -1.99704
15906 -2 -1.99704
15907 -2 -1.99704
15908 -2 -1.99704
15909 -2 -1.99704
15910 -2 -1.99704
15911 -2 -1.99704
15912 -2 -1.99704
15913 -2 -1.99704
15914 -2 -1.99704
15915 -2 -1.99704
15916 -2 -1.99704
15917 -2 -1.99704
15918 -2 -1.99704
15919 -2 -1.99704
15920 -2 -1.99704
15921 -2 -1.99704
15922 -2 -1.99704
15923 -2 -1.99704
15924 -2 -1.99704
15925 -2 -1.99704
15926 -1.98 -1.99704
15927 -1.98 -1.99704
15928 -2 -1.99704
15929 -2 -1.99704
15930 -2 -1.99704
15931 -2 -1.99704
15932 -2 -1.99704
15933 -2 -1.99704
15934 -2 -1.99704
15935 -2 -1.99704
15936 -2 -1.99704
15937 -2 -1.99704
15938 -2 -1.99704
15939 -2 -1.99704
15940 -2 -1.99704
15941 -2 -1.99704
15942 -2 -1.99704
15943 -2 -1.99704
15944 -2 -1.99704
15945 -2 -1.99704
15946 -2 -1.99704
15947 -2 -1.99704
15948 -2 -1.99704
15949 -2 -1.99704
15950 -2 -1.99704
15951 -1.98 -1.99704
15952 -2 -1.99704
15953 -2 -1.99704
15954 -2 -1.99704
15955 -2 -1.99704
15956 -2 -1.99704
15957 -2 -1.99704
15958 -2 -1.99704
15959 -2 -1.99705
15960 -2 -1.99705
15961 -2 -1.99705
15962 -2 -1.99705
15963 -2 -1.99705
15964 -2 -1.99705
15965 -2 -1.99705
15966 -2 -1.99705
15967 -2 -1.99705
15968 -2 -1.99705
15969 -2 -1.99705
15970 -2 -1.99705
15971 -2 -1.99705
15972 -2 -1.99705
15973 -2 -1.99705
15974 -1.98 -1.99705
15975 -2 -1.99705
15976 -2 -1.99705
15977 -2 -1.99705
15978 -2 -1.99705
15979 -2 -1.99705
15980 -2 -1.99705
15981 -2 -1.99705
15982 -2 -1.99705
15983 -2 -1.99705
15984 -2 -1.99705
15985 -2 -1.99705
15986 -2 -1.99705
15987 -2 -1.99705
15988 -2 -1.99705
15989 -2 -1.99705
15990 -2 -1.99705
15991 -2 -1.99705
15992 -2 -1.99705
15993 -2 -1.99705
15994 -2 -1.99705
15995 -2 -1.99705
15996 -2 -1.99705
15997 -2 -1.99705
15998 -2 -1.99705
15999 -2 -1.99705
16000 -2 -1.99705
16001 -2 -1.99705
16002 -2 -1.99705
16003 -2 -1.99705
16004 -2 -1.99705
16005 -1.98 -1.99705
16006 -2 -1.99705
16007 -2 -1.99705
16008 -2 -1.99705
16009 -2 -1.99705
16010 -2 -1.99705
16011 -2 -1.99705
16012 -2 -1.99705
16013 -2 -1.99705
16014 -2 -1.99705
16015 -2 -1.99705
16016 -2 -1.99705
16017 -2 -1.99705
16018 -2 -1.99705
16019 -2 -1.99705
16020 -2 -1.99705
16021 -2 -1.99705
16022 -2 -1.99705
16023 -2 -1.99705
16024 -1.98 -1.99705
16025 -2 -1.99705
16026 -2 -1.99705
16027 -2 -1.99705
16028 -2 -1.99705
16029 -2 -1.99705
16030 -2 -1.99705
16031 -2 -1.99705
16032 -1.98 -1.99705
16033 -1.94 -1.99705
16034 -1.98 -1.99705
16035 -2 -1.99705
16036 -2 -1.99705
16037 -2 -1.99705
16038 -1.98 -1.99705
16039 -2 -1.99705
16040 -2 -1.99705
16041 -1.98 -1.99705
16042 -1.96 -1.99705
16043 -1.96 -1.99704
16044 -1.98 -1.99704
16045 -2 -1.99704
16046 -2 -1.99704
16047 -2 -1.99704
16048 -2 -1.99704
16049 -2 -1.99704
16050 -2 -1.99704
16051 -2 -1.99704
16052 -2 -1.99704
16053 -2 -1.99704
16054 -2 -1.99704
16055 -2 -1.99704
16056 -2 -1.99704
16057 -2 -1.99704
16058 -2 -1.99704
16059 -2 -1.99704
16060 -2 -1.99705
16061 -2 -1.99705
16062 -1.98 -1.99704
16063 -1.98 -1.99704
16064 -2 -1.99704
16065 -2 -1.99704
16066 -1.96 -1.99704
16067 -2 -1.99704
16068 -2 -1.99704
16069 -2 -1.99704
16070 -2 -1.99704
16071 -2 -1.99704
16072 -2 -1.99704
16073 -2 -1.99704
16074 -2 -1.99704
16075 -2 -1.99704
16076 -2 -1.99704
16077 -2 -1.99704
16078 -2 -1.99704
16079 -2 -1.99704
16080 -2 -1.99704
16081 -2 -1.99704
16082 -2 -1.99704
16083 -2 -1.99704
16084 -2 -1.99704
16085 -2 -1.99704
16086 -2 -1.99704
16087 -2 -1.99705
16088 -1.97 -1.99704
16089 -1.98 -1.99704
16090 -2 -1.99704
16091 -2 -1.99704
16092 -2 -1.99704
16093 -2 -1.99704
16094 -2 -1.99704
16095 -1.98 -1.99704
16096 -2 -1.99704
16097 -2 -1.99704
16098 -2 -1.99704
16099 -2 -1.99704
16100 -2 -1.99704
16101 -1.98 -1.99704
16102 -1.98 -1.99704
16103 -2 -1.99704
16104 -2 -1.99704
16105 -2 -1.99704
16106 -2 -1.99704
16107 -2 -1.99704
16108 -2 -1.99704
16109 -2 -1.99704
16110 -2 -1.99704
16111 -2 -1.99704
16112 -2 -1.99704
16113 -2 -1.99704
16114 -2 -1.99704
16115 -2 -1.99704
16116 -2 -1.99704
16117 -2 -1.99704
16118 -2 -1.99704
16119 -2 -1.99704
16120 -2 -1.99704
16121 -2 -1.99704
16122 -2 -1.99704
16123 -2 -1.99704
16124 -2 -1.99704
16125 -2 -1.99705
16126 -2 -1.99705
16127 -2 -1.99705
16128 -2 -1.99705
16129 -2 -1.99705
16130 -2 -1.99705
16131 -2 -1.99705
16132 -2 -1.99705
16133 -2 -1.99705
16134 -2 -1.99705
16135 -2 -1.99705
16136 -2 -1.99705
16137 -2 -1.99705
16138 -2 -1.99705
16139 -2 -1.99705
16140 -2 -1.99705
16141 -2 -1.99705
16142 -2 -1.99705
16143 -2 -1.99705
16144 -2 -1.99705
16145 -2 -1.99705
16146 -2 -1.99705
16147 -2 -1.99705
16148 -2 -1.99705
16149 -2 -1.99705
16150 -2 -1.99705
16151 -2 -1.99705
16152 -2 -1.99705
16153 -2 -1.99705
16154 -2 -1.99705
16155 -2 -1.99705
16156 -2 -1.99705
16157 -2 -1.99705
16158 -2 -1.99705
16159 -2 -1.99705
16160 -1.97 -1.99705
16161 -1.98 -1.99705
16162 -2 -1.99705
16163 -2 -1.99705
16164 -2 -1.99705
16165 -2 -1.99705
16166 -2 -1.99705
16167 -2 -1.99705
16168 -2 -1.99705
16169 -2 -1.99705
16170 -2 -1.99705
16171 -2 -1.99705
16172 -2 -1.99705
16173 -1.98 -1.99705
16174 -1.98 -1.99705
16175 -1.98 -1.99705
16176 -1.95 -1.99704
16177 -2 -1.99704
16178 -2 -1.99704
16179 -2 -1.99705
16180 -2 -1.99705
16181 -2 -1.99705
16182 -1.98 -1.99704
16183 -2 -1.99704
16184 -2 -1.99704
16185 -2 -1.99704
16186 -2 -1.99705
16187 -2 -1.99705
16188 -2 -1.99705
16189 -2 -1.99705
16190 -1.98 -1.99704
16191 -1.96 -1.99704
16192 -1.98 -1.99704
16193 -2 -1.99704
16194 -2 -1.99704
16195 -2 -1.99704
16196 -2 -1.99704
16197 -1.98 -1.99704
16198 -1.98 -1.99704
16199 -2 -1.99704
16200 -2 -1.99704
16201 -2 -1.99704
16202 -2 -1.99704
16203 -2 -1.99704
16204 -2 -1.99704
16205 -2 -1.99704
16206 -2 -1.99704
16207 -2 -1.99704
16208 -2 -1.99704
16209 -2 -1.99704
16210 -2 -1.99704
16211 -2 -1.99704
16212 -2 -1.99704
16213 -2 -1.99704
16214 -1.96 -1.99704
16215 -1.96 -1.99704
16216 -2 -1.99704
16217 -2 -1.99704
16218 -2 -1.99704
16219 -2 -1.99704
16220 -2 -1.99704
16221 -2 -1.99704
16222 -2 -1.99704
16223 -2 -1.99704
16224 -2 -1.99704
16225 -2 -1.99704
16226 -2 -1.99704
16227 -2 -1.99704
16228 -1.98 -1.99704
16229 -1.98 -1.99704
16230 -2 -1.99704
16231 -2 -1.99704
16232 -2 -1.99704
16233 -2 -1.99704
16234 -2 -1.99704
16235 -2 -1.99704
16236 -2 -1.99704
16237 -1.98 -1.99704
16238 -2 -1.99704
16239 -2 -1.99704
16240 -2 -1.99704
16241 -2 -1.99704
16242 -2 -1.99704
16243 -2 -1.99704
16244 -2 -1.99704
16245 -2 -1.99704
16246 -2 -1.99704
16247 -2 -1.99704
16248 -2 -1.99704
16249 -2 -1.99704
16250 -2 -1.99704
16251 -2 -1.99704
16252 -2 -1.99704
16253 -2 -1.99704
16254 -2 -1.99704
16255 -2 -1.99704
16256 -2 -1.99704
16257 -1.98 -1.99704
16258 -1.97 -1.99704
16259 -1.98 -1.99704
16260 -2 -1.99704
16261 -2 -1.99704
16262 -2 -1.99704
16263 -2 -1.99704
16264 -2 -1.99704
16265 -1.98 -1.99704
16266 -1.98 -1.99704
16267 -2 -1.99704
16268 -1.98 -1.99704
16269 -2 -1.99704
16270 -2 -1.99704
16271 -2 -1.99704
16272 -2 -1.99704
16273 -2 -1.99704
16274 -2 -1.99704
16275 -2 -1.99704
16276 -2 -1.99704
16277 -1.98 -1.99704
16278 -2 -1.99704
16279 -2 -1.99704
16280 -2 -1.99704
16281 -2 -1.99704
16282 -1.98 -1.99704
16283 -2 -1.99704
16284 -2 -1.99704
16285 -2 -1.99704
16286 -2 -1.99704
16287 -2 -1.99704
16288 -2 -1.99704
16289 -2 -1.99704
16290 -1.98 -1.99704
16291 -2 -1.99704
16292 -1.98 -1.99704
16293 -2 -1.99704
16294 -2 -1.99704
16295 -2 -1.99704
16296 -2 -1.99704
16297 -2 -1.99704
16298 -2 -1.99704
16299 -2 -1.99704
16300 -2 -1.99704
16301 -2 -1.99704
16302 -1.98 -1.99704
16303 -2 -1.99704
16304 -2 -1.99704
16305 -2 -1.99704
16306 -2 -1.99704
16307 -2 -1.99704
16308 -2 -1.99704
16309 -2 -1.99704
16310 -2 -1.99704
16311 -2 -1.99704
16312 -2 -1.99704
16313 -2 -1.99704
16314 -2 -1.99704
16315 -1.98 -1.99704
16316 -2 -1.99704
16317 -2 -1.99704
16318 -2 -1.99704
16319 -2 -1.99704
16320 -2 -1.99704
16321 -2 -1.99704
16322 -2 -1.99704
16323 -2 -1.99704
16324 -2 -1.99704
16325 -2 -1.99704
16326 -2 -1.99704
16327 -2 -1.99704
16328 -1.98 -1.99704
16329 -2 -1.99704
16330 -1.98 -1.99704
16331 -2 -1.99704
16332 -2 -1.99704
16333 -2 -1.99704
16334 -2 -1.99704
16335 -2 -1.99704
16336 -2 -1.99704
16337 -2 -1.99704
16338 -2 -1.99704
16339 -2 -1.99704
16340 -2 -1.99704
16341 -2 -1.99704
16342 -2 -1.99704
16343 -1.98 -1.99704
16344 -2 -1.99704
16345 -2 -1.99704
16346 -2 -1.99704
16347 -2 -1.99704
16348 -2 -1.99704
16349 -2 -1.99704
16350 -2 -1.99704
16351 -2 -1.99704
16352 -2 -1.99704
16353 -2 -1.99704
16354 -2 -1.99704
16355 -1.98 -1.99704
16356 -2 -1.99704
16357 -1.98 -1.99704
16358 -2 -1.99704
16359 -2 -1.99704
16360 -2 -1.99704
16361 -2 -1.99704
16362 -2 -1.99704
16363 -2 -1.99704
16364 -2 -1.99704
16365 -2 -1.99704
16366 -2 -1.99704
16367 -2 -1.99704
16368 -2 -1.99704
16369 -2 -1.99704
16370 -2 -1.99704
16371 -2 -1.99704
16372 -2 -1.99704
16373 -2 -1.99704
16374 -2 -1.99704
16375 -2 -1.99704
16376 -2 -1.99704
16377 -2 -1.99704
16378 -2 -1.99704
16379 -2 -1.99704
16380 -2 -1.99704
16381 -2 -1.99704
16382 -2 -1.99704
16383 -2 -1.99704
16384 -2 -1.99704
16385 -1.98 -1.99704
16386 -2 -1.99704
16387 -2 -1.99704
16388 -2 -1.99704
16389 -2 -1.99704
16390 -2 -1.99704
16391 -2 -1.99704
16392 -2 -1.99704
16393 -2 -1.99704
16394 -2 -1.99704
16395 -1.98 -1.99704
16396 -1.98 -1.99704
16397 -1.98 -1.99704
16398 -1.98 -1.99704
16399 -2 -1.99704
16400 -2 -1.99704
16401 -1.98 -1.99704
16402 -2 -1.99704
16403 -2 -1.99704
16404 -1.98 -1.99704
16405 -2 -1.99704
16406 -2 -1.99704
16407 -2 -1.99704
16408 -2 -1.99704
16409 -2 -1.99704
16410 -2 -1.99704
16411 -2 -1.99704
16412 -2 -1.99704
16413 -2 -1.99704
16414 -2 -1.99704
16415 -2 -1.99704
16416 -1.98 -1.99704
16417 -1.98 -1.99704
16418 -1.98 -1.99704
16419 -1.98 -1.99704
16420 -1.98 -1.99704
16421 -1.98 -1.99703
16422 -2 -1.99703
16423 -2 -1.99703
16424 -2 -1.99704
16425 -2 -1.99704
16426 -2 -1.99704
16427 -2 -1.99704
16428 -1.98 -1.99703
16429 -2 -1.99703
16430 -2 -1.99703
16431 -1.98 -1.99703
16432 -2 -1.99703
16433 -1.97 -1.99703
16434 -2 -1.99703
16435 -2 -1.99703
16436 -2 -1.99703
16437 -2 -1.99703
16438 -1.98 -1.99703
16439 -2 -1.99703
16440 -1.96 -1.99703
16441 -2 -1.99703
16442 -2 -1.99703
16443 -2 -1.99703
16444 -2 -1.99703
16445 -2 -1.99703
16446 -2 -1.99703
16447 -2 -1.99703
16448 -2 -1.99703
16449 -2 -1.99703
16450 -2 -1.99703
16451 -2 -1.99703
16452 -2 -1.99703
16453 -2 -1.99703
16454 -2 -1.99703
16455 -2 -1.99703
16456 -1.98 -1.99703
16457 -2 -1.99703
16458 -2 -1.99703
16459 -2 -1.99703
16460 -2 -1.99703
16461 -2 -1.99703
16462 -2 -1.99703
16463 -2 -1.99703
16464 -2 -1.99703
16465 -2 -1.99703
16466 -2 -1.99703
16467 -2 -1.99703
16468 -2 -1.99703
16469 -2 -1.99703
16470 -2 -1.99703
16471 -2 -1.99703
16472 -2 -1.99703
16473 -1.98 -1.99703
16474 -2 -1.99703
16475 -2 -1.99703
16476 -2 -1.99703
16477 -2 -1.99703
16478 -1.98 -1.99703
16479 -2 -1.99703
16480 -2 -1.99703
16481 -2 -1.99703
16482 -2 -1.99703
16483 -2 -1.99703
16484 -2 -1.99703
16485 -2 -1.99703
16486 -2 -1.99703
16487 -2 -1.99703
16488 -2 -1.99703
16489 -2 -1.99704
16490 -2 -1.99704
16491 -1.98 -1.99703
16492 -1.98 -1.99703
16493 -2 -1.99703
16494 -2 -1.99703
16495 -2 -1.99703
16496 -2 -1.99703
16497 -2 -1.99703
16498 -2 -1.99703
16499 -2 -1.99703
16500 -2 -1.99703
16501 -2 -1.99703
16502 -2 -1.99704
16503 -2 -1.99704
16504 -2 -1.99704
16505 -2 -1.99704
16506 -2 -1.99704
16507 -2 -1.99704
16508 -2 -1.99704
16509 -2 -1.99704
16510 -2 -1.99704
16511 -2 -1.99704
16512 -2 -1.99704
16513 -2 -1.99704
16514 -2 -1.99704
16515 -2 -1.99704
16516 -2 -1.99704
16517 -2 -1.99704
16518 -2 -1.99704
16519 -2 -1.99704
16520 -2 -1.99704
16521 -2 -1.99704
16522 -2 -1.99704
16523 -1.98 -1.99704
16524 -1.98 -1.99704
16525 -2 -1.99704
16526 -2 -1.99704
16527 -1.98 -1.99704
16528 -1.98 -1.99703
16529 -2 -1.99704
16530 -2 -1.99704
16531 -2 -1.99704
16532 -2 -1.99704
16533 -2 -1.99704
16534 -2 -1.99704
16535 -2 -1.99704
16536 -2 -1.99704
16537 -2 -1.99704
16538 -2 -1.99704
16539 -2 -1.99704
16540 -2 -1.99704
16541 -2 -1.99704
16542 -2 -1.99704
16543 -2 -1.99704
16544 -2 -1.99704
16545 -2 -1.99704
16546 -2 -1.99704
16547 -1.98 -1.99704
16548 -2 -1.99704
16549 -2 -1.99704
16550 -2 -1.99704
16551 -2 -1.99704
16552 -2 -1.99704
16553 -2 -1.99704
16554 -2 -1.99704
16555 -2 -1.99704
16556 -2 -1.99704
16557 -2 -1.99704
16558 -2 -1.99704
16559 -2 -1.99704
16560 -2 -1.99704
16561 -2 -1.99704
16562 -2 -1.99704
16563 -2 -1.99704
16564 -2 -1.99704
16565 -1.98 -1.99704
16566 -2 -1.99704
16567 -2 -1.99704
16568 -2 -1.99704
16569 -2 -1.99704
16570 -2 -1.99704
16571 -2 -1.99704
16572 -2 -1.99704
16573 -2 -1.99704
16574 -2 -1.99704
16575 -2 -1.99704
16576 -2 -1.99704
16577 -1.98 -1.99704
16578 -1.98 -1.99704
16579 -1.98 -1.99704
16580 -2 -1.99704
16581 -2 -1.99704
16582 -2 -1.99704
16583 -1.98 -1.99704
16584 -2 -1.99704
16585 -2 -1.99704
16586 -2 -1.99704
16587 -2 -1.99704
16588 -1.98 -1.99704
16589 -2 -1.99704
16590 -2 -1.99704
16591 -2 -1.99704
16592 -2 -1.99704
16593 -2 -1.99704
16594 -2 -1.99704
16595 -2 -1.99704
16596 -2 -1.99704
16597 -2 -1.99704
16598 -2 -1.99704
16599 -1.98 -1.99704
16600 -2 -1.99704
16601 -2 -1.99704
16602 -1.98 -1.99704
16603 -2 -1.99704
16604 -2 -1.99704
16605 -2 -1.99704
16606 -2 -1.99704
16607 -2 -1.99704
16608 -2 -1.99704
16609 -2 -1.99704
16610 -2 -1.99704
16611 -2 -1.99704
16612 -2 -1.99704
16613 -1.98 -1.99704
16614 -1.98 -1.99704
16615 -2 -1.99704
16616 -2 -1.99704
16617 -1.98 -1.99704
16618 -2 -1.99704
16619 -2 -1.99704
16620 -2 -1.99704
16621 -2 -1.99704
16622 -2 -1.99704
16623 -2 -1.99704
16624 -2 -1.99704
16625 -2 -1.99704
16626 -2 -1.99704
16627 -2 -1.99704
16628 -1.98 -1.99704
16629 -1.98 -1.99704
16630 -1.98 -1.99704
16631 -2 -1.99704
16632 -2 -1.99704
16633 -2 -1.99704
16634 -2 -1.99704
16635 -2 -1.99704
16636 -2 -1.99704
16637 -2 -1.99704
16638 -2 -1.99704
16639 -2 -1.99704
16640 -2 -1.99704
16641 -2 -1.99704
16642 -2 -1.99704
16643 -2 -1.99704
16644 -2 -1.99704
16645 -2 -1.99704
16646 -2 -1.99704
16647 -2 -1.99704
16648 -2 -1.99704
16649 -2 -1.99704
16650 -2 -1.99704
16651 -2 -1.99704
16652 -2 -1.99704
16653 -2 -1.99704
16654 -2 -1.99704
16655 -2 -1.99704
16656 -2 -1.99704
16657 -2 -1.99704
16658 -2 -1.99704
16659 -2 -1.99704
16660 -2 -1.99704
16661 -2 -1.99704
16662 -1.98 -1.99704
16663 -1.98 -1.99704
16664 -1.98 -1.99704
16665 -1.96 -1.99704
16666 -2 -1.99704
16667 -2 -1.99704
16668 -2 -1.99704
16669 -2 -1.99704
16670 -2 -1.99704
16671 -2 -1.99704
16672 -2 -1.99704
16673 -2 -1.99704
16674 -2 -1.99704
16675 -2 -1.99704
16676 -2 -1.99704
16677 -2 -1.99704
16678 -2 -1.99704
16679 -2 -1.99704
16680 -2 -1.99704
16681 -2 -1.99704
16682 -2 -1.99704
16683 -2 -1.99704
16684 -2 -1.99704
16685 -2 -1.99704
16686 -2 -1.99704
16687 -1.98 -1.99704
16688 -1.98 -1.99704
16689 -2 -1.99704
16690 -2 -1.99704
16691 -2 -1.99704
16692 -2 -1.99704
16693 -2 -1.99704
16694 -2 -1.99704
16695 -2 -1.99704
16696 -2 -1.99704
16697 -2 -1.99704
16698 -2 -1.99704
16699 -2 -1.99704
16700 -2 -1.99704
16701 -1.98 -1.99704
16702 -2 -1.99704
16703 -2 -1.99704
16704 -2 -1.99704
16705 -2 -1.99704
16706 -2 -1.99704
16707 -2 -1.99704
16708 -2 -1.99704
16709 -2 -1.99704
16710 -2 -1.99704
16711 -2 -1.99704
16712 -2 -1.99704
16713 -2 -1.99704
16714 -2 -1.99704
16715 -2 -1.99704
16716 -2 -1.99704
16717 -2 -1.99704
16718 -2 -1.99704
16719 -2 -1.99704
16720 -2 -1.99704
16721 -2 -1.99704
16722 -2 -1.99704
16723 -2 -1.99704
16724 -2 -1.99704
16725 -2 -1.99704
16726 -2 -1.99704
16727 -2 -1.99704
16728 -2 -1.99704
16729 -2 -1.99704
16730 -2 -1.99704
16731 -2 -1.99704
16732 -2 -1.99704
16733 -2 -1.99704
16734 -2 -1.99704
16735 -2 -1.99704
16736 -2 -1.99704
16737 -2 -1.99704
16738 -2 -1.99704
16739 -2 -1.99704
16740 -2 -1.99704
16741 -2 -1.99705
16742 -2 -1.99705
16743 -2 -1.99705
16744 -2 -1.99705
16745 -1.98 -1.99704
16746 -2 -1.99704
16747 -2 -1.99705
16748 -2 -1.99705
16749 -2 -1.99705
16750 -2 -1.99705
16751 -2 -1.99705
16752 -2 -1.99705
16753 -2 -1.99705
16754 -2 -1.99705
16755 -1.98 -1.99705
16756 -1.97 -1.99704
16757 -2 -1.99704
16758 -2 -1.99704
16759 -2 -1.99704
16760 -2 -1.99704
16761 -2 -1.99704
16762 -1.98 -1.99704
16763 -1.98 -1.99704
16764 -2 -1.99704
16765 -2 -1.99704
16766 -2 -1.99704
16767 -2 -1.99704
16768 -2 -1.99704
16769 -2 -1.99704
16770 -2 -1.99704
16771 -2 -1.99704
16772 -2 -1.99704
16773 -2 -1.99704
16774 -2 -1.99704
16775 -2 -1.99704
16776 -1.98 -1.99704
16777 -2 -1.99704
16778 -1.98 -1.99704
16779 -1.96 -1.99704
16780 -1.94 -1.99704
16781 -2 -1.99704
16782 -2 -1.99704
16783 -2 -1.99704
16784 -2 -1.99704
16785 -2 -1.99704
16786 -2 -1.99704
16787 -2 -1.99704
16788 -2 -1.99704
16789 -2 -1.99704
16790 -2 -1.99704
16791 -2 -1.99704
16792 -2 -1.99704
16793 -2 -1.99704
16794 -2 -1.99704
16795 -2 -1.99704
16796 -1.98 -1.99704
16797 -2 -1.99704
16798 -2 -1.99704
16799 -2 -1.99704
16800 -2 -1.99704
16801 -2 -1.99704
16802 -2 -1.99704
16803 -2 -1.99704
16804 -2 -1.99704
16805 -2 -1.99704
16806 -2 -1.99704
16807 -2 -1.99704
16808 -2 -1.99704
16809 -2 -1.99704
16810 -2 -1.99704
16811 -2 -1.99704
16812 -2 -1.99704
16813 -2 -1.99704
16814 -2 -1.99704
16815 -2 -1.99704
16816 -2 -1.99704
16817 -2 -1.99704
16818 -2 -1.99704
16819 -2 -1.99704
16820 -2 -1.99704
16821 -2 -1.99704
16822 -1.98 -1.99704
16823 -1.98 -1.99704
16824 -2 -1.99704
16825 -2 -1.99704
16826 -2 -1.99704
16827 -2 -1.99704
16828 -2 -1.99704
16829 -1.98 -1.99704
16830 -2 -1.99704
16831 -1.98 -1.99704
16832 -2 -1.99704
16833 -1.98 -1.99704
16834 -2 -1.99704
16835 -2 -1.99704
16836 -2 -1.99704
16837 -2 -1.99704
16838 -2 -1.99704
16839 -2 -1.99704
16840 -2 -1.99704
16841 -2 -1.99704
16842 -1.98 -1.99704
16843 -1.98 -1.99704
16844 -1.98 -1.99704
16845 -1.98 -1.99704
16846 -1.98 -1.99704
16847 -1.98 -1.99703
16848 -1.98 -1.99703
16849 -2 -1.99703
16850 -2 -1.99703
16851 -2 -1.99703
16852 -2 -1.99703
16853 -2 -1.99703
16854 -2 -1.99703
16855 -2 -1.99703
16856 -2 -1.99704
16857 -2 -1.99704
16858 -2 -1.99704
16859 -2 -1.99704
16860 -2 -1.99704
16861 -2 -1.99704
16862 -1.98 -1.99703
16863 -1.98 -1.99703
16864 -1.98 -1.99703
16865 -1.98 -1.99703
16866 -2 -1.99703
16867 -2 -1.99703
16868 -2 -1.99703
16869 -2 -1.99703
16870 -2 -1.99703
16871 -2 -1.99703
16872 -2 -1.99703
16873 -2 -1.99703
16874 -1.98 -1.99703
16875 -2 -1.99703
16876 -2 -1.99703
16877 -2 -1.99703
16878 -2 -1.99703
16879 -2 -1.99703
16880 -2 -1.99703
16881 -2 -1.99703
16882 -2 -1.99703
16883 -2 -1.99703
16884 -2 -1.99703
16885 -2 -1.99703
16886 -2 -1.99703
16887 -2 -1.99703
16888 -2 -1.99703
16889 -2 -1.99703
16890 -2 -1.99704
16891 -2 -1.99704
16892 -2 -1.99704
16893 -2 -1.99704
16894 -2 -1.99704
16895 -1.98 -1.99703
16896 -2 -1.99703
16897 -2 -1.99704
16898 -2 -1.99704
16899 -2 -1.99704
16900 -2 -1.99704
16901 -2 -1.99704
16902 -2 -1.99704
16903 -2 -1.99704
16904 -2 -1.99704
16905 -2 -1.99704
16906 -2 -1.99704
16907 -2 -1.99704
16908 -2 -1.99704
16909 -2 -1.99704
16910 -2 -1.99704
16911 -1.98 -1.99704
16912 -1.98 -1.99704
16913 -1.98 -1.99703
16914 -2 -1.99703
16915 -2 -1.99703
16916 -2 -1.99703
16917 -2 -1.99704
16918 -2 -1.99704
16919 -2 -1.99704
16920 -2 -1.99704
16921 -2 -1.99704
16922 -2 -1.99704
16923 -1.98 -1.99703
16924 -1.98 -1.99703
16925 -2 -1.99703
16926 -2 -1.99703
16927 -2 -1.99703
16928 -2 -1.99703
16929 -2 -1.99703
16930 -2 -1.99704
16931 -2 -1.99704
16932 -2 -1.99704
16933 -2 -1.99704
16934 -2 -1.99704
16935 -2 -1.99704
16936 -2 -1.99704
16937 -2 -1.99704
16938 -2 -1.99704
16939 -2 -1.99704
16940 -2 -1.99704
16941 -2 -1.99704
16942 -2 -1.99704
16943 -2 -1.99704
16944 -2 -1.99704
16945 -1.98 -1.99704
16946 -1.98 -1.99704
16947 -1.98 -1.99703
16948 -2 -1.99703
16949 -2 -1.99703
16950 -2 -1.99703
16951 -2 -1.99704
16952 -2 -1.99704
16953 -2 -1.99704
16954 -2 -1.99704
16955 -2 -1.99704
16956 -2 -1.99704
16957 -2 -1.99704
16958 -2 -1.99704
16959 -2 -1.99704
16960 -2 -1.99704
16961 -2 -1.99704
16962 -2 -1.99704
16963 -2 -1.99704
16964 -2 -1.99704
16965 -2 -1.99704
16966 -2 -1.99704
16967 -2 -1.99704
16968 -2 -1.99704
16969 -2 -1.99704
16970 -2 -1.99704
16971 -2 -1.99704
16972 -2 -1.99704
16973 -2 -1.99704
16974 -2 -1.99704
16975 -2 -1.99704
16976 -2 -1.99704
16977 -2 -1.99704
16978 -2 -1.99704
16979 -2 -1.99704
16980 -2 -1.99704
16981 -2 -1.99704
16982 -2 -1.99704
16983 -2 -1.99704
16984 -2 -1.99704
16985 -2 -1.99704
16986 -2 -1.99704
16987 -2 -1.99704
16988 -2 -1.99704
16989 -2 -1.99704
16990 -1.98 -1.99704
16991 -1.98 -1.99704
16992 -2 -1.99704
16993 -2 -1.99704
16994 -2 -1.99704
16995 -2 -1.99704
16996 -2 -1.99704
16997 -2 -1.99704
16998 -2 -1.99704
16999 -2 -1.99704
17000 -2 -1.99704
17001 -2 -1.99704
17002 -2 -1.99704
17003 -2 -1.99704
17004 -2 -1.99704
17005 -2 -1.99704
17006 -2 -1.99704
17007 -2 -1.99704
17008 -2 -1.99704
17009 -1.98 -1.99704
17010 -2 -1.99704
17011 -1.98 -1.99704
17012 -2 -1.99704
17013 -2 -1.99704
17014 -2 -1.99704
17015 -2 -1.99704
17016 -2 -1.99704
17017 -2 -1.99704
17018 -2 -1.99704
17019 -2 -1.99704
17020 -2 -1.99704
17021 -1.98 -1.99704
17022 -2 -1.99704
17023 -2 -1.99704
17024 -2 -1.99704
17025 -2 -1.99704
17026 -2 -1.99704
17027 -1.98 -1.99704
17028 -1.98 -1.99704
17029 -2 -1.99704
17030 -2 -1.99704
17031 -2 -1.99704
17032 -2 -1.99704
17033 -2 -1.99704
17034 -2 -1.99704
17035 -2 -1.99704
17036 -1.98 -1.99704
17037 -1.98 -1.99704
17038 -2 -1.99704
17039 -2 -1.99704
17040 -2 -1.99704
17041 -2 -1.99704
17042 -2 -1.99704
17043 -2 -1.99704
17044 -2 -1.99704
17045 -2 -1.99704
17046 -2 -1.99704
17047 -2 -1.99704
17048 -2 -1.99704
17049 -2 -1.99704
17050 -2 -1.99704
17051 -2 -1.99704
17052 -2 -1.99704
17053 -2 -1.99704
17054 -2 -1.99704
17055 -2 -1.99704
17056 -2 -1.99704
17057 -2 -1.99704
17058 -2 -1.99704
17059 -2 -1.99704
17060 -2 -1.99704
17061 -2 -1.99704
17062 -2 -1.99704
17063 -2 -1.99704
17064 -2 -1.99704
17065 -2 -1.99704
17066 -2 -1.99704
17067 -2 -1.99704
17068 -1.98 -1.99704
17069 -2 -1.99704
17070 -2 -1.99704
17071 -2 -1.99704
17072 -2 -1.99704
17073 -2 -1.99704
17074 -2 -1.99704
17075 -2 -1.99704
17076 -2 -1.99705
17077 -2 -1.99705
17078 -2 -1.99705
17079 -2 -1.99705
17080 -2 -1.99705
17081 -2 -1.99705
17082 -1.98 -1.99705
17083 -2 -1.99705
17084 -2 -1.99705
17085 -2 -1.99705
17086 -2 -1.99705
17087 -2 -1.99705
17088 -2 -1.99705
17089 -2 -1.99705
17090 -2 -1.99705
17091 -2 -1.99705
17092 -1.98 -1.99705
17093 -2 -1.99705
17094 -2 -1.99705
17095 -1.97 -1.99704
17096 -1.96 -1.99704
17097 -1.98 -1.99704
17098 -1.98 -1.99704
17099 -2 -1.99704
17100 -2 -1.99704
17101 -2 -1.99704
17102 -2 -1.99704
17103 -2 -1.99704
17104 -2 -1.99704
17105 -2 -1.99704
17106 -2 -1.99704
17107 -2 -1.99704
17108 -2 -1.99704
17109 -2 -1.99704
17110 -1.98 -1.99704
17111 -2 -1.99704
17112 -2 -1.99704
17113 -2 -1.99704
17114 -2 -1.99704
17115 -2 -1.99704
17116 -1.98 -1.99704
17117 -2 -1.99704
17118 -2 -1.99704
17119 -1.98 -1.99704
17120 -1.98 -1.99704
17121 -1.98 -1.99704
17122 -2 -1.99704
17123 -2 -1.99704
17124 -1.98 -1.99704
17125 -2 -1.99704
17126 -2 -1.99704
17127 -2 -1.99704
17128 -2 -1.99704
17129 -2 -1.99704
17130 -2 -1.99704
17131 -2 -1.99704
17132 -2 -1.99704
17133 -2 -1.99704
17134 -2 -1.99704
17135 -2 -1.99704
17136 -2 -1.99704
17137 -1.98 -1.99704
17138 -2 -1.99704
17139 -2 -1.99704
17140 -2 -1.99704
17141 -2 -1.99704
17142 -2 -1.99704
17143 -2 -1.99704
17144 -2 -1.99704
17145 -2 -1.99704
17146 -2 -1.99704
17147 -2 -1.99704
17148 -2 -1.99704
17149 -2 -1.99704
17150 -2 -1.99704
17151 -1.98 -1.99704
17152 -2 -1.99704
17153 -2 -1.99704
17154 -2 -1.99704
17155 -2 -1.99704
17156 -2 -1.99704
17157 -2 -1.99704
17158 -2 -1.99704
17159 -2 -1.99704
17160 -2 -1.99704
17161 -2 -1.99704
17162 -2 -1.99704
17163 -2 -1.99704
17164 -2 -1.99704
17165 -2 -1.99704
17166 -2 -1.99704
17167 -2 -1.99704
17168 -2 -1.99704
17169 -2 -1.99704
17170 -2 -1.99704
17171 -2 -1.99704
17172 -2 -1.99704
17173 -2 -1.99704
17174 -2 -1.99704
17175 -2 -1.99704
17176 -2 -1.99704
17177 -2 -1.99704
17178 -2 -1.99704
17179 -2 -1.99704
17180 -2 -1.99704
17181 -2 -1.99705
17182 -2 -1.99705
17183 -2 -1.99705
17184 -2 -1.99705
17185 -2 -1.99705
17186 -2 -1.99705
17187 -2 -1.99705
17188 -2 -1.99705
17189 -2 -1.99705
17190 -2 -1.99705
17191 -2 -1.99705
17192 -2 -1.99705
17193 -2 -1.99705
17194 -2 -1.99705
17195 -2 -1.99705
17196 -2 -1.99705
17197 -2 -1.99705
17198 -2 -1.99705
17199 -2 -1.99705
17200 -2 -1.99705
17201 -2 -1.99705
17202 -2 -1.99705
17203 -2 -1.99705
17204 -2 -1.99705
17205 -2 -1.99705
17206 -1.98 -1.99705
17207 -2 -1.99705
17208 -2 -1.99705
17209 -2 -1.99705
17210 -1.98 -1.99705
17211 -1.98 -1.99705
17212 -2 -1.99705
17213 -2 -1.99705
17214 -2 -1.99705
17215 -2 -1.99705
17216 -2 -1.99705
17217 -2 -1.99705
17218 -2 -1.99705
17219 -2 -1.99705
17220 -2 -1.99705
17221 -2 -1.99705
17222 -2 -1.99705
17223 -2 -1.99705
17224 -1.98 -1.99705
17225 -1.98 -1.99705
17226 -2 -1.99705
17227 -2 -1.99705
17228 -2 -1.99705
17229 -2 -1.99705
17230 -2 -1.99705
17231 -2 -1.99705
17232 -2 -1.99705
17233 -2 -1.99705
17234 -2 -1.99705
17235 -2 -1.99705
17236 -2 -1.99705
17237 -2 -1.99705
17238 -2 -1.99705
17239 -2 -1.99705
17240 -2 -1.99705
17241 -2 -1.99705
17242 -2 -1.99705
17243 -2 -1.99705
17244 -2 -1.99705
17245 -2 -1.99705
17246 -2 -1.99705
17247 -2 -1.99705
17248 -2 -1.99705
17249 -1.98 -1.99705
17250 -1.98 -1.99705
17251 -2 -1.99705
17252 -2 -1.99705
17253 -2 -1.99705
17254 -2 -1.99705
17255 -2 -1.99705
17256 -2 -1.99705
17257 -2 -1.99705
17258 -2 -1.99705
17259 -2 -1.99705
17260 -2 -1.99705
17261 -2 -1.99705
17262 -2 -1.99705
17263 -2 -1.99705
17264 -2 -1.99705
17265 -2 -1.99705
17266 -2 -1.99705
17267 -2 -1.99705
17268 -2 -1.99705
17269 -2 -1.99705
17270 -1.98 -1.99705
17271 -2 -1.99705
17272 -2 -1.99705
17273 -2 -1.99705
17274 -2 -1.99705
17275 -2 -1.99705
17276 -2 -1.99705
17277 -2 -1.99705
17278 -2 -1.99705
17279 -2 -1.99705
17280 -2 -1.99705
17281 -2 -1.99705
17282 -2 -1.99705
17283 -2 -1.99705
17284 -2 -1.99705
17285 -2 -1.99705
17286 -2 -1.99705
17287 -2 -1.99705
17288 -2 -1.99705
17289 -2 -1.99705
17290 -2 -1.99705
17291 -2 -1.99705
17292 -2 -1.99705
17293 -2 -1.99706
17294 -2 -1.99706
17295 -2 -1.99706
17296 -2 -1.99706
17297 -2 -1.99706
17298 -2 -1.99706
17299 -2 -1.99706
17300 -2 -1.99706
17301 -2 -1.99706
17302 -2 -1.99706
17303 -2 -1.99706
17304 -2 -1.99706
17305 -2 -1.99706
17306 -2 -1.99706
17307 -2 -1.99706
17308 -2 -1.99706
17309 -2 -1.99706
17310 -2 -1.99706
17311 -2 -1.99706
17312 -2 -1.99706
17313 -2 -1.99706
17314 -2 -1.99706
17315 -2 -1.99706
17316 -2 -1.99706
17317 -2 -1.99706
17318 -2 -1.99706
17319 -2 -1.99706
17320 -2 -1.99706
17321 -2 -1.99706
17322 -2 -1.99706
17323 -2 -1.99706
17324 -2 -1.99706
17325 -2 -1.99706
17326 -2 -1.99706
17327 -2 -1.99706
17328 -2 -1.99706
17329 -2 -1.99706
17330 -2 -1.99706
17331 -2 -1.99706
17332 -1.98 -1.99706
17333 -1.98 -1.99706
17334 -2 -1.99706
17335 -1.98 -1.99706
17336 -1.97 -1.99706
17337 -1.98 -1.99706
17338 -2 -1.99706
17339 -2 -1.99706
17340 -2 -1.99706
17341 -1.98 -1.99706
17342 -1.98 -1.99705
17343 -2 -1.99705
17344 -2 -1.99706
17345 -2 -1.99706
17346 -2 -1.99706
17347 -2 -1.99706
17348 -2 -1.99706
17349 -2 -1.99706
17350 -2 -1.99706
17351 -2 -1.99706
17352 -2 -1.99706
17353 -2 -1.99706
17354 -2 -1.99706
17355 -2 -1.99706
17356 -2 -1.99706
17357 -2 -1.99706
17358 -2 -1.99706
17359 -2 -1.99706
17360 -2 -1.99706
17361 -2 -1.99706
17362 -2 -1.99706
17363 -2 -1.99706
17364 -2 -1.99706
17365 -1.98 -1.99706
17366 -1.98 -1.99706
17367 -2 -1.99706
17368 -2 -1.99706
17369 -2 -1.99706
17370 -2 -1.99706
17371 -2 -1.99706
17372 -2 -1.99706
17373 -2 -1.99706
17374 -2 -1.99706
17375 -2 -1.99706
17376 -2 -1.99706
17377 -2 -1.99706
17378 -2 -1.99706
17379 -2 -1.99706
17380 -2 -1.99706
17381 -2 -1.99706
17382 -2 -1.99706
17383 -2 -1.99706
17384 -2 -1.99706
17385 -2 -1.99706
17386 -2 -1.99706
17387 -2 -1.99706
17388 -1.98 -1.99706
17389 -1.98 -1.99706
17390 -2 -1.99706
17391 -2 -1.99706
17392 -2 -1.99706
17393 -2 -1.99706
17394 -2 -1.99706
17395 -2 -1.99706
17396 -2 -1.99706
17397 -2 -1.99706
17398 -2 -1.99706
17399 -2 -1.99706
17400 -2 -1.99706
17401 -2 -1.99706
17402 -2 -1.99706
17403 -1.98 -1.99706
17404 -2 -1.99706
17405 -2 -1.99706
17406 -2 -1.99706
17407 -2 -1.99706
17408 -2 -1.99706
17409 -2 -1.99706
17410 -2 -1.99706
17411 -2 -1.99706
17412 -2 -1.99706
17413 -2 -1.99706
17414 -2 -1.99706
17415 -2 -1.99706
17416 -2 -1.99706
17417 -2 -1.99706
17418 -2 -1.99706
17419 -2 -1.99706
17420 -2 -1.99706
17421 -2 -1.99706
17422 -1.98 -1.99706
17423 -1.98 -1.99706
17424 -1.98 -1.99706
17425 -2 -1.99706
17426 -2 -1.99706
17427 -2 -1.99706
17428 -2 -1.99706
17429 -2 -1.99706
17430 -2 -1.99706
17431 -2 -1.99706
17432 -2 -1.99706
17433 -2 -1.99706
17434 -2 -1.99706
17435 -2 -1.99706
17436 -2 -1.99706
17437 -2 -1.99706
17438 -2 -1.99706
17439 -2 -1.99706
17440 -2 -1.99706
17441 -2 -1.99706
17442 -2 -1.99706
17443 -2 -1.99706
17444 -2 -1.99706
17445 -2 -1.99706
17446 -2 -1.99706
17447 -2 -1.99706
17448 -1.98 -1.99706
17449 -1.98 -1.99706
17450 -2 -1.99706
17451 -2 -1.99706
17452 -2 -1.99706
17453 -2 -1.99706
17454 -2 -1.99706
17455 -2 -1.99706
17456 -2 -1.99706
17457 -2 -1.99706
17458 -2 -1.99706
17459 -2 -1.99706
17460 -2 -1.99706
17461 -2 -1.99706
17462 -2 -1.99706
17463 -2 -1.99706
17464 -2 -1.99706
17465 -2 -1.99706
17466 -2 -1.99706
17467 -2 -1.99706
17468 -2 -1.99706
17469 -2 -1.99706
17470 -2 -1.99706
17471 -2 -1.99707
17472 -2 -1.99707
17473 -2 -1.99707
17474 -2 -1.99707
17475 -2 -1.99707
17476 -2 -1.99707
17477 -2 -1.99707
17478 -2 -1.99707
17479 -2 -1.99707
17480 -1.96 -1.99706
17481 -2 -1.99706
17482 -2 -1.99706
17483 -2 -1.99706
17484 -2 -1.99706
17485 -2 -1.99707
17486 -2 -1.99707
17487 -2 -1.99707
17488 -2 -1.99707
17489 -2 -1.99707
17490 -2 -1.99707
17491 -2 -1.99707
17492 -2 -1.99707
17493 -2 -1.99707
17494 -2 -1.99707
17495 -2 -1.99707
17496 -1.98 -1.99707
17497 -2 -1.99707
17498 -2 -1.99707
17499 -1.98 -1.99707
17500 -2 -1.99707
17501 -2 -1.99707
17502 -2 -1.99707
17503 -2 -1.99707
17504 -2 -1.99707
17505 -1.98 -1.99707
17506 -2 -1.99707
17507 -2 -1.99707
17508 -2 -1.99707
17509 -2 -1.99707
17510 -2 -1.99707
17511 -2 -1.99707
17512 -2 -1.99707
17513 -2 -1.99707
17514 -2 -1.99707
17515 -2 -1.99707
17516 -1.98 -1.99707
17517 -2 -1.99707
17518 -2 -1.99707
17519 -2 -1.99707
17520 -2 -1.99707
17521 -2 -1.99707
17522 -2 -1.99707
17523 -1.98 -1.99707
17524 -2 -1.99707
17525 -2 -1.99707
17526 -2 -1.99707
17527 -2 -1.99707
17528 -2 -1.99707
17529 -2 -1.99707
17530 -2 -1.99707
17531 -2 -1.99707
17532 -2 -1.99707
17533 -2 -1.99707
17534 -2 -1.99707
17535 -2 -1.99707
17536 -2 -1.99707
17537 -2 -1.99707
17538 -2 -1.99707
17539 -2 -1.99707
17540 -2 -1.99707
17541 -2 -1.99707
17542 -2 -1.99707
17543 -2 -1.99707
17544 -2 -1.99707
17545 -2 -1.99707
17546 -1.98 -1.99707
17547 -1.98 -1.99707
17548 -1.98 -1.99707
17549 -2 -1.99707
17550 -1.98 -1.99707
17551 -2 -1.99707
17552 -1.98 -1.99706
17553 -2 -1.99707
17554 -2 -1.99707
17555 -2 -1.99707
17556 -1.98 -1.99706
17557 -2 -1.99706
17558 -2 -1.99706
17559 -2 -1.99706
17560 -1.98 -1.99706
17561 -2 -1.99706
17562 -2 -1.99706
17563 -2 -1.99706
17564 -2 -1.99706
17565 -2 -1.99706
17566 -2 -1.99706
17567 -2 -1.99707
17568 -2 -1.99707
17569 -2 -1.99707
17570 -2 -1.99707
17571 -2 -1.99707
17572 -2 -1.99707
17573 -2 -1.99707
17574 -2 -1.99707
17575 -2 -1.99707
17576 -2 -1.99707
17577 -2 -1.99707
17578 -2 -1.99707
17579 -1.98 -1.99707
17580 -2 -1.99707
17581 -2 -1.99707
17582 -2 -1.99707
17583 -2 -1.99707
17584 -2 -1.99707
17585 -2 -1.99707
17586 -2 -1.99707
17587 -2 -1.99707
17588 -2 -1.99707
17589 -1.98 -1.99707
17590 -1.98 -1.99707
17591 -2 -1.99707
17592 -2 -1.99707
17593 -2 -1.99707
17594 -2 -1.99707
17595 -2 -1.99707
17596 -2 -1.99707
17597 -1.98 -1.99707
17598 -1.98 -1.99706
17599 -1.98 -1.99706
17600 -2 -1.99706
17601 -2 -1.99706
17602 -2 -1.99706
17603 -2 -1.99706
17604 -2 -1.99706
17605 -2 -1.99706
17606 -2 -1.99706
17607 -2 -1.99706
17608 -2 -1.99707
17609 -2 -1.99707
17610 -1.98 -1.99706
17611 -2 -1.99706
17612 -2 -1.99706
17613 -2 -1.99706
17614 -2 -1.99707
17615 -2 -1.99707
17616 -2 -1.99707
17617 -2 -1.99707
17618 -2 -1.99707
17619 -2 -1.99707
17620 -2 -1.99707
17621 -2 -1.99707
17622 -2 -1.99707
17623 -2 -1.99707
17624 -2 -1.99707
17625 -2 -1.99707
17626 -2 -1.99707
17627 -2 -1.99707
17628 -1.98 -1.99707
17629 -1.96 -1.99706
17630 -1.97 -1.99706
17631 -1.98 -1.99706
17632 -1.96 -1.99706
17633 -1.98 -1.99706
17634 -2 -1.99706
17635 -2 -1.99706
17636 -2 -1.99706
17637 -2 -1.99706
17638 -2 -1.99706
17639 -2 -1.99706
17640 -2 -1.99706
17641 -2 -1.99706
17642 -2 -1.99706
17643 -2 -1.99706
17644 -2 -1.99706
17645 -2 -1.99706
17646 -1.98 -1.99706
17647 -2 -1.99706
17648 -2 -1.99706
17649 -1.98 -1.99706
17650 -2 -1.99706
17651 -2 -1.99706
17652 -1.96 -1.99706
17653 -1.98 -1.99706
17654 -1.98 -1.99706
17655 -1.98 -1.99705
17656 -2 -1.99705
17657 -2 -1.99705
17658 -2 -1.99705
17659 -2 -1.99705
17660 -2 -1.99706
17661 -2 -1.99706
17662 -2 -1.99706
17663 -2 -1.99706
17664 -2 -1.99706
17665 -2 -1.99706
17666 -2 -1.99706
17667 -2 -1.99706
17668 -2 -1.99706
17669 -2 -1.99706
17670 -2 -1.99706
17671 -2 -1.99706
17672 -1.98 -1.99706
17673 -2 -1.99706
17674 -2 -1.99706
17675 -2 -1.99706
17676 -2 -1.99706
17677 -2 -1.99706
17678 -2 -1.99706
17679 -2 -1.99706
17680 -2 -1.99706
17681 -2 -1.99706
17682 -2 -1.99706
17683 -2 -1.99706
17684 -2 -1.99706
17685 -2 -1.99706
17686 -2 -1.99706
17687 -2 -1.99706
17688 -2 -1.99706
17689 -2 -1.99706
17690 -2 -1.99706
17691 -2 -1.99706
17692 -2 -1.99706
17693 -2 -1.99706
17694 -1.96 -1.99706
17695 -2 -1.99706
17696 -2 -1.99706
17697 -2 -1.99706
17698 -2 -1.99706
17699 -2 -1.99706
17700 -2 -1.99706
17701 -1.98 -1.99706
17702 -2 -1.99706
17703 -2 -1.99706
17704 -2 -1.99706
17705 -2 -1.99706
17706 -2 -1.99706
17707 -2 -1.99706
17708 -2 -1.99706
17709 -2 -1.99706
17710 -2 -1.99706
17711 -2 -1.99706
17712 -2 -1.99706
17713 -2 -1.99706
17714 -2 -1.99706
17715 -2 -1.99706
17716 -2 -1.99706
17717 -2 -1.99706
17718 -2 -1.99706
17719 -2 -1.99706
17720 -2 -1.99706
17721 -2 -1.99706
17722 -2 -1.99706
17723 -2 -1.99706
17724 -2 -1.99706
17725 -2 -1.99706
17726 -2 -1.99706
17727 -2 -1.99706
17728 -2 -1.99706
17729 -2 -1.99706
17730 -2 -1.99706
17731 -2 -1.99706
17732 -2 -1.99706
17733 -2 -1.99706
17734 -2 -1.99706
17735 -2 -1.99706
17736 -2 -1.99706
17737 -2 -1.99706
17738 -2 -1.99706
17739 -2 -1.99706
17740 -2 -1.99706
17741 -2 -1.99706
17742 -1.98 -1.99706
17743 -2 -1.99706
17744 -2 -1.99706
17745 -1.96 -1.99706
17746 -1.98 -1.99706
17747 -2 -1.99706
17748 -2 -1.99706
17749 -2 -1.99706
17750 -2 -1.99706
17751 -2 -1.99706
17752 -2 -1.99706
17753 -2 -1.99706
17754 -2 -1.99706
17755 -1.98 -1.99706
17756 -1.98 -1.99706
17757 -2 -1.99706
17758 -2 -1.99706
17759 -2 -1.99706
17760 -2 -1.99706
17761 -2 -1.99706
17762 -2 -1.99706
17763 -2 -1.99706
17764 -2 -1.99706
17765 -2 -1.99706
17766 -2 -1.99706
17767 -2 -1.99706
17768 -2 -1.99706
17769 -2 -1.99706
17770 -2 -1.99706
17771 -2 -1.99706
17772 -2 -1.99706
17773 -2 -1.99706
17774 -2 -1.99706
17775 -2 -1.99706
17776 -2 -1.99706
17777 -2 -1.99706
17778 -2 -1.99706
17779 -2 -1.99706
17780 -2 -1.99706
17781 -2 -1.99706
17782 -2 -1.99706
17783 -2 -1.99706
17784 -2 -1.99706
17785 -2 -1.99706
17786 -2 -1.99706
17787 -2 -1.99706
17788 -2 -1.99707
17789 -2 -1.99707
17790 -2 -1.99707
17791 -2 -1.99707
17792 -1.98 -1.99706
17793 -2 -1.99706
17794 -2 -1.99706
17795 -2 -1.99707
17796 -2 -1.99707
17797 -2 -1.99707
17798 -1.98 -1.99706
17799 -1.98 -1.99706
17800 -1.98 -1.99706
17801 -1.98 -1.99706
17802 -1.98 -1.99706
17803 -2 -1.99706
17804 -2 -1.99706
17805 -2 -1.99706
17806 -2 -1.99706
17807 -2 -1.99706
17808 -2 -1.99706
17809 -2 -1.99706
17810 -2 -1.99706
17811 -2 -1.99706
17812 -2 -1.99706
17813 -2 -1.99706
17814 -2 -1.99706
17815 -2 -1.99706
17816 -2 -1.99706
17817 -2 -1.99706
17818 -2 -1.99706
17819 -2 -1.99706
17820 -2 -1.99706
17821 -2 -1.99706
17822 -1.98 -1.99706
17823 -2 -1.99706
17824 -2 -1.99706
17825 -2 -1.99706
17826 -2 -1.99706
17827 -2 -1.99706
17828 -2 -1.99706
17829 -2 -1.99706
17830 -2 -1.99706
17831 -2 -1.99706
17832 -2 -1.99706
17833 -2 -1.99706
17834 -2 -1.99706
17835 -2 -1.99706
17836 -2 -1.99707
17837 -2 -1.99707
17838 -2 -1.99707
17839 -2 -1.99707
17840 -2 -1.99707
17841 -2 -1.99707
17842 -2 -1.99707
17843 -2 -1.99707
17844 -2 -1.99707
17845 -2 -1.99707
17846 -2 -1.99707
17847 -2 -1.99707
17848 -2 -1.99707
17849 -2 -1.99707
17850 -2 -1.99707
17851 -2 -1.99707
17852 -2 -1.99707
17853 -2 -1.99707
17854 -2 -1.99707
17855 -2 -1.99707
17856 -1.98 -1.99707
17857 -1.98 -1.99707
17858 -2 -1.99707
17859 -2 -1.99707
17860 -2 -1.99707
17861 -1.98 -1.99707
17862 -2 -1.99707
17863 -2 -1.99707
17864 -2 -1.99707
17865 -2 -1.99707
17866 -2 -1.99707
17867 -2 -1.99707
17868 -2 -1.99707
17869 -2 -1.99707
17870 -2 -1.99707
17871 -2 -1.99707
17872 -1.98 -1.99707
17873 -2 -1.99707
17874 -2 -1.99707
17875 -2 -1.99707
17876 -2 -1.99707
17877 -2 -1.99707
17878 -2 -1.99707
17879 -2 -1.99707
17880 -2 -1.99707
17881 -2 -1.99707
17882 -2 -1.99707
17883 -2 -1.99707
17884 -2 -1.99707
17885 -2 -1.99707
17886 -2 -1.99707
17887 -2 -1.99707
17888 -2 -1.99707
17889 -1.98 -1.99707
17890 -2 -1.99707
17891 -2 -1.99707
17892 -1.98 -1.99707
17893 -2 -1.99707
17894 -1.98 -1.99707
17895 -2 -1.99707
17896 -2 -1.99707
17897 -2 -1.99707
17898 -2 -1.99707
17899 -2 -1.99707
17900 -2 -1.99707
17901 -2 -1.99707
17902 -2 -1.99707
17903 -2 -1.99707
17904 -2 -1.99707
17905 -2 -1.99707
17906 -2 -1.99707
17907 -2 -1.99707
17908 -2 -1.99707
17909 -1.98 -1.99707
17910 -2 -1.99707
17911 -2 -1.99707
17912 -2 -1.99707
17913 -2 -1.99707
17914 -2 -1.99707
17915 -2 -1.99707
17916 -1.98 -1.99707
17917 -2 -1.99707
17918 -2 -1.99707
17919 -2 -1.99707
17920 -2 -1.99707
17921 -2 -1.99707
17922 -1.98 -1.99707
17923 -2 -1.99707
17924 -2 -1.99707
17925 -2 -1.99707
17926 -2 -1.99707
17927 -2 -1.99707
17928 -2 -1.99707
17929 -2 -1.99707
17930 -2 -1.99707
17931 -2 -1.99707
17932 -2 -1.99707
17933 -2 -1.99707
17934 -2 -1.99707
17935 -2 -1.99707
17936 -2 -1.99707
17937 -2 -1.99707
17938 -2 -1.99707
17939 -1.98 -1.99707
17940 -1.98 -1.99707
17941 -1.98 -1.99707
17942 -1.98 -1.99707
17943 -2 -1.99707
17944 -2 -1.99707
17945 -2 -1.99707
17946 -2 -1.99707
17947 -2 -1.99707
17948 -2 -1.99707
17949 -2 -1.99707
17950 -2 -1.99707
17951 -1.98 -1.99707
17952 -2 -1.99707
17953 -2 -1.99707
17954 -2 -1.99707
17955 -2 -1.99707
17956 -2 -1.99707
17957 -2 -1.99707
17958 -2 -1.99707
17959 -2 -1.99707
17960 -2 -1.99707
17961 -2 -1.99707
17962 -2 -1.99707
17963 -2 -1.99707
17964 -2 -1.99707
17965 -2 -1.99707
17966 -2 -1.99707
17967 -2 -1.99707
17968 -2 -1.99707
17969 -2 -1.99707
17970 -2 -1.99707
17971 -1.98 -1.99707
17972 -2 -1.99707
17973 -2 -1.99707
17974 -2 -1.99707
17975 -2 -1.99707
17976 -2 -1.99707
17977 -2 -1.99707
17978 -2 -1.99707
17979 -2 -1.99707
17980 -2 -1.99707
17981 -2 -1.99707
17982 -1.98 -1.99707
17983 -1.98 -1.99707
17984 -2 -1.99707
17985 -2 -1.99707
17986 -2 -1.99707
17987 -2 -1.99707
17988 -2 -1.99707
17989 -2 -1.99707
17990 -2 -1.99707
17991 -2 -1.99707
17992 -2 -1.99707
17993 -2 -1.99707
17994 -2 -1.99707
17995 -2 -1.99707
17996 -2 -1.99707
17997 -2 -1.99707
17998 -2 -1.99707
17999 -1.98 -1.99707
18000 -2 -1.99707
18001 -2 -1.99707
18002 -1.98 -1.99707
18003 -2 -1.99707
18004 -2 -1.99707
18005 -2 -1.99707
18006 -2 -1.99707
18007 -2 -1.99707
18008 -2 -1.99707
18009 -1.98 -1.99707
18010 -2 -1.99707
18011 -2 -1.99707
18012 -2 -1.99707
18013 -2 -1.99707
18014 -2 -1.99707
18015 -2 -1.99707
18016 -2 -1.99707
18017 -2 -1.99707
18018 -2 -1.99707
18019 -2 -1.99707
18020 -2 -1.99707
18021 -2 -1.99707
18022 -1.98 -1.99707
18023 -2 -1.99707
18024 -2 -1.99707
18025 -2 -1.99707
18026 -2 -1.99707
18027 -2 -1.99707
18028 -2 -1.99707
18029 -2 -1.99707
18030 -2 -1.99707
18031 -2 -1.99707
18032 -2 -1.99707
18033 -1.98 -1.99707
18034 -2 -1.99707
18035 -2 -1.99707
18036 -2 -1.99707
18037 -2 -1.99707
18038 -2 -1.99707
18039 -2 -1.99707
18040 -2 -1.99707
18041 -2 -1.99707
18042 -2 -1.99707
18043 -2 -1.99707
18044 -1.98 -1.99707
18045 -2 -1.99707
18046 -2 -1.99707
18047 -2 -1.99707
18048 -2 -1.99707
18049 -2 -1.99707
18050 -2 -1.99707
18051 -2 -1.99707
18052 -2 -1.99707
18053 -2 -1.99707
18054 -2 -1.99707
18055 -2 -1.99707
18056 -2 -1.99707
18057 -2 -1.99707
18058 -2 -1.99707
18059 -1.97 -1.99707
18060 -2 -1.99707
18061 -2 -1.99707
18062 -2 -1.99707
18063 -2 -1.99707
18064 -2 -1.99707
18065 -2 -1.99707
18066 -2 -1.99707
18067 -2 -1.99707
18068 -2 -1.99707
18069 -2 -1.99707
18070 -2 -1.99707
18071 -2 -1.99708
18072 -2 -1.99708
18073 -2 -1.99708
18074 -2 -1.99708
18075 -1.98 -1.99707
18076 -1.96 -1.99707
18077 -1.98 -1.99707
18078 -2 -1.99707
18079 -2 -1.99707
18080 -1.98 -1.99707
18081 -2 -1.99707
18082 -2 -1.99707
18083 -2 -1.99707
18084 -2 -1.99707
18085 -2 -1.99707
18086 -2 -1.99707
18087 -2 -1.99707
18088 -2 -1.99707
18089 -2 -1.99707
18090 -2 -1.99707
18091 -1.98 -1.99707
18092 -2 -1.99707
18093 -2 -1.99707
18094 -2 -1.99707
18095 -2 -1.99707
18096 -2 -1.99707
18097 -2 -1.99707
18098 -2 -1.99707
18099 -2 -1.99707
18100 -2 -1.99707
18101 -1.98 -1.99707
18102 -2 -1.99707
18103 -2 -1.99707
18104 -1.98 -1.99707
18105 -2 -1.99707
18106 -2 -1.99707
18107 -2 -1.99707
18108 -2 -1.99707
18109 -2 -1.99707
18110 -2 -1.99707
18111 -2 -1.99707
18112 -1.98 -1.99707
18113 -1.96 -1.99707
18114 -1.96 -1.99707
18115 -1.97 -1.99707
18116 -1.96 -1.99706
18117 -2 -1.99706
18118 -2 -1.99706
18119 -2 -1.99706
18120 -2 -1.99706
18121 -2 -1.99706
18122 -2 -1.99707
18123 -2 -1.99707
18124 -2 -1.99707
18125 -2 -1.99707
18126 -2 -1.99707
18127 -2 -1.99707
18128 -1.98 -1.99706
18129 -2 -1.99707
18130 -2 -1.99707
18131 -2 -1.99707
18132 -2 -1.99707
18133 -2 -1.99707
18134 -2 -1.99707
18135 -2 -1.99707
18136 -2 -1.99707
18137 -2 -1.99707
18138 -2 -1.99707
18139 -2 -1.99707
18140 -2 -1.99707
18141 -2 -1.99707
18142 -2 -1.99707
18143 -2 -1.99707
18144 -2 -1.99707
18145 -2 -1.99707
18146 -2 -1.99707
18147 -2 -1.99707
18148 -2 -1.99707
18149 -2 -1.99707
18150 -2 -1.99707
18151 -1.98 -1.99707
18152 -1.98 -1.99707
18153 -1.98 -1.99707
18154 -1.98 -1.99706
18155 -2 -1.99706
18156 -2 -1.99707
18157 -2 -1.99707
18158 -2 -1.99707
18159 -1.98 -1.99706
18160 -2 -1.99706
18161 -2 -1.99706
18162 -2 -1.99706
18163 -2 -1.99707
18164 -2 -1.99707
18165 -2 -1.99707
18166 -2 -1.99707
18167 -2 -1.99707
18168 -2 -1.99707
18169 -2 -1.99707
18170 -2 -1.99707
18171 -2 -1.99707
18172 -2 -1.99707
18173 -2 -1.99707
18174 -2 -1.99707
18175 -2 -1.99707
18176 -2 -1.99707
18177 -2 -1.99707
18178 -2 -1.99707
18179 -2 -1.99707
18180 -2 -1.99707
18181 -2 -1.99707
18182 -1.98 -1.99707
18183 -2 -1.99707
18184 -2 -1.99707
18185 -2 -1.99707
18186 -2 -1.99707
18187 -2 -1.99707
18188 -2 -1.99707
18189 -2 -1.99707
18190 -2 -1.99707
18191 -2 -1.99707
18192 -2 -1.99707
18193 -2 -1.99707
18194 -2 -1.99707
18195 -1.98 -1.99707
18196 -1.98 -1.99707
18197 -2 -1.99707
18198 -2 -1.99707
18199 -2 -1.99707
18200 -2 -1.99707
18201 -2 -1.99707
18202 -2 -1.99707
18203 -2 -1.99707
18204 -2 -1.99707
18205 -2 -1.99707
18206 -2 -1.99707
18207 -2 -1.99707
18208 -2 -1.99707
18209 -2 -1.99707
18210 -2 -1.99707
18211 -2 -1.99707
18212 -2 -1.99707
18213 -1.98 -1.99707
18214 -2 -1.99707
18215 -2 -1.99707
18216 -2 -1.99707
18217 -2 -1.99707
18218 -2 -1.99707
18219 -2 -1.99707
18220 -2 -1.99707
18221 -2 -1.99707
18222 -2 -1.99707
18223 -2 -1.99707
18224 -2 -1.99707
18225 -2 -1.99707
18226 -2 -1.99707
18227 -2 -1.99707
18228 -2 -1.99707
18229 -2 -1.99707
18230 -2 -1.99707
18231 -2 -1.99707
18232 -2 -1.99707
18233 -2 -1.99707
18234 -2 -1.99707
18235 -2 -1.99707
18236 -2 -1.99707
18237 -2 -1.99707
18238 -2 -1.99707
18239 -2 -1.99707
18240 -2 -1.99707
18241 -2 -1.99707
18242 -2 -1.99707
18243 -2 -1.99707
18244 -2 -1.99707
18245 -2 -1.99707
18246 -2 -1.99707
18247 -2 -1.99707
18248 -2 -1.99707
18249 -2 -1.99707
18250 -2 -1.99707
18251 -1.98 -1.99707
18252 -2 -1.99707
18253 -2 -1.99707
18254 -1.98 -1.99707
18255 -2 -1.99707
18256 -2 -1.99707
18257 -2 -1.99707
18258 -2 -1.99707
18259 -2 -1.99707
18260 -2 -1.99707
18261 -2 -1.99707
18262 -2 -1.99707
18263 -1.98 -1.99707
18264 -1.98 -1.99707
18265 -1.98 -1.99707
18266 -1.98 -1.99707
18267 -1.98 -1.99707
18268 -2 -1.99707
18269 -1.98 -1.99707
18270 -2 -1.99707
18271 -2 -1.99707
18272 -2 -1.99707
18273 -2 -1.99707
18274 -2 -1.99707
18275 -2 -1.99707
18276 -2 -1.99707
18277 -2 -1.99707
18278 -1.98 -1.99707
18279 -2 -1.99707
18280 -1.97 -1.99707
18281 -1.98 -1.99707
18282 -2 -1.99707
18283 -2 -1.99707
18284 -2 -1.99707
18285 -2 -1.99707
18286 -2 -1.99707
18287 -2 -1.99707
18288 -2 -1.99707
18289 -2 -1.99707
18290 -2 -1.99707
18291 -2 -1.99707
18292 -2 -1.99707
18293 -2 -1.99707
18294 -2 -1.99707
18295 -2 -1.99707
18296 -2 -1.99707
18297 -2 -1.99707
18298 -2 -1.99707
18299 -2 -1.99707
18300 -1.98 -1.99707
18301 -2 -1.99707
18302 -2 -1.99707
18303 -2 -1.99707
18304 -2 -1.99707
18305 -2 -1.99707
18306 -2 -1.99707
18307 -2 -1.99707
18308 -2 -1.99707
18309 -2 -1.99707
18310 -2 -1.99707
18311 -2 -1.99707
18312 -1.98 -1.99707
18313 -1.98 -1.99707
18314 -2 -1.99707
18315 -2 -1.99707
18316 -2 -1.99707
18317 -2 -1.99707
18318 -2 -1.99707
18319 -2 -1.99707
18320 -2 -1.99707
18321 -2 -1.99707
18322 -2 -1.99707
18323 -1.98 -1.99707
18324 -1.96 -1.99707
18325 -1.98 -1.99707
18326 -1.98 -1.99707
18327 -2 -1.99707
18328 -2 -1.99707
18329 -2 -1.99707
18330 -1.98 -1.99707
18331 -1.98 -1.99706
18332 -2 -1.99706
18333 -2 -1.99706
18334 -2 -1.99706
18335 -2 -1.99706
18336 -2 -1.99706
18337 -2 -1.99707
18338 -2 -1.99707
18339 -2 -1.99707
18340 -2 -1.99707
18341 -2 -1.99707
18342 -2 -1.99707
18343 -2 -1.99707
18344 -2 -1.99707
18345 -2 -1.99707
18346 -2 -1.99707
18347 -2 -1.99707
18348 -2 -1.99707
18349 -2 -1.99707
18350 -2 -1.99707
18351 -1.97 -1.99707
18352 -2 -1.99707
18353 -2 -1.99707
18354 -2 -1.99707
18355 -2 -1.99707
18356 -2 -1.99707
18357 -2 -1.99707
18358 -2 -1.99707
18359 -2 -1.99707
18360 -2 -1.99707
18361 -2 -1.99707
18362 -2 -1.99707
18363 -2 -1.99707
18364 -2 -1.99707
18365 -2 -1.99707
18366 -2 -1.99707
18367 -2 -1.99707
18368 -2 -1.99707
18369 -2 -1.99707
18370 -2 -1.99707
18371 -1.98 -1.99707
18372 -1.98 -1.99707
18373 -2 -1.99707
18374 -2 -1.99707
18375 -2 -1.99707
18376 -2 -1.99707
18377 -2 -1.99707
18378 -2 -1.99707
18379 -2 -1.99707
18380 -2 -1.99707
18381 -2 -1.99707
18382 -2 -1.99707
18383 -2 -1.99707
18384 -2 -1.99707
18385 -2 -1.99707
18386 -2 -1.99707
18387 -2 -1.99707
18388 -2 -1.99707
18389 -1.98 -1.99707
18390 -1.98 -1.99707
18391 -2 -1.99707
18392 -2 -1.99707
18393 -2 -1.99707
18394 -2 -1.99707
18395 -2 -1.99707
18396 -2 -1.99707
18397 -2 -1.99707
18398 -2 -1.99707
18399 -2 -1.99707
18400 -2 -1.99707
18401 -2 -1.99707
18402 -2 -1.99707
18403 -2 -1.99707
18404 -2 -1.99707
18405 -2 -1.99707
18406 -2 -1.99707
18407 -2 -1.99707
18408 -2 -1.99707
18409 -2 -1.99707
18410 -2 -1.99707
18411 -2 -1.99707
18412 -2 -1.99707
18413 -2 -1.99707
18414 -2 -1.99707
18415 -2 -1.99707
18416 -2 -1.99707
18417 -2 -1.99707
18418 -2 -1.99707
18419 -2 -1.99707
18420 -2 -1.99707
18421 -2 -1.99707
18422 -2 -1.99707
18423 -2 -1.99707
18424 -2 -1.99707
18425 -2 -1.99707
18426 -2 -1.99707
18427 -2 -1.99707
18428 -2 -1.99707
18429 -2 -1.99707
18430 -2 -1.99707
18431 -2 -1.99707
18432 -2 -1.99707
18433 -2 -1.99707
18434 -2 -1.99707
18435 -2 -1.99707
18436 -1.98 -1.99707
18437 -1.98 -1.99707
18438 -2 -1.99707
18439 -2 -1.99707
18440 -2 -1.99707
18441 -2 -1.99707
18442 -2 -1.99707
18443 -2 -1.99707
18444 -2 -1.99707
18445 -2 -1.99707
18446 -2 -1.99707
18447 -1.98 -1.99707
18448 -1.98 -1.99707
18449 -2 -1.99707
18450 -2 -1.99707
18451 -2 -1.99707
18452 -2 -1.99707
18453 -2 -1.99707
18454 -2 -1.99707
18455 -2 -1.99707
18456 -2 -1.99707
18457 -2 -1.99707
18458 -2 -1.99707
18459 -2 -1.99707
18460 -2 -1.99707
18461 -2 -1.99707
18462 -2 -1.99707
18463 -2 -1.99707
18464 -2 -1.99708
18465 -1.98 -1.99707
18466 -1.98 -1.99707
18467 -1.98 -1.99707
18468 -1.96 -1.99707
18469 -1.98 -1.99707
18470 -2 -1.99707
18471 -2 -1.99707
18472 -2 -1.99707
18473 -2 -1.99707
18474 -1.96 -1.99707
18475 -1.98 -1.99707
18476 -2 -1.99707
18477 -2 -1.99707
18478 -2 -1.99707
18479 -2 -1.99707
18480 -1.98 -1.99707
18481 -2 -1.99707
18482 -2 -1.99707
18483 -2 -1.99707
18484 -2 -1.99707
18485 -1.98 -1.99707
18486 -2 -1.99707
18487 -2 -1.99707
18488 -2 -1.99707
18489 -2 -1.99707
18490 -2 -1.99707
18491 -2 -1.99707
18492 -2 -1.99707
18493 -2 -1.99707
18494 -2 -1.99707
18495 -2 -1.99707
18496 -2 -1.99707
18497 -2 -1.99707
18498 -2 -1.99707
18499 -2 -1.99707
18500 -2 -1.99707
18501 -2 -1.99707
18502 -2 -1.99707
18503 -2 -1.99707
18504 -2 -1.99707
18505 -2 -1.99707
18506 -1.96 -1.99707
18507 -1.98 -1.99707
18508 -2 -1.99707
18509 -2 -1.99707
18510 -2 -1.99707
18511 -2 -1.99707
18512 -2 -1.99707
18513 -2 -1.99707
18514 -2 -1.99707
18515 -2 -1.99707
18516 -2 -1.99707
18517 -2 -1.99707
18518 -2 -1.99707
18519 -2 -1.99707
18520 -2 -1.99707
18521 -2 -1.99707
18522 -2 -1.99707
18523 -2 -1.99707
18524 -1.98 -1.99707
18525 -2 -1.99707
18526 -2 -1.99707
18527 -2 -1.99707
18528 -2 -1.99707
18529 -1.98 -1.99707
18530 -1.98 -1.99707
18531 -2 -1.99707
18532 -2 -1.99707
18533 -2 -1.99707
18534 -2 -1.99707
18535 -2 -1.99707
18536 -2 -1.99707
18537 -1.98 -1.99707
18538 -2 -1.99707
18539 -2 -1.99707
18540 -2 -1.99707
18541 -2 -1.99707
18542 -2 -1.99707
18543 -2 -1.99707
18544 -2 -1.99707
18545 -2 -1.99707
18546 -2 -1.99707
18547 -2 -1.99707
18548 -2 -1.99707
18549 -1.98 -1.99707
18550 -1.98 -1.99707
18551 -2 -1.99707
18552 -2 -1.99707
18553 -2 -1.99707
18554 -2 -1.99707
18555 -2 -1.99707
18556 -2 -1.99707
18557 -2 -1.99707
18558 -2 -1.99707
18559 -2 -1.99707
18560 -2 -1.99707
18561 -2 -1.99707
18562 -2 -1.99707
18563 -2 -1.99707
18564 -2 -1.99707
18565 -2 -1.99707
18566 -2 -1.99707
18567 -2 -1.99707
18568 -1.98 -1.99707
18569 -2 -1.99707
18570 -2 -1.99707
18571 -2 -1.99707
18572 -1.98 -1.99707
18573 -1.98 -1.99707
18574 -2 -1.99707
18575 -2 -1.99707
18576 -2 -1.99707
18577 -2 -1.99707
18578 -2 -1.99707
18579 -2 -1.99707
18580 -2 -1.99707
18581 -2 -1.99707
18582 -2 -1.99707
18583 -2 -1.99707
18584 -2 -1.99707
18585 -2 -1.99707
18586 -2 -1.99707
18587 -2 -1.99707
18588 -2 -1.99707
18589 -2 -1.99707
18590 -2 -1.99707
18591 -2 -1.99707
18592 -2 -1.99707
18593 -2 -1.99707
18594 -2 -1.99707
18595 -2 -1.99707
18596 -2 -1.99707
18597 -1.98 -1.99707
18598 -2 -1.99707
18599 -2 -1.99707
18600 -2 -1.99707
18601 -1.98 -1.99707
18602 -2 -1.99707
18603 -1.98 -1.99707
18604 -2 -1.99707
18605 -2 -1.99707
18606 -2 -1.99707
18607 -2 -1.99707
18608 -2 -1.99707
18609 -2 -1.99707
18610 -2 -1.99707
18611 -2 -1.99707
18612 -2 -1.99707
18613 -2 -1.99707
18614 -2 -1.99707
18615 -2 -1.99707
18616 -2 -1.99707
18617 -2 -1.99707
18618 -2 -1.99707
18619 -2 -1.99707
18620 -2 -1.99707
18621 -2 -1.99707
18622 -2 -1.99707
18623 -2 -1.99707
18624 -2 -1.99707
18625 -2 -1.99707
18626 -2 -1.99707
18627 -2 -1.99707
18628 -2 -1.99707
18629 -2 -1.99707
18630 -2 -1.99707
18631 -1.98 -1.99707
18632 -2 -1.99707
18633 -2 -1.99707
18634 -2 -1.99707
18635 -2 -1.99707
18636 -2 -1.99707
18637 -2 -1.99707
18638 -2 -1.99707
18639 -2 -1.99707
18640 -2 -1.99707
18641 -2 -1.99707
18642 -2 -1.99707
18643 -2 -1.99707
18644 -1.96 -1.99707
18645 -2 -1.99707
18646 -2 -1.99707
18647 -1.98 -1.99707
18648 -2 -1.99707
18649 -2 -1.99707
18650 -2 -1.99707
18651 -1.98 -1.99707
18652 -1.98 -1.99707
18653 -2 -1.99707
18654 -2 -1.99707
18655 -2 -1.99707
18656 -2 -1.99707
18657 -2 -1.99707
18658 -2 -1.99707
18659 -2 -1.99707
18660 -2 -1.99707
18661 -2 -1.99707
18662 -2 -1.99707
18663 -2 -1.99707
18664 -2 -1.99707
18665 -2 -1.99707
18666 -2 -1.99707
18667 -2 -1.99707
18668 -2 -1.99707
18669 -2 -1.99707
18670 -2 -1.99707
18671 -2 -1.99707
18672 -2 -1.99707
18673 -2 -1.99707
18674 -2 -1.99707
18675 -2 -1.99707
18676 -2 -1.99707
18677 -2 -1.99707
18678 -2 -1.99707
18679 -2 -1.99707
18680 -2 -1.99707
18681 -2 -1.99707
18682 -2 -1.99707
18683 -2 -1.99708
18684 -2 -1.99708
18685 -2 -1.99708
18686 -2 -1.99708
18687 -2 -1.99708
18688 -2 -1.99708
18689 -1.98 -1.99707
18690 -1.98 -1.99707
18691 -2 -1.99707
18692 -2 -1.99707
18693 -2 -1.99707
18694 -2 -1.99707
18695 -1.98 -1.99707
18696 -2 -1.99707
18697 -2 -1.99707
18698 -2 -1.99707
18699 -2 -1.99707
18700 -2 -1.99707
18701 -2 -1.99707
18702 -2 -1.99707
18703 -2 -1.99707
18704 -2 -1.99708
18705 -2 -1.99708
18706 -2 -1.99708
18707 -2 -1.99708
18708 -2 -1.99708
18709 -2 -1.99708
18710 -2 -1.99708
18711 -2 -1.99708
18712 -2 -1.99708
18713 -2 -1.99708
18714 -2 -1.99708
18715 -2 -1.99708
18716 -2 -1.99708
18717 -2 -1.99708
18718 -2 -1.99708
18719 -2 -1.99708
18720 -1.98 -1.99708
18721 -1.98 -1.99708
18722 -1.98 -1.99707
18723 -2 -1.99707
18724 -2 -1.99708
18725 -2 -1.99708
18726 -2 -1.99708
18727 -2 -1.99708
18728 -2 -1.99708
18729 -2 -1.99708
18730 -2 -1.99708
18731 -1.98 -1.99708
18732 -2 -1.99708
18733 -2 -1.99708
18734 -2 -1.99708
18735 -2 -1.99708
18736 -2 -1.99708
18737 -2 -1.99708
18738 -2 -1.99708
18739 -2 -1.99708
18740 -2 -1.99708
18741 -2 -1.99708
18742 -2 -1.99708
18743 -2 -1.99708
18744 -2 -1.99708
18745 -2 -1.99708
18746 -2 -1.99708
18747 -2 -1.99708
18748 -2 -1.99708
18749 -2 -1.99708
18750 -2 -1.99708
18751 -2 -1.99708
18752 -2 -1.99708
18753 -1.98 -1.99708
18754 -1.98 -1.99708
18755 -2 -1.99708
18756 -2 -1.99708
18757 -2 -1.99708
18758 -2 -1.99708
18759 -2 -1.99708
18760 -2 -1.99708
18761 -2 -1.99708
18762 -2 -1.99708
18763 -2 -1.99708
18764 -2 -1.99708
18765 -2 -1.99708
18766 -2 -1.99708
18767 -2 -1.99708
18768 -2 -1.99708
18769 -2 -1.99708
18770 -2 -1.99708
18771 -2 -1.99708
18772 -2 -1.99708
18773 -2 -1.99708
18774 -1.98 -1.99708
18775 -2 -1.99708
18776 -2 -1.99708
18777 -1.98 -1.99708
18778 -2 -1.99708
18779 -2 -1.99708
18780 -2 -1.99708
18781 -2 -1.99708
18782 -2 -1.99708
18783 -2 -1.99708
18784 -1.96 -1.99708
18785 -2 -1.99708
18786 -2 -1.99708
18787 -2 -1.99708
18788 -2 -1.99708
18789 -2 -1.99708
18790 -1.98 -1.99708
18791 -1.98 -1.99708
18792 -1.98 -1.99707
18793 -2 -1.99708
18794 -2 -1.99708
18795 -2 -1.99708
18796 -2 -1.99708
18797 -2 -1.99708
18798 -2 -1.99708
18799 -2 -1.99708
18800 -2 -1.99708
18801 -2 -1.99708
18802 -2 -1.99708
18803 -1.98 -1.99708
18804 -2 -1.99708
18805 -2 -1.99708
18806 -2 -1.99708
18807 -2 -1.99708
18808 -2 -1.99708
18809 -2 -1.99708
18810 -2 -1.99708
18811 -2 -1.99708
18812 -2 -1.99708
18813 -2 -1.99708
18814 -2 -1.99708
18815 -2 -1.99708
18816 -2 -1.99708
18817 -2 -1.99708
18818 -2 -1.99708
18819 -2 -1.99708
18820 -2 -1.99708
18821 -2 -1.99708
18822 -2 -1.99708
18823 -2 -1.99708
18824 -2 -1.99708
18825 -2 -1.99708
18826 -2 -1.99708
18827 -2 -1.99708
18828 -2 -1.99708
18829 -2 -1.99708
18830 -2 -1.99708
18831 -2 -1.99708
18832 -2 -1.99708
18833 -2 -1.99708
18834 -2 -1.99708
18835 -2 -1.99708
18836 -2 -1.99708
18837 -2 -1.99708
18838 -2 -1.99708
18839 -2 -1.99708
18840 -2 -1.99708
18841 -2 -1.99708
18842 -2 -1.99708
18843 -2 -1.99708
18844 -2 -1.99708
18845 -2 -1.99708
18846 -2 -1.99708
18847 -2 -1.99708
18848 -2 -1.99708
18849 -2 -1.99708
18850 -2 -1.99708
18851 -2 -1.99708
18852 -2 -1.99708
18853 -2 -1.99708
18854 -2 -1.99708
18855 -2 -1.99708
18856 -2 -1.99708
18857 -2 -1.99708
18858 -2 -1.99708
18859 -2 -1.99708
18860 -2 -1.99708
18861 -2 -1.99708
18862 -2 -1.99708
18863 -2 -1.99708
18864 -2 -1.99709
18865 -2 -1.99709
18866 -2 -1.99709
18867 -1.98 -1.99708
18868 -2 -1.99708
18869 -2 -1.99708
18870 -2 -1.99708
18871 -1.98 -1.99708
18872 -2 -1.99708
18873 -2 -1.99708
18874 -2 -1.99708
18875 -1.98 -1.99708
18876 -2 -1.99708
18877 -2 -1.99708
18878 -1.98 -1.99708
18879 -1.98 -1.99708
18880 -1.98 -1.99708
18881 -2 -1.99708
18882 -1.98 -1.99708
18883 -1.96 -1.99708
18884 -1.96 -1.99708
18885 -1.96 -1.99707
18886 -2 -1.99707
18887 -2 -1.99707
18888 -2 -1.99708
18889 -2 -1.99708
18890 -2 -1.99708
18891 -2 -1.99708
18892 -2 -1.99708
18893 -2 -1.99708
18894 -2 -1.99708
18895 -2 -1.99708
18896 -2 -1.99708
18897 -2 -1.99708
18898 -2 -1.99708
18899 -2 -1.99708
18900 -2 -1.99708
18901 -2 -1.99708
18902 -2 -1.99708
18903 -2 -1.99708
18904 -2 -1.99708
18905 -1.98 -1.99708
18906 -1.98 -1.99708
18907 -1.98 -1.99707
18908 -2 -1.99707
18909 -2 -1.99708
18910 -2 -1.99708
18911 -2 -1.99708
18912 -2 -1.99708
18913 -2 -1.99708
18914 -2 -1.99708
18915 -2 -1.99708
18916 -2 -1.99708
18917 -2 -1.99708
18918 -2 -1.99708
18919 -2 -1.99708
18920 -2 -1.99708
18921 -2 -1.99708
18922 -2 -1.99708
18923 -2 -1.99708
18924 -2 -1.99708
18925 -2 -1.99708
18926 -2 -1.99708
18927 -2 -1.99708
18928 -2 -1.99708
18929 -2 -1.99708
18930 -2 -1.99708
18931 -2 -1.99708
18932 -2 -1.99708
18933 -2 -1.99708
18934 -2 -1.99708
18935 -2 -1.99708
18936 -2 -1.99708
18937 -2 -1.99708
18938 -2 -1.99708
18939 -2 -1.99708
18940 -2 -1.99708
18941 -2 -1.99708
18942 -2 -1.99708
18943 -2 -1.99708
18944 -1.98 -1.99708
18945 -2 -1.99708
18946 -2 -1.99708
18947 -2 -1.99708
18948 -2 -1.99708
18949 -2 -1.99708
18950 -2 -1.99708
18951 -2 -1.99708
18952 -2 -1.99708
18953 -2 -1.99708
18954 -2 -1.99708
18955 -2 -1.99708
18956 -2 -1.99708
18957 -2 -1.99708
18958 -2 -1.99708
18959 -2 -1.99708
18960 -2 -1.99708
18961 -2 -1.99708
18962 -2 -1.99708
18963 -2 -1.99708
18964 -1.98 -1.99708
18965 -1.98 -1.99708
18966 -1.98 -1.99708
18967 -2 -1.99708
18968 -1.98 -1.99708
18969 -2 -1.99708
18970 -2 -1.99708
18971 -2 -1.99708
18972 -2 -1.99708
18973 -2 -1.99708
18974 -2 -1.99708
18975 -2 -1.99708
18976 -2 -1.99708
18977 -2 -1.99708
18978 -2 -1.99708
18979 -2 -1.99708
18980 -2 -1.99708
18981 -2 -1.99708
18982 -2 -1.99708
18983 -2 -1.99708
18984 -2 -1.99708
18985 -2 -1.99708
18986 -2 -1.99708
18987 -2 -1.99708
18988 -2 -1.99708
18989 -2 -1.99708
18990 -2 -1.99708
18991 -2 -1.99708
18992 -2 -1.99708
18993 -2 -1.99708
18994 -2 -1.99708
18995 -2 -1.99708
18996 -2 -1.99708
18997 -2 -1.99708
18998 -2 -1.99708
18999 -2 -1.99708
19000 -2 -1.99708
19001 -2 -1.99708
19002 -2 -1.99708
19003 -2 -1.99708
19004 -2 -1.99708
19005 -2 -1.99708
19006 -2 -1.99708
19007 -2 -1.99708
19008 -2 -1.99709
19009 -2 -1.99709
19010 -1.98 -1.99708
19011 -1.98 -1.99708
19012 -2 -1.99708
19013 -2 -1.99708
19014 -2 -1.99708
19015 -2 -1.99708
19016 -2 -1.99708
19017 -2 -1.99708
19018 -2 -1.99708
19019 -2 -1.99708
19020 -2 -1.99708
19021 -2 -1.99708
19022 -2 -1.99709
19023 -2 -1.99709
19024 -2 -1.99709
19025 -2 -1.99709
19026 -2 -1.99709
19027 -2 -1.99709
19028 -2 -1.99709
19029 -2 -1.99709
19030 -2 -1.99709
19031 -2 -1.99709
19032 -2 -1.99709
19033 -2 -1.99709
19034 -2 -1.99709
19035 -2 -1.99709
19036 -2 -1.99709
19037 -2 -1.99709
19038 -2 -1.99709
19039 -2 -1.99709
19040 -2 -1.99709
19041 -2 -1.99709
19042 -2 -1.99709
19043 -2 -1.99709
19044 -2 -1.99709
19045 -2 -1.99709
19046 -2 -1.99709
19047 -2 -1.99709
19048 -2 -1.99709
19049 -2 -1.99709
19050 -2 -1.99709
19051 -2 -1.99709
19052 -2 -1.99709
19053 -2 -1.99709
19054 -2 -1.99709
19055 -2 -1.99709
19056 -2 -1.99709
19057 -2 -1.99709
19058 -1.98 -1.99709
19059 -2 -1.99709
19060 -2 -1.99709
19061 -2 -1.99709
19062 -2 -1.99709
19063 -2 -1.99709
19064 -2 -1.99709
19065 -2 -1.99709
19066 -1.98 -1.99709
19067 -1.98 -1.99709
19068 -1.98 -1.99709
19069 -1.96 -1.99709
19070 -1.98 -1.99709
19071 -2 -1.99709
19072 -2 -1.99709
19073 -2 -1.99709
19074 -2 -1.99709
19075 -2 -1.99709
19076 -2 -1.99709
19077 -2 -1.99709
19078 -2 -1.99709
19079 -2 -1.99709
19080 -2 -1.99709
19081 -2 -1.99709
19082 -2 -1.99709
19083 -2 -1.99709
19084 -2 -1.99709
19085 -2 -1.99709
19086 -2 -1.99709
19087 -2 -1.99709
19088 -2 -1.99709
19089 -2 -1.99709
19090 -2 -1.99709
19091 -2 -1.99709
19092 -2 -1.99709
19093 -2 -1.99709
19094 -1.98 -1.99709
19095 -2 -1.99709
19096 -2 -1.99709
19097 -2 -1.99709
19098 -2 -1.99709
19099 -2 -1.99709
19100 -2 -1.99709
19101 -2 -1.99709
19102 -2 -1.99709
19103 -2 -1.99709
19104 -2 -1.99709
19105 -2 -1.99709
19106 -2 -1.99709
19107 -2 -1.99709
19108 -2 -1.99709
19109 -2 -1.99709
19110 -1.98 -1.99709
19111 -1.98 -1.99709
19112 -2 -1.99709
19113 -2 -1.99709
19114 -2 -1.99709
19115 -2 -1.99709
19116 -2 -1.99709
19117 -2 -1.99709
19118 -2 -1.99709
19119 -2 -1.99709
19120 -2 -1.99709
19121 -2 -1.99709
19122 -2 -1.99709
19123 -2 -1.99709
19124 -2 -1.99709
19125 -2 -1.99709
19126 -2 -1.99709
19127 -2 -1.99709
19128 -2 -1.99709
19129 -2 -1.99709
19130 -2 -1.99709
19131 -2 -1.99709
19132 -2 -1.99709
19133 -2 -1.99709
19134 -2 -1.99709
19135 -2 -1.99709
19136 -1.98 -1.99709
19137 -2 -1.99709
19138 -2 -1.99709
19139 -2 -1.99709
19140 -2 -1.99709
19141 -2 -1.99709
19142 -2 -1.99709
19143 -2 -1.99709
19144 -2 -1.99709
19145 -2 -1.99709
19146 -2 -1.99709
19147 -2 -1.99709
19148 -2 -1.99709
19149 -2 -1.99709
19150 -2 -1.99709
19151 -2 -1.99709
19152 -1.98 -1.99709
19153 -2 -1.99709
19154 -2 -1.99709
19155 -2 -1.99709
19156 -2 -1.99709
19157 -2 -1.99709
19158 -2 -1.99709
19159 -2 -1.99709
19160 -2 -1.99709
19161 -2 -1.99709
19162 -1.98 -1.99709
19163 -1.98 -1.99709
19164 -1.98 -1.99709
19165 -1.98 -1.99709
19166 -1.98 -1.99709
19167 -2 -1.99709
19168 -2 -1.99709
19169 -2 -1.99709
19170 -2 -1.99709
19171 -2 -1.99709
19172 -2 -1.99709
19173 -2 -1.99709
19174 -2 -1.99709
19175 -2 -1.99709
19176 -2 -1.99709
19177 -2 -1.99709
19178 -2 -1.99709
19179 -2 -1.99709
19180 -2 -1.99709
19181 -1.98 -1.99709
19182 -2 -1.99709
19183 -2 -1.99709
19184 -2 -1.99709
19185 -2 -1.99709
19186 -2 -1.99709
19187 -2 -1.99709
19188 -2 -1.99709
19189 -2 -1.99709
19190 -2 -1.99709
19191 -2 -1.99709
19192 -2 -1.99709
19193 -2 -1.99709
19194 -2 -1.99709
19195 -2 -1.99709
19196 -2 -1.99709
19197 -2 -1.99709
19198 -2 -1.99709
19199 -2 -1.99709
19200 -2 -1.99709
19201 -2 -1.99709
19202 -2 -1.99709
19203 -2 -1.99709
19204 -2 -1.99709
19205 -2 -1.99709
19206 -2 -1.99709
19207 -2 -1.99709
19208 -2 -1.99709
19209 -2 -1.99709
19210 -2 -1.99709
19211 -2 -1.9971
19212 -2 -1.9971
19213 -2 -1.9971
19214 -2 -1.9971
19215 -2 -1.9971
19216 -1.98 -1.99709
19217 -1.98 -1.99709
19218 -2 -1.99709
19219 -2 -1.99709
19220 -2 -1.99709
19221 -1.96 -1.99709
19222 -2 -1.99709
19223 -2 -1.99709
19224 -2 -1.99709
19225 -2 -1.99709
19226 -2 -1.99709
19227 -1.98 -1.99709
19228 -2 -1.99709
19229 -2 -1.99709
19230 -2 -1.99709
19231 -2 -1.99709
19232 -2 -1.99709
19233 -2 -1.99709
19234 -2 -1.99709
19235 -2 -1.99709
19236 -2 -1.99709
19237 -2 -1.99709
19238 -2 -1.99709
19239 -2 -1.99709
19240 -2 -1.99709
19241 -2 -1.99709
19242 -2 -1.99709
19243 -2 -1.99709
19244 -2 -1.99709
19245 -2 -1.99709
19246 -2 -1.9971
19247 -2 -1.9971
19248 -2 -1.9971
19249 -2 -1.9971
19250 -2 -1.9971
19251 -2 -1.9971
19252 -2 -1.9971
19253 -2 -1.9971
19254 -2 -1.9971
19255 -2 -1.9971
19256 -2 -1.9971
19257 -2 -1.9971
19258 -2 -1.9971
19259 -2 -1.9971
19260 -2 -1.9971
19261 -2 -1.9971
19262 -2 -1.9971
19263 -2 -1.9971
19264 -2 -1.9971
19265 -2 -1.9971
19266 -2 -1.9971
19267 -2 -1.9971
19268 -2 -1.9971
19269 -2 -1.9971
19270 -2 -1.9971
19271 -2 -1.9971
19272 -2 -1.9971
19273 -2 -1.9971
19274 -2 -1.9971
19275 -2 -1.9971
19276 -2 -1.9971
19277 -2 -1.9971
19278 -2 -1.9971
19279 -2 -1.9971
19280 -2 -1.9971
19281 -2 -1.9971
19282 -2 -1.9971
19283 -1.98 -1.9971
19284 -1.98 -1.9971
19285 -1.98 -1.9971
19286 -2 -1.9971
19287 -2 -1.9971
19288 -2 -1.9971
19289 -2 -1.9971
19290 -2 -1.9971
19291 -2 -1.9971
19292 -2 -1.9971
19293 -2 -1.9971
19294 -2 -1.9971
19295 -2 -1.9971
19296 -1.98 -1.9971
19297 -1.98 -1.9971
19298 -2 -1.9971
19299 -2 -1.9971
19300 -2 -1.9971
19301 -2 -1.9971
19302 -2 -1.9971
19303 -2 -1.9971
19304 -2 -1.9971
19305 -2 -1.9971
19306 -2 -1.9971
19307 -2 -1.9971
19308 -2 -1.9971
19309 -2 -1.9971
19310 -2 -1.9971
19311 -2 -1.9971
19312 -2 -1.9971
19313 -1.98 -1.9971
19314 -1.98 -1.9971
19315 -1.98 -1.9971
19316 -2 -1.9971
19317 -2 -1.9971
19318 -2 -1.9971
19319 -2 -1.9971
19320 -2 -1.9971
19321 -2 -1.9971
19322 -2 -1.9971
19323 -2 -1.9971
19324 -2 -1.9971
19325 -2 -1.9971
19326 -2 -1.9971
19327 -2 -1.9971
19328 -2 -1.9971
19329 -1.98 -1.9971
19330 -1.97 -1.9971
19331 -1.98 -1.9971
19332 -1.97 -1.99709
19333 -2 -1.99709
19334 -2 -1.99709
19335 -2 -1.9971
19336 -2 -1.9971
19337 -1.98 -1.99709
19338 -1.98 -1.99709
19339 -2 -1.99709
19340 -2 -1.99709
19341 -2 -1.99709
19342 -1.98 -1.99709
19343 -2 -1.99709
19344 -1.98 -1.99709
19345 -2 -1.99709
19346 -2 -1.99709
19347 -2 -1.99709
19348 -2 -1.99709
19349 -2 -1.99709
19350 -2 -1.99709
19351 -2 -1.99709
19352 -2 -1.99709
19353 -2 -1.99709
19354 -2 -1.99709
19355 -2 -1.99709
19356 -2 -1.99709
19357 -2 -1.99709
19358 -2 -1.99709
19359 -2 -1.99709
19360 -2 -1.99709
19361 -2 -1.99709
19362 -2 -1.99709
19363 -2 -1.9971
19364 -2 -1.9971
19365 -1.98 -1.99709
19366 -1.98 -1.99709
19367 -1.98 -1.99709
19368 -1.98 -1.99709
19369 -2 -1.99709
19370 -2 -1.99709
19371 -2 -1.99709
19372 -2 -1.99709
19373 -2 -1.99709
19374 -2 -1.99709
19375 -2 -1.99709
19376 -2 -1.99709
19377 -2 -1.99709
19378 -2 -1.99709
19379 -2 -1.99709
19380 -2 -1.99709
19381 -2 -1.99709
19382 -2 -1.99709
19383 -2 -1.99709
19384 -2 -1.99709
19385 -2 -1.99709
19386 -2 -1.99709
19387 -2 -1.99709
19388 -2 -1.99709
19389 -2 -1.99709
19390 -2 -1.9971
19391 -2 -1.9971
19392 -2 -1.9971
19393 -2 -1.9971
19394 -2 -1.9971
19395 -2 -1.9971
19396 -2 -1.9971
19397 -2 -1.9971
19398 -2 -1.9971
19399 -2 -1.9971
19400 -2 -1.9971
19401 -2 -1.9971
19402 -2 -1.9971
19403 -2 -1.9971
19404 -2 -1.9971
19405 -2 -1.9971
19406 -2 -1.9971
19407 -2 -1.9971
19408 -2 -1.9971
19409 -2 -1.9971
19410 -1.98 -1.9971
19411 -1.98 -1.9971
19412 -2 -1.9971
19413 -2 -1.9971
19414 -2 -1.9971
19415 -2 -1.9971
19416 -2 -1.9971
19417 -2 -1.9971
19418 -1.98 -1.9971
19419 -1.98 -1.9971
19420 -2 -1.9971
19421 -2 -1.9971
19422 -2 -1.9971
19423 -2 -1.9971
19424 -2 -1.9971
19425 -2 -1.9971
19426 -2 -1.9971
19427 -2 -1.9971
19428 -2 -1.9971
19429 -2 -1.9971
19430 -2 -1.9971
19431 -2 -1.9971
19432 -2 -1.9971
19433 -2 -1.9971
19434 -2 -1.9971
19435 -2 -1.9971
19436 -2 -1.9971
19437 -2 -1.9971
19438 -2 -1.9971
19439 -2 -1.9971
19440 -2 -1.9971
19441 -2 -1.9971
19442 -2 -1.9971
19443 -2 -1.9971
19444 -2 -1.9971
19445 -2 -1.9971
19446 -2 -1.9971
19447 -2 -1.9971
19448 -2 -1.9971
19449 -2 -1.9971
19450 -2 -1.9971
19451 -2 -1.9971
19452 -2 -1.9971
19453 -1.98 -1.9971
19454 -2 -1.9971
19455 -2 -1.9971
19456 -2 -1.9971
19457 -2 -1.9971
19458 -2 -1.9971
19459 -2 -1.9971
19460 -2 -1.9971
19461 -2 -1.9971
19462 -2 -1.9971
19463 -2 -1.9971
19464 -2 -1.9971
19465 -2 -1.9971
19466 -2 -1.9971
19467 -1.97 -1.9971
19468 -1.98 -1.9971
19469 -1.98 -1.9971
19470 -1.98 -1.9971
19471 -1.98 -1.9971
19472 -1.98 -1.9971
19473 -2 -1.9971
19474 -2 -1.9971
19475 -2 -1.9971
19476 -2 -1.9971
19477 -2 -1.9971
19478 -2 -1.9971
19479 -2 -1.9971
19480 -1.98 -1.9971
19481 -1.98 -1.99709
19482 -2 -1.99709
19483 -2 -1.9971
19484 -2 -1.9971
19485 -2 -1.9971
19486 -1.98 -1.99709
19487 -1.98 -1.99709
19488 -2 -1.99709
19489 -2 -1.99709
19490 -1.98 -1.99709
19491 -1.98 -1.99709
19492 -1.98 -1.99709
19493 -2 -1.99709
19494 -2 -1.99709
19495 -2 -1.99709
19496 -2 -1.99709
19497 -2 -1.99709
19498 -2 -1.99709
19499 -2 -1.99709
19500 -2 -1.99709
19501 -2 -1.99709
19502 -2 -1.99709
19503 -2 -1.99709
19504 -2 -1.99709
19505 -2 -1.99709
19506 -2 -1.99709
19507 -1.98 -1.99709
19508 -1.98 -1.99709
19509 -1.98 -1.99709
19510 -2 -1.99709
19511 -2 -1.99709
19512 -2 -1.99709
19513 -2 -1.99709
19514 -2 -1.99709
19515 -2 -1.99709
19516 -2 -1.99709
19517 -2 -1.99709
19518 -2 -1.99709
19519 -2 -1.99709
19520 -2 -1.99709
19521 -1.98 -1.99709
19522 -2 -1.99709
19523 -2 -1.99709
19524 -2 -1.99709
19525 -2 -1.99709
19526 -2 -1.99709
19527 -2 -1.99709
19528 -2 -1.99709
19529 -2 -1.99709
19530 -1.98 -1.99709
19531 -1.98 -1.99709
19532 -2 -1.99709
19533 -2 -1.99709
19534 -2 -1.99709
19535 -2 -1.99709
19536 -2 -1.99709
19537 -2 -1.99709
19538 -2 -1.99709
19539 -2 -1.99709
19540 -2 -1.99709
19541 -2 -1.99709
19542 -1.97 -1.99709
19543 -2 -1.99709
19544 -2 -1.99709
19545 -2 -1.99709
19546 -2 -1.99709
19547 -2 -1.99709
19548 -2 -1.99709
19549 -2 -1.99709
19550 -2 -1.99709
19551 -2 -1.99709
19552 -2 -1.99709
19553 -2 -1.99709
19554 -2 -1.99709
19555 -2 -1.99709
19556 -2 -1.99709
19557 -2 -1.99709
19558 -2 -1.99709
19559 -2 -1.99709
19560 -2 -1.99709
19561 -2 -1.99709
19562 -2 -1.99709
19563 -2 -1.99709
19564 -2 -1.99709
19565 -2 -1.99709
19566 -2 -1.99709
19567 -2 -1.99709
19568 -1.96 -1.99709
19569 -1.96 -1.99709
19570 -1.98 -1.99709
19571 -1.98 -1.99709
19572 -1.98 -1.99709
19573 -2 -1.99709
19574 -2 -1.99709
19575 -2 -1.99709
19576 -2 -1.99709
19577 -2 -1.99709
19578 -2 -1.99709
19579 -2 -1.99709
19580 -2 -1.99709
19581 -2 -1.99709
19582 -2 -1.99709
19583 -2 -1.99709
19584 -2 -1.99709
19585 -2 -1.99709
19586 -2 -1.99709
19587 -2 -1.99709
19588 -2 -1.99709
19589 -2 -1.99709
19590 -2 -1.99709
19591 -2 -1.99709
19592 -2 -1.99709
19593 -2 -1.99709
19594 -2 -1.99709
19595 -2 -1.99709
19596 -2 -1.99709
19597 -2 -1.99709
19598 -2 -1.99709
19599 -2 -1.99709
19600 -2 -1.99709
19601 -2 -1.99709
19602 -2 -1.99709
19603 -1.98 -1.99709
19604 -2 -1.99709
19605 -2 -1.99709
19606 -2 -1.99709
19607 -2 -1.99709
19608 -2 -1.99709
19609 -2 -1.99709
19610 -2 -1.99709
19611 -1.98 -1.99709
19612 -1.98 -1.99709
19613 -2 -1.99709
19614 -2 -1.99709
19615 -2 -1.99709
19616 -2 -1.99709
19617 -2 -1.99709
19618 -2 -1.99709
19619 -2 -1.99709
19620 -2 -1.99709
19621 -2 -1.99709
19622 -2 -1.99709
19623 -2 -1.99709
19624 -2 -1.99709
19625 -2 -1.99709
19626 -2 -1.99709
19627 -2 -1.99709
19628 -2 -1.99709
19629 -2 -1.99709
19630 -2 -1.99709
19631 -2 -1.99709
19632 -2 -1.99709
19633 -2 -1.99709
19634 -2 -1.99709
19635 -2 -1.99709
19636 -2 -1.99709
19637 -2 -1.99709
19638 -2 -1.9971
19639 -2 -1.9971
19640 -2 -1.9971
19641 -2 -1.9971
19642 -2 -1.9971
19643 -2 -1.9971
19644 -2 -1.9971
19645 -2 -1.9971
19646 -2 -1.9971
19647 -2 -1.9971
19648 -2 -1.9971
19649 -2 -1.9971
19650 -2 -1.9971
19651 -2 -1.9971
19652 -2 -1.9971
19653 -2 -1.9971
19654 -2 -1.9971
19655 -2 -1.9971
19656 -2 -1.9971
19657 -2 -1.9971
19658 -2 -1.9971
19659 -2 -1.9971
19660 -2 -1.9971
19661 -2 -1.9971
19662 -2 -1.9971
19663 -2 -1.9971
19664 -2 -1.9971
19665 -1.98 -1.9971
19666 -1.97 -1.9971
19667 -2 -1.9971
19668 -2 -1.9971
19669 -2 -1.9971
19670 -2 -1.9971
19671 -2 -1.9971
19672 -1.98 -1.9971
19673 -2 -1.9971
19674 -2 -1.9971
19675 -2 -1.9971
19676 -2 -1.9971
19677 -2 -1.9971
19678 -2 -1.9971
19679 -2 -1.9971
19680 -2 -1.9971
19681 -2 -1.9971
19682 -2 -1.9971
19683 -2 -1.9971
19684 -2 -1.9971
19685 -2 -1.9971
19686 -2 -1.9971
19687 -1.98 -1.9971
19688 -2 -1.9971
19689 -2 -1.9971
19690 -2 -1.9971
19691 -2 -1.9971
19692 -2 -1.9971
19693 -2 -1.9971
19694 -2 -1.9971
19695 -2 -1.9971
19696 -2 -1.9971
19697 -2 -1.9971
19698 -2 -1.9971
19699 -2 -1.9971
19700 -2 -1.9971
19701 -2 -1.9971
19702 -2 -1.9971
19703 -2 -1.9971
19704 -2 -1.9971
19705 -2 -1.9971
19706 -2 -1.9971
19707 -1.98 -1.9971
19708 -1.98 -1.9971
19709 -1.98 -1.9971
19710 -2 -1.9971
19711 -2 -1.9971
19712 -2 -1.9971
19713 -2 -1.9971
19714 -2 -1.9971
19715 -2 -1.9971
19716 -2 -1.9971
19717 -2 -1.9971
19718 -2 -1.9971
19719 -2 -1.9971
19720 -2 -1.9971
19721 -1.98 -1.9971
19722 -2 -1.9971
19723 -1.98 -1.9971
19724 -2 -1.9971
19725 -2 -1.9971
19726 -2 -1.9971
19727 -2 -1.9971
19728 -2 -1.9971
19729 -2 -1.9971
19730 -2 -1.9971
19731 -2 -1.9971
19732 -2 -1.9971
19733 -2 -1.9971
19734 -2 -1.9971
19735 -2 -1.9971
19736 -2 -1.9971
19737 -2 -1.9971
19738 -2 -1.9971
19739 -2 -1.9971
19740 -1.98 -1.9971
19741 -2 -1.9971
19742 -2 -1.9971
19743 -2 -1.9971
19744 -2 -1.9971
19745 -2 -1.9971
19746 -2 -1.9971
19747 -2 -1.9971
19748 -2 -1.9971
19749 -2 -1.9971
19750 -2 -1.9971
19751 -2 -1.9971
19752 -2 -1.9971
19753 -1.98 -1.9971
19754 -1.98 -1.9971
19755 -2 -1.9971
19756 -2 -1.9971
19757 -2 -1.9971
19758 -2 -1.9971
19759 -2 -1.9971
19760 -2 -1.9971
19761 -2 -1.9971
19762 -2 -1.9971
19763 -1.98 -1.9971
19764 -1.98 -1.9971
19765 -1.98 -1.9971
19766 -1.98 -1.9971
19767 -1.98 -1.9971
19768 -2 -1.9971
19769 -2 -1.9971
19770 -1.98 -1.9971
19771 -2 -1.9971
19772 -2 -1.9971
19773 -2 -1.9971
19774 -2 -1.9971
19775 -2 -1.9971
19776 -2 -1.9971
19777 -2 -1.9971
19778 -2 -1.9971
19779 -2 -1.9971
19780 -2 -1.9971
19781 -2 -1.9971
19782 -2 -1.9971
19783 -2 -1.9971
19784 -1.96 -1.9971
19785 -1.98 -1.99709
19786 -2 -1.9971
19787 -2 -1.9971
19788 -2 -1.9971
19789 -2 -1.9971
19790 -2 -1.9971
19791 -2 -1.9971
19792 -2 -1.9971
19793 -2 -1.9971
19794 -2 -1.9971
19795 -2 -1.9971
19796 -2 -1.9971
19797 -2 -1.9971
19798 -2 -1.9971
19799 -2 -1.9971
19800 -2 -1.9971
19801 -2 -1.9971
19802 -1.98 -1.9971
19803 -2 -1.9971
19804 -2 -1.9971
19805 -2 -1.9971
19806 -2 -1.9971
19807 -2 -1.9971
19808 -2 -1.9971
19809 -2 -1.9971
19810 -2 -1.9971
19811 -2 -1.9971
19812 -2 -1.9971
19813 -2 -1.9971
19814 -1.98 -1.9971
19815 -2 -1.9971
19816 -2 -1.9971
19817 -2 -1.9971
19818 -2 -1.9971
19819 -2 -1.9971
19820 -2 -1.9971
19821 -2 -1.9971
19822 -2 -1.9971
19823 -2 -1.9971
19824 -2 -1.9971
19825 -2 -1.9971
19826 -2 -1.9971
19827 -2 -1.9971
19828 -2 -1.9971
19829 -2 -1.9971
19830 -2 -1.9971
19831 -2 -1.9971
19832 -2 -1.9971
19833 -2 -1.9971
19834 -2 -1.9971
19835 -2 -1.9971
19836 -2 -1.9971
19837 -2 -1.9971
19838 -2 -1.9971
19839 -2 -1.9971
19840 -2 -1.9971
19841 -2 -1.9971
19842 -2 -1.9971
19843 -2 -1.9971
19844 -2 -1.9971
19845 -2 -1.9971
19846 -2 -1.9971
19847 -2 -1.9971
19848 -2 -1.9971
19849 -2 -1.9971
19850 -2 -1.9971
19851 -2 -1.9971
19852 -2 -1.9971
19853 -2 -1.9971
19854 -1.98 -1.9971
19855 -2 -1.9971
19856 -2 -1.9971
19857 -2 -1.9971
19858 -2 -1.9971
19859 -2 -1.9971
19860 -2 -1.9971
19861 -2 -1.9971
19862 -2 -1.9971
19863 -2 -1.9971
19864 -2 -1.9971
19865 -2 -1.9971
19866 -2 -1.9971
19867 -2 -1.9971
19868 -2 -1.9971
19869 -2 -1.9971
19870 -2 -1.9971
19871 -2 -1.9971
19872 -2 -1.9971
19873 -2 -1.9971
19874 -2 -1.9971
19875 -2 -1.99711
19876 -2 -1.99711
19877 -2 -1.99711
19878 -2 -1.99711
19879 -2 -1.99711
19880 -2 -1.99711
19881 -2 -1.99711
19882 -2 -1.99711
19883 -1.98 -1.99711
19884 -2 -1.99711
19885 -2 -1.99711
19886 -2 -1.99711
19887 -2 -1.99711
19888 -2 -1.99711
19889 -2 -1.99711
19890 -2 -1.99711
19891 -2 -1.99711
19892 -2 -1.99711
19893 -2 -1.99711
19894 -2 -1.99711
19895 -2 -1.99711
19896 -2 -1.99711
19897 -2 -1.99711
19898 -2 -1.99711
19899 -2 -1.99711
19900 -2 -1.99711
19901 -2 -1.99711
19902 -2 -1.99711
19903 -2 -1.99711
19904 -2 -1.99711
19905 -2 -1.99711
19906 -2 -1.99711
19907 -2 -1.99711
19908 -2 -1.99711
19909 -2 -1.99711
19910 -1.98 -1.99711
19911 -2 -1.99711
19912 -2 -1.99711
19913 -2 -1.99711
19914 -2 -1.99711
19915 -2 -1.99711
19916 -2 -1.99711
19917 -1.98 -1.99711
19918 -2 -1.99711
19919 -2 -1.99711
19920 -2 -1.99711
19921 -2 -1.99711
19922 -2 -1.99711
19923 -2 -1.99711
19924 -2 -1.99711
19925 -2 -1.99711
19926 -2 -1.99711
19927 -2 -1.99711
19928 -2 -1.99711
19929 -2 -1.99711
19930 -2 -1.99711
19931 -2 -1.99711
19932 -2 -1.99711
19933 -2 -1.99711
19934 -1.98 -1.99711
19935 -2 -1.99711
19936 -2 -1.99711
19937 -2 -1.99711
19938 -2 -1.99711
19939 -2 -1.99711
19940 -2 -1.99711
19941 -2 -1.99711
19942 -2 -1.99711
19943 -2 -1.99711
19944 -2 -1.99711
19945 -2 -1.99711
19946 -2 -1.99711
19947 -2 -1.99711
19948 -2 -1.99711
19949 -2 -1.99711
19950 -2 -1.99711
19951 -2 -1.99711
19952 -2 -1.99711
19953 -2 -1.99711
19954 -2 -1.99711
19955 -2 -1.99711
19956 -2 -1.99711
19957 -2 -1.99711
19958 -2 -1.99711
19959 -2 -1.99711
19960 -2 -1.99711
19961 -2 -1.99711
19962 -2 -1.99711
19963 -2 -1.99711
19964 -2 -1.99711
19965 -2 -1.99711
19966 -1.98 -1.99711
19967 -1.98 -1.99711
19968 -2 -1.99711
19969 -2 -1.99711
19970 -2 -1.99711
19971 -2 -1.99711
19972 -2 -1.99711
19973 -1.97 -1.99711
19974 -1.98 -1.99711
19975 -1.98 -1.99711
19976 -1.98 -1.99711
19977 -2 -1.99711
19978 -2 -1.99711
19979 -2 -1.99711
19980 -2 -1.99711
19981 -2 -1.99711
19982 -2 -1.99711
19983 -2 -1.99711
19984 -2 -1.99711
19985 -2 -1.99711
19986 -2 -1.99711
19987 -2 -1.99711
19988 -2 -1.99711
19989 -2 -1.99711
19990 -2 -1.99711
19991 -2 -1.99711
19992 -2 -1.99711
19993 -2 -1.99711
19994 -2 -1.99711
19995 -2 -1.99711
19996 -2 -1.99711
19997 -2 -1.99711
19998 -2 -1.99711
19999 -2 -1.99711
20000 -2 -1.99711
20001 -2 -1.99711
20002 -2 -1.99711
20003 -2 -1.99711
20004 -2 -1.99711
20005 -2 -1.99711
20006 -1.98 -1.99711
20007 -2 -1.99711
20008 -2 -1.99711
20009 -2 -1.99711
20010 -2 -1.99711
20011 -2 -1.99711
20012 -2 -1.99711
20013 -2 -1.99711
20014 -2 -1.99711
20015 -2 -1.99711
20016 -2 -1.99711
20017 -2 -1.99711
20018 -2 -1.99711
20019 -2 -1.99711
20020 -2 -1.99711
20021 -2 -1.99711
20022 -2 -1.99711
20023 -2 -1.99711
20024 -2 -1.99712
20025 -1.98 -1.99711
20026 -2 -1.99711
20027 -1.98 -1.99711
20028 -1.98 -1.99711
20029 -2 -1.99711
20030 -2 -1.99711
20031 -2 -1.99711
20032 -2 -1.99711
20033 -1.98 -1.99711
20034 -2 -1.99711
20035 -2 -1.99711
20036 -2 -1.99711
20037 -2 -1.99711
20038 -2 -1.99711
20039 -2 -1.99711
20040 -2 -1.99711
20041 -2 -1.99711
20042 -2 -1.99711
20043 -1.98 -1.99711
20044 -2 -1.99711
20045 -2 -1.99711
20046 -2 -1.99711
20047 -2 -1.99711
20048 -2 -1.99711
20049 -2 -1.99711
20050 -2 -1.99711
20051 -2 -1.99711
20052 -2 -1.99711
20053 -2 -1.99711
20054 -2 -1.99711
20055 -2 -1.99711
20056 -1.98 -1.99711
20057 -2 -1.99711
20058 -2 -1.99711
20059 -2 -1.99711
20060 -1.98 -1.99711
20061 -1.98 -1.99711
20062 -2 -1.99711
20063 -2 -1.99711
20064 -2 -1.99711
20065 -2 -1.99711
20066 -2 -1.99711
20067 -2 -1.99711
20068 -2 -1.99711
20069 -2 -1.99711
20070 -2 -1.99711
20071 -2 -1.99711
20072 -2 -1.99711
20073 -2 -1.99711
20074 -2 -1.99711
20075 -2 -1.99711
20076 -2 -1.99711
20077 -2 -1.99711
20078 -2 -1.99711
20079 -2 -1.99712
20080 -2 -1.99712
20081 -2 -1.99712
20082 -2 -1.99712
20083 -2 -1.99712
20084 -1.98 -1.99711
20085 -1.98 -1.99711
20086 -1.98 -1.99711
20087 -1.97 -1.99711
20088 -1.98 -1.99711
20089 -1.98 -1.99711
20090 -2 -1.99711
20091 -2 -1.99711
20092 -2 -1.99711
20093 -2 -1.99711
20094 -2 -1.99711
20095 -2 -1.99711
20096 -2 -1.99711
20097 -2 -1.99711
20098 -2 -1.99711
20099 -2 -1.99711
20100 -2 -1.99711
20101 -2 -1.99711
20102 -2 -1.99711
20103 -1.98 -1.99711
20104 -1.98 -1.99711
20105 -1.98 -1.99711
20106 -2 -1.99711
20107 -2 -1.99711
20108 -2 -1.99711
20109 -2 -1.99711
20110 -2 -1.99711
20111 -2 -1.99711
20112 -2 -1.99711
20113 -2 -1.99711
20114 -2 -1.99711
20115 -2 -1.99711
20116 -2 -1.99711
20117 -2 -1.99711
20118 -1.98 -1.99711
20119 -1.98 -1.99711
20120 -2 -1.99711
20121 -2 -1.99711
20122 -1.98 -1.99711
20123 -2 -1.99711
20124 -2 -1.99711
20125 -2 -1.99711
20126 -2 -1.99711
20127 -2 -1.99711
20128 -2 -1.99711
20129 -2 -1.99711
20130 -2 -1.99711
20131 -2 -1.99711
20132 -2 -1.99711
20133 -2 -1.99711
20134 -2 -1.99711
20135 -2 -1.99711
20136 -1.98 -1.99711
20137 -2 -1.99711
20138 -2 -1.99711
20139 -2 -1.99711
20140 -1.98 -1.99711
20141 -1.98 -1.99711
20142 -1.98 -1.99711
20143 -2 -1.99711
20144 -2 -1.99711
20145 -2 -1.99711
20146 -2 -1.99711
20147 -2 -1.99711
20148 -2 -1.99711
20149 -1.98 -1.99711
20150 -2 -1.99711
20151 -2 -1.99711
20152 -2 -1.99711
20153 -2 -1.99711
20154 -2 -1.99711
20155 -2 -1.99711
20156 -2 -1.99711
20157 -2 -1.99711
20158 -2 -1.99711
20159 -2 -1.99711
20160 -2 -1.99711
20161 -2 -1.99711
20162 -2 -1.99711
20163 -2 -1.99711
20164 -2 -1.99711
20165 -1.96 -1.99711
20166 -2 -1.99711
20167 -2 -1.99711
20168 -2 -1.99711
20169 -2 -1.99711
20170 -2 -1.99711
20171 -2 -1.99711
20172 -2 -1.99711
20173 -2 -1.99711
20174 -2 -1.99711
20175 -2 -1.99711
20176 -1.98 -1.99711
20177 -1.98 -1.99711
20178 -2 -1.99711
20179 -2 -1.99711
20180 -2 -1.99711
20181 -2 -1.99711
20182 -2 -1.99711
20183 -2 -1.99711
20184 -2 -1.99711
20185 -2 -1.99711
20186 -2 -1.99711
20187 -2 -1.99711
20188 -2 -1.99711
20189 -2 -1.99711
20190 -2 -1.99711
20191 -2 -1.99711
20192 -2 -1.99711
20193 -2 -1.99711
20194 -2 -1.99711
20195 -2 -1.99711
20196 -2 -1.99711
20197 -2 -1.99711
20198 -1.98 -1.99711
20199 -2 -1.99711
20200 -1.98 -1.99711
20201 -1.98 -1.99711
20202 -1.98 -1.99711
20203 -2 -1.99711
20204 -2 -1.99711
20205 -2 -1.99711
20206 -2 -1.99711
20207 -2 -1.99711
20208 -2 -1.99711
20209 -2 -1.99711
20210 -2 -1.99711
20211 -2 -1.99711
20212 -2 -1.99711
20213 -2 -1.99711
20214 -2 -1.99711
20215 -2 -1.99711
20216 -2 -1.99711
20217 -2 -1.99711
20218 -2 -1.99711
20219 -2 -1.99711
20220 -2 -1.99711
20221 -1.98 -1.99711
20222 -2 -1.99711
20223 -2 -1.99711
20224 -2 -1.99711
20225 -2 -1.99711
20226 -1.98 -1.99711
20227 -1.98 -1.99711
20228 -2 -1.99711
20229 -2 -1.99711
20230 -2 -1.99711
20231 -2 -1.99711
20232 -2 -1.99711
20233 -2 -1.99711
20234 -2 -1.99711
20235 -2 -1.99711
20236 -2 -1.99711
20237 -2 -1.99711
20238 -2 -1.99711
20239 -2 -1.99711
20240 -2 -1.99711
20241 -2 -1.99711
20242 -2 -1.99711
20243 -2 -1.99711
20244 -2 -1.99711
20245 -2 -1.99711
20246 -2 -1.99711
20247 -2 -1.99711
20248 -2 -1.99711
20249 -2 -1.99711
20250 -2 -1.99711
20251 -2 -1.99711
20252 -2 -1.99711
20253 -2 -1.99711
20254 -2 -1.99711
20255 -2 -1.99711
20256 -2 -1.99711
20257 -2 -1.99711
20258 -2 -1.99711
20259 -1.98 -1.99711
20260 -2 -1.99711
20261 -1.96 -1.99711
20262 -1.95 -1.99711
20263 -1.94 -1.9971
20264 -1.96 -1.9971
20265 -2 -1.9971
20266 -2 -1.9971
20267 -2 -1.9971
20268 -2 -1.9971
20269 -2 -1.9971
20270 -2 -1.9971
20271 -2 -1.9971
20272 -2 -1.9971
20273 -2 -1.9971
20274 -2 -1.9971
20275 -2 -1.9971
20276 -2 -1.9971
20277 -2 -1.9971
20278 -2 -1.9971
20279 -2 -1.99711
20280 -2 -1.99711
20281 -2 -1.99711
20282 -2 -1.99711
20283 -2 -1.99711
20284 -2 -1.99711
20285 -2 -1.99711
20286 -2 -1.99711
20287 -2 -1.99711
20288 -2 -1.99711
20289 -2 -1.99711
20290 -2 -1.99711
20291 -2 -1.99711
20292 -2 -1.99711
20293 -1.98 -1.99711
20294 -2 -1.99711
20295 -2 -1.99711
20296 -2 -1.99711
20297 -2 -1.99711
20298 -2 -1.99711
20299 -2 -1.99711
20300 -2 -1.99711
20301 -2 -1.99711
20302 -2 -1.99711
20303 -2 -1.99711
20304 -2 -1.99711
20305 -2 -1.99711
20306 -2 -1.99711
20307 -2 -1.99711
20308 -2 -1.99711
20309 -2 -1.99711
20310 -2 -1.99711
20311 -2 -1.99711
20312 -2 -1.99711
20313 -2 -1.99711
20314 -2 -1.99711
20315 -2 -1.99711
20316 -1.98 -1.99711
20317 -2 -1.99711
20318 -1.98 -1.99711
20319 -2 -1.99711
20320 -1.98 -1.99711
20321 -2 -1.99711
20322 -2 -1.99711
20323 -1.98 -1.99711
20324 -2 -1.99711
20325 -2 -1.99711
20326 -1.98 -1.99711
20327 -1.98 -1.9971
20328 -2 -1.99711
20329 -1.98 -1.9971
20330 -2 -1.9971
20331 -2 -1.9971
20332 -2 -1.9971
20333 -2 -1.9971
20334 -2 -1.9971
20335 -2 -1.99711
20336 -2 -1.99711
20337 -2 -1.99711
20338 -2 -1.99711
20339 -2 -1.99711
20340 -2 -1.99711
20341 -2 -1.99711
20342 -2 -1.99711
20343 -2 -1.99711
20344 -2 -1.99711
20345 -1.98 -1.99711
20346 -2 -1.99711
20347 -2 -1.99711
20348 -2 -1.99711
20349 -2 -1.99711
20350 -2 -1.99711
20351 -2 -1.99711
20352 -2 -1.99711
20353 -2 -1.99711
20354 -2 -1.99711
20355 -1.98 -1.99711
20356 -2 -1.99711
20357 -2 -1.99711
20358 -2 -1.99711
20359 -2 -1.99711
20360 -2 -1.99711
20361 -2 -1.99711
20362 -2 -1.99711
20363 -2 -1.99711
20364 -2 -1.99711
20365 -2 -1.99711
20366 -2 -1.99711
20367 -2 -1.99711
20368 -2 -1.99711
20369 -2 -1.99711
20370 -2 -1.99711
20371 -2 -1.99711
20372 -2 -1.99711
20373 -2 -1.99711
20374 -2 -1.99711
20375 -2 -1.99711
20376 -2 -1.99711
20377 -2 -1.99711
20378 -2 -1.99711
20379 -1.98 -1.99711
20380 -2 -1.99711
20381 -1.98 -1.99711
20382 -2 -1.99711
20383 -2 -1.99711
20384 -2 -1.99711
20385 -2 -1.99711
20386 -2 -1.99711
20387 -2 -1.99711
20388 -2 -1.99711
20389 -2 -1.99711
20390 -2 -1.99711
20391 -2 -1.99711
20392 -2 -1.99711
20393 -2 -1.99711
20394 -2 -1.99711
20395 -2 -1.99711
20396 -2 -1.99711
20397 -2 -1.99711
20398 -2 -1.99711
20399 -1.98 -1.99711
20400 -1.98 -1.99711
20401 -1.98 -1.99711
20402 -1.96 -1.99711
20403 -1.95 -1.9971
20404 -2 -1.9971
20405 -2 -1.9971
20406 -2 -1.9971
20407 -2 -1.9971
20408 -2 -1.9971
20409 -2 -1.9971
20410 -2 -1.9971
20411 -2 -1.9971
20412 -1.96 -1.9971
20413 -1.98 -1.9971
20414 -2 -1.9971
20415 -2 -1.9971
20416 -2 -1.9971
20417 -2 -1.9971
20418 -2 -1.9971
20419 -2 -1.9971
20420 -2 -1.9971
20421 -2 -1.9971
20422 -2 -1.9971
20423 -2 -1.9971
20424 -2 -1.9971
20425 -2 -1.9971
20426 -2 -1.9971
20427 -2 -1.9971
20428 -2 -1.9971
20429 -2 -1.9971
20430 -2 -1.9971
20431 -2 -1.9971
20432 -2 -1.9971
20433 -2 -1.9971
20434 -2 -1.9971
20435 -2 -1.99711
20436 -2 -1.99711
20437 -2 -1.99711
20438 -2 -1.99711
20439 -2 -1.99711
20440 -2 -1.99711
20441 -2 -1.99711
20442 -2 -1.99711
20443 -2 -1.99711
20444 -2 -1.99711
20445 -2 -1.99711
20446 -2 -1.99711
20447 -2 -1.99711
20448 -2 -1.99711
20449 -2 -1.99711
20450 -2 -1.99711
20451 -2 -1.99711
20452 -2 -1.99711
20453 -2 -1.99711
20454 -2 -1.99711
20455 -2 -1.99711
20456 -2 -1.99711
20457 -2 -1.99711
20458 -1.98 -1.99711
20459 -2 -1.99711
20460 -2 -1.99711
20461 -2 -1.99711
20462 -2 -1.99711
20463 -2 -1.99711
20464 -2 -1.99711
20465 -2 -1.99711
20466 -2 -1.99711
20467 -2 -1.99711
20468 -2 -1.99711
20469 -2 -1.99711
20470 -2 -1.99711
20471 -2 -1.99711
20472 -2 -1.99711
20473 -2 -1.99711
20474 -2 -1.99711
20475 -2 -1.99711
20476 -2 -1.99711
20477 -2 -1.99711
20478 -2 -1.99711
20479 -2 -1.99711
20480 -2 -1.99711
20481 -2 -1.99711
20482 -2 -1.99711
20483 -2 -1.99711
20484 -2 -1.99711
20485 -2 -1.99711
20486 -2 -1.99711
20487 -2 -1.99711
20488 -2 -1.99711
20489 -2 -1.99711
20490 -2 -1.99711
20491 -2 -1.99711
20492 -2 -1.99711
20493 -2 -1.99711
20494 -2 -1.99711
20495 -2 -1.99711
20496 -2 -1.99711
20497 -1.98 -1.99711
20498 -1.98 -1.99711
20499 -2 -1.99711
20500 -2 -1.99711
20501 -2 -1.99711
20502 -2 -1.99711
20503 -1.98 -1.99711
20504 -1.98 -1.99711
20505 -1.98 -1.99711
20506 -2 -1.99711
20507 -2 -1.99711
20508 -2 -1.99711
20509 -2 -1.99711
20510 -2 -1.99711
20511 -2 -1.99711
20512 -2 -1.99711
20513 -2 -1.99711
20514 -2 -1.99711
20515 -1.98 -1.99711
20516 -2 -1.99711
20517 -2 -1.99711
20518 -2 -1.99711
20519 -2 -1.99711
20520 -2 -1.99711
20521 -2 -1.99711
20522 -2 -1.99711
20523 -2 -1.99711
20524 -2 -1.99711
20525 -2 -1.99711
20526 -2 -1.99711
20527 -2 -1.99711
20528 -2 -1.99711
20529 -2 -1.99711
20530 -2 -1.99711
20531 -2 -1.99711
20532 -2 -1.99711
20533 -2 -1.99711
20534 -2 -1.99711
20535 -2 -1.99711
20536 -2 -1.99711
20537 -2 -1.99711
20538 -2 -1.99711
20539 -2 -1.99711
20540 -2 -1.99711
20541 -2 -1.99711
20542 -2 -1.99711
20543 -2 -1.99711
20544 -1.98 -1.99711
20545 -2 -1.99711
20546 -2 -1.99711
20547 -2 -1.99711
20548 -2 -1.99711
20549 -2 -1.99711
20550 -2 -1.99711
20551 -2 -1.99711
20552 -2 -1.99711
20553 -2 -1.99711
20554 -2 -1.99711
20555 -2 -1.99711
20556 -2 -1.99711
20557 -2 -1.99711
20558 -1.98 -1.99711
20559 -2 -1.99711
20560 -2 -1.99711
20561 -2 -1.99711
20562 -2 -1.99711
20563 -2 -1.99711
20564 -2 -1.99711
20565 -2 -1.99711
20566 -2 -1.99711
20567 -2 -1.99711
20568 -2 -1.99712
20569 -2 -1.99712
20570 -2 -1.99712
20571 -2 -1.99712
20572 -2 -1.99712
20573 -2 -1.99712
20574 -2 -1.99712
20575 -2 -1.99712
20576 -1.98 -1.99712
20577 -1.98 -1.99711
20578 -2 -1.99711
20579 -2 -1.99711
20580 -2 -1.99711
20581 -2 -1.99711
20582 -2 -1.99712
20583 -2 -1.99712
20584 -2 -1.99712
20585 -2 -1.99712
20586 -2 -1.99712
20587 -2 -1.99712
20588 -2 -1.99712
20589 -2 -1.99712
20590 -2 -1.99712
20591 -2 -1.99712
20592 -2 -1.99712
20593 -2 -1.99712
20594 -2 -1.99712
20595 -2 -1.99712
20596 -2 -1.99712
20597 -2 -1.99712
20598 -1.98 -1.99712
20599 -2 -1.99712
20600 -2 -1.99712
20601 -1.98 -1.99712
20602 -2 -1.99712
20603 -2 -1.99712
20604 -2 -1.99712
20605 -2 -1.99712
20606 -2 -1.99712
20607 -2 -1.99712
20608 -2 -1.99712
20609 -1.98 -1.99712
20610 -1.98 -1.99712
20611 -2 -1.99712
20612 -2 -1.99712
20613 -2 -1.99712
20614 -2 -1.99712
20615 -2 -1.99712
20616 -2 -1.99712
20617 -2 -1.99712
20618 -1.98 -1.99712
20619 -1.98 -1.99711
20620 -2 -1.99711
20621 -2 -1.99711
20622 -2 -1.99711
20623 -2 -1.99712
20624 -2 -1.99712
20625 -2 -1.99712
20626 -2 -1.99712
20627 -2 -1.99712
20628 -1.98 -1.99711
20629 -2 -1.99711
20630 -2 -1.99712
20631 -2 -1.99712
20632 -2 -1.99712
20633 -2 -1.99712
20634 -2 -1.99712
20635 -2 -1.99712
20636 -2 -1.99712
20637 -2 -1.99712
20638 -2 -1.99712
20639 -2 -1.99712
20640 -2 -1.99712
20641 -2 -1.99712
20642 -2 -1.99712
20643 -2 -1.99712
20644 -2 -1.99712
20645 -2 -1.99712
20646 -2 -1.99712
20647 -2 -1.99712
20648 -2 -1.99712
20649 -1.98 -1.99712
20650 -1.98 -1.99712
20651 -1.98 -1.99712
20652 -1.98 -1.99711
20653 -1.98 -1.99711
20654 -1.98 -1.99711
20655 -2 -1.99711
20656 -2 -1.99711
20657 -2 -1.99711
20658 -2 -1.99711
20659 -2 -1.99711
20660 -2 -1.99711
20661 -2 -1.99711
20662 -2 -1.99711
20663 -2 -1.99711
20664 -2 -1.99711
20665 -2 -1.99711
20666 -1.98 -1.99711
20667 -2 -1.99711
20668 -2 -1.99711
20669 -2 -1.99711
20670 -2 -1.99711
20671 -2 -1.99711
20672 -1.98 -1.99711
20673 -2 -1.99711
20674 -2 -1.99711
20675 -2 -1.99711
20676 -2 -1.99711
20677 -2 -1.99711
20678 -2 -1.99711
20679 -1.98 -1.99711
20680 -1.98 -1.99711
20681 -2 -1.99711
20682 -2 -1.99711
20683 -2 -1.99711
20684 -2 -1.99711
20685 -2 -1.99711
20686 -2 -1.99711
20687 -2 -1.99711
20688 -2 -1.99711
20689 -2 -1.99711
20690 -2 -1.99711
20691 -1.98 -1.99711
20692 -2 -1.99711
20693 -2 -1.99711
20694 -2 -1.99711
20695 -2 -1.99711
20696 -2 -1.99711
20697 -2 -1.99711
20698 -2 -1.99711
20699 -1.98 -1.99711
20700 -2 -1.99711
20701 -2 -1.99711
20702 -2 -1.99711
20703 -2 -1.99711
20704 -2 -1.99711
20705 -2 -1.99711
20706 -2 -1.99711
20707 -2 -1.99711
20708 -2 -1.99711
20709 -2 -1.99711
20710 -2 -1.99711
20711 -2 -1.99711
20712 -2 -1.99711
20713 -1.98 -1.99711
20714 -2 -1.99711
20715 -2 -1.99711
20716 -1.98 -1.99711
20717 -2 -1.99711
20718 -2 -1.99711
20719 -2 -1.99711
20720 -2 -1.99711
20721 -2 -1.99711
20722 -2 -1.99711
20723 -2 -1.99711
20724 -2 -1.99711
20725 -2 -1.99711
20726 -2 -1.99711
20727 -2 -1.99712
20728 -2 -1.99712
20729 -2 -1.99712
20730 -2 -1.99712
20731 -2 -1.99712
20732 -2 -1.99712
20733 -2 -1.99712
20734 -2 -1.99712
20735 -2 -1.99712
20736 -2 -1.99712
20737 -2 -1.99712
20738 -2 -1.99712
20739 -2 -1.99712
20740 -2 -1.99712
20741 -2 -1.99712
20742 -2 -1.99712
20743 -2 -1.99712
20744 -2 -1.99712
20745 -2 -1.99712
20746 -2 -1.99712
20747 -2 -1.99712
20748 -2 -1.99712
20749 -2 -1.99712
20750 -2 -1.99712
20751 -2 -1.99712
20752 -2 -1.99712
20753 -2 -1.99712
20754 -2 -1.99712
20755 -2 -1.99712
20756 -2 -1.99712
20757 -2 -1.99712
20758 -2 -1.99712
20759 -2 -1.99712
20760 -2 -1.99712
20761 -2 -1.99712
20762 -2 -1.99712
20763 -2 -1.99712
20764 -2 -1.99712
20765 -2 -1.99712
20766 -2 -1.99712
20767 -2 -1.99712
20768 -1.98 -1.99712
20769 -2 -1.99712
20770 -2 -1.99712
20771 -2 -1.99712
20772 -2 -1.99712
20773 -2 -1.99712
20774 -2 -1.99712
20775 -2 -1.99712
20776 -2 -1.99712
20777 -2 -1.99712
20778 -2 -1.99712
20779 -2 -1.99712
20780 -2 -1.99712
20781 -2 -1.99712
20782 -2 -1.99712
20783 -2 -1.99712
20784 -2 -1.99712
20785 -2 -1.99712
20786 -2 -1.99712
20787 -2 -1.99712
20788 -2 -1.99712
20789 -2 -1.99712
20790 -2 -1.99712
20791 -2 -1.99712
20792 -2 -1.99712
20793 -2 -1.99712
20794 -2 -1.99712
20795 -1.98 -1.99712
20796 -2 -1.99712
20797 -2 -1.99712
20798 -1.98 -1.99712
20799 -2 -1.99712
20800 -2 -1.99712
20801 -2 -1.99712
20802 -2 -1.99712
20803 -1.98 -1.99712
20804 -1.98 -1.99712
20805 -1.98 -1.99712
20806 -1.97 -1.99712
20807 -1.98 -1.99712
20808 -2 -1.99712
20809 -1.98 -1.99712
20810 -1.98 -1.99712
20811 -1.98 -1.99712
20812 -2 -1.99712
20813 -1.98 -1.99711
20814 -1.98 -1.99711
20815 -2 -1.99711
20816 -2 -1.99711
20817 -1.98 -1.99711
20818 -1.98 -1.99711
20819 -2 -1.99711
20820 -2 -1.99711
20821 -2 -1.99711
20822 -2 -1.99711
20823 -2 -1.99711
20824 -2 -1.99711
20825 -2 -1.99711
20826 -1.96 -1.99711
20827 -1.98 -1.99711
20828 -1.98 -1.99711
20829 -2 -1.99711
20830 -2 -1.99711
20831 -2 -1.99711
20832 -2 -1.99711
20833 -2 -1.99711
20834 -2 -1.99711
20835 -2 -1.99711
20836 -2 -1.99711
20837 -2 -1.99711
20838 -2 -1.99711
20839 -2 -1.99711
20840 -2 -1.99711
20841 -2 -1.99711
20842 -2 -1.99711
20843 -2 -1.99711
20844 -2 -1.99711
20845 -2 -1.99711
20846 -2 -1.99711
20847 -2 -1.99711
20848 -2 -1.99711
20849 -2 -1.99711
20850 -2 -1.99711
20851 -1.98 -1.99711
20852 -2 -1.99711
20853 -2 -1.99711
20854 -2 -1.99711
20855 -2 -1.99711
20856 -2 -1.99711
20857 -2 -1.99711
20858 -2 -1.99711
20859 -2 -1.99711
20860 -2 -1.99711
20861 -2 -1.99711
20862 -2 -1.99711
20863 -2 -1.99711
20864 -2 -1.99711
20865 -2 -1.99711
20866 -2 -1.99711
20867 -2 -1.99711
20868 -2 -1.99711
20869 -2 -1.99711
20870 -2 -1.99712
20871 -2 -1.99712
20872 -2 -1.99712
20873 -2 -1.99712
20874 -2 -1.99712
20875 -1.98 -1.99711
20876 -2 -1.99712
20877 -2 -1.99712
20878 -2 -1.99712
20879 -1.98 -1.99711
20880 -1.98 -1.99711
20881 -1.98 -1.99711
20882 -1.97 -1.99711
20883 -1.98 -1.99711
20884 -2 -1.99711
20885 -2 -1.99711
20886 -1.98 -1.99711
20887 -1.98 -1.99711
20888 -2 -1.99711
20889 -2 -1.99711
20890 -2 -1.99711
20891 -2 -1.99711
20892 -2 -1.99711
20893 -2 -1.99711
20894 -2 -1.99711
20895 -2 -1.99711
20896 -2 -1.99711
20897 -2 -1.99711
20898 -2 -1.99711
20899 -1.98 -1.99711
20900 -2 -1.99711
20901 -2 -1.99711
20902 -2 -1.99711
20903 -2 -1.99711
20904 -2 -1.99711
20905 -1.98 -1.99711
20906 -2 -1.99711
20907 -2 -1.99711
20908 -1.98 -1.99711
20909 -2 -1.99711
20910 -2 -1.99711
20911 -2 -1.99711
20912 -2 -1.99711
20913 -1.98 -1.99711
20914 -2 -1.99711
20915 -2 -1.99711
20916 -2 -1.99711
20917 -1.98 -1.99711
20918 -2 -1.99711
20919 -2 -1.99711
20920 -2 -1.99711
20921 -2 -1.99711
20922 -2 -1.99711
20923 -2 -1.99711
20924 -2 -1.99711
20925 -2 -1.99711
20926 -2 -1.99711
20927 -2 -1.99711
20928 -2 -1.99711
20929 -2 -1.99711
20930 -2 -1.99711
20931 -1.98 -1.99711
20932 -2 -1.99711
20933 -2 -1.99711
20934 -2 -1.99711
20935 -2 -1.99711
20936 -2 -1.99711
20937 -2 -1.99711
20938 -2 -1.99711
20939 -2 -1.99711
20940 -2 -1.99711
20941 -2 -1.99711
20942 -2 -1.99711
20943 -2 -1.99711
20944 -2 -1.99711
20945 -2 -1.99711
20946 -2 -1.99711
20947 -2 -1.99711
20948 -2 -1.99711
20949 -2 -1.99711
20950 -2 -1.99711
20951 -2 -1.99711
20952 -2 -1.99711
20953 -2 -1.99711
20954 -2 -1.99711
20955 -2 -1.99711
20956 -2 -1.99711
20957 -2 -1.99711
20958 -2 -1.99711
20959 -2 -1.99711
20960 -2 -1.99711
20961 -2 -1.99711
20962 -2 -1.99711
20963 -2 -1.99711
20964 -2 -1.99711
20965 -1.97 -1.99711
20966 -2 -1.99711
20967 -2 -1.99711
20968 -2 -1.99711
20969 -2 -1.99711
20970 -2 -1.99711
20971 -2 -1.99711
20972 -2 -1.99711
20973 -1.98 -1.99711
20974 -1.98 -1.99711
20975 -1.98 -1.99711
20976 -1.98 -1.99711
20977 -1.98 -1.99711
20978 -1.98 -1.99711
20979 -2 -1.99711
20980 -2 -1.99711
20981 -1.98 -1.99711
20982 -2 -1.99711
20983 -1.98 -1.99711
20984 -1.98 -1.99711
20985 -2 -1.99711
20986 -2 -1.99711
20987 -2 -1.99711
20988 -2 -1.99711
20989 -1.98 -1.99711
20990 -2 -1.99711
20991 -2 -1.99711
20992 -2 -1.99711
20993 -2 -1.99711
20994 -2 -1.99711
20995 -1.98 -1.99711
20996 -2 -1.99711
20997 -2 -1.99711
20998 -2 -1.99711
20999 -2 -1.99711
21000 -2 -1.99711
21001 -2 -1.99711
21002 -2 -1.99711
21003 -1.98 -1.99711
21004 -2 -1.99711
21005 -2 -1.99711
21006 -2 -1.99711
21007 -2 -1.99711
21008 -2 -1.99711
21009 -2 -1.99711
21010 -2 -1.99711
21011 -2 -1.99711
21012 -2 -1.99711
21013 -2 -1.99711
21014 -1.98 -1.99711
21015 -1.98 -1.99711
21016 -1.98 -1.99711
21017 -2 -1.99711
21018 -2 -1.99711
21019 -2 -1.99711
21020 -2 -1.99711
21021 -1.98 -1.99711
21022 -1.98 -1.9971
21023 -1.98 -1.9971
21024 -1.98 -1.9971
21025 -2 -1.9971
21026 -2 -1.9971
21027 -2 -1.9971
21028 -2 -1.9971
21029 -2 -1.9971
21030 -2 -1.9971
21031 -2 -1.9971
21032 -2 -1.9971
21033 -2 -1.9971
21034 -2 -1.9971
21035 -2 -1.9971
21036 -2 -1.9971
21037 -2 -1.9971
21038 -2 -1.9971
21039 -2 -1.99711
21040 -2 -1.99711
21041 -2 -1.99711
21042 -2 -1.99711
21043 -2 -1.99711
21044 -2 -1.99711
21045 -2 -1.99711
21046 -2 -1.99711
21047 -2 -1.99711
21048 -2 -1.99711
21049 -2 -1.99711
21050 -2 -1.99711
21051 -1.98 -1.99711
21052 -2 -1.99711
21053 -2 -1.99711
21054 -2 -1.99711
21055 -2 -1.99711
21056 -2 -1.99711
21057 -2 -1.99711
21058 -2 -1.99711
21059 -2 -1.99711
21060 -2 -1.99711
21061 -2 -1.99711
21062 -2 -1.99711
21063 -2 -1.99711
21064 -1.98 -1.99711
21065 -2 -1.99711
21066 -2 -1.99711
21067 -2 -1.99711
21068 -2 -1.99711
21069 -2 -1.99711
21070 -2 -1.99711
21071 -2 -1.99711
21072 -2 -1.99711
21073 -2 -1.99711
21074 -2 -1.99711
21075 -2 -1.99711
21076 -2 -1.99711
21077 -2 -1.99711
21078 -2 -1.99711
21079 -2 -1.99711
21080 -2 -1.99711
21081 -2 -1.99711
21082 -2 -1.99711
21083 -2 -1.99711
21084 -1.98 -1.99711
21085 -1.98 -1.99711
21086 -1.98 -1.99711
21087 -1.98 -1.99711
21088 -1.98 -1.99711
21089 -2 -1.99711
21090 -2 -1.99711
21091 -2 -1.99711
21092 -2 -1.99711
21093 -2 -1.99711
21094 -2 -1.99711
21095 -2 -1.99711
21096 -2 -1.99711
21097 -2 -1.99711
21098 -2 -1.99711
21099 -2 -1.99711
21100 -2 -1.99711
21101 -2 -1.99711
21102 -1.98 -1.99711
21103 -2 -1.99711
21104 -2 -1.99711
21105 -2 -1.99711
21106 -2 -1.99711
21107 -2 -1.99711
21108 -2 -1.99711
21109 -2 -1.99711
21110 -2 -1.99711
21111 -2 -1.99711
21112 -2 -1.99711
21113 -2 -1.99711
21114 -2 -1.99711
21115 -2 -1.99711
21116 -2 -1.99711
21117 -2 -1.99711
21118 -2 -1.99711
21119 -2 -1.99711
21120 -2 -1.99711
21121 -2 -1.99711
21122 -2 -1.99711
21123 -2 -1.99711
21124 -1.98 -1.99711
21125 -1.96 -1.99711
21126 -1.98 -1.99711
21127 -2 -1.99711
21128 -2 -1.99711
21129 -2 -1.99711
21130 -2 -1.99711
21131 -2 -1.99711
21132 -2 -1.99711
21133 -2 -1.99711
21134 -2 -1.99711
21135 -2 -1.99711
21136 -2 -1.99711
21137 -2 -1.99711
21138 -2 -1.99711
21139 -2 -1.99711
21140 -2 -1.99711
21141 -2 -1.99711
21142 -2 -1.99711
21143 -2 -1.99711
21144 -2 -1.99711
21145 -2 -1.99711
21146 -2 -1.99711
21147 -2 -1.99711
21148 -2 -1.99711
21149 -2 -1.99711
21150 -2 -1.99711
21151 -2 -1.99711
21152 -1.98 -1.99711
21153 -2 -1.99711
21154 -2 -1.99711
21155 -2 -1.99711
21156 -2 -1.99711
21157 -2 -1.99711
21158 -1.98 -1.99711
21159 -2 -1.99711
21160 -2 -1.99711
21161 -2 -1.99711
21162 -2 -1.99711
21163 -2 -1.99711
21164 -2 -1.99711
21165 -2 -1.99711
21166 -2 -1.99711
21167 -2 -1.99711
21168 -2 -1.99711
21169 -2 -1.99711
21170 -2 -1.99711
21171 -2 -1.99711
21172 -2 -1.99711
21173 -2 -1.99711
21174 -2 -1.99711
21175 -2 -1.99711
21176 -2 -1.99711
21177 -2 -1.99711
21178 -2 -1.99711
21179 -2 -1.99711
21180 -1.96 -1.99711
21181 -1.96 -1.99711
21182 -1.98 -1.99711
21183 -1.96 -1.9971
21184 -2 -1.99711
21185 -2 -1.99711
21186 -2 -1.99711
21187 -2 -1.99711
21188 -2 -1.99711
21189 -2 -1.99711
21190 -2 -1.99711
21191 -2 -1.99711
21192 -1.98 -1.99711
21193 -2 -1.99711
21194 -1.98 -1.9971
21195 -2 -1.9971
21196 -2 -1.9971
21197 -2 -1.9971
21198 -2 -1.99711
21199 -2 -1.99711
21200 -2 -1.99711
21201 -2 -1.99711
21202 -2 -1.99711
21203 -2 -1.99711
21204 -2 -1.99711
21205 -2 -1.99711
21206 -2 -1.99711
21207 -2 -1.99711
21208 -2 -1.99711
21209 -2 -1.99711
21210 -2 -1.99711
21211 -2 -1.99711
21212 -2 -1.99711
21213 -2 -1.99711
21214 -2 -1.99711
21215 -2 -1.99711
21216 -1.98 -1.99711
21217 -2 -1.99711
21218 -2 -1.99711
21219 -2 -1.99711
21220 -2 -1.99711
21221 -2 -1.99711
21222 -2 -1.99711
21223 -2 -1.99711
21224 -1.98 -1.99711
21225 -1.98 -1.99711
21226 -1.98 -1.99711
21227 -1.98 -1.9971
21228 -2 -1.9971
21229 -2 -1.9971
21230 -2 -1.9971
21231 -2 -1.9971
21232 -2 -1.9971
21233 -2 -1.99711
21234 -2 -1.99711
21235 -2 -1.99711
21236 -2 -1.99711
21237 -2 -1.99711
21238 -2 -1.99711
21239 -2 -1.99711
21240 -2 -1.99711
21241 -2 -1.99711
21242 -2 -1.99711
21243 -2 -1.99711
21244 -2 -1.99711
21245 -2 -1.99711
21246 -2 -1.99711
21247 -2 -1.99711
21248 -2 -1.99711
21249 -1.98 -1.99711
21250 -1.98 -1.99711
21251 -2 -1.99711
21252 -2 -1.99711
21253 -2 -1.99711
21254 -2 -1.99711
21255 -2 -1.99711
21256 -2 -1.99711
21257 -2 -1.99711
21258 -2 -1.99711
21259 -2 -1.99711
21260 -2 -1.99711
21261 -2 -1.99711
21262 -2 -1.99711
21263 -2 -1.99711
21264 -2 -1.99711
21265 -2 -1.99711
21266 -2 -1.99711
21267 -2 -1.99711
21268 -2 -1.99711
21269 -2 -1.99711
21270 -2 -1.99711
21271 -2 -1.99711
21272 -2 -1.99711
21273 -2 -1.99711
21274 -2 -1.99711
21275 -2 -1.99711
21276 -2 -1.99711
21277 -2 -1.99711
21278 -2 -1.99711
21279 -2 -1.99711
21280 -2 -1.99711
21281 -2 -1.99711
21282 -2 -1.99711
21283 -2 -1.99711
21284 -2 -1.99711
21285 -2 -1.99711
21286 -2 -1.99711
21287 -2 -1.99711
21288 -1.98 -1.99711
21289 -1.98 -1.99711
21290 -2 -1.99711
21291 -2 -1.99711
21292 -2 -1.99711
21293 -2 -1.99711
21294 -2 -1.99711
21295 -2 -1.99711
21296 -2 -1.99711
21297 -2 -1.99711
21298 -2 -1.99711
21299 -2 -1.99711
21300 -2 -1.99711
21301 -2 -1.99711
21302 -1.97 -1.99711
21303 -1.97 -1.99711
21304 -1.98 -1.99711
21305 -2 -1.99711
21306 -2 -1.99711
21307 -2 -1.99711
21308 -2 -1.99711
21309 -2 -1.99711
21310 -2 -1.99711
21311 -2 -1.99711
21312 -2 -1.99711
21313 -2 -1.99711
21314 -2 -1.99711
21315 -2 -1.99711
21316 -1.98 -1.99711
21317 -2 -1.99711
21318 -2 -1.99711
21319 -2 -1.99711
21320 -1.98 -1.99711
21321 -1.98 -1.99711
21322 -1.98 -1.99711
21323 -2 -1.99711
21324 -2 -1.99711
21325 -2 -1.99711
21326 -2 -1.99711
21327 -2 -1.99711
21328 -2 -1.99711
21329 -2 -1.99711
21330 -2 -1.99711
21331 -2 -1.99711
21332 -2 -1.99711
21333 -2 -1.99711
21334 -2 -1.99711
21335 -2 -1.99711
21336 -2 -1.99711
21337 -2 -1.99711
21338 -2 -1.99711
21339 -2 -1.99711
21340 -2 -1.99711
21341 -2 -1.99711
21342 -2 -1.99711
21343 -2 -1.99711
21344 -2 -1.99711
21345 -2 -1.99711
21346 -2 -1.99711
21347 -2 -1.99711
21348 -1.98 -1.99711
21349 -2 -1.99711
21350 -2 -1.99711
21351 -2 -1.99711
21352 -2 -1.99711
21353 -2 -1.99711
21354 -2 -1.99711
21355 -2 -1.99711
21356 -2 -1.99711
21357 -1.98 -1.99711
21358 -1.98 -1.99711
21359 -1.98 -1.99711
21360 -1.98 -1.99711
21361 -1.98 -1.99711
21362 -2 -1.99711
21363 -2 -1.99711
21364 -2 -1.99711
21365 -2 -1.99711
21366 -2 -1.99711
21367 -2 -1.99711
21368 -2 -1.99711
21369 -2 -1.99711
21370 -2 -1.99711
21371 -1.98 -1.99711
21372 -1.95 -1.9971
21373 -1.98 -1.9971
21374 -2 -1.9971
21375 -2 -1.9971
21376 -2 -1.9971
21377 -2 -1.9971
21378 -1.97 -1.9971
21379 -1.97 -1.9971
21380 -1.98 -1.9971
21381 -2 -1.9971
21382 -2 -1.9971
21383 -1.98 -1.9971
21384 -2 -1.9971
21385 -2 -1.9971
21386 -2 -1.9971
21387 -2 -1.9971
21388 -2 -1.9971
21389 -2 -1.9971
21390 -2 -1.9971
21391 -2 -1.9971
21392 -2 -1.9971
21393 -2 -1.9971
21394 -2 -1.9971
21395 -2 -1.9971
21396 -2 -1.9971
21397 -2 -1.9971
21398 -2 -1.9971
21399 -1.98 -1.9971
21400 -2 -1.9971
21401 -2 -1.9971
21402 -2 -1.9971
21403 -1.98 -1.9971
21404 -2 -1.9971
21405 -2 -1.9971
21406 -2 -1.9971
21407 -2 -1.9971
21408 -2 -1.9971
21409 -2 -1.9971
21410 -2 -1.9971
21411 -2 -1.9971
21412 -2 -1.9971
21413 -2 -1.9971
21414 -2 -1.9971
21415 -2 -1.9971
21416 -1.98 -1.9971
21417 -1.98 -1.9971
21418 -2 -1.9971
21419 -2 -1.9971
21420 -2 -1.9971
21421 -2 -1.9971
21422 -2 -1.9971
21423 -2 -1.9971
21424 -2 -1.9971
21425 -1.98 -1.9971
21426 -1.98 -1.9971
21427 -1.96 -1.9971
21428 -2 -1.9971
21429 -2 -1.9971
21430 -2 -1.9971
21431 -2 -1.9971
21432 -2 -1.9971
21433 -2 -1.9971
21434 -2 -1.9971
21435 -2 -1.9971
21436 -2 -1.9971
21437 -2 -1.9971
21438 -2 -1.9971
21439 -2 -1.9971
21440 -2 -1.9971
21441 -2 -1.9971
21442 -2 -1.9971
21443 -2 -1.9971
21444 -2 -1.9971
21445 -2 -1.9971
21446 -2 -1.9971
21447 -2 -1.9971
21448 -2 -1.9971
21449 -2 -1.9971
21450 -2 -1.9971
21451 -2 -1.9971
21452 -2 -1.9971
21453 -2 -1.9971
21454 -2 -1.9971
21455 -2 -1.9971
21456 -2 -1.9971
21457 -2 -1.9971
21458 -2 -1.9971
21459 -2 -1.9971
21460 -2 -1.9971
21461 -2 -1.9971
21462 -2 -1.9971
21463 -2 -1.9971
21464 -2 -1.9971
21465 -2 -1.9971
21466 -2 -1.9971
21467 -2 -1.9971
21468 -2 -1.9971
21469 -2 -1.9971
21470 -2 -1.9971
21471 -2 -1.9971
21472 -2 -1.9971
21473 -2 -1.9971
21474 -2 -1.9971
21475 -2 -1.9971
21476 -1.98 -1.9971
21477 -2 -1.9971
21478 -2 -1.9971
21479 -2 -1.9971
21480 -2 -1.9971
21481 -2 -1.9971
21482 -2 -1.9971
21483 -2 -1.9971
21484 -2 -1.9971
21485 -2 -1.99711
21486 -2 -1.99711
21487 -2 -1.99711
21488 -2 -1.99711
21489 -2 -1.99711
21490 -2 -1.99711
21491 -2 -1.99711
21492 -2 -1.99711
21493 -2 -1.99711
21494 -1.96 -1.9971
21495 -1.96 -1.9971
21496 -1.98 -1.9971
21497 -1.97 -1.9971
21498 -2 -1.9971
21499 -2 -1.9971
21500 -2 -1.9971
21501 -2 -1.9971
21502 -2 -1.9971
21503 -2 -1.9971
21504 -2 -1.9971
21505 -2 -1.9971
21506 -2 -1.9971
21507 -2 -1.9971
21508 -2 -1.9971
21509 -2 -1.9971
21510 -2 -1.9971
21511 -2 -1.9971
21512 -2 -1.9971
21513 -2 -1.9971
21514 -2 -1.9971
21515 -2 -1.9971
21516 -2 -1.9971
21517 -1.98 -1.9971
21518 -2 -1.9971
21519 -2 -1.9971
21520 -2 -1.9971
21521 -2 -1.9971
21522 -2 -1.9971
21523 -2 -1.9971
21524 -1.98 -1.9971
21525 -2 -1.9971
21526 -2 -1.9971
21527 -2 -1.9971
21528 -2 -1.9971
21529 -2 -1.9971
21530 -2 -1.9971
21531 -2 -1.9971
21532 -2 -1.9971
21533 -2 -1.9971
21534 -2 -1.9971
21535 -2 -1.9971
21536 -2 -1.9971
21537 -2 -1.9971
21538 -2 -1.9971
21539 -2 -1.9971
21540 -2 -1.9971
21541 -2 -1.9971
21542 -2 -1.9971
21543 -2 -1.9971
21544 -2 -1.99711
21545 -2 -1.99711
21546 -2 -1.99711
21547 -2 -1.99711
21548 -2 -1.99711
21549 -2 -1.99711
21550 -2 -1.99711
21551 -2 -1.99711
21552 -2 -1.99711
21553 -1.98 -1.99711
21554 -2 -1.99711
21555 -2 -1.99711
21556 -2 -1.99711
21557 -2 -1.99711
21558 -2 -1.99711
21559 -2 -1.99711
21560 -2 -1.99711
21561 -2 -1.99711
21562 -1.96 -1.9971
21563 -2 -1.9971
21564 -2 -1.99711
21565 -2 -1.99711
21566 -2 -1.99711
21567 -2 -1.99711
21568 -2 -1.99711
21569 -2 -1.99711
21570 -2 -1.99711
21571 -2 -1.99711
21572 -2 -1.99711
21573 -2 -1.99711
21574 -2 -1.99711
21575 -1.98 -1.99711
21576 -1.98 -1.9971
21577 -2 -1.9971
21578 -2 -1.99711
21579 -2 -1.99711
21580 -2 -1.99711
21581 -2 -1.99711
21582 -2 -1.99711
21583 -2 -1.99711
21584 -2 -1.99711
21585 -2 -1.99711
21586 -2 -1.99711
21587 -2 -1.99711
21588 -2 -1.99711
21589 -2 -1.99711
21590 -1.94 -1.9971
21591 -1.98 -1.9971
21592 -2 -1.9971
21593 -1.98 -1.9971
21594 -2 -1.9971
21595 -2 -1.9971
21596 -2 -1.9971
21597 -2 -1.9971
21598 -2 -1.9971
21599 -2 -1.9971
21600 -2 -1.9971
21601 -1.98 -1.9971
21602 -2 -1.9971
21603 -2 -1.9971
21604 -2 -1.9971
21605 -2 -1.9971
21606 -2 -1.9971
21607 -2 -1.9971
21608 -2 -1.9971
21609 -2 -1.9971
21610 -2 -1.9971
21611 -2 -1.9971
21612 -1.98 -1.9971
21613 -1.98 -1.9971
21614 -1.98 -1.9971
21615 -2 -1.9971
21616 -2 -1.9971
21617 -2 -1.9971
21618 -2 -1.9971
21619 -2 -1.9971
21620 -2 -1.9971
21621 -2 -1.9971
21622 -2 -1.9971
21623 -2 -1.9971
21624 -2 -1.9971
21625 -2 -1.9971
21626 -2 -1.9971
21627 -2 -1.9971
21628 -2 -1.9971
21629 -2 -1.9971
21630 -1.98 -1.9971
21631 -1.96 -1.9971
21632 -1.98 -1.9971
21633 -2 -1.9971
21634 -2 -1.9971
21635 -2 -1.9971
21636 -2 -1.9971
21637 -1.98 -1.9971
21638 -2 -1.9971
21639 -2 -1.9971
21640 -2 -1.9971
21641 -2 -1.9971
21642 -2 -1.9971
21643 -2 -1.9971
21644 -2 -1.9971
21645 -2 -1.9971
21646 -1.98 -1.9971
21647 -1.98 -1.9971
21648 -2 -1.9971
21649 -2 -1.9971
21650 -1.98 -1.9971
21651 -2 -1.9971
21652 -2 -1.9971
21653 -2 -1.9971
21654 -1.98 -1.9971
21655 -1.98 -1.9971
21656 -2 -1.9971
21657 -1.98 -1.9971
21658 -1.98 -1.9971
21659 -1.98 -1.9971
21660 -2 -1.9971
21661 -2 -1.9971
21662 -2 -1.9971
21663 -2 -1.9971
21664 -2 -1.9971
21665 -2 -1.9971
21666 -2 -1.9971
21667 -2 -1.9971
21668 -2 -1.9971
21669 -2 -1.9971
21670 -2 -1.9971
21671 -2 -1.9971
21672 -2 -1.9971
21673 -2 -1.9971
21674 -2 -1.9971
21675 -2 -1.9971
21676 -2 -1.9971
21677 -2 -1.9971
21678 -2 -1.9971
21679 -2 -1.9971
21680 -2 -1.9971
21681 -2 -1.9971
21682 -2 -1.9971
21683 -2 -1.9971
21684 -2 -1.9971
21685 -2 -1.9971
21686 -2 -1.9971
21687 -2 -1.9971
21688 -2 -1.9971
21689 -2 -1.9971
21690 -2 -1.9971
21691 -2 -1.9971
21692 -2 -1.9971
21693 -2 -1.9971
21694 -2 -1.9971
21695 -2 -1.9971
21696 -2 -1.9971
21697 -2 -1.9971
21698 -1.98 -1.9971
21699 -2 -1.9971
21700 -2 -1.9971
21701 -2 -1.9971
21702 -2 -1.9971
21703 -2 -1.9971
21704 -1.98 -1.9971
21705 -2 -1.9971
21706 -2 -1.9971
21707 -2 -1.9971
21708 -2 -1.9971
21709 -2 -1.9971
21710 -2 -1.9971
21711 -2 -1.9971
21712 -2 -1.9971
21713 -2 -1.9971
21714 -2 -1.9971
21715 -2 -1.9971
21716 -2 -1.9971
21717 -1.98 -1.9971
21718 -1.94 -1.9971
21719 -1.96 -1.9971
21720 -1.96 -1.99709
21721 -1.98 -1.99709
21722 -1.98 -1.99709
21723 -2 -1.99709
21724 -2 -1.99709
21725 -2 -1.99709
21726 -2 -1.99709
21727 -2 -1.99709
21728 -2 -1.99709
21729 -2 -1.99709
21730 -2 -1.99709
21731 -2 -1.99709
21732 -2 -1.99709
21733 -2 -1.99709
21734 -2 -1.99709
21735 -2 -1.99709
21736 -2 -1.99709
21737 -2 -1.99709
21738 -2 -1.9971
21739 -2 -1.9971
21740 -1.98 -1.99709
21741 -1.94 -1.99709
21742 -1.98 -1.99709
21743 -1.98 -1.99709
21744 -2 -1.99709
21745 -2 -1.99709
21746 -2 -1.99709
21747 -2 -1.99709
21748 -2 -1.99709
21749 -2 -1.99709
21750 -2 -1.99709
21751 -2 -1.99709
21752 -2 -1.99709
21753 -2 -1.99709
21754 -2 -1.99709
21755 -2 -1.99709
21756 -1.98 -1.99709
21757 -2 -1.99709
21758 -2 -1.99709
21759 -2 -1.99709
21760 -2 -1.99709
21761 -2 -1.99709
21762 -2 -1.99709
21763 -2 -1.99709
21764 -2 -1.99709
21765 -2 -1.99709
21766 -2 -1.99709
21767 -2 -1.99709
21768 -2 -1.99709
21769 -2 -1.99709
21770 -2 -1.99709
21771 -2 -1.99709
21772 -1.98 -1.99709
21773 -2 -1.99709
21774 -2 -1.99709
21775 -2 -1.99709
21776 -2 -1.99709
21777 -2 -1.99709
21778 -1.98 -1.99709
21779 -1.96 -1.99709
21780 -1.98 -1.99709
21781 -1.98 -1.99709
21782 -1.98 -1.99709
21783 -2 -1.99709
21784 -2 -1.99709
21785 -2 -1.99709
21786 -2 -1.99709
21787 -2 -1.99709
21788 -2 -1.99709
21789 -1.98 -1.99709
21790 -2 -1.99709
21791 -2 -1.99709
21792 -2 -1.99709
21793 -2 -1.99709
21794 -2 -1.99709
21795 -2 -1.99709
21796 -2 -1.99709
21797 -2 -1.99709
21798 -2 -1.99709
21799 -2 -1.99709
21800 -2 -1.99709
21801 -2 -1.99709
21802 -2 -1.99709
21803 -2 -1.99709
21804 -2 -1.99709
21805 -2 -1.99709
21806 -2 -1.99709
21807 -2 -1.99709
21808 -2 -1.99709
21809 -2 -1.99709
21810 -2 -1.99709
21811 -2 -1.99709
21812 -2 -1.99709
21813 -2 -1.99709
21814 -2 -1.99709
21815 -2 -1.99709
21816 -2 -1.99709
21817 -2 -1.99709
21818 -2 -1.99709
21819 -2 -1.99709
21820 -2 -1.99709
21821 -2 -1.99709
21822 -2 -1.99709
21823 -2 -1.99709
21824 -2 -1.99709
21825 -2 -1.99709
21826 -1.98 -1.99709
21827 -2 -1.99709
21828 -2 -1.99709
21829 -2 -1.99709
21830 -2 -1.99709
21831 -2 -1.99709
21832 -2 -1.99709
21833 -2 -1.99709
21834 -2 -1.99709
21835 -2 -1.99709
21836 -2 -1.99709
21837 -2 -1.99709
21838 -2 -1.99709
21839 -2 -1.99709
21840 -1.98 -1.99709
21841 -2 -1.99709
21842 -2 -1.99709
21843 -2 -1.99709
21844 -2 -1.99709
21845 -2 -1.99709
21846 -2 -1.99709
21847 -2 -1.99709
21848 -2 -1.99709
21849 -2 -1.99709
21850 -2 -1.99709
21851 -2 -1.99709
21852 -2 -1.99709
21853 -2 -1.99709
21854 -2 -1.99709
21855 -2 -1.9971
21856 -1.98 -1.99709
21857 -1.98 -1.99709
21858 -1.98 -1.99709
21859 -1.98 -1.99709
21860 -2 -1.99709
21861 -2 -1.99709
21862 -2 -1.99709
21863 -2 -1.99709
21864 -2 -1.99709
21865 -2 -1.99709
21866 -2 -1.99709
21867 -2 -1.99709
21868 -2 -1.99709
21869 -2 -1.99709
21870 -2 -1.99709
21871 -2 -1.99709
21872 -2 -1.99709
21873 -2 -1.99709
21874 -2 -1.99709
21875 -2 -1.99709
21876 -2 -1.99709
21877 -2 -1.99709
21878 -2 -1.99709
21879 -2 -1.99709
21880 -2 -1.99709
21881 -2 -1.99709
21882 -2 -1.9971
21883 -1.98 -1.99709
21884 -2 -1.99709
21885 -2 -1.99709
21886 -2 -1.99709
21887 -2 -1.99709
21888 -2 -1.99709
21889 -2 -1.9971
21890 -2 -1.9971
21891 -2 -1.9971
21892 -2 -1.9971
21893 -2 -1.9971
21894 -2 -1.9971
21895 -1.98 -1.99709
21896 -1.98 -1.99709
21897 -1.98 -1.99709
21898 -2 -1.99709
21899 -2 -1.99709
21900 -2 -1.99709
21901 -2 -1.99709
21902 -2 -1.99709
21903 -2 -1.99709
21904 -2 -1.99709
21905 -2 -1.99709
21906 -2 -1.99709
21907 -2 -1.99709
21908 -2 -1.99709
21909 -1.98 -1.99709
21910 -2 -1.99709
21911 -2 -1.99709
21912 -2 -1.99709
21913 -2 -1.99709
21914 -2 -1.99709
21915 -2 -1.99709
21916 -2 -1.99709
21917 -1.98 -1.99709
21918 -1.98 -1.99709
21919 -1.98 -1.99709
21920 -1.98 -1.99709
21921 -2 -1.99709
21922 -2 -1.99709
21923 -2 -1.99709
21924 -2 -1.99709
21925 -2 -1.99709
21926 -2 -1.99709
21927 -2 -1.99709
21928 -2 -1.99709
21929 -2 -1.99709
21930 -2 -1.99709
21931 -2 -1.99709
21932 -2 -1.99709
21933 -2 -1.99709
21934 -2 -1.99709
21935 -2 -1.99709
21936 -2 -1.99709
21937 -2 -1.99709
21938 -1.98 -1.99709
21939 -2 -1.99709
21940 -2 -1.99709
21941 -2 -1.99709
21942 -2 -1.99709
21943 -2 -1.99709
21944 -2 -1.99709
21945 -2 -1.99709
21946 -2 -1.99709
21947 -2 -1.99709
21948 -2 -1.99709
21949 -2 -1.99709
21950 -2 -1.99709
21951 -2 -1.9971
21952 -2 -1.9971
21953 -2 -1.9971
21954 -2 -1.9971
21955 -2 -1.9971
21956 -2 -1.9971
21957 -2 -1.9971
21958 -2 -1.9971
21959 -2 -1.9971
21960 -2 -1.9971
21961 -2 -1.9971
21962 -2 -1.9971
21963 -2 -1.9971
21964 -2 -1.9971
21965 -2 -1.9971
21966 -2 -1.9971
21967 -2 -1.9971
21968 -2 -1.9971
21969 -2 -1.9971
21970 -2 -1.9971
21971 -2 -1.9971
21972 -2 -1.9971
21973 -2 -1.9971
21974 -1.98 -1.9971
21975 -1.98 -1.9971
21976 -1.97 -1.9971
21977 -1.98 -1.99709
21978 -1.98 -1.99709
21979 -1.96 -1.99709
21980 -1.98 -1.99709
21981 -2 -1.99709
21982 -2 -1.99709
21983 -2 -1.99709
21984 -2 -1.99709
21985 -1.98 -1.99709
21986 -2 -1.99709
21987 -2 -1.99709
21988 -2 -1.99709
21989 -2 -1.99709
21990 -2 -1.99709
21991 -2 -1.99709
21992 -2 -1.99709
21993 -2 -1.99709
21994 -2 -1.99709
21995 -2 -1.99709
21996 -2 -1.99709
21997 -2 -1.99709
21998 -2 -1.99709
21999 -2 -1.99709
22000 -2 -1.99709
22001 -1.98 -1.99709
22002 -2 -1.99709
22003 -2 -1.99709
22004 -2 -1.99709
22005 -2 -1.99709
22006 -2 -1.99709
22007 -2 -1.99709
22008 -2 -1.99709
22009 -2 -1.99709
22010 -2 -1.99709
22011 -2 -1.99709
22012 -2 -1.99709
22013 -2 -1.99709
22014 -2 -1.99709
22015 -2 -1.99709
22016 -2 -1.99709
22017 -1.98 -1.99709
22018 -2 -1.99709
22019 -2 -1.99709
22020 -2 -1.99709
22021 -2 -1.99709
22022 -2 -1.99709
22023 -2 -1.99709
22024 -2 -1.99709
22025 -2 -1.99709
22026 -2 -1.99709
22027 -2 -1.99709
22028 -2 -1.99709
22029 -2 -1.99709
22030 -2 -1.9971
22031 -2 -1.9971
22032 -2 -1.9971
22033 -2 -1.9971
22034 -1.98 -1.99709
22035 -1.98 -1.99709
22036 -1.96 -1.99709
22037 -1.98 -1.99709
22038 -2 -1.99709
22039 -2 -1.99709
22040 -2 -1.99709
22041 -2 -1.99709
22042 -2 -1.99709
22043 -1.98 -1.99709
22044 -2 -1.99709
22045 -2 -1.99709
22046 -2 -1.99709
22047 -2 -1.99709
22048 -2 -1.99709
22049 -2 -1.99709
22050 -2 -1.99709
22051 -2 -1.99709
22052 -2 -1.99709
22053 -2 -1.99709
22054 -2 -1.99709
22055 -2 -1.99709
22056 -2 -1.99709
22057 -2 -1.99709
22058 -2 -1.99709
22059 -2 -1.99709
22060 -2 -1.99709
22061 -2 -1.99709
22062 -2 -1.99709
22063 -2 -1.99709
22064 -2 -1.99709
22065 -2 -1.99709
22066 -2 -1.99709
22067 -2 -1.99709
22068 -2 -1.99709
22069 -2 -1.99709
22070 -1.98 -1.99709
22071 -2 -1.99709
22072 -2 -1.99709
22073 -2 -1.99709
22074 -1.98 -1.99709
22075 -2 -1.99709
22076 -2 -1.99709
22077 -2 -1.99709
22078 -2 -1.99709
22079 -2 -1.99709
22080 -2 -1.99709
22081 -2 -1.99709
22082 -2 -1.99709
22083 -2 -1.99709
22084 -2 -1.99709
22085 -2 -1.99709
22086 -2 -1.9971
22087 -2 -1.9971
22088 -2 -1.9971
22089 -2 -1.9971
22090 -2 -1.9971
22091 -2 -1.9971
22092 -2 -1.9971
22093 -2 -1.9971
22094 -2 -1.9971
22095 -2 -1.9971
22096 -2 -1.9971
22097 -2 -1.9971
22098 -2 -1.9971
22099 -2 -1.9971
22100 -2 -1.9971
22101 -2 -1.9971
22102 -2 -1.9971
22103 -2 -1.9971
22104 -2 -1.9971
22105 -2 -1.9971
22106 -2 -1.9971
22107 -2 -1.9971
22108 -2 -1.9971
22109 -2 -1.9971
22110 -2 -1.9971
22111 -2 -1.9971
22112 -2 -1.9971
22113 -2 -1.9971
22114 -2 -1.9971
22115 -1.98 -1.9971
22116 -1.98 -1.9971
22117 -1.97 -1.9971
22118 -1.98 -1.9971
22119 -2 -1.9971
22120 -2 -1.9971
22121 -2 -1.9971
22122 -2 -1.9971
22123 -2 -1.9971
22124 -2 -1.9971
22125 -1.98 -1.9971
22126 -2 -1.9971
22127 -2 -1.9971
22128 -2 -1.9971
22129 -2 -1.9971
22130 -2 -1.9971
22131 -2 -1.9971
22132 -2 -1.9971
22133 -2 -1.9971
22134 -2 -1.9971
22135 -2 -1.9971
22136 -2 -1.9971
22137 -2 -1.9971
22138 -2 -1.9971
22139 -2 -1.9971
22140 -2 -1.9971
22141 -2 -1.9971
22142 -2 -1.9971
22143 -2 -1.9971
22144 -2 -1.9971
22145 -1.98 -1.9971
22146 -2 -1.9971
22147 -2 -1.9971
22148 -2 -1.9971
22149 -2 -1.9971
22150 -2 -1.9971
22151 -2 -1.9971
22152 -2 -1.9971
22153 -1.98 -1.9971
22154 -2 -1.9971
22155 -2 -1.9971
22156 -1.98 -1.9971
22157 -2 -1.9971
22158 -2 -1.9971
22159 -2 -1.9971
22160 -2 -1.9971
22161 -2 -1.9971
22162 -1.98 -1.9971
22163 -2 -1.9971
22164 -2 -1.9971
22165 -2 -1.9971
22166 -1.98 -1.9971
22167 -2 -1.9971
22168 -2 -1.9971
22169 -2 -1.9971
22170 -2 -1.9971
22171 -2 -1.9971
22172 -2 -1.9971
22173 -2 -1.9971
22174 -1.98 -1.9971
22175 -2 -1.9971
22176 -2 -1.9971
22177 -2 -1.9971
22178 -2 -1.9971
22179 -2 -1.9971
22180 -2 -1.9971
22181 -2 -1.9971
22182 -2 -1.9971
22183 -2 -1.9971
22184 -2 -1.9971
22185 -2 -1.9971
22186 -2 -1.9971
22187 -2 -1.9971
22188 -2 -1.9971
22189 -2 -1.9971
22190 -2 -1.9971
22191 -2 -1.9971
22192 -2 -1.9971
22193 -2 -1.9971
22194 -2 -1.9971
22195 -2 -1.9971
22196 -2 -1.9971
22197 -2 -1.9971
22198 -2 -1.9971
22199 -2 -1.9971
22200 -2 -1.9971
22201 -2 -1.9971
22202 -2 -1.9971
22203 -2 -1.9971
22204 -2 -1.9971
22205 -2 -1.9971
22206 -2 -1.9971
22207 -2 -1.9971
22208 -2 -1.9971
22209 -2 -1.9971
22210 -2 -1.9971
22211 -2 -1.9971
22212 -2 -1.9971
22213 -2 -1.9971
22214 -2 -1.9971
22215 -2 -1.9971
22216 -2 -1.9971
22217 -2 -1.9971
22218 -2 -1.9971
22219 -2 -1.9971
22220 -1.98 -1.9971
22221 -2 -1.9971
22222 -2 -1.9971
22223 -2 -1.9971
22224 -2 -1.9971
22225 -2 -1.9971
22226 -2 -1.9971
22227 -2 -1.9971
22228 -2 -1.9971
22229 -2 -1.9971
22230 -2 -1.9971
22231 -2 -1.9971
22232 -2 -1.9971
22233 -2 -1.9971
22234 -2 -1.9971
22235 -2 -1.9971
22236 -2 -1.9971
22237 -2 -1.9971
22238 -2 -1.9971
22239 -2 -1.9971
22240 -2 -1.9971
22241 -2 -1.9971
22242 -2 -1.9971
22243 -2 -1.9971
22244 -2 -1.9971
22245 -2 -1.9971
22246 -2 -1.9971
22247 -2 -1.9971
22248 -2 -1.99711
22249 -1.98 -1.9971
22250 -1.98 -1.9971
22251 -2 -1.9971
22252 -2 -1.9971
22253 -2 -1.9971
22254 -1.98 -1.9971
22255 -1.98 -1.9971
22256 -1.98 -1.9971
22257 -2 -1.9971
22258 -2 -1.9971
22259 -2 -1.9971
22260 -2 -1.9971
22261 -2 -1.9971
22262 -2 -1.9971
22263 -2 -1.9971
22264 -2 -1.9971
22265 -2 -1.9971
22266 -2 -1.9971
22267 -2 -1.9971
22268 -1.98 -1.9971
22269 -1.98 -1.9971
22270 -1.98 -1.9971
22271 -2 -1.9971
22272 -2 -1.9971
22273 -2 -1.9971
22274 -2 -1.9971
22275 -2 -1.9971
22276 -2 -1.9971
22277 -2 -1.9971
22278 -2 -1.9971
22279 -2 -1.9971
22280 -2 -1.9971
22281 -2 -1.9971
22282 -2 -1.9971
22283 -2 -1.9971
22284 -2 -1.9971
22285 -2 -1.9971
22286 -2 -1.9971
22287 -2 -1.9971
22288 -2 -1.9971
22289 -2 -1.9971
22290 -2 -1.9971
22291 -2 -1.9971
22292 -2 -1.9971
22293 -2 -1.9971
22294 -2 -1.9971
22295 -2 -1.9971
22296 -2 -1.9971
22297 -2 -1.9971
22298 -2 -1.9971
22299 -2 -1.9971
22300 -2 -1.9971
22301 -2 -1.9971
22302 -2 -1.9971
22303 -2 -1.99711
22304 -2 -1.99711
22305 -2 -1.99711
22306 -1.98 -1.9971
22307 -2 -1.9971
22308 -2 -1.9971
22309 -2 -1.9971
22310 -2 -1.99711
22311 -2 -1.99711
22312 -2 -1.99711
22313 -2 -1.99711
22314 -2 -1.99711
22315 -2 -1.99711
22316 -2 -1.99711
22317 -2 -1.99711
22318 -2 -1.99711
22319 -2 -1.99711
22320 -2 -1.99711
22321 -2 -1.99711
22322 -2 -1.99711
22323 -2 -1.99711
22324 -2 -1.99711
22325 -2 -1.99711
22326 -2 -1.99711
22327 -2 -1.99711
22328 -2 -1.99711
22329 -2 -1.99711
22330 -2 -1.99711
22331 -2 -1.99711
22332 -2 -1.99711
22333 -1.98 -1.99711
22334 -2 -1.99711
22335 -2 -1.99711
22336 -2 -1.99711
22337 -2 -1.99711
22338 -2 -1.99711
22339 -1.98 -1.99711
22340 -1.98 -1.99711
22341 -1.98 -1.99711
22342 -2 -1.99711
22343 -2 -1.99711
22344 -2 -1.99711
22345 -2 -1.99711
22346 -2 -1.99711
22347 -2 -1.99711
22348 -1.98 -1.99711
22349 -2 -1.99711
22350 -2 -1.99711
22351 -2 -1.99711
22352 -1.98 -1.99711
22353 -2 -1.99711
22354 -2 -1.99711
22355 -2 -1.99711
22356 -2 -1.99711
22357 -1.98 -1.9971
22358 -2 -1.9971
22359 -2 -1.99711
22360 -2 -1.99711
22361 -2 -1.99711
22362 -2 -1.99711
22363 -2 -1.99711
22364 -2 -1.99711
22365 -1.98 -1.9971
22366 -2 -1.99711
22367 -2 -1.99711
22368 -2 -1.99711
22369 -2 -1.99711
22370 -2 -1.99711
22371 -2 -1.99711
22372 -2 -1.99711
22373 -2 -1.99711
22374 -2 -1.99711
22375 -2 -1.99711
22376 -2 -1.99711
22377 -2 -1.99711
22378 -2 -1.99711
22379 -2 -1.99711
22380 -2 -1.99711
22381 -2 -1.99711
22382 -2 -1.99711
22383 -2 -1.99711
22384 -2 -1.99711
22385 -2 -1.99711
22386 -2 -1.99711
22387 -1.98 -1.99711
22388 -2 -1.99711
22389 -2 -1.99711
22390 -2 -1.99711
22391 -2 -1.99711
22392 -2 -1.99711
22393 -2 -1.99711
22394 -2 -1.99711
22395 -2 -1.99711
22396 -2 -1.99711
22397 -1.98 -1.99711
22398 -1.98 -1.99711
22399 -1.98 -1.99711
22400 -1.98 -1.99711
22401 -2 -1.99711
22402 -2 -1.99711
22403 -2 -1.99711
22404 -2 -1.99711
22405 -2 -1.99711
22406 -2 -1.99711
22407 -2 -1.99711
22408 -2 -1.99711
22409 -2 -1.99711
22410 -2 -1.99711
22411 -2 -1.99711
22412 -2 -1.99711
22413 -2 -1.99711
22414 -2 -1.99711
22415 -1.98 -1.99711
22416 -2 -1.99711
22417 -2 -1.99711
22418 -2 -1.99711
22419 -2 -1.99711
22420 -2 -1.99711
22421 -2 -1.99711
22422 -2 -1.99711
22423 -2 -1.99711
22424 -2 -1.99711
22425 -2 -1.99711
22426 -2 -1.99711
22427 -2 -1.99711
22428 -2 -1.99711
22429 -2 -1.99711
22430 -2 -1.99711
22431 -2 -1.99711
22432 -2 -1.99711
22433 -2 -1.99711
22434 -2 -1.99711
22435 -2 -1.99711
22436 -2 -1.99711
22437 -2 -1.99711
22438 -2 -1.99711
22439 -2 -1.99711
22440 -1.98 -1.99711
22441 -2 -1.99711
22442 -2 -1.99711
22443 -2 -1.99711
22444 -2 -1.99711
22445 -2 -1.99711
22446 -2 -1.99711
22447 -2 -1.99711
22448 -2 -1.99711
22449 -2 -1.99711
22450 -2 -1.99711
22451 -2 -1.99711
22452 -2 -1.99711
22453 -2 -1.99711
22454 -2 -1.99711
22455 -2 -1.99711
22456 -2 -1.99711
22457 -2 -1.99711
22458 -2 -1.99711
22459 -2 -1.99711
22460 -2 -1.99711
22461 -2 -1.99711
22462 -2 -1.99711
22463 -2 -1.99711
22464 -2 -1.99711
22465 -2 -1.99711
22466 -2 -1.99711
22467 -1.97 -1.99711
22468 -2 -1.99711
22469 -1.98 -1.99711
22470 -2 -1.99711
22471 -2 -1.99711
22472 -2 -1.99711
22473 -2 -1.99711
22474 -2 -1.99711
22475 -2 -1.99711
22476 -2 -1.99711
22477 -2 -1.99711
22478 -2 -1.99711
22479 -2 -1.99711
22480 -2 -1.99711
22481 -2 -1.99711
22482 -2 -1.99711
22483 -1.98 -1.99711
22484 -2 -1.99711
22485 -2 -1.99711
22486 -2 -1.99711
22487 -2 -1.99711
22488 -2 -1.99711
22489 -2 -1.99711
22490 -2 -1.99711
22491 -2 -1.99711
22492 -2 -1.99711
22493 -2 -1.99711
22494 -2 -1.99711
22495 -2 -1.99711
22496 -2 -1.99711
22497 -2 -1.99711
22498 -2 -1.99711
22499 -2 -1.99711
22500 -2 -1.99711
22501 -2 -1.99711
22502 -2 -1.99711
22503 -2 -1.99711
22504 -2 -1.99711
22505 -2 -1.99711
22506 -2 -1.99711
22507 -2 -1.99711
22508 -2 -1.99711
22509 -2 -1.99711
22510 -2 -1.99711
22511 -2 -1.99711
22512 -2 -1.99711
22513 -2 -1.99711
22514 -2 -1.99711
22515 -2 -1.99711
22516 -2 -1.99712
22517 -2 -1.99712
22518 -2 -1.99712
22519 -2 -1.99712
22520 -2 -1.99712
22521 -2 -1.99712
22522 -2 -1.99712
22523 -2 -1.99712
22524 -2 -1.99712
22525 -2 -1.99712
22526 -2 -1.99712
22527 -2 -1.99712
22528 -1.98 -1.99712
22529 -1.96 -1.99711
22530 -1.98 -1.99711
22531 -2 -1.99711
22532 -2 -1.99711
22533 -2 -1.99711
22534 -2 -1.99711
22535 -2 -1.99711
22536 -2 -1.99711
22537 -2 -1.99711
22538 -2 -1.99711
22539 -2 -1.99711
22540 -2 -1.99711
22541 -2 -1.99711
22542 -2 -1.99711
22543 -2 -1.99711
22544 -2 -1.99712
22545 -2 -1.99712
22546 -1.98 -1.99711
22547 -2 -1.99711
22548 -2 -1.99711
22549 -2 -1.99711
22550 -2 -1.99711
22551 -1.98 -1.99711
22552 -2 -1.99711
22553 -2 -1.99711
22554 -2 -1.99711
22555 -2 -1.99711
22556 -2 -1.99711
22557 -2 -1.99711
22558 -2 -1.99712
22559 -2 -1.99712
22560 -2 -1.99712
22561 -2 -1.99712
22562 -2 -1.99712
22563 -2 -1.99712
22564 -1.98 -1.99712
22565 -2 -1.99712
22566 -2 -1.99712
22567 -2 -1.99712
22568 -2 -1.99712
22569 -2 -1.99712
22570 -2 -1.99712
22571 -2 -1.99712
22572 -2 -1.99712
22573 -2 -1.99712
22574 -2 -1.99712
22575 -2 -1.99712
22576 -2 -1.99712
22577 -2 -1.99712
22578 -2 -1.99712
22579 -2 -1.99712
22580 -2 -1.99712
22581 -2 -1.99712
22582 -2 -1.99712
22583 -2 -1.99712
22584 -2 -1.99712
22585 -2 -1.99712
22586 -2 -1.99712
22587 -2 -1.99712
22588 -2 -1.99712
22589 -2 -1.99712
22590 -2 -1.99712
22591 -2 -1.99712
22592 -2 -1.99712
22593 -2 -1.99712
22594 -2 -1.99712
22595 -2 -1.99712
22596 -2 -1.99712
22597 -2 -1.99712
22598 -2 -1.99712
22599 -2 -1.99712
22600 -2 -1.99712
22601 -2 -1.99712
22602 -2 -1.99712
22603 -2 -1.99712
22604 -2 -1.99712
22605 -2 -1.99712
22606 -2 -1.99712
22607 -2 -1.99712
22608 -1.98 -1.99712
22609 -2 -1.99712
22610 -2 -1.99712
22611 -2 -1.99712
22612 -2 -1.99712
22613 -2 -1.99712
22614 -2 -1.99712
22615 -2 -1.99712
22616 -2 -1.99712
22617 -2 -1.99712
22618 -2 -1.99712
22619 -2 -1.99712
22620 -2 -1.99712
22621 -2 -1.99712
22622 -2 -1.99712
22623 -1.98 -1.99712
22624 -2 -1.99712
22625 -2 -1.99712
22626 -2 -1.99712
22627 -2 -1.99712
22628 -2 -1.99712
22629 -2 -1.99712
22630 -2 -1.99712
22631 -2 -1.99712
22632 -2 -1.99712
22633 -2 -1.99712
22634 -2 -1.99712
22635 -2 -1.99712
22636 -1.98 -1.99712
22637 -2 -1.99712
22638 -2 -1.99712
22639 -2 -1.99712
22640 -2 -1.99712
22641 -2 -1.99712
22642 -2 -1.99712
22643 -2 -1.99712
22644 -2 -1.99712
22645 -2 -1.99712
22646 -2 -1.99712
22647 -2 -1.99712
22648 -2 -1.99712
22649 -2 -1.99712
22650 -2 -1.99712
22651 -2 -1.99712
22652 -2 -1.99712
22653 -2 -1.99712
22654 -2 -1.99712
22655 -2 -1.99712
22656 -2 -1.99712
22657 -2 -1.99712
22658 -2 -1.99712
22659 -2 -1.99712
22660 -2 -1.99712
22661 -2 -1.99712
22662 -2 -1.99712
22663 -2 -1.99712
22664 -2 -1.99713
22665 -2 -1.99713
22666 -2 -1.99713
22667 -2 -1.99713
22668 -2 -1.99713
22669 -2 -1.99713
22670 -2 -1.99713
22671 -2 -1.99713
22672 -2 -1.99713
22673 -2 -1.99713
22674 -1.98 -1.99713
22675 -1.97 -1.99712
22676 -2 -1.99712
22677 -2 -1.99712
22678 -2 -1.99712
22679 -2 -1.99712
22680 -2 -1.99712
22681 -2 -1.99713
22682 -2 -1.99713
22683 -2 -1.99713
22684 -2 -1.99713
22685 -2 -1.99713
22686 -1.98 -1.99712
22687 -1.98 -1.99712
22688 -1.97 -1.99712
22689 -1.98 -1.99712
22690 -2 -1.99712
22691 -2 -1.99712
22692 -1.98 -1.99712
22693 -2 -1.99712
22694 -2 -1.99712
22695 -2 -1.99712
22696 -2 -1.99712
22697 -2 -1.99712
22698 -2 -1.99712
22699 -2 -1.99712
22700 -2 -1.99712
22701 -2 -1.99712
22702 -2 -1.99712
22703 -2 -1.99712
22704 -2 -1.99712
22705 -2 -1.99712
22706 -2 -1.99712
22707 -2 -1.99712
22708 -2 -1.99712
22709 -2 -1.99712
22710 -2 -1.99712
22711 -2 -1.99712
22712 -2 -1.99712
22713 -2 -1.99712
22714 -2 -1.99712
22715 -2 -1.99712
22716 -2 -1.99712
22717 -1.98 -1.99712
22718 -2 -1.99712
22719 -2 -1.99712
22720 -2 -1.99712
22721 -2 -1.99712
22722 -2 -1.99712
22723 -2 -1.99712
22724 -2 -1.99712
22725 -2 -1.99712
22726 -1.98 -1.99712
22727 -1.98 -1.99712
22728 -1.98 -1.99712
22729 -2 -1.99712
22730 -2 -1.99712
22731 -1.98 -1.99712
22732 -2 -1.99712
22733 -2 -1.99712
22734 -2 -1.99712
22735 -2 -1.99712
22736 -1.98 -1.99712
22737 -1.98 -1.99712
22738 -2 -1.99712
22739 -2 -1.99712
22740 -2 -1.99712
22741 -2 -1.99712
22742 -2 -1.99712
22743 -2 -1.99712
22744 -2 -1.99712
22745 -2 -1.99712
22746 -2 -1.99712
22747 -2 -1.99712
22748 -2 -1.99712
22749 -2 -1.99712
22750 -2 -1.99712
22751 -2 -1.99712
22752 -2 -1.99712
22753 -2 -1.99712
22754 -2 -1.99712
22755 -2 -1.99712
22756 -2 -1.99712
22757 -2 -1.99712
22758 -2 -1.99712
22759 -2 -1.99712
22760 -2 -1.99712
22761 -2 -1.99712
22762 -2 -1.99712
22763 -2 -1.99712
22764 -2 -1.99712
22765 -2 -1.99712
22766 -2 -1.99712
22767 -1.98 -1.99712
22768 -1.98 -1.99712
22769 -1.98 -1.99712
22770 -2 -1.99712
22771 -2 -1.99712
22772 -2 -1.99712
22773 -2 -1.99712
22774 -2 -1.99712
22775 -2 -1.99712
22776 -2 -1.99712
22777 -2 -1.99712
22778 -2 -1.99712
22779 -2 -1.99712
22780 -2 -1.99712
22781 -2 -1.99712
22782 -2 -1.99712
22783 -2 -1.99712
22784 -2 -1.99712
22785 -2 -1.99712
22786 -2 -1.99712
22787 -2 -1.99712
22788 -2 -1.99712
22789 -2 -1.99713
22790 -2 -1.99713
22791 -2 -1.99713
22792 -2 -1.99713
22793 -2 -1.99713
22794 -2 -1.99713
22795 -2 -1.99713
22796 -2 -1.99713
22797 -2 -1.99713
22798 -2 -1.99713
22799 -2 -1.99713
22800 -2 -1.99713
22801 -2 -1.99713
22802 -1.98 -1.99713
22803 -1.98 -1.99713
22804 -1.98 -1.99712
22805 -1.98 -1.99712
22806 -1.98 -1.99712
22807 -1.98 -1.99712
22808 -1.98 -1.99712
22809 -2 -1.99712
22810 -2 -1.99712
22811 -2 -1.99712
22812 -2 -1.99712
22813 -2 -1.99712
22814 -2 -1.99712
22815 -2 -1.99712
22816 -2 -1.99712
22817 -2 -1.99712
22818 -2 -1.99712
22819 -2 -1.99712
22820 -1.98 -1.99712
22821 -2 -1.99712
22822 -2 -1.99712
22823 -2 -1.99712
22824 -2 -1.99712
22825 -2 -1.99712
22826 -2 -1.99712
22827 -2 -1.99712
22828 -1.98 -1.99712
22829 -1.98 -1.99712
22830 -2 -1.99712
22831 -2 -1.99712
22832 -2 -1.99712
22833 -2 -1.99712
22834 -2 -1.99712
22835 -2 -1.99712
22836 -2 -1.99712
22837 -2 -1.99712
22838 -2 -1.99712
22839 -2 -1.99712
22840 -2 -1.99712
22841 -2 -1.99712
22842 -2 -1.99712
22843 -2 -1.99712
22844 -2 -1.99712
22845 -2 -1.99712
22846 -2 -1.99712
22847 -2 -1.99712
22848 -1.98 -1.99712
22849 -2 -1.99712
22850 -2 -1.99712
22851 -1.98 -1.99712
22852 -1.98 -1.99712
22853 -1.98 -1.99712
22854 -1.98 -1.99712
22855 -2 -1.99712
22856 -2 -1.99712
22857 -2 -1.99712
22858 -2 -1.99712
22859 -2 -1.99712
22860 -2 -1.99712
22861 -2 -1.99712
22862 -2 -1.99712
22863 -1.98 -1.99712
22864 -2 -1.99712
22865 -2 -1.99712
22866 -2 -1.99712
22867 -2 -1.99712
22868 -2 -1.99712
22869 -2 -1.99712
22870 -2 -1.99712
22871 -2 -1.99712
22872 -2 -1.99712
22873 -2 -1.99712
22874 -2 -1.99712
22875 -2 -1.99712
22876 -2 -1.99712
22877 -2 -1.99712
22878 -2 -1.99712
22879 -2 -1.99712
22880 -2 -1.99712
22881 -2 -1.99712
22882 -2 -1.99712
22883 -2 -1.99712
22884 -2 -1.99712
22885 -2 -1.99712
22886 -2 -1.99712
22887 -2 -1.99712
22888 -2 -1.99712
22889 -2 -1.99712
22890 -2 -1.99712
22891 -2 -1.99712
22892 -2 -1.99712
22893 -2 -1.99712
22894 -2 -1.99712
22895 -2 -1.99712
22896 -2 -1.99712
22897 -2 -1.99712
22898 -2 -1.99712
22899 -2 -1.99712
22900 -2 -1.99713
22901 -2 -1.99713
22902 -2 -1.99713
22903 -2 -1.99713
22904 -1.98 -1.99712
22905 -2 -1.99712
22906 -1.98 -1.99712
22907 -2 -1.99712
22908 -2 -1.99712
22909 -2 -1.99712
22910 -2 -1.99712
22911 -2 -1.99712
22912 -2 -1.99712
22913 -2 -1.99712
22914 -1.98 -1.99712
22915 -1.98 -1.99712
22916 -1.98 -1.99712
22917 -2 -1.99712
22918 -2 -1.99712
22919 -2 -1.99712
22920 -2 -1.99712
22921 -2 -1.99712
22922 -2 -1.99712
22923 -2 -1.99712
22924 -2 -1.99712
22925 -2 -1.99712
22926 -2 -1.99712
22927 -2 -1.99712
22928 -2 -1.99712
22929 -2 -1.99712
22930 -2 -1.99712
22931 -2 -1.99712
22932 -2 -1.99712
22933 -2 -1.99712
22934 -1.98 -1.99712
22935 -2 -1.99712
22936 -2 -1.99712
22937 -2 -1.99712
22938 -2 -1.99712
22939 -1.98 -1.99712
22940 -2 -1.99712
22941 -2 -1.99712
22942 -2 -1.99712
22943 -1.98 -1.99712
22944 -1.97 -1.99712
22945 -1.98 -1.99712
22946 -2 -1.99712
22947 -2 -1.99712
22948 -2 -1.99712
22949 -2 -1.99712
22950 -2 -1.99712
22951 -2 -1.99712
22952 -2 -1.99712
22953 -2 -1.99712
22954 -2 -1.99712
22955 -2 -1.99712
22956 -2 -1.99712
22957 -2 -1.99712
22958 -2 -1.99712
22959 -2 -1.99712
22960 -2 -1.99712
22961 -2 -1.99712
22962 -2 -1.99712
22963 -1.98 -1.99712
22964 -2 -1.99712
22965 -2 -1.99712
22966 -2 -1.99712
22967 -2 -1.99712
22968 -2 -1.99712
22969 -2 -1.99712
22970 -2 -1.99712
22971 -2 -1.99712
22972 -2 -1.99712
22973 -2 -1.99712
22974 -2 -1.99712
22975 -2 -1.99712
22976 -2 -1.99712
22977 -2 -1.99712
22978 -2 -1.99712
22979 -1.98 -1.99712
22980 -2 -1.99712
22981 -2 -1.99712
22982 -2 -1.99712
22983 -2 -1.99712
22984 -2 -1.99712
22985 -2 -1.99712
22986 -2 -1.99712
22987 -2 -1.99713
22988 -2 -1.99713
22989 -2 -1.99713
22990 -2 -1.99713
22991 -2 -1.99713
22992 -2 -1.99713
22993 -2 -1.99713
22994 -2 -1.99713
22995 -2 -1.99713
22996 -2 -1.99713
22997 -2 -1.99713
22998 -2 -1.99713
22999 -1.98 -1.99713
23000 -1.98 -1.99712
23001 -2 -1.99713
23002 -2 -1.99713
23003 -2 -1.99713
23004 -2 -1.99713
23005 -2 -1.99713
23006 -2 -1.99713
23007 -2 -1.99713
23008 -2 -1.99713
23009 -2 -1.99713
23010 -2 -1.99713
23011 -2 -1.99713
23012 -2 -1.99713
23013 -2 -1.99713
23014 -2 -1.99713
23015 -2 -1.99713
23016 -2 -1.99713
23017 -2 -1.99713
23018 -2 -1.99713
23019 -2 -1.99713
23020 -2 -1.99713
23021 -2 -1.99713
23022 -2 -1.99713
23023 -2 -1.99713
23024 -2 -1.99713
23025 -2 -1.99713
23026 -2 -1.99713
23027 -2 -1.99713
23028 -2 -1.99713
23029 -2 -1.99713
23030 -2 -1.99713
23031 -2 -1.99713
23032 -2 -1.99713
23033 -1.98 -1.99713
23034 -1.96 -1.99713
23035 -2 -1.99713
23036 -2 -1.99713
23037 -2 -1.99713
23038 -2 -1.99713
23039 -2 -1.99713
23040 -2 -1.99713
23041 -2 -1.99713
23042 -2 -1.99713
23043 -1.98 -1.99713
23044 -2 -1.99713
23045 -2 -1.99713
23046 -2 -1.99713
23047 -2 -1.99713
23048 -2 -1.99713
23049 -2 -1.99713
23050 -2 -1.99713
23051 -2 -1.99713
23052 -2 -1.99713
23053 -2 -1.99713
23054 -2 -1.99713
23055 -2 -1.99713
23056 -2 -1.99713
23057 -2 -1.99713
23058 -2 -1.99713
23059 -2 -1.99713
23060 -2 -1.99713
23061 -2 -1.99713
23062 -2 -1.99713
23063 -2 -1.99713
23064 -2 -1.99713
23065 -2 -1.99713
23066 -2 -1.99713
23067 -2 -1.99713
23068 -2 -1.99713
23069 -2 -1.99713
23070 -2 -1.99713
23071 -1.98 -1.99713
23072 -1.98 -1.99713
23073 -2 -1.99713
23074 -2 -1.99713
23075 -2 -1.99713
23076 -2 -1.99713
23077 -2 -1.99713
23078 -2 -1.99713
23079 -2 -1.99713
23080 -1.98 -1.99713
23081 -1.98 -1.99713
23082 -2 -1.99713
23083 -2 -1.99713
23084 -2 -1.99713
23085 -2 -1.99713
23086 -2 -1.99713
23087 -2 -1.99713
23088 -2 -1.99713
23089 -2 -1.99713
23090 -2 -1.99713
23091 -2 -1.99713
23092 -2 -1.99713
23093 -2 -1.99713
23094 -2 -1.99713
23095 -2 -1.99713
23096 -2 -1.99713
23097 -2 -1.99713
23098 -2 -1.99713
23099 -2 -1.99713
23100 -2 -1.99713
23101 -2 -1.99713
23102 -2 -1.99713
23103 -2 -1.99713
23104 -2 -1.99713
23105 -1.98 -1.99713
23106 -2 -1.99713
23107 -2 -1.99713
23108 -2 -1.99713
23109 -2 -1.99713
23110 -2 -1.99713
23111 -1.98 -1.99713
23112 -1.98 -1.99713
23113 -2 -1.99713
23114 -2 -1.99713
23115 -2 -1.99713
23116 -1.98 -1.99713
23117 -1.98 -1.99713
23118 -1.98 -1.99713
23119 -2 -1.99713
23120 -2 -1.99713
23121 -2 -1.99713
23122 -2 -1.99713
23123 -2 -1.99713
23124 -2 -1.99713
23125 -1.98 -1.99713
23126 -2 -1.99713
23127 -2 -1.99713
23128 -2 -1.99713
23129 -2 -1.99713
23130 -2 -1.99713
23131 -2 -1.99713
23132 -1.98 -1.99713
23133 -2 -1.99713
23134 -2 -1.99713
23135 -2 -1.99713
23136 -2 -1.99713
23137 -2 -1.99713
23138 -2 -1.99713
23139 -2 -1.99713
23140 -2 -1.99713
23141 -1.98 -1.99713
23142 -2 -1.99713
23143 -2 -1.99713
23144 -2 -1.99713
23145 -2 -1.99713
23146 -1.98 -1.99713
23147 -2 -1.99713
23148 -2 -1.99713
23149 -2 -1.99713
23150 -2 -1.99713
23151 -2 -1.99713
23152 -2 -1.99713
23153 -2 -1.99713
23154 -2 -1.99713
23155 -2 -1.99713
23156 -2 -1.99713
23157 -2 -1.99713
23158 -1.98 -1.99713
23159 -1.98 -1.99713
23160 -2 -1.99713
23161 -2 -1.99713
23162 -2 -1.99713
23163 -2 -1.99713
23164 -2 -1.99713
23165 -1.98 -1.99713
23166 -1.98 -1.99713
23167 -2 -1.99713
23168 -2 -1.99713
23169 -2 -1.99713
23170 -2 -1.99713
23171 -2 -1.99713
23172 -2 -1.99713
23173 -2 -1.99713
23174 -2 -1.99713
23175 -2 -1.99713
23176 -2 -1.99713
23177 -2 -1.99713
23178 -2 -1.99713
23179 -2 -1.99713
23180 -1.98 -1.99713
23181 -2 -1.99713
23182 -2 -1.99713
23183 -2 -1.99713
23184 -2 -1.99713
23185 -2 -1.99713
23186 -2 -1.99713
23187 -2 -1.99713
23188 -1.98 -1.99713
23189 -2 -1.99713
23190 -2 -1.99713
23191 -2 -1.99713
23192 -2 -1.99713
23193 -2 -1.99713
23194 -2 -1.99713
23195 -2 -1.99713
23196 -1.98 -1.99713
23197 -2 -1.99713
23198 -2 -1.99713
23199 -2 -1.99713
23200 -2 -1.99713
23201 -2 -1.99713
23202 -2 -1.99713
23203 -2 -1.99713
23204 -2 -1.99713
23205 -2 -1.99713
23206 -2 -1.99713
23207 -2 -1.99713
23208 -2 -1.99713
23209 -2 -1.99713
23210 -2 -1.99713
23211 -2 -1.99713
23212 -2 -1.99713
23213 -2 -1.99713
23214 -2 -1.99713
23215 -2 -1.99713
23216 -2 -1.99713
23217 -2 -1.99713
23218 -2 -1.99713
23219 -2 -1.99713
23220 -2 -1.99713
23221 -2 -1.99713
23222 -2 -1.99713
23223 -2 -1.99713
23224 -2 -1.99713
23225 -2 -1.99713
23226 -2 -1.99713
23227 -1.98 -1.99713
23228 -2 -1.99713
23229 -2 -1.99713
23230 -2 -1.99713
23231 -1.97 -1.99713
23232 -1.97 -1.99713
23233 -2 -1.99713
23234 -2 -1.99713
23235 -1.98 -1.99713
23236 -1.98 -1.99713
23237 -2 -1.99713
23238 -2 -1.99713
23239 -2 -1.99713
23240 -2 -1.99713
23241 -2 -1.99713
23242 -2 -1.99713
23243 -2 -1.99713
23244 -2 -1.99713
23245 -2 -1.99713
23246 -2 -1.99713
23247 -2 -1.99713
23248 -2 -1.99713
23249 -1.98 -1.99713
23250 -1.98 -1.99713
23251 -1.98 -1.99713
23252 -2 -1.99713
23253 -2 -1.99713
23254 -2 -1.99713
23255 -2 -1.99713
23256 -2 -1.99713
23257 -2 -1.99713
23258 -2 -1.99713
23259 -2 -1.99713
23260 -2 -1.99713
23261 -2 -1.99713
23262 -2 -1.99713
23263 -2 -1.99713
23264 -2 -1.99713
23265 -2 -1.99713
23266 -2 -1.99713
23267 -2 -1.99713
23268 -2 -1.99713
23269 -2 -1.99713
23270 -2 -1.99713
23271 -2 -1.99713
23272 -2 -1.99713
23273 -2 -1.99713
23274 -1.98 -1.99713
23275 -2 -1.99713
23276 -2 -1.99713
23277 -2 -1.99713
23278 -2 -1.99713
23279 -2 -1.99713
23280 -1.98 -1.99713
23281 -2 -1.99713
23282 -2 -1.99713
23283 -2 -1.99713
23284 -2 -1.99713
23285 -2 -1.99713
23286 -2 -1.99713
23287 -2 -1.99713
23288 -2 -1.99713
23289 -2 -1.99713
23290 -2 -1.99713
23291 -2 -1.99713
23292 -2 -1.99713
23293 -2 -1.99713
23294 -2 -1.99713
23295 -2 -1.99713
23296 -2 -1.99713
23297 -2 -1.99713
23298 -2 -1.99713
23299 -2 -1.99713
23300 -2 -1.99713
23301 -1.98 -1.99713
23302 -2 -1.99713
23303 -2 -1.99713
23304 -1.98 -1.99713
23305 -2 -1.99713
23306 -2 -1.99713
23307 -2 -1.99713
23308 -2 -1.99713
23309 -1.98 -1.99713
23310 -2 -1.99713
23311 -2 -1.99713
23312 -1.98 -1.99713
23313 -2 -1.99713
23314 -2 -1.99713
23315 -2 -1.99713
23316 -2 -1.99713
23317 -2 -1.99713
23318 -2 -1.99713
23319 -2 -1.99713
23320 -2 -1.99713
23321 -2 -1.99713
23322 -2 -1.99713
23323 -2 -1.99713
23324 -2 -1.99713
23325 -2 -1.99713
23326 -2 -1.99713
23327 -2 -1.99713
23328 -2 -1.99713
23329 -2 -1.99713
23330 -2 -1.99713
23331 -2 -1.99713
23332 -2 -1.99713
23333 -2 -1.99713
23334 -2 -1.99713
23335 -1.98 -1.99713
23336 -2 -1.99713
23337 -2 -1.99713
23338 -2 -1.99713
23339 -2 -1.99713
23340 -2 -1.99713
23341 -2 -1.99713
23342 -2 -1.99713
23343 -2 -1.99713
23344 -2 -1.99713
23345 -2 -1.99713
23346 -2 -1.99713
23347 -2 -1.99713
23348 -2 -1.99713
23349 -2 -1.99713
23350 -2 -1.99713
23351 -2 -1.99713
23352 -2 -1.99713
23353 -2 -1.99713
23354 -1.98 -1.99713
23355 -1.98 -1.99713
23356 -1.98 -1.99713
23357 -2 -1.99713
23358 -2 -1.99713
23359 -2 -1.99713
23360 -2 -1.99713
23361 -2 -1.99713
23362 -2 -1.99713
23363 -2 -1.99713
23364 -2 -1.99713
23365 -2 -1.99713
23366 -2 -1.99713
23367 -2 -1.99713
23368 -2 -1.99713
23369 -2 -1.99713
23370 -2 -1.99713
23371 -2 -1.99713
23372 -2 -1.99713
23373 -2 -1.99713
23374 -2 -1.99713
23375 -2 -1.99713
23376 -2 -1.99713
23377 -2 -1.99713
23378 -2 -1.99713
23379 -2 -1.99713
23380 -2 -1.99713
23381 -2 -1.99713
23382 -2 -1.99713
23383 -2 -1.99713
23384 -2 -1.99713
23385 -1.98 -1.99713
23386 -1.98 -1.99713
23387 -1.97 -1.99713
23388 -2 -1.99713
23389 -2 -1.99713
23390 -2 -1.99713
23391 -1.98 -1.99713
23392 -1.98 -1.99713
23393 -2 -1.99713
23394 -2 -1.99713
23395 -2 -1.99713
23396 -2 -1.99713
23397 -2 -1.99713
23398 -2 -1.99713
23399 -2 -1.99713
23400 -2 -1.99713
23401 -2 -1.99713
23402 -2 -1.99713
23403 -2 -1.99713
23404 -2 -1.99713
23405 -2 -1.99713
23406 -1.98 -1.99713
23407 -1.98 -1.99713
23408 -2 -1.99713
23409 -2 -1.99713
23410 -2 -1.99713
23411 -2 -1.99713
23412 -2 -1.99713
23413 -1.98 -1.99713
23414 -1.98 -1.99713
23415 -2 -1.99713
23416 -2 -1.99713
23417 -2 -1.99713
23418 -2 -1.99713
23419 -2 -1.99713
23420 -2 -1.99713
23421 -2 -1.99713
23422 -2 -1.99713
23423 -2 -1.99713
23424 -2 -1.99713
23425 -2 -1.99713
23426 -1.98 -1.99713
23427 -2 -1.99713
23428 -2 -1.99713
23429 -2 -1.99713
23430 -2 -1.99713
23431 -2 -1.99713
23432 -2 -1.99713
23433 -2 -1.99713
23434 -1.98 -1.99713
23435 -1.98 -1.99713
23436 -2 -1.99713
23437 -2 -1.99713
23438 -2 -1.99713
23439 -1.98 -1.99713
23440 -2 -1.99713
23441 -2 -1.99713
23442 -1.98 -1.99713
23443 -1.98 -1.99713
23444 -2 -1.99713
23445 -1.98 -1.99713
23446 -2 -1.99713
23447 -2 -1.99713
23448 -2 -1.99713
23449 -2 -1.99713
23450 -2 -1.99713
23451 -1.98 -1.99713
23452 -2 -1.99713
23453 -1.98 -1.99713
23454 -1.98 -1.99713
23455 -2 -1.99713
23456 -2 -1.99713
23457 -2 -1.99713
23458 -2 -1.99713
23459 -2 -1.99713
23460 -1.98 -1.99713
23461 -1.98 -1.99713
23462 -2 -1.99713
23463 -2 -1.99713
23464 -2 -1.99713
23465 -2 -1.99713
23466 -2 -1.99713
23467 -2 -1.99713
23468 -2 -1.99713
23469 -2 -1.99713
23470 -2 -1.99713
23471 -1.98 -1.99713
23472 -1.98 -1.99713
23473 -2 -1.99713
23474 -2 -1.99713
23475 -2 -1.99713
23476 -1.98 -1.99712
23477 -2 -1.99712
23478 -2 -1.99713
23479 -2 -1.99713
23480 -2 -1.99713
23481 -2 -1.99713
23482 -2 -1.99713
23483 -2 -1.99713
23484 -2 -1.99713
23485 -2 -1.99713
23486 -2 -1.99713
23487 -2 -1.99713
23488 -2 -1.99713
23489 -2 -1.99713
23490 -2 -1.99713
23491 -2 -1.99713
23492 -2 -1.99713
23493 -2 -1.99713
23494 -2 -1.99713
23495 -2 -1.99713
23496 -2 -1.99713
23497 -2 -1.99713
23498 -2 -1.99713
23499 -2 -1.99713
23500 -2 -1.99713
23501 -2 -1.99713
23502 -2 -1.99713
23503 -2 -1.99713
23504 -2 -1.99713
23505 -2 -1.99713
23506 -2 -1.99713
23507 -2 -1.99713
23508 -2 -1.99713
23509 -2 -1.99713
23510 -2 -1.99713
23511 -2 -1.99713
23512 -2 -1.99713
23513 -1.98 -1.99713
23514 -2 -1.99713
23515 -2 -1.99713
23516 -2 -1.99713
23517 -1.98 -1.99713
23518 -2 -1.99713
23519 -2 -1.99713
23520 -2 -1.99713
23521 -2 -1.99713
23522 -2 -1.99713
23523 -2 -1.99713
23524 -2 -1.99713
23525 -2 -1.99713
23526 -2 -1.99713
23527 -2 -1.99713
23528 -2 -1.99713
23529 -2 -1.99713
23530 -2 -1.99713
23531 -2 -1.99713
23532 -1.98 -1.99713
23533 -1.98 -1.99713
23534 -1.98 -1.99713
23535 -2 -1.99713
23536 -2 -1.99713
23537 -2 -1.99713
23538 -2 -1.99713
23539 -2 -1.99713
23540 -2 -1.99713
23541 -2 -1.99713
23542 -1.98 -1.99713
23543 -1.98 -1.99713
23544 -2 -1.99713
23545 -2 -1.99713
23546 -2 -1.99713
23547 -2 -1.99713
23548 -1.98 -1.99713
23549 -1.97 -1.99713
23550 -1.97 -1.99712
23551 -1.97 -1.99712
23552 -1.97 -1.99712
23553 -1.98 -1.99712
23554 -2 -1.99712
23555 -2 -1.99712
23556 -2 -1.99712
23557 -2 -1.99712
23558 -2 -1.99712
23559 -2 -1.99712
23560 -2 -1.99712
23561 -2 -1.99712
23562 -1.98 -1.99712
23563 -2 -1.99712
23564 -2 -1.99712
23565 -2 -1.99712
23566 -2 -1.99712
23567 -2 -1.99712
23568 -2 -1.99712
23569 -1.98 -1.99712
23570 -2 -1.99712
23571 -2 -1.99712
23572 -2 -1.99712
23573 -2 -1.99712
23574 -2 -1.99712
23575 -2 -1.99712
23576 -2 -1.99712
23577 -2 -1.99712
23578 -2 -1.99712
23579 -2 -1.99712
23580 -2 -1.99712
23581 -1.98 -1.99712
23582 -1.98 -1.99712
23583 -2 -1.99712
23584 -2 -1.99712
23585 -2 -1.99712
23586 -2 -1.99712
23587 -2 -1.99712
23588 -2 -1.99712
23589 -2 -1.99712
23590 -2 -1.99712
23591 -2 -1.99712
23592 -1.98 -1.99712
23593 -2 -1.99712
23594 -2 -1.99712
23595 -2 -1.99712
23596 -2 -1.99712
23597 -1.98 -1.99712
23598 -2 -1.99712
23599 -2 -1.99712
23600 -2 -1.99712
23601 -2 -1.99712
23602 -2 -1.99712
23603 -2 -1.99712
23604 -2 -1.99712
23605 -2 -1.99712
23606 -2 -1.99712
23607 -2 -1.99712
23608 -2 -1.99712
23609 -2 -1.99712
23610 -2 -1.99712
23611 -2 -1.99712
23612 -2 -1.99712
23613 -2 -1.99712
23614 -2 -1.99712
23615 -2 -1.99712
23616 -2 -1.99712
23617 -2 -1.99712
23618 -2 -1.99712
23619 -2 -1.99712
23620 -2 -1.99712
23621 -2 -1.99712
23622 -2 -1.99712
23623 -2 -1.99712
23624 -2 -1.99713
23625 -2 -1.99713
23626 -2 -1.99713
23627 -2 -1.99713
23628 -2 -1.99713
23629 -1.98 -1.99712
23630 -1.98 -1.99712
23631 -1.98 -1.99712
23632 -1.98 -1.99712
23633 -2 -1.99712
23634 -2 -1.99712
23635 -2 -1.99712
23636 -2 -1.99712
23637 -2 -1.99712
23638 -2 -1.99712
23639 -2 -1.99712
23640 -2 -1.99712
23641 -2 -1.99712
23642 -2 -1.99712
23643 -1.98 -1.99712
23644 -1.98 -1.99712
23645 -1.98 -1.99712
23646 -1.98 -1.99712
23647 -1.98 -1.99712
23648 -2 -1.99712
23649 -2 -1.99712
23650 -2 -1.99712
23651 -2 -1.99712
23652 -2 -1.99712
23653 -2 -1.99712
23654 -2 -1.99712
23655 -2 -1.99712
23656 -2 -1.99712
23657 -2 -1.99712
23658 -2 -1.99712
23659 -2 -1.99712
23660 -2 -1.99712
23661 -2 -1.99712
23662 -2 -1.99712
23663 -2 -1.99712
23664 -2 -1.99712
23665 -2 -1.99712
23666 -2 -1.99712
23667 -2 -1.99712
23668 -1.98 -1.99712
23669 -1.98 -1.99712
23670 -1.97 -1.99712
23671 -2 -1.99712
23672 -2 -1.99712
23673 -2 -1.99712
23674 -2 -1.99712
23675 -2 -1.99712
23676 -2 -1.99712
23677 -2 -1.99712
23678 -2 -1.99712
23679 -2 -1.99712
23680 -2 -1.99712
23681 -2 -1.99712
23682 -2 -1.99712
23683 -2 -1.99712
23684 -2 -1.99712
23685 -2 -1.99712
23686 -2 -1.99712
23687 -2 -1.99712
23688 -2 -1.99712
23689 -2 -1.99712
23690 -2 -1.99712
23691 -2 -1.99712
23692 -2 -1.99712
23693 -2 -1.99712
23694 -2 -1.99712
23695 -2 -1.99712
23696 -2 -1.99712
23697 -2 -1.99712
23698 -2 -1.99712
23699 -2 -1.99712
23700 -2 -1.99712
23701 -2 -1.99712
23702 -1.98 -1.99712
23703 -2 -1.99712
23704 -2 -1.99712
23705 -2 -1.99712
23706 -2 -1.99712
23707 -2 -1.99712
23708 -2 -1.99712
23709 -2 -1.99712
23710 -2 -1.99712
23711 -2 -1.99712
23712 -2 -1.99712
23713 -2 -1.99712
23714 -2 -1.99712
23715 -2 -1.99712
23716 -2 -1.99712
23717 -2 -1.99712
23718 -2 -1.99713
23719 -1.98 -1.99712
23720 -1.98 -1.99712
23721 -2 -1.99712
23722 -2 -1.99712
23723 -2 -1.99712
23724 -2 -1.99712
23725 -2 -1.99712
23726 -2 -1.99712
23727 -2 -1.99712
23728 -2 -1.99712
23729 -2 -1.99712
23730 -1.98 -1.99712
23731 -1.98 -1.99712
23732 -1.98 -1.99712
23733 -2 -1.99712
23734 -2 -1.99712
23735 -2 -1.99712
23736 -2 -1.99712
23737 -2 -1.99712
23738 -2 -1.99712
23739 -2 -1.99712
23740 -2 -1.99712
23741 -2 -1.99712
23742 -2 -1.99712
23743 -2 -1.99712
23744 -2 -1.99712
23745 -2 -1.99712
23746 -2 -1.99712
23747 -2 -1.99712
23748 -2 -1.99712
23749 -2 -1.99712
23750 -2 -1.99712
23751 -1.98 -1.99712
23752 -2 -1.99712
23753 -2 -1.99712
23754 -2 -1.99712
23755 -2 -1.99712
23756 -2 -1.99712
23757 -2 -1.99712
23758 -2 -1.99712
23759 -2 -1.99713
23760 -2 -1.99713
23761 -2 -1.99713
23762 -2 -1.99713
23763 -2 -1.99713
23764 -2 -1.99713
23765 -2 -1.99713
23766 -2 -1.99713
23767 -2 -1.99713
23768 -2 -1.99713
23769 -2 -1.99713
23770 -2 -1.99713
23771 -2 -1.99713
23772 -2 -1.99713
23773 -2 -1.99713
23774 -2 -1.99713
23775 -2 -1.99713
23776 -2 -1.99713
23777 -1.98 -1.99713
23778 -2 -1.99713
23779 -2 -1.99713
23780 -2 -1.99713
23781 -2 -1.99713
23782 -2 -1.99713
23783 -2 -1.99713
23784 -2 -1.99713
23785 -2 -1.99713
23786 -2 -1.99713
23787 -2 -1.99713
23788 -2 -1.99713
23789 -2 -1.99713
23790 -2 -1.99713
23791 -2 -1.99713
23792 -2 -1.99713
23793 -2 -1.99713
23794 -1.98 -1.99713
23795 -2 -1.99713
23796 -2 -1.99713
23797 -2 -1.99713
23798 -2 -1.99713
23799 -2 -1.99713
23800 -2 -1.99713
23801 -1.98 -1.99713
23802 -2 -1.99713
23803 -2 -1.99713
23804 -2 -1.99713
23805 -2 -1.99713
23806 -2 -1.99713
23807 -2 -1.99713
23808 -2 -1.99713
23809 -2 -1.99713
23810 -2 -1.99713
23811 -2 -1.99713
23812 -2 -1.99713
23813 -2 -1.99713
23814 -2 -1.99713
23815 -2 -1.99713
23816 -2 -1.99713
23817 -2 -1.99713
23818 -2 -1.99713
23819 -2 -1.99713
23820 -2 -1.99713
23821 -2 -1.99713
23822 -2 -1.99713
23823 -2 -1.99713
23824 -2 -1.99713
23825 -2 -1.99713
23826 -2 -1.99713
23827 -1.98 -1.99713
23828 -2 -1.99713
23829 -2 -1.99713
23830 -2 -1.99713
23831 -1.98 -1.99713
23832 -2 -1.99713
23833 -2 -1.99713
23834 -2 -1.99713
23835 -2 -1.99713
23836 -2 -1.99713
23837 -2 -1.99713
23838 -2 -1.99713
23839 -2 -1.99713
23840 -2 -1.99713
23841 -2 -1.99713
23842 -2 -1.99713
23843 -2 -1.99713
23844 -2 -1.99713
23845 -2 -1.99713
23846 -2 -1.99713
23847 -2 -1.99713
23848 -2 -1.99713
23849 -2 -1.99713
23850 -2 -1.99713
23851 -2 -1.99713
23852 -2 -1.99713
23853 -2 -1.99713
23854 -2 -1.99713
23855 -2 -1.99713
23856 -2 -1.99713
23857 -2 -1.99713
23858 -2 -1.99713
23859 -2 -1.99713
23860 -2 -1.99713
23861 -2 -1.99713
23862 -2 -1.99713
23863 -2 -1.99713
23864 -2 -1.99713
23865 -1.97 -1.99713
23866 -2 -1.99713
23867 -2 -1.99713
23868 -2 -1.99713
23869 -2 -1.99713
23870 -2 -1.99713
23871 -1.98 -1.99713
23872 -2 -1.99713
23873 -2 -1.99713
23874 -2 -1.99713
23875 -2 -1.99713
23876 -2 -1.99713
23877 -2 -1.99713
23878 -2 -1.99713
23879 -2 -1.99713
23880 -2 -1.99713
23881 -2 -1.99713
23882 -2 -1.99713
23883 -2 -1.99713
23884 -2 -1.99713
23885 -2 -1.99713
23886 -2 -1.99713
23887 -2 -1.99713
23888 -2 -1.99713
23889 -2 -1.99713
23890 -2 -1.99713
23891 -2 -1.99713
23892 -2 -1.99713
23893 -2 -1.99713
23894 -2 -1.99713
23895 -2 -1.99714
23896 -2 -1.99714
23897 -2 -1.99714
23898 -2 -1.99714
23899 -2 -1.99714
23900 -1.98 -1.99713
23901 -2 -1.99713
23902 -2 -1.99714
23903 -2 -1.99714
23904 -2 -1.99714
23905 -2 -1.99714
23906 -2 -1.99714
23907 -2 -1.99714
23908 -2 -1.99714
23909 -2 -1.99714
23910 -2 -1.99714
23911 -1.98 -1.99714
23912 -1.98 -1.99713
23913 -2 -1.99713
23914 -2 -1.99713
23915 -2 -1.99713
23916 -2 -1.99714
23917 -2 -1.99714
23918 -2 -1.99714
23919 -2 -1.99714
23920 -2 -1.99714
23921 -2 -1.99714
23922 -2 -1.99714
23923 -2 -1.99714
23924 -2 -1.99714
23925 -2 -1.99714
23926 -2 -1.99714
23927 -2 -1.99714
23928 -2 -1.99714
23929 -2 -1.99714
23930 -2 -1.99714
23931 -2 -1.99714
23932 -2 -1.99714
23933 -2 -1.99714
23934 -2 -1.99714
23935 -1.98 -1.99714
23936 -1.98 -1.99714
23937 -1.98 -1.99714
23938 -2 -1.99714
23939 -2 -1.99714
23940 -2 -1.99714
23941 -2 -1.99714
23942 -1.98 -1.99713
23943 -1.98 -1.99713
23944 -2 -1.99713
23945 -2 -1.99713
23946 -2 -1.99713
23947 -2 -1.99713
23948 -2 -1.99713
23949 -2 -1.99713
23950 -2 -1.99713
23951 -2 -1.99714
23952 -2 -1.99714
23953 -2 -1.99714
23954 -2 -1.99714
23955 -2 -1.99714
23956 -2 -1.99714
23957 -2 -1.99714
23958 -2 -1.99714
23959 -2 -1.99714
23960 -2 -1.99714
23961 -2 -1.99714
23962 -2 -1.99714
23963 -2 -1.99714
23964 -2 -1.99714
23965 -2 -1.99714
23966 -2 -1.99714
23967 -2 -1.99714
23968 -1.98 -1.99714
23969 -2 -1.99714
23970 -2 -1.99714
23971 -2 -1.99714
23972 -2 -1.99714
23973 -2 -1.99714
23974 -2 -1.99714
23975 -2 -1.99714
23976 -2 -1.99714
23977 -2 -1.99714
23978 -2 -1.99714
23979 -2 -1.99714
23980 -2 -1.99714
23981 -2 -1.99714
23982 -2 -1.99714
23983 -2 -1.99714
23984 -1.98 -1.99714
23985 -2 -1.99714
23986 -2 -1.99714
23987 -2 -1.99714
23988 -2 -1.99714
23989 -2 -1.99714
23990 -2 -1.99714
23991 -2 -1.99714
23992 -2 -1.99714
23993 -2 -1.99714
23994 -2 -1.99714
23995 -2 -1.99714
23996 -2 -1.99714
23997 -2 -1.99714
23998 -2 -1.99714
23999 -2 -1.99714
24000 -2 -1.99714
24001 -2 -1.99714
24002 -2 -1.99714
24003 -2 -1.99714
24004 -2 -1.99714
24005 -2 -1.99714
24006 -2 -1.99714
24007 -2 -1.99714
24008 -2 -1.99714
24009 -2 -1.99714
24010 -2 -1.99714
24011 -2 -1.99714
24012 -2 -1.99714
24013 -2 -1.99714
24014 -2 -1.99714
24015 -2 -1.99714
24016 -2 -1.99714
24017 -2 -1.99714
24018 -2 -1.99714
24019 -2 -1.99714
24020 -2 -1.99714
24021 -2 -1.99714
24022 -1.98 -1.99714
24023 -2 -1.99714
24024 -2 -1.99714
24025 -2 -1.99714
24026 -2 -1.99714
24027 -1.98 -1.99714
24028 -2 -1.99714
24029 -2 -1.99714
24030 -2 -1.99714
24031 -2 -1.99714
24032 -2 -1.99714
24033 -2 -1.99714
24034 -1.98 -1.99714
24035 -2 -1.99714
24036 -2 -1.99714
24037 -2 -1.99714
24038 -2 -1.99714
24039 -2 -1.99714
24040 -2 -1.99714
24041 -2 -1.99714
24042 -2 -1.99714
24043 -2 -1.99714
24044 -2 -1.99714
24045 -2 -1.99714
24046 -2 -1.99714
24047 -2 -1.99714
24048 -2 -1.99714
24049 -2 -1.99714
24050 -2 -1.99714
24051 -2 -1.99714
24052 -2 -1.99714
24053 -2 -1.99714
24054 -2 -1.99714
24055 -2 -1.99714
24056 -2 -1.99714
24057 -2 -1.99714
24058 -2 -1.99714
24059 -2 -1.99714
24060 -2 -1.99714
24061 -2 -1.99714
24062 -2 -1.99714
24063 -2 -1.99714
24064 -2 -1.99714
24065 -2 -1.99714
24066 -2 -1.99714
24067 -2 -1.99714
24068 -2 -1.99714
24069 -2 -1.99714
24070 -1.98 -1.99714
24071 -2 -1.99714
24072 -2 -1.99714
24073 -2 -1.99714
24074 -2 -1.99714
24075 -2 -1.99714
24076 -1.98 -1.99714
24077 -2 -1.99714
24078 -2 -1.99714
24079 -2 -1.99714
24080 -2 -1.99714
24081 -2 -1.99714
24082 -2 -1.99714
24083 -2 -1.99714
24084 -2 -1.99715
24085 -2 -1.99715
24086 -2 -1.99715
24087 -1.98 -1.99714
24088 -2 -1.99714
24089 -2 -1.99714
24090 -2 -1.99714
24091 -2 -1.99715
24092 -2 -1.99715
24093 -2 -1.99715
24094 -2 -1.99715
24095 -2 -1.99715
24096 -2 -1.99715
24097 -2 -1.99715
24098 -2 -1.99715
24099 -2 -1.99715
24100 -2 -1.99715
24101 -2 -1.99715
24102 -2 -1.99715
24103 -2 -1.99715
24104 -2 -1.99715
24105 -2 -1.99715
24106 -2 -1.99715
24107 -2 -1.99715
24108 -2 -1.99715
24109 -2 -1.99715
24110 -1.98 -1.99715
24111 -1.98 -1.99715
24112 -2 -1.99715
24113 -2 -1.99715
24114 -2 -1.99715
24115 -2 -1.99715
24116 -2 -1.99715
24117 -2 -1.99715
24118 -2 -1.99715
24119 -2 -1.99715
24120 -2 -1.99715
24121 -2 -1.99715
24122 -2 -1.99715
24123 -2 -1.99715
24124 -2 -1.99715
24125 -2 -1.99715
24126 -2 -1.99715
24127 -2 -1.99715
24128 -2 -1.99715
24129 -2 -1.99715
24130 -2 -1.99715
24131 -1.98 -1.99715
24132 -2 -1.99715
24133 -2 -1.99715
24134 -2 -1.99715
24135 -1.98 -1.99715
24136 -2 -1.99715
24137 -2 -1.99715
24138 -2 -1.99715
24139 -2 -1.99715
24140 -2 -1.99715
24141 -2 -1.99715
24142 -2 -1.99715
24143 -2 -1.99715
24144 -2 -1.99715
24145 -2 -1.99715
24146 -2 -1.99715
24147 -2 -1.99715
24148 -2 -1.99715
24149 -2 -1.99715
24150 -2 -1.99715
24151 -2 -1.99715
24152 -2 -1.99715
24153 -2 -1.99715
24154 -2 -1.99715
24155 -2 -1.99715
24156 -2 -1.99715
24157 -2 -1.99715
24158 -2 -1.99715
24159 -2 -1.99715
24160 -2 -1.99715
24161 -2 -1.99715
24162 -2 -1.99715
24163 -2 -1.99715
24164 -2 -1.99715
24165 -2 -1.99715
24166 -2 -1.99715
24167 -2 -1.99715
24168 -2 -1.99715
24169 -2 -1.99715
24170 -2 -1.99715
24171 -2 -1.99715
24172 -2 -1.99715
24173 -2 -1.99715
24174 -2 -1.99715
24175 -2 -1.99715
24176 -2 -1.99715
24177 -2 -1.99715
24178 -2 -1.99715
24179 -2 -1.99715
24180 -2 -1.99715
24181 -2 -1.99715
24182 -2 -1.99715
24183 -2 -1.99715
24184 -2 -1.99715
24185 -2 -1.99715
24186 -2 -1.99715
24187 -2 -1.99715
24188 -2 -1.99715
24189 -2 -1.99715
24190 -2 -1.99715
24191 -2 -1.99715
24192 -1.98 -1.99715
24193 -1.98 -1.99715
24194 -2 -1.99715
24195 -2 -1.99715
24196 -2 -1.99715
24197 -2 -1.99715
24198 -2 -1.99715
24199 -2 -1.99715
24200 -2 -1.99715
24201 -2 -1.99715
24202 -2 -1.99715
24203 -1.98 -1.99715
24204 -2 -1.99715
24205 -2 -1.99715
24206 -2 -1.99715
24207 -2 -1.99715
24208 -2 -1.99715
24209 -2 -1.99715
24210 -1.98 -1.99715
24211 -1.98 -1.99715
24212 -2 -1.99715
24213 -2 -1.99715
24214 -2 -1.99715
24215 -2 -1.99715
24216 -1.98 -1.99715
24217 -2 -1.99715
24218 -2 -1.99715
24219 -2 -1.99715
24220 -2 -1.99715
24221 -2 -1.99715
24222 -1.98 -1.99715
24223 -2 -1.99715
24224 -2 -1.99715
24225 -2 -1.99715
24226 -2 -1.99715
24227 -2 -1.99715
24228 -2 -1.99715
24229 -2 -1.99715
24230 -2 -1.99715
24231 -2 -1.99715
24232 -2 -1.99715
24233 -2 -1.99715
24234 -2 -1.99715
24235 -2 -1.99715
24236 -2 -1.99715
24237 -2 -1.99715
24238 -2 -1.99715
24239 -2 -1.99715
24240 -2 -1.99715
24241 -2 -1.99715
24242 -2 -1.99715
24243 -2 -1.99715
24244 -2 -1.99715
24245 -2 -1.99715
24246 -2 -1.99715
24247 -2 -1.99715
24248 -2 -1.99715
24249 -2 -1.99715
24250 -2 -1.99715
24251 -2 -1.99715
24252 -2 -1.99715
24253 -2 -1.99716
24254 -2 -1.99716
24255 -2 -1.99716
24256 -2 -1.99716
24257 -2 -1.99716
24258 -1.98 -1.99715
24259 -2 -1.99715
24260 -2 -1.99716
24261 -1.98 -1.99715
24262 -2 -1.99715
24263 -2 -1.99715
24264 -2 -1.99715
24265 -2 -1.99715
24266 -2 -1.99715
24267 -2 -1.99716
24268 -2 -1.99716
24269 -2 -1.99716
24270 -2 -1.99716
24271 -2 -1.99716
24272 -2 -1.99716
24273 -2 -1.99716
24274 -2 -1.99716
24275 -2 -1.99716
24276 -2 -1.99716
24277 -2 -1.99716
24278 -2 -1.99716
24279 -1.98 -1.99716
24280 -2 -1.99716
24281 -2 -1.99716
24282 -2 -1.99716
24283 -2 -1.99716
24284 -2 -1.99716
24285 -2 -1.99716
24286 -2 -1.99716
24287 -2 -1.99716
24288 -2 -1.99716
24289 -2 -1.99716
24290 -2 -1.99716
24291 -2 -1.99716
24292 -1.98 -1.99716
24293 -2 -1.99716
24294 -2 -1.99716
24295 -2 -1.99716
24296 -2 -1.99716
24297 -2 -1.99716
24298 -2 -1.99716
24299 -2 -1.99716
24300 -2 -1.99716
24301 -2 -1.99716
24302 -2 -1.99716
24303 -2 -1.99716
24304 -2 -1.99716
24305 -2 -1.99716
24306 -2 -1.99716
24307 -2 -1.99716
24308 -2 -1.99716
24309 -2 -1.99716
24310 -2 -1.99716
24311 -2 -1.99716
24312 -1.98 -1.99716
24313 -2 -1.99716
24314 -2 -1.99716
24315 -2 -1.99716
24316 -2 -1.99716
24317 -2 -1.99716
24318 -2 -1.99716
24319 -2 -1.99716
24320 -2 -1.99716
24321 -2 -1.99716
24322 -2 -1.99716
24323 -2 -1.99716
24324 -2 -1.99716
24325 -2 -1.99716
24326 -2 -1.99716
24327 -2 -1.99716
24328 -2 -1.99716
24329 -2 -1.99716
24330 -2 -1.99716
24331 -2 -1.99716
24332 -2 -1.99716
24333 -1.98 -1.99716
24334 -2 -1.99716
24335 -2 -1.99716
24336 -2 -1.99716
24337 -2 -1.99716
24338 -2 -1.99716
24339 -2 -1.99716
24340 -2 -1.99716
24341 -2 -1.99716
24342 -2 -1.99716
24343 -2 -1.99716
24344 -2 -1.99716
24345 -2 -1.99716
24346 -2 -1.99716
24347 -2 -1.99716
24348 -2 -1.99716
24349 -2 -1.99716
24350 -1.98 -1.99716
24351 -2 -1.99716
24352 -2 -1.99716
24353 -2 -1.99716
24354 -2 -1.99716
24355 -2 -1.99716
24356 -1.98 -1.99716
24357 -2 -1.99716
24358 -2 -1.99716
24359 -2 -1.99716
24360 -2 -1.99716
24361 -2 -1.99716
24362 -2 -1.99716
24363 -1.96 -1.99716
24364 -1.96 -1.99716
24365 -2 -1.99716
24366 -2 -1.99716
24367 -2 -1.99716
24368 -2 -1.99716
24369 -2 -1.99716
24370 -2 -1.99716
24371 -2 -1.99716
24372 -1.96 -1.99716
24373 -1.98 -1.99716
24374 -2 -1.99716
24375 -2 -1.99716
24376 -2 -1.99716
24377 -1.98 -1.99716
24378 -2 -1.99716
24379 -2 -1.99716
24380 -2 -1.99716
24381 -1.98 -1.99716
24382 -2 -1.99716
24383 -2 -1.99716
24384 -2 -1.99716
24385 -2 -1.99716
24386 -2 -1.99716
24387 -2 -1.99716
24388 -2 -1.99716
24389 -2 -1.99716
24390 -2 -1.99716
24391 -2 -1.99716
24392 -2 -1.99716
24393 -2 -1.99716
24394 -2 -1.99716
24395 -2 -1.99716
24396 -2 -1.99716
24397 -2 -1.99716
24398 -2 -1.99716
24399 -1.98 -1.99716
24400 -2 -1.99716
24401 -2 -1.99716
24402 -1.98 -1.99716
24403 -1.98 -1.99716
24404 -2 -1.99716
24405 -1.98 -1.99716
24406 -1.98 -1.99715
24407 -1.98 -1.99715
24408 -2 -1.99715
24409 -2 -1.99715
24410 -2 -1.99715
24411 -2 -1.99715
24412 -2 -1.99715
24413 -2 -1.99715
24414 -2 -1.99716
24415 -2 -1.99716
24416 -2 -1.99716
24417 -2 -1.99716
24418 -2 -1.99716
24419 -2 -1.99716
24420 -2 -1.99716
24421 -2 -1.99716
24422 -2 -1.99716
24423 -2 -1.99716
24424 -2 -1.99716
24425 -2 -1.99716
24426 -2 -1.99716
24427 -2 -1.99716
24428 -2 -1.99716
24429 -2 -1.99716
24430 -1.98 -1.99716
24431 -2 -1.99716
24432 -2 -1.99716
24433 -1.98 -1.99716
24434 -2 -1.99716
24435 -2 -1.99716
24436 -2 -1.99716
24437 -2 -1.99716
24438 -2 -1.99716
24439 -2 -1.99716
24440 -2 -1.99716
24441 -1.98 -1.99716
24442 -2 -1.99716
24443 -2 -1.99716
24444 -2 -1.99716
24445 -2 -1.99716
24446 -2 -1.99716
24447 -2 -1.99716
24448 -2 -1.99716
24449 -2 -1.99716
24450 -2 -1.99716
24451 -2 -1.99716
24452 -2 -1.99716
24453 -1.98 -1.99716
24454 -1.98 -1.99716
24455 -2 -1.99716
24456 -2 -1.99716
24457 -2 -1.99716
24458 -2 -1.99716
24459 -2 -1.99716
24460 -2 -1.99716
24461 -2 -1.99716
24462 -2 -1.99716
24463 -2 -1.99716
24464 -2 -1.99716
24465 -1.98 -1.99716
24466 -2 -1.99716
24467 -2 -1.99716
24468 -2 -1.99716
24469 -2 -1.99716
24470 -2 -1.99716
24471 -2 -1.99716
24472 -2 -1.99716
24473 -2 -1.99716
24474 -2 -1.99716
24475 -2 -1.99716
24476 -2 -1.99716
24477 -2 -1.99716
24478 -2 -1.99716
24479 -2 -1.99716
24480 -2 -1.99716
24481 -2 -1.99716
24482 -2 -1.99716
24483 -2 -1.99716
24484 -2 -1.99716
24485 -2 -1.99716
24486 -2 -1.99716
24487 -2 -1.99716
24488 -2 -1.99716
24489 -2 -1.99716
24490 -2 -1.99716
24491 -2 -1.99716
24492 -2 -1.99716
24493 -2 -1.99716
24494 -2 -1.99716
24495 -2 -1.99716
24496 -2 -1.99716
24497 -2 -1.99716
24498 -2 -1.99716
24499 -1.97 -1.99716
24500 -1.98 -1.99716
24501 -1.98 -1.99716
24502 -2 -1.99716
24503 -2 -1.99716
24504 -2 -1.99716
24505 -2 -1.99716
24506 -2 -1.99716
24507 -2 -1.99716
24508 -2 -1.99716
24509 -2 -1.99716
24510 -2 -1.99716
24511 -2 -1.99716
24512 -2 -1.99716
24513 -2 -1.99716
24514 -2 -1.99716
24515 -2 -1.99716
24516 -2 -1.99716
24517 -2 -1.99716
24518 -2 -1.99716
24519 -2 -1.99716
24520 -2 -1.99716
24521 -2 -1.99716
24522 -2 -1.99716
24523 -2 -1.99716
24524 -2 -1.99716
24525 -2 -1.99716
24526 -2 -1.99716
24527 -2 -1.99716
24528 -2 -1.99716
24529 -2 -1.99716
24530 -2 -1.99716
24531 -2 -1.99716
24532 -2 -1.99716
24533 -2 -1.99716
24534 -2 -1.99716
24535 -2 -1.99716
24536 -2 -1.99716
24537 -1.98 -1.99716
24538 -2 -1.99716
24539 -2 -1.99716
24540 -2 -1.99716
24541 -2 -1.99716
24542 -2 -1.99716
24543 -2 -1.99716
24544 -2 -1.99716
24545 -2 -1.99716
24546 -1.98 -1.99716
24547 -1.98 -1.99716
24548 -2 -1.99716
24549 -2 -1.99716
24550 -2 -1.99716
24551 -2 -1.99716
24552 -2 -1.99716
24553 -2 -1.99716
24554 -2 -1.99716
24555 -2 -1.99716
24556 -2 -1.99716
24557 -1.98 -1.99716
24558 -2 -1.99716
24559 -2 -1.99716
24560 -2 -1.99716
24561 -1.98 -1.99716
24562 -2 -1.99716
24563 -2 -1.99716
24564 -2 -1.99716
24565 -2 -1.99716
24566 -2 -1.99716
24567 -2 -1.99716
24568 -2 -1.99716
24569 -2 -1.99716
24570 -2 -1.99716
24571 -2 -1.99716
24572 -2 -1.99716
24573 -2 -1.99716
24574 -2 -1.99716
24575 -2 -1.99716
24576 -2 -1.99716
24577 -2 -1.99716
24578 -2 -1.99716
24579 -2 -1.99716
24580 -2 -1.99716
24581 -2 -1.99716
24582 -1.97 -1.99716
24583 -2 -1.99716
24584 -2 -1.99716
24585 -2 -1.99716
24586 -2 -1.99716
24587 -2 -1.99716
24588 -2 -1.99716
24589 -2 -1.99716
24590 -2 -1.99716
24591 -1.98 -1.99716
24592 -2 -1.99716
24593 -2 -1.99716
24594 -2 -1.99716
24595 -2 -1.99716
24596 -2 -1.99716
24597 -2 -1.99716
24598 -2 -1.99716
24599 -2 -1.99716
24600 -2 -1.99716
24601 -2 -1.99716
24602 -2 -1.99716
24603 -2 -1.99716
24604 -2 -1.99716
24605 -2 -1.99716
24606 -2 -1.99716
24607 -2 -1.99716
24608 -2 -1.99716
24609 -2 -1.99716
24610 -2 -1.99716
24611 -2 -1.99716
24612 -2 -1.99716
24613 -2 -1.99716
24614 -2 -1.99716
24615 -2 -1.99716
24616 -2 -1.99716
24617 -2 -1.99716
24618 -2 -1.99716
24619 -2 -1.99716
24620 -2 -1.99717
24621 -1.97 -1.99716
24622 -2 -1.99716
24623 -1.98 -1.99716
24624 -2 -1.99716
24625 -2 -1.99716
24626 -2 -1.99716
24627 -2 -1.99716
24628 -2 -1.99716
24629 -2 -1.99716
24630 -2 -1.99716
24631 -2 -1.99716
24632 -2 -1.99716
24633 -2 -1.99716
24634 -2 -1.99716
24635 -2 -1.99716
24636 -2 -1.99716
24637 -2 -1.99716
24638 -2 -1.99717
24639 -2 -1.99717
24640 -2 -1.99717
24641 -2 -1.99717
24642 -2 -1.99717
24643 -2 -1.99717
24644 -2 -1.99717
24645 -2 -1.99717
24646 -2 -1.99717
24647 -2 -1.99717
24648 -2 -1.99717
24649 -1.98 -1.99717
24650 -2 -1.99717
24651 -2 -1.99717
24652 -2 -1.99717
24653 -2 -1.99717
24654 -2 -1.99717
24655 -2 -1.99717
24656 -2 -1.99717
24657 -2 -1.99717
24658 -2 -1.99717
24659 -2 -1.99717
24660 -2 -1.99717
24661 -1.98 -1.99717
24662 -1.98 -1.99717
24663 -2 -1.99717
24664 -1.96 -1.99716
24665 -1.98 -1.99716
24666 -1.98 -1.99716
24667 -2 -1.99716
24668 -2 -1.99716
24669 -2 -1.99716
24670 -2 -1.99716
24671 -2 -1.99716
24672 -2 -1.99716
24673 -2 -1.99716
24674 -2 -1.99716
24675 -2 -1.99716
24676 -2 -1.99716
24677 -2 -1.99716
24678 -1.98 -1.99716
24679 -2 -1.99716
24680 -2 -1.99716
24681 -2 -1.99716
24682 -1.98 -1.99716
24683 -1.96 -1.99716
24684 -1.98 -1.99716
24685 -2 -1.99716
24686 -2 -1.99716
24687 -1.98 -1.99716
24688 -2 -1.99716
24689 -2 -1.99716
24690 -2 -1.99716
24691 -2 -1.99716
24692 -2 -1.99716
24693 -2 -1.99716
24694 -1.98 -1.99716
24695 -1.98 -1.99716
24696 -1.98 -1.99716
24697 -1.98 -1.99716
24698 -1.98 -1.99716
24699 -2 -1.99716
24700 -2 -1.99716
24701 -2 -1.99716
24702 -2 -1.99716
24703 -2 -1.99716
24704 -2 -1.99716
24705 -2 -1.99716
24706 -2 -1.99716
24707 -2 -1.99716
24708 -2 -1.99716
24709 -2 -1.99716
24710 -2 -1.99716
24711 -2 -1.99716
24712 -2 -1.99716
24713 -2 -1.99716
24714 -2 -1.99716
24715 -2 -1.99716
24716 -2 -1.99716
24717 -2 -1.99716
24718 -2 -1.99716
24719 -1.98 -1.99716
24720 -2 -1.99716
24721 -2 -1.99716
24722 -2 -1.99716
24723 -2 -1.99716
24724 -2 -1.99716
24725 -2 -1.99716
24726 -2 -1.99716
24727 -2 -1.99716
24728 -2 -1.99716
24729 -2 -1.99716
24730 -2 -1.99716
24731 -2 -1.99716
24732 -2 -1.99716
24733 -2 -1.99716
24734 -2 -1.99716
24735 -2 -1.99716
24736 -2 -1.99716
24737 -2 -1.99716
24738 -2 -1.99716
24739 -2 -1.99716
24740 -2 -1.99716
24741 -2 -1.99716
24742 -2 -1.99716
24743 -2 -1.99716
24744 -2 -1.99716
24745 -2 -1.99716
24746 -2 -1.99716
24747 -2 -1.99716
24748 -2 -1.99716
24749 -2 -1.99716
24750 -2 -1.99716
24751 -2 -1.99716
24752 -2 -1.99716
24753 -2 -1.99716
24754 -1.98 -1.99716
24755 -2 -1.99716
24756 -2 -1.99716
24757 -2 -1.99716
24758 -2 -1.99716
24759 -2 -1.99716
24760 -2 -1.99716
24761 -2 -1.99716
24762 -2 -1.99716
24763 -2 -1.99716
24764 -2 -1.99716
24765 -2 -1.99716
24766 -2 -1.99716
24767 -2 -1.99716
24768 -2 -1.99716
24769 -1.98 -1.99716
24770 -1.98 -1.99716
24771 -1.98 -1.99716
24772 -2 -1.99716
24773 -2 -1.99716
24774 -2 -1.99716
24775 -2 -1.99716
24776 -2 -1.99716
24777 -2 -1.99716
24778 -2 -1.99716
24779 -2 -1.99716
24780 -2 -1.99716
24781 -2 -1.99716
24782 -2 -1.99716
24783 -2 -1.99716
24784 -2 -1.99716
24785 -2 -1.99716
24786 -2 -1.99716
24787 -2 -1.99716
24788 -2 -1.99716
24789 -2 -1.99716
24790 -2 -1.99716
24791 -2 -1.99716
24792 -2 -1.99716
24793 -2 -1.99716
24794 -2 -1.99716
24795 -2 -1.99716
24796 -1.98 -1.99716
24797 -1.98 -1.99716
24798 -2 -1.99716
24799 -2 -1.99716
24800 -2 -1.99716
24801 -1.98 -1.99716
24802 -2 -1.99716
24803 -2 -1.99716
24804 -2 -1.99716
24805 -2 -1.99716
24806 -2 -1.99716
24807 -1.98 -1.99716
24808 -2 -1.99716
24809 -2 -1.99716
24810 -2 -1.99716
24811 -2 -1.99716
24812 -2 -1.99716
24813 -2 -1.99716
24814 -2 -1.99716
24815 -2 -1.99716
24816 -2 -1.99716
24817 -2 -1.99716
24818 -2 -1.99716
24819 -2 -1.99716
24820 -2 -1.99716
24821 -2 -1.99716
24822 -2 -1.99716
24823 -2 -1.99716
24824 -2 -1.99716
24825 -2 -1.99716
24826 -2 -1.99716
24827 -2 -1.99716
24828 -2 -1.99717
24829 -2 -1.99717
24830 -2 -1.99717
24831 -2 -1.99717
24832 -2 -1.99717
24833 -2 -1.99717
24834 -2 -1.99717
24835 -2 -1.99717
24836 -2 -1.99717
24837 -2 -1.99717
24838 -2 -1.99717
24839 -2 -1.99717
24840 -2 -1.99717
24841 -2 -1.99717
24842 -2 -1.99717
24843 -2 -1.99717
24844 -2 -1.99717
24845 -2 -1.99717
24846 -2 -1.99717
24847 -2 -1.99717
24848 -2 -1.99717
24849 -2 -1.99717
24850 -2 -1.99717
24851 -1.98 -1.99717
24852 -1.97 -1.99717
24853 -1.97 -1.99716
24854 -2 -1.99716
24855 -2 -1.99716
24856 -2 -1.99716
24857 -2 -1.99717
24858 -2 -1.99717
24859 -2 -1.99717
24860 -2 -1.99717
24861 -1.98 -1.99716
24862 -1.98 -1.99716
24863 -2 -1.99716
24864 -1.98 -1.99716
24865 -2 -1.99716
24866 -2 -1.99716
24867 -2 -1.99716
24868 -2 -1.99716
24869 -2 -1.99716
24870 -2 -1.99716
24871 -2 -1.99716
24872 -2 -1.99716
24873 -2 -1.99716
24874 -2 -1.99716
24875 -2 -1.99716
24876 -2 -1.99716
24877 -2 -1.99716
24878 -2 -1.99717
24879 -2 -1.99717
24880 -2 -1.99717
24881 -2 -1.99717
24882 -2 -1.99717
24883 -1.98 -1.99716
24884 -1.98 -1.99716
24885 -2 -1.99716
24886 -1.98 -1.99716
24887 -2 -1.99716
24888 -2 -1.99716
24889 -2 -1.99716
24890 -2 -1.99716
24891 -2 -1.99716
24892 -2 -1.99716
24893 -2 -1.99716
24894 -2 -1.99716
24895 -2 -1.99716
24896 -2 -1.99716
24897 -2 -1.99716
24898 -2 -1.99716
24899 -2 -1.99717
24900 -2 -1.99717
24901 -2 -1.99717
24902 -2 -1.99717
24903 -1.98 -1.99716
24904 -1.98 -1.99716
24905 -1.98 -1.99716
24906 -1.98 -1.99716
24907 -1.98 -1.99716
24908 -2 -1.99716
24909 -2 -1.99716
24910 -2 -1.99716
24911 -2 -1.99716
24912 -2 -1.99716
24913 -2 -1.99716
24914 -2 -1.99716
24915 -2 -1.99716
24916 -2 -1.99716
24917 -2 -1.99716
24918 -2 -1.99716
24919 -2 -1.99716
24920 -2 -1.99716
24921 -1.98 -1.99716
24922 -2 -1.99716
24923 -1.98 -1.99716
24924 -1.98 -1.99716
24925 -1.98 -1.99716
24926 -2 -1.99716
24927 -2 -1.99716
24928 -2 -1.99716
24929 -2 -1.99716
24930 -2 -1.99716
24931 -2 -1.99716
24932 -2 -1.99716
24933 -2 -1.99716
24934 -2 -1.99716
24935 -2 -1.99716
24936 -2 -1.99716
24937 -2 -1.99716
24938 -2 -1.99716
24939 -2 -1.99716
24940 -2 -1.99716
24941 -2 -1.99716
24942 -2 -1.99716
24943 -2 -1.99716
24944 -2 -1.99716
24945 -2 -1.99716
24946 -2 -1.99716
24947 -2 -1.99716
24948 -2 -1.99716
24949 -2 -1.99716
24950 -1.98 -1.99716
24951 -2 -1.99716
24952 -2 -1.99716
24953 -2 -1.99716
24954 -2 -1.99716
24955 -1.98 -1.99716
24956 -1.98 -1.99716
24957 -1.98 -1.99716
24958 -2 -1.99716
24959 -2 -1.99716
24960 -2 -1.99716
24961 -2 -1.99716
24962 -2 -1.99716
24963 -2 -1.99716
24964 -2 -1.99716
24965 -2 -1.99716
24966 -2 -1.99716
24967 -1.96 -1.99716
24968 -1.98 -1.99716
24969 -1.98 -1.99716
24970 -1.98 -1.99716
24971 -1.98 -1.99716
24972 -1.98 -1.99716
24973 -2 -1.99716
24974 -2 -1.99716
24975 -2 -1.99716
24976 -2 -1.99716
24977 -2 -1.99716
24978 -1.98 -1.99716
24979 -2 -1.99716
24980 -2 -1.99716
24981 -2 -1.99716
24982 -2 -1.99716
24983 -2 -1.99716
24984 -2 -1.99716
24985 -2 -1.99716
24986 -2 -1.99716
24987 -2 -1.99716
24988 -2 -1.99716
24989 -2 -1.99716
24990 -2 -1.99716
24991 -2 -1.99716
24992 -2 -1.99716
24993 -2 -1.99716
24994 -2 -1.99716
24995 -2 -1.99716
24996 -2 -1.99716
24997 -2 -1.99716
24998 -2 -1.99716
24999 -2 -1.99716
25000 -2 -1.99716
25001 -2 -1.99716
25002 -2 -1.99716
25003 -2 -1.99716
25004 -2 -1.99716
25005 -2 -1.99716
25006 -2 -1.99716
25007 -2 -1.99716
25008 -2 -1.99716
25009 -2 -1.99716
25010 -2 -1.99716
25011 -2 -1.99716
25012 -2 -1.99716
25013 -2 -1.99716
25014 -2 -1.99716
25015 -2 -1.99716
25016 -2 -1.99716
25017 -2 -1.99716
25018 -2 -1.99716
25019 -2 -1.99716
25020 -2 -1.99716
25021 -2 -1.99716
25022 -2 -1.99716
25023 -2 -1.99716
25024 -2 -1.99716
25025 -2 -1.99716
25026 -2 -1.99716
25027 -2 -1.99716
25028 -1.98 -1.99716
25029 -1.98 -1.99716
25030 -2 -1.99716
25031 -2 -1.99716
25032 -2 -1.99716
25033 -2 -1.99716
25034 -2 -1.99716
25035 -2 -1.99716
25036 -2 -1.99716
25037 -1.98 -1.99716
25038 -2 -1.99716
25039 -2 -1.99716
25040 -2 -1.99716
25041 -2 -1.99716
25042 -2 -1.99716
25043 -2 -1.99716
25044 -2 -1.99716
25045 -2 -1.99716
25046 -2 -1.99716
25047 -2 -1.99716
25048 -2 -1.99716
25049 -2 -1.99716
25050 -2 -1.99716
25051 -2 -1.99716
25052 -2 -1.99716
25053 -2 -1.99716
25054 -2 -1.99716
25055 -2 -1.99716
25056 -2 -1.99716
25057 -2 -1.99716
25058 -2 -1.99716
25059 -2 -1.99716
25060 -2 -1.99716
25061 -2 -1.99716
25062 -2 -1.99716
25063 -2 -1.99716
25064 -2 -1.99716
25065 -2 -1.99716
25066 -2 -1.99716
25067 -2 -1.99716
25068 -2 -1.99717
25069 -2 -1.99717
25070 -2 -1.99717
25071 -2 -1.99717
25072 -2 -1.99717
25073 -2 -1.99717
25074 -1.98 -1.99716
25075 -2 -1.99717
25076 -2 -1.99717
25077 -1.98 -1.99716
25078 -2 -1.99716
25079 -2 -1.99716
25080 -2 -1.99716
25081 -2 -1.99716
25082 -1.98 -1.99716
25083 -1.98 -1.99716
25084 -1.98 -1.99716
25085 -1.98 -1.99716
25086 -1.98 -1.99716
25087 -1.98 -1.99716
25088 -2 -1.99716
25089 -2 -1.99716
25090 -2 -1.99716
25091 -2 -1.99716
25092 -2 -1.99716
25093 -2 -1.99716
25094 -2 -1.99716
25095 -2 -1.99716
25096 -1.98 -1.99716
25097 -2 -1.99716
25098 -2 -1.99716
25099 -2 -1.99716
25100 -2 -1.99716
25101 -2 -1.99716
25102 -2 -1.99716
25103 -2 -1.99716
25104 -2 -1.99716
25105 -2 -1.99716
25106 -2 -1.99716
25107 -2 -1.99716
25108 -2 -1.99716
25109 -2 -1.99716
25110 -2 -1.99716
25111 -2 -1.99716
25112 -2 -1.99716
25113 -1.98 -1.99716
25114 -1.98 -1.99716
25115 -2 -1.99716
25116 -2 -1.99716
25117 -2 -1.99716
25118 -2 -1.99716
25119 -2 -1.99716
25120 -2 -1.99716
25121 -2 -1.99716
25122 -2 -1.99716
25123 -2 -1.99716
25124 -2 -1.99716
25125 -2 -1.99716
25126 -2 -1.99716
25127 -2 -1.99716
25128 -2 -1.99716
25129 -2 -1.99716
25130 -2 -1.99716
25131 -2 -1.99716
25132 -2 -1.99716
25133 -2 -1.99716
25134 -2 -1.99716
25135 -1.98 -1.99716
25136 -2 -1.99716
25137 -2 -1.99716
25138 -2 -1.99716
25139 -2 -1.99716
25140 -2 -1.99716
25141 -2 -1.99716
25142 -1.98 -1.99716
25143 -2 -1.99716
25144 -2 -1.99716
25145 -2 -1.99716
25146 -2 -1.99716
25147 -2 -1.99716
25148 -2 -1.99716
25149 -2 -1.99716
25150 -2 -1.99716
25151 -2 -1.99716
25152 -2 -1.99716
25153 -2 -1.99716
25154 -1.98 -1.99716
25155 -2 -1.99716
25156 -1.97 -1.99716
25157 -1.97 -1.99716
25158 -2 -1.99716
25159 -2 -1.99716
25160 -2 -1.99716
25161 -2 -1.99716
25162 -2 -1.99716
25163 -2 -1.99716
25164 -2 -1.99716
25165 -2 -1.99716
25166 -2 -1.99716
25167 -2 -1.99716
25168 -2 -1.99716
25169 -2 -1.99716
25170 -2 -1.99716
25171 -2 -1.99716
25172 -2 -1.99716
25173 -2 -1.99716
25174 -2 -1.99716
25175 -2 -1.99716
25176 -2 -1.99716
25177 -2 -1.99716
25178 -2 -1.99716
25179 -2 -1.99716
25180 -2 -1.99716
25181 -2 -1.99716
25182 -2 -1.99716
25183 -2 -1.99716
25184 -1.97 -1.99716
25185 -1.98 -1.99716
25186 -1.98 -1.99716
25187 -2 -1.99716
25188 -2 -1.99716
25189 -2 -1.99716
25190 -1.98 -1.99716
25191 -2 -1.99716
25192 -2 -1.99716
25193 -2 -1.99716
25194 -2 -1.99716
25195 -2 -1.99716
25196 -1.98 -1.99716
25197 -1.98 -1.99716
25198 -2 -1.99716
25199 -2 -1.99716
25200 -2 -1.99716
25201 -2 -1.99716
25202 -2 -1.99716
25203 -2 -1.99716
25204 -2 -1.99716
25205 -2 -1.99716
25206 -2 -1.99716
25207 -2 -1.99716
25208 -2 -1.99716
25209 -2 -1.99716
25210 -2 -1.99716
25211 -2 -1.99716
25212 -2 -1.99716
25213 -1.98 -1.99716
25214 -2 -1.99716
25215 -2 -1.99716
25216 -2 -1.99716
25217 -2 -1.99716
25218 -2 -1.99716
25219 -2 -1.99716
25220 -2 -1.99716
25221 -2 -1.99716
25222 -2 -1.99716
25223 -2 -1.99716
25224 -1.98 -1.99716
25225 -2 -1.99716
25226 -2 -1.99716
25227 -2 -1.99716
25228 -2 -1.99716
25229 -2 -1.99716
25230 -2 -1.99716
25231 -2 -1.99716
25232 -1.98 -1.99716
25233 -2 -1.99716
25234 -2 -1.99716
25235 -2 -1.99716
25236 -1.98 -1.99716
25237 -1.98 -1.99716
25238 -2 -1.99716
25239 -1.98 -1.99716
25240 -1.98 -1.99716
25241 -1.97 -1.99716
25242 -2 -1.99716
25243 -2 -1.99716
25244 -2 -1.99716
25245 -2 -1.99716
25246 -2 -1.99716
25247 -2 -1.99716
25248 -2 -1.99716
25249 -2 -1.99716
25250 -1.98 -1.99716
25251 -1.98 -1.99716
25252 -1.98 -1.99716
25253 -2 -1.99716
25254 -2 -1.99716
25255 -2 -1.99716
25256 -2 -1.99716
25257 -2 -1.99716
25258 -2 -1.99716
25259 -1.98 -1.99716
25260 -2 -1.99716
25261 -2 -1.99716
25262 -1.98 -1.99716
25263 -1.98 -1.99716
25264 -1.98 -1.99716
25265 -2 -1.99716
25266 -2 -1.99716
25267 -1.98 -1.99716
25268 -1.98 -1.99716
25269 -2 -1.99716
25270 -2 -1.99716
25271 -2 -1.99716
25272 -2 -1.99716
25273 -2 -1.99716
25274 -2 -1.99716
25275 -2 -1.99716
25276 -2 -1.99716
25277 -2 -1.99716
25278 -2 -1.99716
25279 -2 -1.99716
25280 -2 -1.99716
25281 -2 -1.99716
25282 -2 -1.99716
25283 -2 -1.99716
25284 -2 -1.99716
25285 -2 -1.99716
25286 -2 -1.99716
25287 -1.98 -1.99716
25288 -2 -1.99716
25289 -2 -1.99716
25290 -2 -1.99716
25291 -2 -1.99716
25292 -2 -1.99716
25293 -2 -1.99716
25294 -2 -1.99716
25295 -2 -1.99716
25296 -2 -1.99716
25297 -2 -1.99716
25298 -2 -1.99716
25299 -2 -1.99716
25300 -2 -1.99716
25301 -2 -1.99716
25302 -2 -1.99716
25303 -2 -1.99716
25304 -2 -1.99716
25305 -2 -1.99716
25306 -2 -1.99716
25307 -2 -1.99716
25308 -2 -1.99716
25309 -1.98 -1.99716
25310 -1.98 -1.99716
25311 -2 -1.99716
25312 -2 -1.99716
25313 -2 -1.99716
25314 -1.98 -1.99716
25315 -2 -1.99716
25316 -2 -1.99716
25317 -2 -1.99716
25318 -2 -1.99716
25319 -1.98 -1.99716
25320 -2 -1.99716
25321 -2 -1.99716
25322 -2 -1.99716
25323 -2 -1.99716
25324 -2 -1.99716
25325 -2 -1.99716
25326 -1.98 -1.99716
25327 -2 -1.99716
25328 -2 -1.99716
25329 -2 -1.99716
25330 -2 -1.99716
25331 -2 -1.99716
25332 -2 -1.99716
25333 -2 -1.99716
25334 -1.98 -1.99716
25335 -1.98 -1.99716
25336 -1.98 -1.99716
25337 -2 -1.99716
25338 -2 -1.99716
25339 -2 -1.99716
25340 -2 -1.99716
25341 -2 -1.99716
25342 -2 -1.99716
25343 -2 -1.99716
25344 -2 -1.99716
25345 -1.98 -1.99716
25346 -1.98 -1.99716
25347 -2 -1.99716
25348 -2 -1.99716
25349 -2 -1.99716
25350 -2 -1.99716
25351 -2 -1.99716
25352 -2 -1.99716
25353 -1.98 -1.99716
25354 -2 -1.99716
25355 -2 -1.99716
25356 -2 -1.99716
25357 -2 -1.99716
25358 -2 -1.99716
25359 -2 -1.99716
25360 -2 -1.99716
25361 -2 -1.99716
25362 -2 -1.99716
25363 -2 -1.99716
25364 -2 -1.99716
25365 -2 -1.99716
25366 -2 -1.99716
25367 -1.98 -1.99716
25368 -2 -1.99716
25369 -2 -1.99716
25370 -1.98 -1.99716
25371 -2 -1.99716
25372 -2 -1.99716
25373 -1.98 -1.99715
25374 -1.98 -1.99715
25375 -2 -1.99715
25376 -2 -1.99715
25377 -2 -1.99715
25378 -2 -1.99715
25379 -2 -1.99715
25380 -2 -1.99715
25381 -2 -1.99716
25382 -2 -1.99716
25383 -2 -1.99716
25384 -2 -1.99716
25385 -2 -1.99716
25386 -2 -1.99716
25387 -2 -1.99716
25388 -2 -1.99716
25389 -2 -1.99716
25390 -2 -1.99716
25391 -2 -1.99716
25392 -2 -1.99716
25393 -2 -1.99716
25394 -2 -1.99716
25395 -2 -1.99716
25396 -2 -1.99716
25397 -2 -1.99716
25398 -2 -1.99716
25399 -2 -1.99716
25400 -2 -1.99716
25401 -2 -1.99716
25402 -1.98 -1.99716
25403 -1.98 -1.99716
25404 -1.98 -1.99716
25405 -1.98 -1.99715
25406 -1.96 -1.99715
25407 -2 -1.99715
25408 -2 -1.99715
25409 -2 -1.99715
25410 -2 -1.99715
25411 -2 -1.99715
25412 -2 -1.99715
25413 -2 -1.99715
25414 -1.98 -1.99715
25415 -2 -1.99715
25416 -2 -1.99715
25417 -2 -1.99715
25418 -1.98 -1.99715
25419 -2 -1.99715
25420 -2 -1.99715
25421 -2 -1.99715
25422 -2 -1.99715
25423 -1.98 -1.99715
25424 -1.98 -1.99715
25425 -1.98 -1.99715
25426 -1.98 -1.99715
25427 -2 -1.99715
25428 -2 -1.99715
25429 -2 -1.99715
25430 -2 -1.99715
25431 -1.98 -1.99715
25432 -2 -1.99715
25433 -2 -1.99715
25434 -1.98 -1.99715
25435 -2 -1.99715
25436 -2 -1.99715
25437 -2 -1.99715
25438 -2 -1.99715
25439 -2 -1.99715
25440 -2 -1.99715
25441 -1.98 -1.99715
25442 -2 -1.99715
25443 -2 -1.99715
25444 -2 -1.99715
25445 -2 -1.99715
25446 -2 -1.99715
25447 -2 -1.99715
25448 -2 -1.99715
25449 -2 -1.99715
25450 -2 -1.99715
25451 -2 -1.99715
25452 -2 -1.99715
25453 -2 -1.99715
25454 -2 -1.99715
25455 -2 -1.99715
25456 -2 -1.99715
25457 -2 -1.99715
25458 -2 -1.99715
25459 -2 -1.99715
25460 -2 -1.99715
25461 -2 -1.99715
25462 -2 -1.99715
25463 -2 -1.99715
25464 -2 -1.99715
25465 -2 -1.99715
25466 -2 -1.99715
25467 -2 -1.99715
25468 -1.98 -1.99715
25469 -2 -1.99715
25470 -2 -1.99715
25471 -1.98 -1.99715
25472 -1.98 -1.99715
25473 -1.98 -1.99715
25474 -2 -1.99715
25475 -2 -1.99715
25476 -2 -1.99715
25477 -2 -1.99715
25478 -2 -1.99715
25479 -2 -1.99715
25480 -2 -1.99715
25481 -2 -1.99715
25482 -2 -1.99715
25483 -1.98 -1.99715
25484 -1.98 -1.99715
25485 -2 -1.99715
25486 -2 -1.99715
25487 -2 -1.99715
25488 -1.98 -1.99715
25489 -2 -1.99715
25490 -2 -1.99715
25491 -1.98 -1.99715
25492 -1.98 -1.99715
25493 -2 -1.99715
25494 -2 -1.99715
25495 -2 -1.99715
25496 -2 -1.99715
25497 -2 -1.99715
25498 -2 -1.99715
25499 -2 -1.99715
25500 -2 -1.99715
25501 -2 -1.99715
25502 -2 -1.99715
25503 -2 -1.99715
25504 -2 -1.99715
25505 -2 -1.99715
25506 -1.98 -1.99715
25507 -1.98 -1.99715
25508 -2 -1.99715
25509 -2 -1.99715
25510 -2 -1.99715
25511 -2 -1.99715
25512 -1.98 -1.99715
25513 -2 -1.99715
25514 -2 -1.99715
25515 -2 -1.99715
25516 -2 -1.99715
25517 -2 -1.99715
25518 -2 -1.99715
25519 -2 -1.99715
25520 -2 -1.99715
25521 -2 -1.99715
25522 -1.98 -1.99715
25523 -2 -1.99715
25524 -2 -1.99715
25525 -2 -1.99715
25526 -2 -1.99715
25527 -2 -1.99715
25528 -2 -1.99715
25529 -2 -1.99715
25530 -2 -1.99715
25531 -2 -1.99715
25532 -2 -1.99715
25533 -2 -1.99715
25534 -2 -1.99715
25535 -2 -1.99715
25536 -1.98 -1.99715
25537 -2 -1.99715
25538 -2 -1.99715
25539 -2 -1.99715
25540 -2 -1.99715
25541 -2 -1.99715
25542 -1.98 -1.99715
25543 -1.98 -1.99715
25544 -1.98 -1.99715
25545 -2 -1.99715
25546 -2 -1.99715
25547 -1.98 -1.99715
25548 -1.98 -1.99715
25549 -1.98 -1.99715
25550 -2 -1.99715
25551 -2 -1.99715
25552 -2 -1.99715
25553 -2 -1.99715
25554 -2 -1.99715
25555 -2 -1.99715
25556 -2 -1.99715
25557 -2 -1.99715
25558 -1.98 -1.99715
25559 -1.98 -1.99715
25560 -2 -1.99715
25561 -2 -1.99715
25562 -2 -1.99715
25563 -2 -1.99715
25564 -2 -1.99715
25565 -2 -1.99715
25566 -2 -1.99715
25567 -2 -1.99715
25568 -2 -1.99715
25569 -2 -1.99715
25570 -2 -1.99715
25571 -1.96 -1.99715
25572 -1.98 -1.99715
25573 -2 -1.99715
25574 -2 -1.99715
25575 -2 -1.99715
25576 -2 -1.99715
25577 -2 -1.99715
25578 -2 -1.99715
25579 -2 -1.99715
25580 -2 -1.99715
25581 -2 -1.99715
25582 -2 -1.99715
25583 -1.98 -1.99715
25584 -2 -1.99715
25585 -2 -1.99715
25586 -2 -1.99715
25587 -2 -1.99715
25588 -2 -1.99715
25589 -2 -1.99715
25590 -2 -1.99715
25591 -2 -1.99715
25592 -2 -1.99715
25593 -2 -1.99715
25594 -2 -1.99715
25595 -2 -1.99715
25596 -2 -1.99715
25597 -2 -1.99715
25598 -2 -1.99715
25599 -2 -1.99715
25600 -2 -1.99715
25601 -2 -1.99715
25602 -2 -1.99715
25603 -2 -1.99715
25604 -2 -1.99715
25605 -2 -1.99715
25606 -2 -1.99715
25607 -2 -1.99715
25608 -2 -1.99715
25609 -1.98 -1.99715
25610 -2 -1.99715
25611 -2 -1.99715
25612 -2 -1.99715
25613 -2 -1.99715
25614 -2 -1.99715
25615 -2 -1.99715
25616 -2 -1.99715
25617 -2 -1.99715
25618 -2 -1.99715
25619 -2 -1.99715
25620 -2 -1.99715
25621 -2 -1.99715
25622 -2 -1.99715
25623 -2 -1.99715
25624 -2 -1.99715
25625 -1.98 -1.99715
25626 -1.98 -1.99715
25627 -1.98 -1.99715
25628 -1.98 -1.99715
25629 -2 -1.99715
25630 -2 -1.99715
25631 -2 -1.99715
25632 -2 -1.99715
25633 -2 -1.99715
25634 -2 -1.99715
25635 -2 -1.99715
25636 -2 -1.99715
25637 -2 -1.99715
25638 -1.98 -1.99715
25639 -2 -1.99715
25640 -2 -1.99715
25641 -2 -1.99715
25642 -2 -1.99715
25643 -2 -1.99715
25644 -2 -1.99715
25645 -2 -1.99715
25646 -2 -1.99715
25647 -2 -1.99715
25648 -2 -1.99715
25649 -2 -1.99715
25650 -2 -1.99715
25651 -2 -1.99715
25652 -2 -1.99715
25653 -2 -1.99715
25654 -2 -1.99715
25655 -2 -1.99715
25656 -1.96 -1.99715
25657 -1.98 -1.99715
25658 -1.98 -1.99715
25659 -2 -1.99715
25660 -2 -1.99715
25661 -2 -1.99715
25662 -2 -1.99715
25663 -2 -1.99715
25664 -2 -1.99715
25665 -2 -1.99715
25666 -2 -1.99715
25667 -2 -1.99715
25668 -2 -1.99715
25669 -2 -1.99715
25670 -2 -1.99715
25671 -2 -1.99715
25672 -2 -1.99715
25673 -2 -1.99715
25674 -2 -1.99715
25675 -2 -1.99715
25676 -2 -1.99715
25677 -2 -1.99715
25678 -2 -1.99715
25679 -2 -1.99715
25680 -1.98 -1.99715
25681 -2 -1.99715
25682 -2 -1.99715
25683 -2 -1.99715
25684 -2 -1.99715
25685 -2 -1.99715
25686 -2 -1.99715
25687 -2 -1.99715
25688 -2 -1.99715
25689 -2 -1.99715
25690 -2 -1.99715
25691 -2 -1.99715
25692 -2 -1.99715
25693 -2 -1.99715
25694 -2 -1.99715
25695 -2 -1.99715
25696 -2 -1.99715
25697 -2 -1.99715
25698 -2 -1.99715
25699 -2 -1.99715
25700 -1.98 -1.99715
25701 -2 -1.99715
25702 -2 -1.99715
25703 -2 -1.99715
25704 -2 -1.99715
25705 -2 -1.99715
25706 -2 -1.99715
25707 -2 -1.99715
25708 -2 -1.99715
25709 -2 -1.99715
25710 -2 -1.99715
25711 -2 -1.99715
25712 -2 -1.99715
25713 -2 -1.99715
25714 -1.98 -1.99715
25715 -2 -1.99715
25716 -2 -1.99715
25717 -2 -1.99715
25718 -2 -1.99715
25719 -2 -1.99715
25720 -2 -1.99715
25721 -2 -1.99715
25722 -2 -1.99715
25723 -2 -1.99715
25724 -2 -1.99715
25725 -2 -1.99715
25726 -1.98 -1.99715
25727 -2 -1.99715
25728 -2 -1.99715
25729 -2 -1.99715
25730 -2 -1.99715
25731 -2 -1.99715
25732 -2 -1.99715
25733 -2 -1.99715
25734 -2 -1.99715
25735 -2 -1.99715
25736 -1.98 -1.99715
25737 -1.98 -1.99715
25738 -2 -1.99715
25739 -2 -1.99715
25740 -2 -1.99715
25741 -2 -1.99715
25742 -2 -1.99715
25743 -2 -1.99715
25744 -2 -1.99715
25745 -2 -1.99715
25746 -2 -1.99715
25747 -2 -1.99715
25748 -2 -1.99715
25749 -2 -1.99715
25750 -2 -1.99715
25751 -2 -1.99715
25752 -2 -1.99715
25753 -2 -1.99715
25754 -2 -1.99715
25755 -2 -1.99715
25756 -2 -1.99715
25757 -2 -1.99715
25758 -2 -1.99715
25759 -1.98 -1.99715
25760 -2 -1.99715
25761 -2 -1.99715
25762 -1.98 -1.99715
25763 -2 -1.99715
25764 -2 -1.99715
25765 -2 -1.99715
25766 -2 -1.99715
25767 -2 -1.99715
25768 -1.98 -1.99715
25769 -2 -1.99715
25770 -2 -1.99715
25771 -1.98 -1.99715
25772 -2 -1.99715
25773 -2 -1.99715
25774 -1.98 -1.99715
25775 -2 -1.99715
25776 -2 -1.99715
25777 -2 -1.99715
25778 -2 -1.99715
25779 -2 -1.99715
25780 -2 -1.99715
25781 -2 -1.99715
25782 -1.98 -1.99715
25783 -2 -1.99715
25784 -1.98 -1.99715
25785 -1.98 -1.99715
25786 -2 -1.99715
25787 -2 -1.99715
25788 -2 -1.99715
25789 -2 -1.99715
25790 -2 -1.99715
25791 -2 -1.99715
25792 -2 -1.99715
25793 -2 -1.99715
25794 -2 -1.99715
25795 -2 -1.99715
25796 -2 -1.99715
25797 -2 -1.99715
25798 -2 -1.99715
25799 -2 -1.99715
25800 -2 -1.99715
25801 -2 -1.99715
25802 -2 -1.99715
25803 -2 -1.99715
25804 -2 -1.99715
25805 -2 -1.99715
25806 -2 -1.99715
25807 -2 -1.99715
25808 -2 -1.99715
25809 -2 -1.99715
25810 -1.98 -1.99715
25811 -1.98 -1.99715
25812 -2 -1.99715
25813 -2 -1.99715
25814 -2 -1.99715
25815 -2 -1.99715
25816 -2 -1.99715
25817 -2 -1.99715
25818 -2 -1.99715
25819 -2 -1.99715
25820 -2 -1.99715
25821 -2 -1.99715
25822 -2 -1.99715
25823 -2 -1.99715
25824 -2 -1.99715
25825 -2 -1.99715
25826 -2 -1.99715
25827 -2 -1.99715
25828 -2 -1.99715
25829 -1.98 -1.99715
25830 -1.98 -1.99715
25831 -2 -1.99715
25832 -1.98 -1.99715
25833 -2 -1.99715
25834 -1.98 -1.99715
25835 -2 -1.99715
25836 -2 -1.99715
25837 -2 -1.99715
25838 -2 -1.99715
25839 -2 -1.99715
25840 -2 -1.99715
25841 -2 -1.99715
25842 -2 -1.99715
25843 -2 -1.99715
25844 -2 -1.99715
25845 -2 -1.99715
25846 -2 -1.99715
25847 -1.98 -1.99715
25848 -2 -1.99715
25849 -2 -1.99715
25850 -2 -1.99715
25851 -2 -1.99715
25852 -2 -1.99715
25853 -2 -1.99715
25854 -2 -1.99715
25855 -2 -1.99715
25856 -2 -1.99715
25857 -2 -1.99715
25858 -1.98 -1.99715
25859 -2 -1.99715
25860 -1.98 -1.99715
25861 -1.98 -1.99715
25862 -1.98 -1.99715
25863 -1.98 -1.99715
25864 -2 -1.99715
25865 -2 -1.99715
25866 -2 -1.99715
25867 -2 -1.99715
25868 -2 -1.99715
25869 -2 -1.99715
25870 -2 -1.99715
25871 -1.98 -1.99715
25872 -1.96 -1.99715
25873 -2 -1.99715
25874 -2 -1.99715
25875 -2 -1.99715
25876 -2 -1.99715
25877 -2 -1.99715
25878 -2 -1.99715
25879 -2 -1.99715
25880 -2 -1.99715
25881 -2 -1.99715
25882 -1.98 -1.99715
25883 -2 -1.99715
25884 -2 -1.99715
25885 -1.98 -1.99715
25886 -2 -1.99715
25887 -2 -1.99715
25888 -2 -1.99715
25889 -2 -1.99715
25890 -1.98 -1.99715
25891 -1.98 -1.99715
25892 -2 -1.99715
25893 -2 -1.99715
25894 -2 -1.99715
25895 -2 -1.99715
25896 -2 -1.99715
25897 -2 -1.99715
25898 -2 -1.99715
25899 -2 -1.99715
25900 -2 -1.99715
25901 -2 -1.99715
25902 -2 -1.99715
25903 -2 -1.99715
25904 -2 -1.99715
25905 -2 -1.99715
25906 -2 -1.99715
25907 -2 -1.99715
25908 -2 -1.99715
25909 -2 -1.99715
25910 -2 -1.99715
25911 -2 -1.99715
25912 -2 -1.99715
25913 -2 -1.99715
25914 -2 -1.99715
25915 -2 -1.99715
25916 -1.98 -1.99715
25917 -1.98 -1.99715
25918 -2 -1.99715
25919 -2 -1.99715
25920 -2 -1.99715
25921 -1.98 -1.99715
25922 -2 -1.99715
25923 -2 -1.99715
25924 -2 -1.99715
25925 -2 -1.99715
25926 -2 -1.99715
25927 -2 -1.99715
25928 -2 -1.99715
25929 -2 -1.99715
25930 -2 -1.99715
25931 -2 -1.99715
25932 -2 -1.99715
25933 -2 -1.99715
25934 -2 -1.99715
25935 -2 -1.99715
25936 -2 -1.99715
25937 -2 -1.99715
25938 -2 -1.99715
25939 -2 -1.99715
25940 -2 -1.99715
25941 -2 -1.99715
25942 -2 -1.99715
25943 -2 -1.99715
25944 -2 -1.99715
25945 -2 -1.99715
25946 -2 -1.99715
25947 -2 -1.99715
25948 -2 -1.99715
25949 -2 -1.99715
25950 -2 -1.99715
25951 -2 -1.99715
25952 -2 -1.99715
25953 -2 -1.99715
25954 -2 -1.99715
25955 -2 -1.99715
25956 -2 -1.99715
25957 -2 -1.99715
25958 -2 -1.99715
25959 -2 -1.99715
25960 -2 -1.99715
25961 -2 -1.99715
25962 -2 -1.99715
25963 -1.98 -1.99715
25964 -1.98 -1.99715
25965 -1.98 -1.99715
25966 -1.98 -1.99715
25967 -2 -1.99715
25968 -2 -1.99715
25969 -2 -1.99715
25970 -2 -1.99715
25971 -2 -1.99715
25972 -2 -1.99715
25973 -2 -1.99715
25974 -2 -1.99715
25975 -2 -1.99715
25976 -2 -1.99715
25977 -2 -1.99715
25978 -1.98 -1.99715
25979 -2 -1.99715
25980 -1.96 -1.99715
25981 -1.98 -1.99715
25982 -2 -1.99715
25983 -2 -1.99715
25984 -2 -1.99715
25985 -2 -1.99715
25986 -2 -1.99715
25987 -2 -1.99715
25988 -2 -1.99715
25989 -2 -1.99715
25990 -2 -1.99715
25991 -2 -1.99715
25992 -2 -1.99715
25993 -2 -1.99715
25994 -2 -1.99715
25995 -2 -1.99715
25996 -2 -1.99715
25997 -2 -1.99715
25998 -2 -1.99715
25999 -2 -1.99715
26000 -2 -1.99715
26001 -2 -1.99715
26002 -2 -1.99715
26003 -2 -1.99715
26004 -2 -1.99715
26005 -2 -1.99715
26006 -2 -1.99715
26007 -2 -1.99715
26008 -2 -1.99715
26009 -2 -1.99715
26010 -2 -1.99715
26011 -2 -1.99715
26012 -2 -1.99715
26013 -1.98 -1.99715
26014 -1.98 -1.99715
26015 -1.98 -1.99715
26016 -2 -1.99715
26017 -2 -1.99715
26018 -2 -1.99715
26019 -2 -1.99715
26020 -2 -1.99715
26021 -2 -1.99715
26022 -2 -1.99715
26023 -1.98 -1.99715
26024 -1.98 -1.99715
26025 -1.98 -1.99715
26026 -2 -1.99715
26027 -2 -1.99715
26028 -2 -1.99715
26029 -2 -1.99715
26030 -2 -1.99715
26031 -2 -1.99715
26032 -2 -1.99715
26033 -2 -1.99715
26034 -1.98 -1.99715
26035 -1.98 -1.99715
26036 -1.98 -1.99715
26037 -1.95 -1.99714
26038 -1.98 -1.99714
26039 -1.98 -1.99714
26040 -2 -1.99714
26041 -2 -1.99714
26042 -1.98 -1.99714
26043 -2 -1.99714
26044 -2 -1.99714
26045 -2 -1.99714
26046 -2 -1.99714
26047 -2 -1.99714
26048 -2 -1.99714
26049 -2 -1.99714
26050 -2 -1.99714
26051 -2 -1.99714
26052 -2 -1.99714
26053 -2 -1.99714
26054 -2 -1.99714
26055 -2 -1.99714
26056 -1.98 -1.99714
26057 -1.98 -1.99714
26058 -1.98 -1.99714
26059 -2 -1.99714
26060 -2 -1.99714
26061 -2 -1.99714
26062 -2 -1.99714
26063 -2 -1.99714
26064 -2 -1.99714
26065 -2 -1.99714
26066 -2 -1.99714
26067 -2 -1.99714
26068 -2 -1.99714
26069 -2 -1.99714
26070 -2 -1.99714
26071 -2 -1.99714
26072 -2 -1.99714
26073 -2 -1.99714
26074 -2 -1.99714
26075 -2 -1.99714
26076 -2 -1.99714
26077 -2 -1.99714
26078 -2 -1.99714
26079 -2 -1.99714
26080 -2 -1.99715
26081 -2 -1.99715
26082 -2 -1.99715
26083 -2 -1.99715
26084 -2 -1.99715
26085 -2 -1.99715
26086 -2 -1.99715
26087 -2 -1.99715
26088 -2 -1.99715
26089 -2 -1.99715
26090 -1.98 -1.99715
26091 -2 -1.99715
26092 -2 -1.99715
26093 -2 -1.99715
26094 -2 -1.99715
26095 -2 -1.99715
26096 -2 -1.99715
26097 -2 -1.99715
26098 -2 -1.99715
26099 -2 -1.99715
26100 -2 -1.99715
26101 -1.98 -1.99715
26102 -2 -1.99715
26103 -2 -1.99715
26104 -2 -1.99715
26105 -2 -1.99715
26106 -2 -1.99715
26107 -2 -1.99715
26108 -2 -1.99715
26109 -2 -1.99715
26110 -2 -1.99715
26111 -2 -1.99715
26112 -2 -1.99715
26113 -1.98 -1.99715
26114 -1.98 -1.99715
26115 -2 -1.99715
26116 -1.98 -1.99715
26117 -1.98 -1.99714
26118 -2 -1.99714
26119 -2 -1.99714
26120 -1.98 -1.99714
26121 -1.98 -1.99714
26122 -1.98 -1.99714
26123 -1.98 -1.99714
26124 -1.98 -1.99714
26125 -2 -1.99714
26126 -1.98 -1.99714
26127 -1.98 -1.99714
26128 -2 -1.99714
26129 -2 -1.99714
26130 -2 -1.99714
26131 -2 -1.99714
26132 -2 -1.99714
26133 -2 -1.99714
26134 -2 -1.99714
26135 -2 -1.99714
26136 -2 -1.99714
26137 -2 -1.99714
26138 -1.96 -1.99714
26139 -2 -1.99714
26140 -2 -1.99714
26141 -2 -1.99714
26142 -1.98 -1.99714
26143 -2 -1.99714
26144 -1.98 -1.99714
26145 -2 -1.99714
26146 -2 -1.99714
26147 -2 -1.99714
26148 -2 -1.99714
26149 -1.98 -1.99714
26150 -1.98 -1.99714
26151 -2 -1.99714
26152 -2 -1.99714
26153 -2 -1.99714
26154 -2 -1.99714
26155 -2 -1.99714
26156 -2 -1.99714
26157 -2 -1.99714
26158 -2 -1.99714
26159 -2 -1.99714
26160 -2 -1.99714
26161 -2 -1.99714
26162 -2 -1.99714
26163 -2 -1.99714
26164 -2 -1.99714
26165 -2 -1.99714
26166 -2 -1.99714
26167 -2 -1.99714
26168 -2 -1.99714
26169 -2 -1.99714
26170 -2 -1.99714
26171 -2 -1.99714
26172 -2 -1.99714
26173 -2 -1.99714
26174 -2 -1.99714
26175 -2 -1.99714
26176 -2 -1.99714
26177 -2 -1.99714
26178 -2 -1.99714
26179 -2 -1.99714
26180 -2 -1.99714
26181 -2 -1.99714
26182 -1.98 -1.99714
26183 -1.98 -1.99714
26184 -1.96 -1.99714
26185 -1.98 -1.99714
26186 -2 -1.99714
26187 -2 -1.99714
26188 -2 -1.99714
26189 -2 -1.99714
26190 -2 -1.99714
26191 -1.98 -1.99714
26192 -1.98 -1.99714
26193 -1.98 -1.99714
26194 -2 -1.99714
26195 -2 -1.99714
26196 -2 -1.99714
26197 -2 -1.99714
26198 -2 -1.99714
26199 -2 -1.99714
26200 -2 -1.99714
26201 -2 -1.99714
26202 -2 -1.99714
26203 -2 -1.99714
26204 -2 -1.99714
26205 -2 -1.99714
26206 -2 -1.99714
26207 -2 -1.99714
26208 -1.98 -1.99714
26209 -1.98 -1.99714
26210 -1.98 -1.99714
26211 -1.98 -1.99714
26212 -1.98 -1.99714
26213 -2 -1.99714
26214 -1.98 -1.99713
26215 -2 -1.99713
26216 -2 -1.99713
26217 -2 -1.99713
26218 -2 -1.99713
26219 -2 -1.99714
26220 -2 -1.99714
26221 -2 -1.99714
26222 -2 -1.99714
26223 -2 -1.99714
26224 -2 -1.99714
26225 -2 -1.99714
26226 -2 -1.99714
26227 -2 -1.99714
26228 -2 -1.99714
26229 -2 -1.99714
26230 -2 -1.99714
26231 -2 -1.99714
26232 -2 -1.99714
26233 -2 -1.99714
26234 -2 -1.99714
26235 -1.98 -1.99714
26236 -2 -1.99714
26237 -2 -1.99714
26238 -1.98 -1.99714
26239 -2 -1.99714
26240 -2 -1.99714
26241 -2 -1.99714
26242 -2 -1.99714
26243 -2 -1.99714
26244 -2 -1.99714
26245 -2 -1.99714
26246 -2 -1.99714
26247 -2 -1.99714
26248 -2 -1.99714
26249 -2 -1.99714
26250 -2 -1.99714
26251 -2 -1.99714
26252 -1.98 -1.99714
26253 -1.98 -1.99714
26254 -2 -1.99714
26255 -2 -1.99714
26256 -2 -1.99714
26257 -2 -1.99714
26258 -2 -1.99714
26259 -2 -1.99714
26260 -2 -1.99714
26261 -2 -1.99714
26262 -2 -1.99714
26263 -2 -1.99714
26264 -1.98 -1.99714
26265 -1.98 -1.99714
26266 -1.98 -1.99713
26267 -2 -1.99713
26268 -2 -1.99714
26269 -2 -1.99714
26270 -2 -1.99714
26271 -2 -1.99714
26272 -2 -1.99714
26273 -2 -1.99714
26274 -2 -1.99714
26275 -2 -1.99714
26276 -1.98 -1.99714
26277 -1.98 -1.99713
26278 -2 -1.99713
26279 -2 -1.99713
26280 -2 -1.99713
26281 -1.98 -1.99713
26282 -2 -1.99713
26283 -2 -1.99713
26284 -2 -1.99713
26285 -2 -1.99713
26286 -2 -1.99713
26287 -2 -1.99713
26288 -2 -1.99713
26289 -2 -1.99714
26290 -2 -1.99714
26291 -2 -1.99714
26292 -2 -1.99714
26293 -2 -1.99714
26294 -2 -1.99714
26295 -2 -1.99714
26296 -2 -1.99714
26297 -2 -1.99714
26298 -2 -1.99714
26299 -2 -1.99714
26300 -2 -1.99714
26301 -2 -1.99714
26302 -2 -1.99714
26303 -2 -1.99714
26304 -2 -1.99714
26305 -2 -1.99714
26306 -2 -1.99714
26307 -2 -1.99714
26308 -2 -1.99714
26309 -1.98 -1.99714
26310 -2 -1.99714
26311 -2 -1.99714
26312 -2 -1.99714
26313 -2 -1.99714
26314 -2 -1.99714
26315 -2 -1.99714
26316 -2 -1.99714
26317 -2 -1.99714
26318 -2 -1.99714
26319 -2 -1.99714
26320 -2 -1.99714
26321 -2 -1.99714
26322 -2 -1.99714
26323 -2 -1.99714
26324 -2 -1.99714
26325 -2 -1.99714
26326 -2 -1.99714
26327 -2 -1.99714
26328 -2 -1.99714
26329 -2 -1.99714
26330 -2 -1.99714
26331 -2 -1.99714
26332 -2 -1.99714
26333 -2 -1.99714
26334 -2 -1.99714
26335 -2 -1.99714
26336 -2 -1.99714
26337 -2 -1.99714
26338 -2 -1.99714
26339 -2 -1.99714
26340 -2 -1.99714
26341 -2 -1.99714
26342 -2 -1.99714
26343 -2 -1.99714
26344 -2 -1.99714
26345 -2 -1.99714
26346 -2 -1.99714
26347 -2 -1.99714
26348 -2 -1.99714
26349 -2 -1.99714
26350 -2 -1.99714
26351 -2 -1.99714
26352 -2 -1.99714
26353 -2 -1.99714
26354 -2 -1.99714
26355 -2 -1.99714
26356 -2 -1.99714
26357 -2 -1.99714
26358 -2 -1.99714
26359 -2 -1.99714
26360 -2 -1.99714
26361 -2 -1.99714
26362 -2 -1.99714
26363 -2 -1.99714
26364 -2 -1.99714
26365 -2 -1.99714
26366 -2 -1.99714
26367 -2 -1.99714
26368 -2 -1.99714
26369 -1.98 -1.99714
26370 -2 -1.99714
26371 -2 -1.99714
26372 -2 -1.99714
26373 -2 -1.99714
26374 -2 -1.99714
26375 -2 -1.99714
26376 -2 -1.99714
26377 -2 -1.99714
26378 -2 -1.99714
26379 -1.98 -1.99714
26380 -1.98 -1.99714
26381 -2 -1.99714
26382 -2 -1.99714
26383 -2 -1.99714
26384 -2 -1.99714
26385 -2 -1.99714
26386 -2 -1.99714
26387 -1.98 -1.99714
26388 -2 -1.99714
26389 -2 -1.99714
26390 -2 -1.99714
26391 -2 -1.99714
26392 -2 -1.99714
26393 -2 -1.99714
26394 -2 -1.99714
26395 -2 -1.99714
26396 -2 -1.99714
26397 -2 -1.99714
26398 -2 -1.99714
26399 -2 -1.99714
26400 -2 -1.99714
26401 -2 -1.99714
26402 -2 -1.99714
26403 -2 -1.99714
26404 -2 -1.99714
26405 -2 -1.99714
26406 -2 -1.99714
26407 -2 -1.99714
26408 -2 -1.99714
26409 -2 -1.99714
26410 -2 -1.99714
26411 -2 -1.99714
26412 -2 -1.99714
26413 -2 -1.99714
26414 -2 -1.99714
26415 -2 -1.99714
26416 -2 -1.99715
26417 -2 -1.99715
26418 -1.98 -1.99714
26419 -2 -1.99714
26420 -2 -1.99714
26421 -2 -1.99714
26422 -1.98 -1.99714
26423 -2 -1.99714
26424 -2 -1.99714
26425 -2 -1.99714
26426 -2 -1.99714
26427 -2 -1.99714
26428 -2 -1.99714
26429 -2 -1.99714
26430 -2 -1.99715
26431 -2 -1.99715
26432 -2 -1.99715
26433 -2 -1.99715
26434 -2 -1.99715
26435 -2 -1.99715
26436 -2 -1.99715
26437 -2 -1.99715
26438 -2 -1.99715
26439 -2 -1.99715
26440 -2 -1.99715
26441 -2 -1.99715
26442 -2 -1.99715
26443 -2 -1.99715
26444 -2 -1.99715
26445 -2 -1.99715
26446 -2 -1.99715
26447 -2 -1.99715
26448 -2 -1.99715
26449 -2 -1.99715
26450 -2 -1.99715
26451 -1.98 -1.99715
26452 -2 -1.99715
26453 -2 -1.99715
26454 -2 -1.99715
26455 -2 -1.99715
26456 -2 -1.99715
26457 -2 -1.99715
26458 -1.98 -1.99715
26459 -2 -1.99715
26460 -2 -1.99715
26461 -2 -1.99715
26462 -2 -1.99715
26463 -2 -1.99715
26464 -2 -1.99715
26465 -2 -1.99715
26466 -2 -1.99715
26467 -2 -1.99715
26468 -2 -1.99715
26469 -2 -1.99715
26470 -1.98 -1.99715
26471 -2 -1.99715
26472 -2 -1.99715
26473 -2 -1.99715
26474 -2 -1.99715
26475 -2 -1.99715
26476 -2 -1.99715
26477 -2 -1.99715
26478 -2 -1.99715
26479 -2 -1.99715
26480 -2 -1.99715
26481 -2 -1.99715
26482 -1.98 -1.99715
26483 -2 -1.99715
26484 -2 -1.99715
26485 -2 -1.99715
26486 -2 -1.99715
26487 -2 -1.99715
26488 -2 -1.99715
26489 -2 -1.99715
26490 -2 -1.99715
26491 -2 -1.99715
26492 -2 -1.99715
26493 -2 -1.99715
26494 -2 -1.99715
26495 -2 -1.99715
26496 -2 -1.99715
26497 -2 -1.99715
26498 -2 -1.99715
26499 -2 -1.99715
26500 -2 -1.99715
26501 -2 -1.99715
26502 -2 -1.99715
26503 -2 -1.99715
26504 -1.98 -1.99715
26505 -1.98 -1.99715
26506 -2 -1.99715
26507 -2 -1.99715
26508 -2 -1.99715
26509 -2 -1.99715
26510 -2 -1.99715
26511 -1.98 -1.99715
26512 -2 -1.99715
26513 -2 -1.99715
26514 -2 -1.99715
26515 -1.98 -1.99715
26516 -1.98 -1.99715
26517 -1.98 -1.99715
26518 -1.98 -1.99715
26519 -2 -1.99715
26520 -2 -1.99715
26521 -2 -1.99715
26522 -2 -1.99715
26523 -2 -1.99715
26524 -2 -1.99715
26525 -1.98 -1.99715
26526 -2 -1.99715
26527 -2 -1.99715
26528 -2 -1.99715
26529 -2 -1.99715
26530 -2 -1.99715
26531 -2 -1.99715
26532 -2 -1.99715
26533 -2 -1.99715
26534 -2 -1.99715
26535 -1.98 -1.99715
26536 -1.98 -1.99715
26537 -1.98 -1.99715
26538 -1.98 -1.99714
26539 -2 -1.99714
26540 -2 -1.99714
26541 -2 -1.99714
26542 -2 -1.99715
26543 -2 -1.99715
26544 -2 -1.99715
26545 -2 -1.99715
26546 -2 -1.99715
26547 -1.98 -1.99714
26548 -2 -1.99714
26549 -2 -1.99715
26550 -2 -1.99715
26551 -2 -1.99715
26552 -2 -1.99715
26553 -2 -1.99715
26554 -2 -1.99715
26555 -2 -1.99715
26556 -2 -1.99715
26557 -2 -1.99715
26558 -2 -1.99715
26559 -2 -1.99715
26560 -2 -1.99715
26561 -2 -1.99715
26562 -2 -1.99715
26563 -2 -1.99715
26564 -2 -1.99715
26565 -2 -1.99715
26566 -1.97 -1.99715
26567 -1.98 -1.99715
26568 -1.98 -1.99714
26569 -1.98 -1.99714
26570 -1.98 -1.99714
26571 -2 -1.99714
26572 -2 -1.99714
26573 -2 -1.99714
26574 -2 -1.99714
26575 -2 -1.99714
26576 -2 -1.99714
26577 -2 -1.99714
26578 -2 -1.99714
26579 -2 -1.99714
26580 -2 -1.99714
26581 -2 -1.99714
26582 -2 -1.99714
26583 -2 -1.99714
26584 -2 -1.99714
26585 -2 -1.99714
26586 -2 -1.99714
26587 -2 -1.99714
26588 -2 -1.99715
26589 -2 -1.99715
26590 -1.98 -1.99714
26591 -1.97 -1.99714
26592 -1.98 -1.99714
26593 -2 -1.99714
26594 -2 -1.99714
26595 -1.98 -1.99714
26596 -2 -1.99714
26597 -2 -1.99714
26598 -2 -1.99714
26599 -2 -1.99714
26600 -2 -1.99714
26601 -2 -1.99714
26602 -2 -1.99714
26603 -2 -1.99714
26604 -2 -1.99714
26605 -2 -1.99714
26606 -2 -1.99714
26607 -2 -1.99714
26608 -1.98 -1.99714
26609 -2 -1.99714
26610 -2 -1.99714
26611 -2 -1.99714
26612 -2 -1.99714
26613 -2 -1.99714
26614 -2 -1.99714
26615 -2 -1.99714
26616 -2 -1.99714
26617 -1.98 -1.99714
26618 -1.98 -1.99714
26619 -2 -1.99714
26620 -2 -1.99714
26621 -2 -1.99714
26622 -2 -1.99714
26623 -2 -1.99714
26624 -2 -1.99714
26625 -2 -1.99714
26626 -2 -1.99714
26627 -2 -1.99714
26628 -2 -1.99714
26629 -2 -1.99714
26630 -2 -1.99714
26631 -2 -1.99714
26632 -2 -1.99714
26633 -2 -1.99714
26634 -2 -1.99714
26635 -2 -1.99714
26636 -2 -1.99714
26637 -2 -1.99714
26638 -2 -1.99714
26639 -1.98 -1.99714
26640 -2 -1.99714
26641 -2 -1.99714
26642 -2 -1.99714
26643 -2 -1.99714
26644 -2 -1.99714
26645 -2 -1.99714
26646 -2 -1.99714
26647 -2 -1.99715
26648 -2 -1.99715
26649 -2 -1.99715
26650 -2 -1.99715
26651 -2 -1.99715
26652 -2 -1.99715
26653 -2 -1.99715
26654 -2 -1.99715
26655 -2 -1.99715
26656 -2 -1.99715
26657 -2 -1.99715
26658 -2 -1.99715
26659 -2 -1.99715
26660 -2 -1.99715
26661 -2 -1.99715
26662 -1.98 -1.99715
26663 -2 -1.99715
26664 -2 -1.99715
26665 -2 -1.99715
26666 -2 -1.99715
26667 -2 -1.99715
26668 -2 -1.99715
26669 -2 -1.99715
26670 -2 -1.99715
26671 -2 -1.99715
26672 -2 -1.99715
26673 -2 -1.99715
26674 -2 -1.99715
26675 -2 -1.99715
26676 -2 -1.99715
26677 -2 -1.99715
26678 -2 -1.99715
26679 -2 -1.99715
26680 -2 -1.99715
26681 -2 -1.99715
26682 -2 -1.99715
26683 -2 -1.99715
26684 -1.98 -1.99715
26685 -2 -1.99715
26686 -2 -1.99715
26687 -2 -1.99715
26688 -2 -1.99715
26689 -2 -1.99715
26690 -2 -1.99715
26691 -2 -1.99715
26692 -2 -1.99715
26693 -2 -1.99715
26694 -1.98 -1.99715
26695 -1.98 -1.99715
26696 -2 -1.99715
26697 -2 -1.99715
26698 -1.98 -1.99715
26699 -1.98 -1.99715
26700 -2 -1.99715
26701 -2 -1.99715
26702 -2 -1.99715
26703 -2 -1.99715
26704 -2 -1.99715
26705 -2 -1.99715
26706 -2 -1.99715
26707 -2 -1.99715
26708 -1.98 -1.99715
26709 -2 -1.99715
26710 -2 -1.99715
26711 -2 -1.99715
26712 -2 -1.99715
26713 -2 -1.99715
26714 -2 -1.99715
26715 -2 -1.99715
26716 -2 -1.99715
26717 -2 -1.99715
26718 -1.98 -1.99715
26719 -2 -1.99715
26720 -1.98 -1.99715
26721 -2 -1.99715
26722 -2 -1.99715
26723 -2 -1.99715
26724 -2 -1.99715
26725 -2 -1.99715
26726 -2 -1.99715
26727 -2 -1.99715
26728 -2 -1.99715
26729 -2 -1.99715
26730 -2 -1.99715
26731 -1.98 -1.99715
26732 -1.98 -1.99715
26733 -2 -1.99715
26734 -2 -1.99715
26735 -2 -1.99715
26736 -2 -1.99715
26737 -2 -1.99715
26738 -2 -1.99715
26739 -2 -1.99715
26740 -2 -1.99715
26741 -1.98 -1.99715
26742 -2 -1.99715
26743 -2 -1.99715
26744 -2 -1.99715
26745 -2 -1.99715
26746 -2 -1.99715
26747 -2 -1.99715
26748 -2 -1.99715
26749 -2 -1.99715
26750 -2 -1.99715
26751 -2 -1.99715
26752 -2 -1.99715
26753 -2 -1.99715
26754 -2 -1.99715
26755 -2 -1.99715
26756 -2 -1.99715
26757 -2 -1.99715
26758 -2 -1.99715
26759 -2 -1.99715
26760 -2 -1.99715
26761 -2 -1.99715
26762 -2 -1.99715
26763 -2 -1.99715
26764 -2 -1.99715
26765 -2 -1.99715
26766 -2 -1.99715
26767 -2 -1.99715
26768 -2 -1.99715
26769 -1.98 -1.99715
26770 -2 -1.99715
26771 -1.98 -1.99715
26772 -1.98 -1.99715
26773 -2 -1.99715
26774 -2 -1.99715
26775 -2 -1.99715
26776 -2 -1.99715
26777 -2 -1.99715
26778 -2 -1.99715
26779 -2 -1.99715
26780 -2 -1.99715
26781 -2 -1.99715
26782 -2 -1.99715
26783 -2 -1.99715
26784 -2 -1.99715
26785 -2 -1.99715
26786 -2 -1.99715
26787 -2 -1.99715
26788 -2 -1.99715
26789 -2 -1.99715
26790 -2 -1.99715
26791 -2 -1.99715
26792 -2 -1.99715
26793 -2 -1.99715
26794 -2 -1.99715
26795 -2 -1.99715
26796 -2 -1.99715
26797 -2 -1.99715
26798 -2 -1.99715
26799 -1.98 -1.99715
26800 -1.98 -1.99715
26801 -1.98 -1.99715
26802 -2 -1.99715
26803 -2 -1.99715
26804 -2 -1.99715
26805 -2 -1.99715
26806 -1.98 -1.99715
26807 -1.98 -1.99715
26808 -1.98 -1.99715
26809 -1.98 -1.99715
26810 -1.98 -1.99715
26811 -1.96 -1.99714
26812 -1.98 -1.99714
26813 -2 -1.99714
26814 -2 -1.99714
26815 -2 -1.99714
26816 -2 -1.99714
26817 -2 -1.99714
26818 -2 -1.99714
26819 -2 -1.99714
26820 -1.98 -1.99714
26821 -2 -1.99714
26822 -1.98 -1.99714
26823 -1.98 -1.99714
26824 -2 -1.99714
26825 -2 -1.99714
26826 -2 -1.99714
26827 -2 -1.99714
26828 -2 -1.99714
26829 -2 -1.99714
26830 -2 -1.99714
26831 -2 -1.99714
26832 -2 -1.99714
26833 -1.98 -1.99714
26834 -2 -1.99714
26835 -2 -1.99714
26836 -2 -1.99714
26837 -2 -1.99714
26838 -2 -1.99714
26839 -2 -1.99714
26840 -2 -1.99714
26841 -2 -1.99714
26842 -2 -1.99714
26843 -2 -1.99714
26844 -2 -1.99714
26845 -2 -1.99714
26846 -2 -1.99714
26847 -2 -1.99714
26848 -2 -1.99714
26849 -2 -1.99714
26850 -2 -1.99714
26851 -2 -1.99714
26852 -2 -1.99714
26853 -2 -1.99714
26854 -2 -1.99714
26855 -1.98 -1.99714
26856 -1.98 -1.99714
26857 -2 -1.99714
26858 -2 -1.99714
26859 -2 -1.99714
26860 -2 -1.99714
26861 -2 -1.99714
26862 -2 -1.99714
26863 -2 -1.99714
26864 -2 -1.99714
26865 -2 -1.99714
26866 -2 -1.99714
26867 -2 -1.99714
26868 -1.98 -1.99714
26869 -1.98 -1.99714
26870 -2 -1.99714
26871 -2 -1.99714
26872 -2 -1.99714
26873 -2 -1.99714
26874 -2 -1.99714
26875 -2 -1.99714
26876 -2 -1.99714
26877 -2 -1.99714
26878 -2 -1.99714
26879 -2 -1.99714
26880 -2 -1.99714
26881 -2 -1.99714
26882 -2 -1.99714
26883 -2 -1.99714
26884 -2 -1.99714
26885 -2 -1.99714
26886 -2 -1.99715
26887 -2 -1.99715
26888 -2 -1.99715
26889 -2 -1.99715
26890 -2 -1.99715
26891 -2 -1.99715
26892 -2 -1.99715
26893 -2 -1.99715
26894 -2 -1.99715
26895 -2 -1.99715
26896 -2 -1.99715
26897 -2 -1.99715
26898 -2 -1.99715
26899 -2 -1.99715
26900 -2 -1.99715
26901 -2 -1.99715
26902 -2 -1.99715
26903 -2 -1.99715
26904 -2 -1.99715
26905 -2 -1.99715
26906 -2 -1.99715
26907 -2 -1.99715
26908 -2 -1.99715
26909 -2 -1.99715
26910 -1.98 -1.99715
26911 -1.98 -1.99715
26912 -1.98 -1.99715
26913 -1.98 -1.99714
26914 -1.98 -1.99714
26915 -2 -1.99714
26916 -1.98 -1.99714
26917 -2 -1.99714
26918 -2 -1.99714
26919 -2 -1.99714
26920 -2 -1.99714
26921 -2 -1.99714
26922 -2 -1.99714
26923 -2 -1.99714
26924 -2 -1.99714
26925 -2 -1.99714
26926 -2 -1.99714
26927 -2 -1.99714
26928 -2 -1.99715
26929 -2 -1.99715
26930 -2 -1.99715
26931 -2 -1.99715
26932 -2 -1.99715
26933 -2 -1.99715
26934 -2 -1.99715
26935 -2 -1.99715
26936 -2 -1.99715
26937 -2 -1.99715
26938 -1.98 -1.99715
26939 -1.98 -1.99714
26940 -1.98 -1.99714
26941 -1.97 -1.99714
26942 -2 -1.99714
26943 -2 -1.99714
26944 -2 -1.99714
26945 -2 -1.99714
26946 -2 -1.99714
26947 -2 -1.99714
26948 -2 -1.99714
26949 -2 -1.99714
26950 -2 -1.99714
26951 -2 -1.99714
26952 -2 -1.99714
26953 -2 -1.99714
26954 -2 -1.99714
26955 -2 -1.99714
26956 -2 -1.99714
26957 -2 -1.99714
26958 -2 -1.99714
26959 -2 -1.99715
26960 -2 -1.99715
26961 -2 -1.99715
26962 -2 -1.99715
26963 -2 -1.99715
26964 -2 -1.99715
26965 -1.98 -1.99714
26966 -2 -1.99715
26967 -2 -1.99715
26968 -2 -1.99715
26969 -2 -1.99715
26970 -2 -1.99715
26971 -2 -1.99715
26972 -2 -1.99715
26973 -2 -1.99715
26974 -2 -1.99715
26975 -2 -1.99715
26976 -2 -1.99715
26977 -2 -1.99715
26978 -2 -1.99715
26979 -2 -1.99715
26980 -2 -1.99715
26981 -1.98 -1.99715
26982 -2 -1.99715
26983 -2 -1.99715
26984 -1.98 -1.99715
26985 -1.98 -1.99714
26986 -1.98 -1.99714
26987 -1.98 -1.99714
26988 -1.97 -1.99714
26989 -1.98 -1.99714
26990 -2 -1.99714
26991 -2 -1.99714
26992 -2 -1.99714
26993 -2 -1.99714
26994 -2 -1.99714
26995 -2 -1.99714
26996 -2 -1.99714
26997 -2 -1.99714
26998 -2 -1.99714
26999 -2 -1.99714
27000 -2 -1.99714
27001 -2 -1.99714
27002 -1.98 -1.99714
27003 -2 -1.99714
27004 -2 -1.99714
27005 -2 -1.99714
27006 -2 -1.99714
27007 -2 -1.99714
27008 -2 -1.99714
27009 -2 -1.99714
27010 -2 -1.99714
27011 -2 -1.99714
27012 -1.98 -1.99714
27013 -1.98 -1.99714
27014 -2 -1.99714
27015 -2 -1.99714
27016 -2 -1.99714
27017 -2 -1.99714
27018 -2 -1.99714
27019 -2 -1.99714
27020 -2 -1.99714
27021 -2 -1.99714
27022 -2 -1.99714
27023 -2 -1.99714
27024 -2 -1.99714
27025 -2 -1.99714
27026 -2 -1.99714
27027 -2 -1.99714
27028 -2 -1.99714
27029 -2 -1.99714
27030 -2 -1.99714
27031 -2 -1.99714
27032 -2 -1.99714
27033 -2 -1.99714
27034 -2 -1.99714
27035 -2 -1.99714
27036 -2 -1.99714
27037 -2 -1.99714
27038 -2 -1.99714
27039 -2 -1.99714
27040 -2 -1.99715
27041 -1.98 -1.99714
27042 -2 -1.99714
27043 -2 -1.99714
27044 -1.98 -1.99714
27045 -1.98 -1.99714
27046 -2 -1.99714
27047 -2 -1.99714
27048 -2 -1.99714
27049 -2 -1.99714
27050 -2 -1.99714
27051 -2 -1.99714
27052 -2 -1.99714
27053 -2 -1.99714
27054 -2 -1.99714
27055 -2 -1.99714
27056 -2 -1.99714
27057 -2 -1.99714
27058 -2 -1.99714
27059 -2 -1.99714
27060 -2 -1.99714
27061 -2 -1.99715
27062 -2 -1.99715
27063 -2 -1.99715
27064 -2 -1.99715
27065 -2 -1.99715
27066 -2 -1.99715
27067 -2 -1.99715
27068 -2 -1.99715
27069 -2 -1.99715
27070 -2 -1.99715
27071 -2 -1.99715
27072 -1.98 -1.99715
27073 -2 -1.99715
27074 -1.98 -1.99714
27075 -2 -1.99715
27076 -2 -1.99715
27077 -1.96 -1.99714
27078 -1.98 -1.99714
27079 -1.98 -1.99714
27080 -2 -1.99714
27081 -2 -1.99714
27082 -2 -1.99714
27083 -2 -1.99714
27084 -2 -1.99714
27085 -1.98 -1.99714
27086 -2 -1.99714
27087 -2 -1.99714
27088 -2 -1.99714
27089 -2 -1.99714
27090 -2 -1.99714
27091 -2 -1.99714
27092 -2 -1.99714
27093 -2 -1.99714
27094 -1.98 -1.99714
27095 -1.98 -1.99714
27096 -2 -1.99714
27097 -2 -1.99714
27098 -2 -1.99714
27099 -2 -1.99714
27100 -1.98 -1.99714
27101 -1.97 -1.99714
27102 -1.97 -1.99714
27103 -1.98 -1.99714
27104 -1.98 -1.99714
27105 -2 -1.99714
27106 -2 -1.99714
27107 -1.98 -1.99714
27108 -2 -1.99714
27109 -1.98 -1.99714
27110 -1.98 -1.99714
27111 -2 -1.99714
27112 -2 -1.99714
27113 -2 -1.99714
27114 -2 -1.99714
27115 -2 -1.99714
27116 -2 -1.99714
27117 -2 -1.99714
27118 -2 -1.99714
27119 -2 -1.99714
27120 -2 -1.99714
27121 -2 -1.99714
27122 -2 -1.99714
27123 -2 -1.99714
27124 -2 -1.99714
27125 -2 -1.99714
27126 -2 -1.99714
27127 -2 -1.99714
27128 -2 -1.99714
27129 -2 -1.99714
27130 -2 -1.99714
27131 -2 -1.99714
27132 -2 -1.99714
27133 -1.98 -1.99714
27134 -2 -1.99714
27135 -2 -1.99714
27136 -2 -1.99714
27137 -2 -1.99714
27138 -2 -1.99714
27139 -2 -1.99714
27140 -2 -1.99714
27141 -2 -1.99714
27142 -2 -1.99714
27143 -2 -1.99714
27144 -2 -1.99714
27145 -2 -1.99714
27146 -2 -1.99714
27147 -2 -1.99714
27148 -2 -1.99714
27149 -2 -1.99714
27150 -1.98 -1.99714
27151 -1.98 -1.99714
27152 -2 -1.99714
27153 -1.97 -1.99714
27154 -2 -1.99714
27155 -2 -1.99714
27156 -2 -1.99714
27157 -2 -1.99714
27158 -2 -1.99714
27159 -2 -1.99714
27160 -2 -1.99714
27161 -2 -1.99714
27162 -2 -1.99714
27163 -2 -1.99714
27164 -2 -1.99714
27165 -2 -1.99714
27166 -2 -1.99714
27167 -2 -1.99714
27168 -2 -1.99714
27169 -2 -1.99714
27170 -2 -1.99714
27171 -2 -1.99714
27172 -2 -1.99714
27173 -2 -1.99714
27174 -2 -1.99714
27175 -2 -1.99714
27176 -2 -1.99714
27177 -2 -1.99714
27178 -2 -1.99714
27179 -2 -1.99714
27180 -2 -1.99714
27181 -2 -1.99714
27182 -2 -1.99714
27183 -2 -1.99714
27184 -2 -1.99714
27185 -2 -1.99714
27186 -1.98 -1.99714
27187 -2 -1.99714
27188 -2 -1.99714
27189 -2 -1.99714
27190 -2 -1.99714
27191 -2 -1.99714
27192 -2 -1.99714
27193 -2 -1.99714
27194 -2 -1.99714
27195 -2 -1.99714
27196 -2 -1.99714
27197 -2 -1.99714
27198 -2 -1.99714
27199 -1.98 -1.99714
27200 -1.98 -1.99714
27201 -2 -1.99714
27202 -2 -1.99714
27203 -2 -1.99714
27204 -2 -1.99714
27205 -2 -1.99714
27206 -2 -1.99714
27207 -2 -1.99714
27208 -1.98 -1.99714
27209 -1.98 -1.99714
27210 -2 -1.99714
27211 -2 -1.99714
27212 -2 -1.99714
27213 -2 -1.99714
27214 -2 -1.99714
27215 -2 -1.99714
27216 -2 -1.99714
27217 -2 -1.99714
27218 -2 -1.99714
27219 -2 -1.99714
27220 -2 -1.99714
27221 -2 -1.99714
27222 -2 -1.99714
27223 -2 -1.99714
27224 -2 -1.99714
27225 -2 -1.99714
27226 -2 -1.99714
27227 -2 -1.99714
27228 -2 -1.99714
27229 -2 -1.99714
27230 -1.98 -1.99714
27231 -1.98 -1.99714
27232 -2 -1.99714
27233 -2 -1.99714
27234 -2 -1.99714
27235 -2 -1.99714
27236 -2 -1.99714
27237 -2 -1.99714
27238 -2 -1.99714
27239 -2 -1.99714
27240 -2 -1.99714
27241 -2 -1.99714
27242 -2 -1.99714
27243 -2 -1.99714
27244 -2 -1.99714
27245 -2 -1.99714
27246 -2 -1.99714
27247 -2 -1.99714
27248 -1.98 -1.99714
27249 -2 -1.99714
27250 -2 -1.99714
27251 -2 -1.99714
27252 -1.98 -1.99714
27253 -1.98 -1.99714
27254 -1.96 -1.99714
27255 -2 -1.99714
27256 -2 -1.99714
27257 -2 -1.99714
27258 -2 -1.99714
27259 -2 -1.99714
27260 -2 -1.99714
27261 -1.98 -1.99714
27262 -2 -1.99714
27263 -2 -1.99714
27264 -2 -1.99714
27265 -2 -1.99714
27266 -2 -1.99714
27267 -2 -1.99714
27268 -2 -1.99714
27269 -2 -1.99714
27270 -2 -1.99714
27271 -1.98 -1.99714
27272 -1.98 -1.99714
27273 -2 -1.99714
27274 -2 -1.99714
27275 -1.98 -1.99714
27276 -1.98 -1.99714
27277 -2 -1.99714
27278 -2 -1.99714
27279 -2 -1.99714
27280 -2 -1.99714
27281 -1.98 -1.99714
27282 -1.98 -1.99714
27283 -2 -1.99714
27284 -1.98 -1.99714
27285 -2 -1.99714
27286 -1.98 -1.99714
27287 -1.98 -1.99714
27288 -2 -1.99714
27289 -2 -1.99714
27290 -2 -1.99714
27291 -2 -1.99714
27292 -2 -1.99714
27293 -2 -1.99714
27294 -2 -1.99714
27295 -2 -1.99714
27296 -2 -1.99714
27297 -2 -1.99714
27298 -2 -1.99714
27299 -2 -1.99714
27300 -2 -1.99714
27301 -2 -1.99714
27302 -2 -1.99714
27303 -2 -1.99714
27304 -2 -1.99714
27305 -2 -1.99714
27306 -1.98 -1.99714
27307 -1.98 -1.99714
27308 -1.98 -1.99714
27309 -2 -1.99714
27310 -2 -1.99714
27311 -2 -1.99714
27312 -2 -1.99714
27313 -2 -1.99714
27314 -1.98 -1.99714
27315 -2 -1.99714
27316 -2 -1.99714
27317 -2 -1.99714
27318 -2 -1.99714
27319 -2 -1.99714
27320 -2 -1.99714
27321 -1.98 -1.99714
27322 -2 -1.99714
27323 -2 -1.99714
27324 -2 -1.99714
27325 -2 -1.99714
27326 -2 -1.99714
27327 -1.98 -1.99714
27328 -2 -1.99714
27329 -2 -1.99714
27330 -2 -1.99714
27331 -2 -1.99714
27332 -1.98 -1.99714
27333 -2 -1.99714
27334 -2 -1.99714
27335 -2 -1.99714
27336 -2 -1.99714
27337 -2 -1.99714
27338 -2 -1.99714
27339 -2 -1.99714
27340 -2 -1.99714
27341 -2 -1.99714
27342 -2 -1.99714
27343 -2 -1.99714
27344 -2 -1.99714
27345 -2 -1.99714
27346 -1.98 -1.99714
27347 -1.98 -1.99714
27348 -2 -1.99714
27349 -2 -1.99714
27350 -2 -1.99714
27351 -2 -1.99714
27352 -2 -1.99714
27353 -2 -1.99714
27354 -2 -1.99714
27355 -2 -1.99714
27356 -2 -1.99714
27357 -2 -1.99714
27358 -2 -1.99714
27359 -2 -1.99714
27360 -2 -1.99714
27361 -2 -1.99714
27362 -2 -1.99714
27363 -2 -1.99714
27364 -2 -1.99714
27365 -2 -1.99714
27366 -2 -1.99714
27367 -2 -1.99714
27368 -2 -1.99714
27369 -2 -1.99714
27370 -2 -1.99714
27371 -2 -1.99714
27372 -2 -1.99714
27373 -2 -1.99714
27374 -2 -1.99714
27375 -2 -1.99714
27376 -2 -1.99714
27377 -1.98 -1.99714
27378 -2 -1.99714
27379 -2 -1.99714
27380 -2 -1.99714
27381 -2 -1.99714
27382 -2 -1.99714
27383 -2 -1.99714
27384 -2 -1.99714
27385 -2 -1.99714
27386 -2 -1.99714
27387 -2 -1.99714
27388 -2 -1.99714
27389 -2 -1.99714
27390 -2 -1.99714
27391 -2 -1.99714
27392 -2 -1.99714
27393 -2 -1.99714
27394 -2 -1.99714
27395 -1.98 -1.99714
27396 -1.97 -1.99714
27397 -2 -1.99714
27398 -2 -1.99714
27399 -2 -1.99714
27400 -2 -1.99714
27401 -2 -1.99714
27402 -2 -1.99714
27403 -2 -1.99714
27404 -2 -1.99714
27405 -2 -1.99714
27406 -2 -1.99714
27407 -2 -1.99714
27408 -2 -1.99714
27409 -2 -1.99714
27410 -1.98 -1.99714
27411 -1.98 -1.99714
27412 -1.98 -1.99714
27413 -2 -1.99714
27414 -2 -1.99714
27415 -2 -1.99714
27416 -2 -1.99714
27417 -2 -1.99714
27418 -2 -1.99714
27419 -2 -1.99714
27420 -2 -1.99714
27421 -2 -1.99714
27422 -2 -1.99714
27423 -2 -1.99714
27424 -2 -1.99714
27425 -2 -1.99714
27426 -2 -1.99714
27427 -2 -1.99714
27428 -2 -1.99714
27429 -2 -1.99714
27430 -2 -1.99714
27431 -2 -1.99714
27432 -2 -1.99714
27433 -2 -1.99714
27434 -2 -1.99714
27435 -2 -1.99714
27436 -2 -1.99714
27437 -2 -1.99714
27438 -2 -1.99714
27439 -2 -1.99714
27440 -2 -1.99714
27441 -2 -1.99714
27442 -2 -1.99714
27443 -2 -1.99714
27444 -2 -1.99714
27445 -2 -1.99714
27446 -2 -1.99714
27447 -1.98 -1.99714
27448 -1.98 -1.99714
27449 -1.98 -1.99714
27450 -2 -1.99714
27451 -2 -1.99714
27452 -2 -1.99714
27453 -2 -1.99714
27454 -2 -1.99714
27455 -1.98 -1.99714
27456 -1.98 -1.99714
27457 -1.98 -1.99714
27458 -1.98 -1.99714
27459 -2 -1.99714
27460 -2 -1.99714
27461 -2 -1.99714
27462 -2 -1.99714
27463 -2 -1.99714
27464 -2 -1.99714
27465 -2 -1.99714
27466 -2 -1.99714
27467 -2 -1.99714
27468 -2 -1.99714
27469 -2 -1.99714
27470 -2 -1.99714
27471 -2 -1.99714
27472 -2 -1.99714
27473 -2 -1.99714
27474 -2 -1.99714
27475 -2 -1.99714
27476 -2 -1.99714
27477 -2 -1.99714
27478 -2 -1.99714
27479 -2 -1.99714
27480 -1.98 -1.99714
27481 -2 -1.99714
27482 -2 -1.99714
27483 -2 -1.99714
27484 -2 -1.99714
27485 -2 -1.99714
27486 -2 -1.99714
27487 -2 -1.99714
27488 -2 -1.99714
27489 -2 -1.99714
27490 -2 -1.99714
27491 -2 -1.99714
27492 -2 -1.99714
27493 -2 -1.99714
27494 -2 -1.99714
27495 -2 -1.99714
27496 -2 -1.99714
27497 -2 -1.99714
27498 -2 -1.99714
27499 -1.98 -1.99714
27500 -1.97 -1.99714
27501 -1.96 -1.99714
27502 -1.98 -1.99714
27503 -2 -1.99714
27504 -2 -1.99714
27505 -2 -1.99714
27506 -1.98 -1.99714
27507 -2 -1.99714
27508 -2 -1.99714
27509 -2 -1.99714
27510 -2 -1.99714
27511 -1.98 -1.99714
27512 -2 -1.99714
27513 -2 -1.99714
27514 -2 -1.99714
27515 -1.98 -1.99714
27516 -2 -1.99714
27517 -1.98 -1.99714
27518 -1.98 -1.99714
27519 -2 -1.99714
27520 -2 -1.99714
27521 -2 -1.99714
27522 -2 -1.99714
27523 -2 -1.99714
27524 -2 -1.99714
27525 -2 -1.99714
27526 -2 -1.99714
27527 -2 -1.99714
27528 -1.98 -1.99714
27529 -1.98 -1.99714
27530 -1.98 -1.99713
27531 -2 -1.99713
27532 -2 -1.99713
27533 -2 -1.99713
27534 -2 -1.99713
27535 -2 -1.99714
27536 -2 -1.99714
27537 -2 -1.99714
27538 -2 -1.99714
27539 -2 -1.99714
27540 -2 -1.99714
27541 -2 -1.99714
27542 -2 -1.99714
27543 -2 -1.99714
27544 -1.96 -1.99713
27545 -2 -1.99713
27546 -2 -1.99713
27547 -2 -1.99713
27548 -2 -1.99713
27549 -2 -1.99714
27550 -2 -1.99714
27551 -1.98 -1.99713
27552 -2 -1.99713
27553 -2 -1.99713
27554 -1.98 -1.99713
27555 -2 -1.99713
27556 -2 -1.99713
27557 -2 -1.99713
27558 -2 -1.99713
27559 -2 -1.99713
27560 -2 -1.99713
27561 -2 -1.99713
27562 -2 -1.99713
27563 -1.97 -1.99713
27564 -2 -1.99713
27565 -2 -1.99713
27566 -2 -1.99713
27567 -2 -1.99713
27568 -2 -1.99713
27569 -2 -1.99713
27570 -2 -1.99713
27571 -2 -1.99713
27572 -2 -1.99713
27573 -2 -1.99713
27574 -2 -1.99714
27575 -2 -1.99714
27576 -2 -1.99714
27577 -2 -1.99714
27578 -2 -1.99714
27579 -2 -1.99714
27580 -2 -1.99714
27581 -2 -1.99714
27582 -2 -1.99714
27583 -2 -1.99714
27584 -2 -1.99714
27585 -2 -1.99714
27586 -2 -1.99714
27587 -2 -1.99714
27588 -1.98 -1.99714
27589 -2 -1.99714
27590 -2 -1.99714
27591 -2 -1.99714
27592 -2 -1.99714
27593 -2 -1.99714
27594 -2 -1.99714
27595 -2 -1.99714
27596 -1.98 -1.99714
27597 -1.98 -1.99714
27598 -2 -1.99714
27599 -2 -1.99714
27600 -2 -1.99714
27601 -2 -1.99714
27602 -2 -1.99714
27603 -2 -1.99714
27604 -2 -1.99714
27605 -2 -1.99714
27606 -2 -1.99714
27607 -2 -1.99714
27608 -2 -1.99714
27609 -2 -1.99714
27610 -2 -1.99714
27611 -2 -1.99714
27612 -2 -1.99714
27613 -2 -1.99714
27614 -2 -1.99714
27615 -2 -1.99714
27616 -2 -1.99714
27617 -2 -1.99714
27618 -2 -1.99714
27619 -1.98 -1.99714
27620 -1.98 -1.99714
27621 -1.98 -1.99714
27622 -2 -1.99714
27623 -2 -1.99714
27624 -2 -1.99714
27625 -2 -1.99714
27626 -2 -1.99714
27627 -2 -1.99714
27628 -2 -1.99714
27629 -2 -1.99714
27630 -2 -1.99714
27631 -2 -1.99714
27632 -2 -1.99714
27633 -2 -1.99714
27634 -2 -1.99714
27635 -2 -1.99714
27636 -2 -1.99714
27637 -2 -1.99714
27638 -2 -1.99714
27639 -2 -1.99714
27640 -2 -1.99714
27641 -1.98 -1.99714
27642 -1.98 -1.99714
27643 -1.98 -1.99714
27644 -1.98 -1.99714
27645 -1.98 -1.99713
27646 -1.98 -1.99713
27647 -2 -1.99713
27648 -1.98 -1.99713
27649 -1.98 -1.99713
27650 -1.98 -1.99713
27651 -2 -1.99713
27652 -2 -1.99713
27653 -2 -1.99713
27654 -2 -1.99713
27655 -2 -1.99713
27656 -2 -1.99713
27657 -1.98 -1.99713
27658 -1.98 -1.99713
27659 -2 -1.99713
27660 -2 -1.99713
27661 -2 -1.99713
27662 -2 -1.99713
27663 -2 -1.99713
27664 -2 -1.99713
27665 -2 -1.99713
27666 -2 -1.99713
27667 -2 -1.99713
27668 -1.97 -1.99713
27669 -2 -1.99713
27670 -2 -1.99713
27671 -2 -1.99713
27672 -2 -1.99713
27673 -2 -1.99713
27674 -2 -1.99713
27675 -2 -1.99713
27676 -2 -1.99713
27677 -2 -1.99713
27678 -2 -1.99713
27679 -2 -1.99713
27680 -2 -1.99713
27681 -2 -1.99713
27682 -2 -1.99713
27683 -2 -1.99713
27684 -2 -1.99713
27685 -2 -1.99713
27686 -2 -1.99713
27687 -2 -1.99713
27688 -2 -1.99713
27689 -2 -1.99713
27690 -2 -1.99713
27691 -2 -1.99713
27692 -2 -1.99713
27693 -2 -1.99713
27694 -2 -1.99713
27695 -2 -1.99713
27696 -2 -1.99713
27697 -2 -1.99713
27698 -2 -1.99713
27699 -2 -1.99713
27700 -2 -1.99713
27701 -2 -1.99713
27702 -2 -1.99713
27703 -2 -1.99714
27704 -2 -1.99714
27705 -2 -1.99714
27706 -1.98 -1.99713
27707 -2 -1.99713
27708 -2 -1.99713
27709 -1.98 -1.99713
27710 -2 -1.99713
27711 -2 -1.99713
27712 -2 -1.99713
27713 -2 -1.99713
27714 -1.98 -1.99713
27715 -2 -1.99713
27716 -2 -1.99713
27717 -2 -1.99713
27718 -2 -1.99713
27719 -1.98 -1.99713
27720 -2 -1.99713
27721 -2 -1.99713
27722 -2 -1.99713
27723 -2 -1.99713
27724 -2 -1.99713
27725 -1.98 -1.99713
27726 -1.98 -1.99713
27727 -2 -1.99713
27728 -2 -1.99713
27729 -2 -1.99713
27730 -2 -1.99713
27731 -2 -1.99713
27732 -2 -1.99713
27733 -2 -1.99713
27734 -2 -1.99713
27735 -2 -1.99713
27736 -2 -1.99713
27737 -2 -1.99713
27738 -2 -1.99713
27739 -2 -1.99713
27740 -2 -1.99713
27741 -2 -1.99713
27742 -2 -1.99713
27743 -2 -1.99713
27744 -2 -1.99713
27745 -2 -1.99714
27746 -2 -1.99714
27747 -2 -1.99714
27748 -2 -1.99714
27749 -2 -1.99714
27750 -2 -1.99714
27751 -2 -1.99714
27752 -2 -1.99714
27753 -2 -1.99714
27754 -2 -1.99714
27755 -2 -1.99714
27756 -2 -1.99714
27757 -2 -1.99714
27758 -2 -1.99714
27759 -2 -1.99714
27760 -2 -1.99714
27761 -2 -1.99714
27762 -2 -1.99714
27763 -2 -1.99714
27764 -2 -1.99714
27765 -2 -1.99714
27766 -2 -1.99714
27767 -2 -1.99714
27768 -2 -1.99714
27769 -1.98 -1.99714
27770 -1.97 -1.99714
27771 -1.98 -1.99714
27772 -1.98 -1.99713
27773 -1.98 -1.99713
27774 -2 -1.99713
27775 -2 -1.99713
27776 -2 -1.99713
27777 -2 -1.99713
27778 -2 -1.99713
27779 -2 -1.99713
27780 -2 -1.99713
27781 -2 -1.99713
27782 -2 -1.99713
27783 -2 -1.99714
27784 -2 -1.99714
27785 -2 -1.99714
27786 -2 -1.99714
27787 -2 -1.99714
27788 -2 -1.99714
27789 -2 -1.99714
27790 -2 -1.99714
27791 -2 -1.99714
27792 -2 -1.99714
27793 -2 -1.99714
27794 -2 -1.99714
27795 -2 -1.99714
27796 -2 -1.99714
27797 -2 -1.99714
27798 -2 -1.99714
27799 -2 -1.99714
27800 -1.98 -1.99714
27801 -1.98 -1.99714
27802 -2 -1.99714
27803 -2 -1.99714
27804 -2 -1.99714
27805 -1.98 -1.99714
27806 -2 -1.99714
27807 -2 -1.99714
27808 -2 -1.99714
27809 -2 -1.99714
27810 -1.98 -1.99713
27811 -2 -1.99714
27812 -1.98 -1.99713
27813 -2 -1.99713
27814 -2 -1.99713
27815 -2 -1.99713
27816 -2 -1.99713
27817 -2 -1.99713
27818 -2 -1.99714
27819 -1.96 -1.99713
27820 -1.98 -1.99713
27821 -2 -1.99713
27822 -2 -1.99713
27823 -2 -1.99713
27824 -2 -1.99713
27825 -2 -1.99713
27826 -2 -1.99713
27827 -1.98 -1.99713
27828 -2 -1.99713
27829 -2 -1.99713
27830 -2 -1.99713
27831 -2 -1.99713
27832 -2 -1.99713
27833 -2 -1.99713
27834 -2 -1.99713
27835 -2 -1.99713
27836 -2 -1.99713
27837 -2 -1.99713
27838 -2 -1.99713
27839 -2 -1.99713
27840 -2 -1.99713
27841 -2 -1.99713
27842 -1.98 -1.99713
27843 -1.98 -1.99713
27844 -1.98 -1.99713
27845 -1.98 -1.99713
27846 -2 -1.99713
27847 -2 -1.99713
27848 -2 -1.99713
27849 -2 -1.99713
27850 -2 -1.99713
27851 -2 -1.99713
27852 -2 -1.99713
27853 -1.98 -1.99713
27854 -1.98 -1.99713
27855 -2 -1.99713
27856 -2 -1.99713
27857 -2 -1.99713
27858 -1.96 -1.99713
27859 -2 -1.99713
27860 -2 -1.99713
27861 -2 -1.99713
27862 -2 -1.99713
27863 -2 -1.99713
27864 -2 -1.99713
27865 -2 -1.99713
27866 -2 -1.99713
27867 -2 -1.99713
27868 -2 -1.99713
27869 -2 -1.99713
27870 -2 -1.99713
27871 -2 -1.99713
27872 -2 -1.99713
27873 -2 -1.99713
27874 -2 -1.99713
27875 -2 -1.99713
27876 -2 -1.99713
27877 -2 -1.99713
27878 -2 -1.99713
27879 -2 -1.99713
27880 -2 -1.99713
27881 -2 -1.99713
27882 -2 -1.99713
27883 -2 -1.99713
27884 -2 -1.99713
27885 -2 -1.99713
27886 -2 -1.99713
27887 -2 -1.99713
27888 -2 -1.99713
27889 -2 -1.99713
27890 -2 -1.99713
27891 -2 -1.99713
27892 -2 -1.99713
27893 -2 -1.99713
27894 -2 -1.99713
27895 -2 -1.99713
27896 -2 -1.99713
27897 -2 -1.99713
27898 -2 -1.99713
27899 -2 -1.99713
27900 -1.96 -1.99713
27901 -1.98 -1.99713
27902 -2 -1.99713
27903 -2 -1.99713
27904 -2 -1.99713
27905 -1.98 -1.99713
27906 -2 -1.99713
27907 -2 -1.99713
27908 -2 -1.99713
27909 -2 -1.99713
27910 -2 -1.99713
27911 -2 -1.99713
27912 -2 -1.99713
27913 -2 -1.99713
27914 -2 -1.99713
27915 -2 -1.99713
27916 -2 -1.99713
27917 -2 -1.99713
27918 -2 -1.99713
27919 -2 -1.99713
27920 -1.98 -1.99713
27921 -2 -1.99713
27922 -2 -1.99713
27923 -2 -1.99713
27924 -2 -1.99713
27925 -2 -1.99713
27926 -2 -1.99713
27927 -2 -1.99713
27928 -2 -1.99713
27929 -2 -1.99713
27930 -2 -1.99713
27931 -2 -1.99713
27932 -2 -1.99713
27933 -1.98 -1.99713
27934 -1.98 -1.99713
27935 -1.98 -1.99713
27936 -2 -1.99713
27937 -2 -1.99713
27938 -2 -1.99713
27939 -2 -1.99713
27940 -2 -1.99713
27941 -2 -1.99713
27942 -2 -1.99713
27943 -2 -1.99713
27944 -2 -1.99713
27945 -2 -1.99713
27946 -2 -1.99713
27947 -2 -1.99713
27948 -2 -1.99713
27949 -2 -1.99713
27950 -2 -1.99713
27951 -2 -1.99713
27952 -2 -1.99713
27953 -2 -1.99713
27954 -2 -1.99713
27955 -2 -1.99713
27956 -2 -1.99713
27957 -2 -1.99713
27958 -2 -1.99714
27959 -2 -1.99714
27960 -2 -1.99714
27961 -2 -1.99714
27962 -2 -1.99714
27963 -2 -1.99714
27964 -2 -1.99714
27965 -2 -1.99714
27966 -2 -1.99714
27967 -2 -1.99714
27968 -1.98 -1.99714
27969 -2 -1.99714
27970 -1.98 -1.99713
27971 -1.98 -1.99713
27972 -2 -1.99713
27973 -2 -1.99713
27974 -2 -1.99713
27975 -2 -1.99713
27976 -1.98 -1.99713
27977 -2 -1.99713
27978 -1.98 -1.99713
27979 -1.98 -1.99713
27980 -2 -1.99713
27981 -2 -1.99713
27982 -2 -1.99713
27983 -2 -1.99713
27984 -2 -1.99713
27985 -2 -1.99713
27986 -2 -1.99713
27987 -2 -1.99713
27988 -2 -1.99713
27989 -2 -1.99713
27990 -2 -1.99713
27991 -2 -1.99713
27992 -2 -1.99713
27993 -2 -1.99713
27994 -2 -1.99713
27995 -2 -1.99713
27996 -2 -1.99713
27997 -2 -1.99713
27998 -2 -1.99713
27999 -2 -1.99714
28000 -2 -1.99714
28001 -1.96 -1.99713
28002 -1.93 -1.99713
28003 -1.92 -1.99713
28004 -2 -1.99713
28005 -2 -1.99713
28006 -2 -1.99713
28007 -2 -1.99713
28008 -2 -1.99713
28009 -2 -1.99713
28010 -2 -1.99713
28011 -1.98 -1.99713
28012 -2 -1.99713
28013 -2 -1.99713
28014 -2 -1.99713
28015 -2 -1.99713
28016 -2 -1.99713
28017 -2 -1.99713
28018 -2 -1.99713
28019 -2 -1.99713
28020 -1.98 -1.99713
28021 -1.98 -1.99713
28022 -1.98 -1.99713
28023 -2 -1.99713
28024 -1.98 -1.99713
28025 -2 -1.99713
28026 -2 -1.99713
28027 -2 -1.99713
28028 -2 -1.99713
28029 -2 -1.99713
28030 -2 -1.99713
28031 -2 -1.99713
28032 -2 -1.99713
28033 -2 -1.99713
28034 -2 -1.99713
28035 -2 -1.99713
28036 -2 -1.99713
28037 -2 -1.99713
28038 -2 -1.99713
28039 -2 -1.99713
28040 -2 -1.99713
28041 -2 -1.99713
28042 -2 -1.99713
28043 -2 -1.99713
28044 -2 -1.99713
28045 -1.98 -1.99713
28046 -2 -1.99713
28047 -2 -1.99713
28048 -2 -1.99713
28049 -2 -1.99713
28050 -2 -1.99713
28051 -2 -1.99713
28052 -2 -1.99713
28053 -2 -1.99713
28054 -2 -1.99713
28055 -2 -1.99713
28056 -2 -1.99713
28057 -2 -1.99713
28058 -2 -1.99713
28059 -2 -1.99713
28060 -2 -1.99713
28061 -2 -1.99713
28062 -2 -1.99713
28063 -2 -1.99713
28064 -1.98 -1.99713
28065 -2 -1.99713
28066 -2 -1.99713
28067 -2 -1.99713
28068 -2 -1.99713
28069 -2 -1.99713
28070 -2 -1.99713
28071 -2 -1.99713
28072 -2 -1.99713
28073 -2 -1.99713
28074 -2 -1.99713
28075 -2 -1.99713
28076 -1.98 -1.99713
28077 -2 -1.99713
28078 -1.98 -1.99713
28079 -1.98 -1.99713
28080 -1.98 -1.99713
28081 -2 -1.99713
28082 -2 -1.99713
28083 -2 -1.99713
28084 -1.98 -1.99713
28085 -1.98 -1.99713
28086 -1.98 -1.99713
28087 -2 -1.99713
28088 -2 -1.99713
28089 -2 -1.99713
28090 -2 -1.99713
28091 -2 -1.99713
28092 -2 -1.99713
28093 -2 -1.99713
28094 -2 -1.99713
28095 -2 -1.99713
28096 -2 -1.99713
28097 -2 -1.99713
28098 -2 -1.99713
28099 -2 -1.99713
28100 -2 -1.99713
28101 -2 -1.99713
28102 -2 -1.99713
28103 -1.98 -1.99713
28104 -2 -1.99713
28105 -2 -1.99713
28106 -2 -1.99713
28107 -1.98 -1.99713
28108 -2 -1.99713
28109 -2 -1.99713
28110 -2 -1.99713
28111 -2 -1.99713
28112 -2 -1.99713
28113 -2 -1.99713
28114 -1.98 -1.99713
28115 -2 -1.99713
28116 -2 -1.99713
28117 -2 -1.99713
28118 -2 -1.99713
28119 -2 -1.99713
28120 -2 -1.99713
28121 -2 -1.99713
28122 -2 -1.99713
28123 -2 -1.99713
28124 -2 -1.99713
28125 -2 -1.99713
28126 -2 -1.99713
28127 -2 -1.99713
28128 -2 -1.99713
28129 -2 -1.99713
28130 -2 -1.99713
28131 -2 -1.99713
28132 -2 -1.99713
28133 -2 -1.99713
28134 -2 -1.99713
28135 -2 -1.99713
28136 -2 -1.99713
28137 -2 -1.99713
28138 -2 -1.99713
28139 -2 -1.99713
28140 -2 -1.99713
28141 -2 -1.99713
28142 -2 -1.99713
28143 -2 -1.99713
28144 -2 -1.99713
28145 -2 -1.99713
28146 -2 -1.99713
28147 -2 -1.99713
28148 -2 -1.99713
28149 -2 -1.99713
28150 -2 -1.99713
28151 -2 -1.99713
28152 -2 -1.99713
28153 -2 -1.99713
28154 -1.98 -1.99713
28155 -2 -1.99713
28156 -2 -1.99713
28157 -2 -1.99713
28158 -2 -1.99713
28159 -2 -1.99713
28160 -1.98 -1.99713
28161 -2 -1.99713
28162 -1.98 -1.99713
28163 -2 -1.99713
28164 -1.98 -1.99713
28165 -1.98 -1.99713
28166 -1.98 -1.99713
28167 -1.98 -1.99713
28168 -2 -1.99713
28169 -2 -1.99713
28170 -1.98 -1.99713
28171 -2 -1.99713
28172 -2 -1.99713
28173 -2 -1.99713
28174 -2 -1.99713
28175 -2 -1.99713
28176 -2 -1.99713
28177 -1.98 -1.99713
28178 -1.98 -1.99713
28179 -1.98 -1.99713
28180 -2 -1.99713
28181 -2 -1.99713
28182 -2 -1.99713
28183 -2 -1.99713
28184 -2 -1.99713
28185 -1.96 -1.99713
28186 -1.98 -1.99713
28187 -2 -1.99713
28188 -2 -1.99713
28189 -2 -1.99713
28190 -1.98 -1.99712
28191 -1.98 -1.99712
28192 -1.98 -1.99712
28193 -2 -1.99712
28194 -2 -1.99712
28195 -2 -1.99712
28196 -2 -1.99712
28197 -2 -1.99712
28198 -2 -1.99712
28199 -2 -1.99712
28200 -2 -1.99712
28201 -2 -1.99712
28202 -2 -1.99712
28203 -2 -1.99712
28204 -2 -1.99712
28205 -2 -1.99713
28206 -2 -1.99713
28207 -2 -1.99713
28208 -2 -1.99713
28209 -2 -1.99713
28210 -2 -1.99713
28211 -2 -1.99713
28212 -2 -1.99713
28213 -1.98 -1.99713
28214 -1.98 -1.99712
28215 -2 -1.99712
28216 -2 -1.99712
28217 -2 -1.99712
28218 -2 -1.99712
28219 -2 -1.99713
28220 -2 -1.99713
28221 -2 -1.99713
28222 -2 -1.99713
28223 -2 -1.99713
28224 -2 -1.99713
28225 -2 -1.99713
28226 -2 -1.99713
28227 -2 -1.99713
28228 -2 -1.99713
28229 -2 -1.99713
28230 -2 -1.99713
28231 -2 -1.99713
28232 -2 -1.99713
28233 -2 -1.99713
28234 -2 -1.99713
28235 -2 -1.99713
28236 -2 -1.99713
28237 -2 -1.99713
28238 -2 -1.99713
28239 -2 -1.99713
28240 -2 -1.99713
28241 -2 -1.99713
28242 -1.98 -1.99713
28243 -1.98 -1.99713
28244 -1.98 -1.99713
28245 -1.98 -1.99712
28246 -1.98 -1.99712
28247 -2 -1.99712
28248 -2 -1.99712
28249 -2 -1.99712
28250 -2 -1.99712
28251 -2 -1.99712
28252 -2 -1.99712
28253 -2 -1.99713
28254 -2 -1.99713
28255 -2 -1.99713
28256 -2 -1.99713
28257 -2 -1.99713
28258 -2 -1.99713
28259 -2 -1.99713
28260 -2 -1.99713
28261 -2 -1.99713
28262 -1.98 -1.99713
28263 -2 -1.99713
28264 -2 -1.99713
28265 -2 -1.99713
28266 -2 -1.99713
28267 -2 -1.99713
28268 -2 -1.99713
28269 -2 -1.99713
28270 -2 -1.99713
28271 -2 -1.99713
28272 -2 -1.99713
28273 -2 -1.99713
28274 -2 -1.99713
28275 -2 -1.99713
28276 -2 -1.99713
28277 -2 -1.99713
28278 -2 -1.99713
28279 -2 -1.99713
28280 -2 -1.99713
28281 -2 -1.99713
28282 -2 -1.99713
28283 -2 -1.99713
28284 -2 -1.99713
28285 -1.98 -1.99713
28286 -2 -1.99713
28287 -2 -1.99713
28288 -2 -1.99713
28289 -2 -1.99713
28290 -2 -1.99713
28291 -2 -1.99713
28292 -2 -1.99713
28293 -2 -1.99713
28294 -2 -1.99713
28295 -2 -1.99713
28296 -2 -1.99713
28297 -2 -1.99713
28298 -2 -1.99713
28299 -2 -1.99713
28300 -2 -1.99713
28301 -2 -1.99713
28302 -2 -1.99713
28303 -2 -1.99713
28304 -2 -1.99713
28305 -2 -1.99713
28306 -2 -1.99713
28307 -2 -1.99713
28308 -2 -1.99713
28309 -1.98 -1.99713
28310 -2 -1.99713
28311 -2 -1.99713
28312 -2 -1.99713
28313 -2 -1.99713
28314 -2 -1.99713
28315 -2 -1.99713
28316 -2 -1.99713
28317 -2 -1.99713
28318 -2 -1.99713
28319 -2 -1.99713
28320 -2 -1.99713
28321 -2 -1.99713
28322 -2 -1.99713
28323 -2 -1.99713
28324 -2 -1.99713
28325 -2 -1.99713
28326 -2 -1.99713
28327 -2 -1.99713
28328 -2 -1.99713
28329 -2 -1.99713
28330 -2 -1.99713
28331 -2 -1.99713
28332 -2 -1.99713
28333 -2 -1.99713
28334 -2 -1.99713
28335 -2 -1.99713
28336 -2 -1.99713
28337 -2 -1.99713
28338 -2 -1.99713
28339 -2 -1.99713
28340 -2 -1.99713
28341 -2 -1.99713
28342 -2 -1.99713
28343 -2 -1.99713
28344 -2 -1.99713
28345 -2 -1.99713
28346 -2 -1.99713
28347 -2 -1.99713
28348 -2 -1.99713
28349 -2 -1.99713
28350 -2 -1.99713
28351 -2 -1.99713
28352 -2 -1.99713
28353 -2 -1.99713
28354 -2 -1.99713
28355 -2 -1.99713
28356 -2 -1.99713
28357 -2 -1.99713
28358 -2 -1.99713
28359 -2 -1.99713
28360 -2 -1.99713
28361 -2 -1.99713
28362 -1.98 -1.99713
28363 -1.98 -1.99713
28364 -2 -1.99713
28365 -2 -1.99713
28366 -2 -1.99713
28367 -2 -1.99713
28368 -2 -1.99713
28369 -2 -1.99713
28370 -2 -1.99713
28371 -2 -1.99713
28372 -2 -1.99713
28373 -2 -1.99713
28374 -2 -1.99713
28375 -2 -1.99713
28376 -2 -1.99713
28377 -2 -1.99713
28378 -2 -1.99713
28379 -1.98 -1.99713
28380 -1.98 -1.99713
28381 -2 -1.99713
28382 -2 -1.99713
28383 -2 -1.99713
28384 -1.98 -1.99713
28385 -2 -1.99713
28386 -2 -1.99713
28387 -2 -1.99713
28388 -2 -1.99713
28389 -2 -1.99713
28390 -2 -1.99713
28391 -2 -1.99713
28392 -2 -1.99713
28393 -2 -1.99713
28394 -2 -1.99713
28395 -2 -1.99713
28396 -2 -1.99713
28397 -2 -1.99713
28398 -2 -1.99713
28399 -2 -1.99713
28400 -2 -1.99713
28401 -2 -1.99713
28402 -2 -1.99713
28403 -2 -1.99713
28404 -2 -1.99713
28405 -2 -1.99713
28406 -2 -1.99713
28407 -2 -1.99713
28408 -2 -1.99714
28409 -2 -1.99714
28410 -2 -1.99714
28411 -2 -1.99714
28412 -2 -1.99714
28413 -2 -1.99714
28414 -2 -1.99714
28415 -1.98 -1.99714
28416 -2 -1.99714
28417 -2 -1.99714
28418 -2 -1.99714
28419 -2 -1.99714
28420 -1.98 -1.99713
28421 -2 -1.99713
28422 -2 -1.99714
28423 -2 -1.99714
28424 -2 -1.99714
28425 -2 -1.99714
28426 -2 -1.99714
28427 -2 -1.99714
28428 -2 -1.99714
28429 -2 -1.99714
28430 -2 -1.99714
28431 -2 -1.99714
28432 -2 -1.99714
28433 -2 -1.99714
28434 -2 -1.99714
28435 -2 -1.99714
28436 -2 -1.99714
28437 -2 -1.99714
28438 -2 -1.99714
28439 -2 -1.99714
28440 -2 -1.99714
28441 -2 -1.99714
28442 -2 -1.99714
28443 -2 -1.99714
28444 -2 -1.99714
28445 -2 -1.99714
28446 -2 -1.99714
28447 -2 -1.99714
28448 -2 -1.99714
28449 -2 -1.99714
28450 -1.98 -1.99714
28451 -1.98 -1.99714
28452 -1.98 -1.99714
28453 -2 -1.99714
28454 -2 -1.99714
28455 -2 -1.99714
28456 -2 -1.99714
28457 -2 -1.99714
28458 -2 -1.99714
28459 -2 -1.99714
28460 -2 -1.99714
28461 -2 -1.99714
28462 -2 -1.99714
28463 -2 -1.99714
28464 -2 -1.99714
28465 -2 -1.99714
28466 -2 -1.99714
28467 -2 -1.99714
28468 -2 -1.99714
28469 -2 -1.99714
28470 -2 -1.99714
28471 -2 -1.99714
28472 -2 -1.99714
28473 -2 -1.99714
28474 -2 -1.99714
28475 -2 -1.99714
28476 -2 -1.99714
28477 -2 -1.99714
28478 -2 -1.99714
28479 -2 -1.99714
28480 -2 -1.99714
28481 -1.98 -1.99714
28482 -2 -1.99714
28483 -2 -1.99714
28484 -2 -1.99714
28485 -2 -1.99714
28486 -2 -1.99714
28487 -2 -1.99714
28488 -1.98 -1.99714
28489 -1.98 -1.99714
28490 -1.98 -1.99714
28491 -2 -1.99714
28492 -1.98 -1.99714
28493 -1.98 -1.99714
28494 -1.96 -1.99713
28495 -1.98 -1.99713
28496 -2 -1.99713
28497 -2 -1.99713
28498 -2 -1.99713
28499 -2 -1.99713
28500 -2 -1.99713
28501 -2 -1.99713
28502 -2 -1.99713
28503 -2 -1.99713
28504 -2 -1.99713
28505 -2 -1.99713
28506 -2 -1.99714
28507 -2 -1.99714
28508 -2 -1.99714
28509 -2 -1.99714
28510 -1.98 -1.99713
28511 -2 -1.99713
28512 -2 -1.99713
28513 -2 -1.99714
28514 -2 -1.99714
28515 -2 -1.99714
28516 -2 -1.99714
28517 -2 -1.99714
28518 -2 -1.99714
28519 -2 -1.99714
28520 -2 -1.99714
28521 -2 -1.99714
28522 -2 -1.99714
28523 -1.98 -1.99714
28524 -2 -1.99714
28525 -2 -1.99714
28526 -2 -1.99714
28527 -2 -1.99714
28528 -2 -1.99714
28529 -2 -1.99714
28530 -2 -1.99714
28531 -2 -1.99714
28532 -2 -1.99714
28533 -2 -1.99714
28534 -2 -1.99714
28535 -2 -1.99714
28536 -2 -1.99714
28537 -2 -1.99714
28538 -2 -1.99714
28539 -2 -1.99714
28540 -2 -1.99714
28541 -2 -1.99714
28542 -2 -1.99714
28543 -2 -1.99714
28544 -2 -1.99714
28545 -2 -1.99714
28546 -2 -1.99714
28547 -2 -1.99714
28548 -2 -1.99714
28549 -2 -1.99714
28550 -2 -1.99714
28551 -2 -1.99714
28552 -1.98 -1.99714
28553 -1.96 -1.99714
28554 -1.96 -1.99714
28555 -2 -1.99714
28556 -2 -1.99714
28557 -2 -1.99714
28558 -2 -1.99714
28559 -1.98 -1.99713
28560 -1.98 -1.99713
28561 -1.96 -1.99713
28562 -1.96 -1.99713
28563 -1.98 -1.99713
28564 -2 -1.99713
28565 -2 -1.99713
28566 -2 -1.99713
28567 -2 -1.99713
28568 -2 -1.99713
28569 -2 -1.99713
28570 -2 -1.99713
28571 -2 -1.99713
28572 -2 -1.99713
28573 -2 -1.99713
28574 -2 -1.99713
28575 -2 -1.99713
28576 -2 -1.99713
28577 -2 -1.99713
28578 -2 -1.99713
28579 -2 -1.99713
28580 -2 -1.99713
28581 -1.98 -1.99713
28582 -2 -1.99713
28583 -2 -1.99713
28584 -2 -1.99713
28585 -2 -1.99713
28586 -2 -1.99713
28587 -2 -1.99713
28588 -2 -1.99713
28589 -2 -1.99713
28590 -2 -1.99713
28591 -2 -1.99713
28592 -2 -1.99713
28593 -2 -1.99713
28594 -2 -1.99713
28595 -2 -1.99713
28596 -2 -1.99713
28597 -1.98 -1.99713
28598 -2 -1.99713
28599 -1.98 -1.99713
28600 -2 -1.99713
28601 -2 -1.99713
28602 -2 -1.99713
28603 -2 -1.99713
28604 -2 -1.99713
28605 -2 -1.99713
28606 -2 -1.99713
28607 -2 -1.99713
28608 -2 -1.99713
28609 -2 -1.99713
28610 -2 -1.99713
28611 -2 -1.99713
28612 -2 -1.99713
28613 -2 -1.99713
28614 -2 -1.99713
28615 -2 -1.99713
28616 -2 -1.99713
28617 -2 -1.99713
28618 -2 -1.99713
28619 -2 -1.99713
28620 -2 -1.99713
28621 -2 -1.99713
28622 -2 -1.99713
28623 -2 -1.99713
28624 -2 -1.99714
28625 -2 -1.99714
28626 -2 -1.99714
28627 -2 -1.99714
28628 -2 -1.99714
28629 -2 -1.99714
28630 -2 -1.99714
28631 -2 -1.99714
28632 -2 -1.99714
28633 -2 -1.99714
28634 -2 -1.99714
28635 -2 -1.99714
28636 -2 -1.99714
28637 -2 -1.99714
28638 -2 -1.99714
28639 -2 -1.99714
28640 -2 -1.99714
28641 -2 -1.99714
28642 -2 -1.99714
28643 -2 -1.99714
28644 -2 -1.99714
28645 -2 -1.99714
28646 -2 -1.99714
28647 -2 -1.99714
28648 -2 -1.99714
28649 -2 -1.99714
28650 -2 -1.99714
28651 -2 -1.99714
28652 -2 -1.99714
28653 -2 -1.99714
28654 -2 -1.99714
28655 -2 -1.99714
28656 -2 -1.99714
28657 -2 -1.99714
28658 -2 -1.99714
28659 -2 -1.99714
28660 -2 -1.99714
28661 -2 -1.99714
28662 -1.98 -1.99714
28663 -1.98 -1.99714
28664 -2 -1.99714
28665 -2 -1.99714
28666 -2 -1.99714
28667 -2 -1.99714
28668 -2 -1.99714
28669 -2 -1.99714
28670 -2 -1.99714
28671 -1.98 -1.99714
28672 -1.98 -1.99714
28673 -2 -1.99714
28674 -2 -1.99714
28675 -2 -1.99714
28676 -2 -1.99714
28677 -2 -1.99714
28678 -1.98 -1.99714
28679 -2 -1.99714
28680 -2 -1.99714
28681 -2 -1.99714
28682 -2 -1.99714
28683 -2 -1.99714
28684 -2 -1.99714
28685 -2 -1.99714
28686 -2 -1.99714
28687 -2 -1.99714
28688 -2 -1.99714
28689 -2 -1.99714
28690 -2 -1.99714
28691 -1.98 -1.99714
28692 -2 -1.99714
28693 -2 -1.99714
28694 -2 -1.99714
28695 -2 -1.99714
28696 -2 -1.99714
28697 -1.98 -1.99714
28698 -2 -1.99714
28699 -2 -1.99714
28700 -2 -1.99714
28701 -2 -1.99714
28702 -2 -1.99714
28703 -1.98 -1.99714
28704 -2 -1.99714
28705 -2 -1.99714
28706 -2 -1.99714
28707 -2 -1.99714
28708 -2 -1.99714
28709 -2 -1.99714
28710 -2 -1.99714
28711 -1.98 -1.99714
28712 -2 -1.99714
28713 -2 -1.99714
28714 -2 -1.99714
28715 -2 -1.99714
28716 -2 -1.99714
28717 -2 -1.99714
28718 -1.98 -1.99714
28719 -1.98 -1.99714
28720 -2 -1.99714
28721 -2 -1.99714
28722 -2 -1.99714
28723 -2 -1.99714
28724 -2 -1.99714
28725 -2 -1.99714
28726 -2 -1.99714
28727 -2 -1.99714
28728 -2 -1.99714
28729 -2 -1.99714
28730 -2 -1.99714
28731 -1.98 -1.99714
28732 -1.98 -1.99714
28733 -1.98 -1.99714
28734 -1.98 -1.99714
28735 -1.97 -1.99713
28736 -1.98 -1.99713
28737 -1.98 -1.99713
28738 -2 -1.99713
28739 -2 -1.99713
28740 -2 -1.99713
28741 -2 -1.99713
28742 -2 -1.99713
28743 -2 -1.99713
28744 -2 -1.99713
28745 -2 -1.99713
28746 -2 -1.99713
28747 -2 -1.99713
28748 -2 -1.99713
28749 -2 -1.99713
28750 -2 -1.99713
28751 -2 -1.99713
28752 -2 -1.99713
28753 -2 -1.99714
28754 -2 -1.99714
28755 -2 -1.99714
28756 -2 -1.99714
28757 -2 -1.99714
28758 -2 -1.99714
28759 -2 -1.99714
28760 -2 -1.99714
28761 -1.98 -1.99714
28762 -1.98 -1.99713
28763 -2 -1.99713
28764 -2 -1.99713
28765 -2 -1.99713
28766 -2 -1.99713
28767 -2 -1.99714
28768 -1.98 -1.99713
28769 -2 -1.99713
28770 -2 -1.99713
28771 -2 -1.99713
28772 -2 -1.99713
28773 -1.98 -1.99713
28774 -1.98 -1.99713
28775 -2 -1.99713
28776 -2 -1.99713
28777 -2 -1.99713
28778 -2 -1.99713
28779 -2 -1.99713
28780 -2 -1.99713
28781 -2 -1.99713
28782 -2 -1.99713
28783 -2 -1.99713
28784 -2 -1.99713
28785 -2 -1.99713
28786 -2 -1.99713
28787 -2 -1.99713
28788 -2 -1.99714
28789 -2 -1.99714
28790 -2 -1.99714
28791 -2 -1.99714
28792 -2 -1.99714
28793 -2 -1.99714
28794 -2 -1.99714
28795 -2 -1.99714
28796 -2 -1.99714
28797 -2 -1.99714
28798 -2 -1.99714
28799 -2 -1.99714
28800 -2 -1.99714
28801 -2 -1.99714
28802 -2 -1.99714
28803 -2 -1.99714
28804 -2 -1.99714
28805 -2 -1.99714
28806 -2 -1.99714
28807 -2 -1.99714
28808 -2 -1.99714
28809 -2 -1.99714
28810 -2 -1.99714
28811 -2 -1.99714
28812 -2 -1.99714
28813 -2 -1.99714
28814 -2 -1.99714
28815 -2 -1.99714
28816 -1.98 -1.99714
28817 -1.98 -1.99714
28818 -2 -1.99714
28819 -2 -1.99714
28820 -2 -1.99714
28821 -2 -1.99714
28822 -2 -1.99714
28823 -2 -1.99714
28824 -2 -1.99714
28825 -2 -1.99714
28826 -2 -1.99714
28827 -2 -1.99714
28828 -2 -1.99714
28829 -2 -1.99714
28830 -2 -1.99714
28831 -2 -1.99714
28832 -2 -1.99714
28833 -2 -1.99714
28834 -2 -1.99714
28835 -2 -1.99714
28836 -2 -1.99714
28837 -2 -1.99714
28838 -2 -1.99714
28839 -1.98 -1.99714
28840 -2 -1.99714
28841 -2 -1.99714
28842 -2 -1.99714
28843 -2 -1.99714
28844 -1.98 -1.99714
28845 -1.98 -1.99714
28846 -2 -1.99714
28847 -2 -1.99714
28848 -2 -1.99714
28849 -2 -1.99714
28850 -2 -1.99714
28851 -2 -1.99714
28852 -2 -1.99714
28853 -2 -1.99714
28854 -2 -1.99714
28855 -2 -1.99714
28856 -2 -1.99714
28857 -2 -1.99714
28858 -2 -1.99714
28859 -2 -1.99714
28860 -1.98 -1.99714
28861 -2 -1.99714
28862 -1.98 -1.99714
28863 -2 -1.99714
28864 -2 -1.99714
28865 -2 -1.99714
28866 -2 -1.99714
28867 -1.98 -1.99714
28868 -2 -1.99714
28869 -2 -1.99714
28870 -2 -1.99714
28871 -2 -1.99714
28872 -2 -1.99714
28873 -2 -1.99714
28874 -1.98 -1.99714
28875 -1.98 -1.99714
28876 -1.98 -1.99714
28877 -1.98 -1.99714
28878 -1.98 -1.99713
28879 -2 -1.99714
28880 -2 -1.99714
28881 -1.98 -1.99713
28882 -1.98 -1.99713
28883 -1.98 -1.99713
28884 -2 -1.99713
28885 -2 -1.99713
28886 -2 -1.99713
28887 -2 -1.99713
28888 -2 -1.99713
28889 -2 -1.99713
28890 -2 -1.99713
28891 -2 -1.99713
28892 -2 -1.99713
28893 -2 -1.99713
28894 -2 -1.99713
28895 -2 -1.99713
28896 -2 -1.99713
28897 -2 -1.99713
28898 -2 -1.99713
28899 -2 -1.99713
28900 -2 -1.99714
28901 -2 -1.99714
28902 -2 -1.99714
28903 -2 -1.99714
28904 -2 -1.99714
28905 -2 -1.99714
28906 -2 -1.99714
28907 -2 -1.99714
28908 -2 -1.99714
28909 -2 -1.99714
28910 -2 -1.99714
28911 -2 -1.99714
28912 -2 -1.99714
28913 -2 -1.99714
28914 -2 -1.99714
28915 -2 -1.99714
28916 -2 -1.99714
28917 -2 -1.99714
28918 -2 -1.99714
28919 -2 -1.99714
28920 -1.98 -1.99714
28921 -2 -1.99714
28922 -2 -1.99714
28923 -2 -1.99714
28924 -1.98 -1.99714
28925 -1.98 -1.99714
28926 -2 -1.99714
28927 -2 -1.99714
28928 -2 -1.99714
28929 -1.98 -1.99714
28930 -2 -1.99714
28931 -2 -1.99714
28932 -2 -1.99714
28933 -2 -1.99714
28934 -2 -1.99714
28935 -2 -1.99714
28936 -2 -1.99714
28937 -2 -1.99714
28938 -2 -1.99714
28939 -2 -1.99714
28940 -2 -1.99714
28941 -2 -1.99714
28942 -2 -1.99714
28943 -2 -1.99714
28944 -2 -1.99714
28945 -2 -1.99714
28946 -2 -1.99714
28947 -1.98 -1.99714
28948 -2 -1.99714
28949 -2 -1.99714
28950 -2 -1.99714
28951 -2 -1.99714
28952 -1.98 -1.99714
28953 -2 -1.99714
28954 -2 -1.99714
28955 -2 -1.99714
28956 -2 -1.99714
28957 -2 -1.99714
28958 -2 -1.99714
28959 -2 -1.99714
28960 -2 -1.99714
28961 -2 -1.99714
28962 -2 -1.99714
28963 -2 -1.99714
28964 -2 -1.99714
28965 -2 -1.99714
28966 -2 -1.99714
28967 -2 -1.99714
28968 -2 -1.99714
28969 -2 -1.99714
28970 -2 -1.99714
28971 -2 -1.99714
28972 -2 -1.99714
28973 -2 -1.99714
28974 -2 -1.99714
28975 -2 -1.99714
28976 -2 -1.99714
28977 -2 -1.99714
28978 -1.98 -1.99714
28979 -1.98 -1.99714
28980 -2 -1.99714
28981 -2 -1.99714
28982 -2 -1.99714
28983 -2 -1.99714
28984 -2 -1.99714
28985 -2 -1.99714
28986 -2 -1.99714
28987 -2 -1.99714
28988 -2 -1.99714
28989 -1.98 -1.99714
28990 -2 -1.99714
28991 -2 -1.99714
28992 -2 -1.99714
28993 -2 -1.99714
28994 -1.98 -1.99714
28995 -2 -1.99714
28996 -2 -1.99714
28997 -2 -1.99714
28998 -2 -1.99714
28999 -2 -1.99714
29000 -2 -1.99714
29001 -2 -1.99714
29002 -2 -1.99714
29003 -2 -1.99714
29004 -2 -1.99714
29005 -2 -1.99714
29006 -1.98 -1.99714
29007 -1.97 -1.99714
29008 -1.96 -1.99714
29009 -2 -1.99714
29010 -1.98 -1.99714
29011 -1.98 -1.99713
29012 -2 -1.99713
29013 -1.98 -1.99713
29014 -1.98 -1.99713
29015 -2 -1.99713
29016 -2 -1.99713
29017 -2 -1.99713
29018 -2 -1.99713
29019 -2 -1.99713
29020 -2 -1.99713
29021 -2 -1.99713
29022 -2 -1.99713
29023 -2 -1.99713
29024 -2 -1.99713
29025 -2 -1.99713
29026 -2 -1.99713
29027 -2 -1.99713
29028 -2 -1.99713
29029 -2 -1.99714
29030 -2 -1.99714
29031 -2 -1.99714
29032 -2 -1.99714
29033 -2 -1.99714
29034 -2 -1.99714
29035 -2 -1.99714
29036 -2 -1.99714
29037 -2 -1.99714
29038 -2 -1.99714
29039 -2 -1.99714
29040 -2 -1.99714
29041 -2 -1.99714
29042 -2 -1.99714
29043 -2 -1.99714
29044 -2 -1.99714
29045 -2 -1.99714
29046 -2 -1.99714
29047 -2 -1.99714
29048 -2 -1.99714
29049 -2 -1.99714
29050 -2 -1.99714
29051 -2 -1.99714
29052 -2 -1.99714
29053 -2 -1.99714
29054 -2 -1.99714
29055 -2 -1.99714
29056 -2 -1.99714
29057 -2 -1.99714
29058 -2 -1.99714
29059 -2 -1.99714
29060 -2 -1.99714
29061 -2 -1.99714
29062 -1.98 -1.99714
29063 -1.96 -1.99714
29064 -1.98 -1.99714
29065 -2 -1.99714
29066 -2 -1.99714
29067 -2 -1.99714
29068 -2 -1.99714
29069 -1.98 -1.99714
29070 -1.98 -1.99713
29071 -2 -1.99714
29072 -2 -1.99714
29073 -2 -1.99714
29074 -2 -1.99714
29075 -2 -1.99714
29076 -2 -1.99714
29077 -2 -1.99714
29078 -2 -1.99714
29079 -2 -1.99714
29080 -2 -1.99714
29081 -2 -1.99714
29082 -2 -1.99714
29083 -2 -1.99714
29084 -2 -1.99714
29085 -2 -1.99714
29086 -2 -1.99714
29087 -2 -1.99714
29088 -2 -1.99714
29089 -2 -1.99714
29090 -2 -1.99714
29091 -2 -1.99714
29092 -2 -1.99714
29093 -2 -1.99714
29094 -2 -1.99714
29095 -1.97 -1.99714
29096 -1.98 -1.99714
29097 -2 -1.99714
29098 -2 -1.99714
29099 -2 -1.99714
29100 -2 -1.99714
29101 -1.98 -1.99714
29102 -2 -1.99714
29103 -2 -1.99714
29104 -2 -1.99714
29105 -2 -1.99714
29106 -2 -1.99714
29107 -2 -1.99714
29108 -2 -1.99714
29109 -2 -1.99714
29110 -2 -1.99714
29111 -2 -1.99714
29112 -2 -1.99714
29113 -2 -1.99714
29114 -2 -1.99714
29115 -2 -1.99714
29116 -2 -1.99714
29117 -2 -1.99714
29118 -2 -1.99714
29119 -2 -1.99714
29120 -2 -1.99714
29121 -2 -1.99714
29122 -2 -1.99714
29123 -2 -1.99714
29124 -2 -1.99714
29125 -1.98 -1.99714
29126 -2 -1.99714
29127 -2 -1.99714
29128 -2 -1.99714
29129 -2 -1.99714
29130 -1.98 -1.99714
29131 -1.98 -1.99714
29132 -1.98 -1.99714
29133 -1.98 -1.99714
29134 -1.98 -1.99713
29135 -2 -1.99713
29136 -2 -1.99713
29137 -2 -1.99714
29138 -1.98 -1.99713
29139 -2 -1.99713
29140 -2 -1.99713
29141 -2 -1.99713
29142 -1.98 -1.99713
29143 -2 -1.99713
29144 -2 -1.99713
29145 -2 -1.99713
29146 -2 -1.99713
29147 -2 -1.99713
29148 -2 -1.99713
29149 -2 -1.99713
29150 -2 -1.99713
29151 -1.98 -1.99713
29152 -2 -1.99713
29153 -2 -1.99713
29154 -2 -1.99713
29155 -2 -1.99713
29156 -2 -1.99713
29157 -2 -1.99713
29158 -2 -1.99714
29159 -2 -1.99714
29160 -2 -1.99714
29161 -1.98 -1.99713
29162 -2 -1.99713
29163 -1.98 -1.99713
29164 -2 -1.99713
29165 -2 -1.99713
29166 -2 -1.99713
29167 -2 -1.99713
29168 -2 -1.99713
29169 -2 -1.99713
29170 -2 -1.99713
29171 -2 -1.99713
29172 -2 -1.99714
29173 -2 -1.99714
29174 -2 -1.99714
29175 -2 -1.99714
29176 -2 -1.99714
29177 -2 -1.99714
29178 -2 -1.99714
29179 -2 -1.99714
29180 -2 -1.99714
29181 -2 -1.99714
29182 -2 -1.99714
29183 -2 -1.99714
29184 -2 -1.99714
29185 -1.98 -1.99714
29186 -1.96 -1.99713
29187 -1.96 -1.99713
29188 -1.98 -1.99713
29189 -1.98 -1.99713
29190 -2 -1.99713
29191 -2 -1.99713
29192 -2 -1.99713
29193 -2 -1.99713
29194 -2 -1.99713
29195 -2 -1.99713
29196 -2 -1.99713
29197 -2 -1.99713
29198 -2 -1.99713
29199 -2 -1.99713
29200 -2 -1.99713
29201 -2 -1.99713
29202 -2 -1.99713
29203 -2 -1.99713
29204 -2 -1.99713
29205 -2 -1.99713
29206 -2 -1.99713
29207 -2 -1.99713
29208 -2 -1.99713
29209 -2 -1.99713
29210 -1.98 -1.99713
29211 -2 -1.99713
29212 -2 -1.99713
29213 -2 -1.99713
29214 -2 -1.99713
29215 -2 -1.99713
29216 -2 -1.99713
29217 -2 -1.99713
29218 -2 -1.99713
29219 -2 -1.99713
29220 -2 -1.99713
29221 -2 -1.99713
29222 -2 -1.99713
29223 -2 -1.99713
29224 -1.98 -1.99713
29225 -1.98 -1.99713
29226 -1.98 -1.99713
29227 -2 -1.99713
29228 -2 -1.99713
29229 -2 -1.99713
29230 -2 -1.99713
29231 -2 -1.99713
29232 -2 -1.99713
29233 -2 -1.99713
29234 -2 -1.99713
29235 -2 -1.99713
29236 -2 -1.99713
29237 -2 -1.99713
29238 -2 -1.99713
29239 -2 -1.99713
29240 -2 -1.99713
29241 -2 -1.99713
29242 -2 -1.99713
29243 -1.98 -1.99713
29244 -1.98 -1.99713
29245 -1.98 -1.99713
29246 -1.98 -1.99713
29247 -2 -1.99713
29248 -2 -1.99713
29249 -2 -1.99713
29250 -2 -1.99713
29251 -2 -1.99713
29252 -1.98 -1.99713
29253 -1.96 -1.99713
29254 -1.96 -1.99713
29255 -2 -1.99713
29256 -2 -1.99713
29257 -2 -1.99713
29258 -2 -1.99713
29259 -2 -1.99713
29260 -2 -1.99713
29261 -2 -1.99713
29262 -2 -1.99713
29263 -2 -1.99713
29264 -2 -1.99713
29265 -2 -1.99713
29266 -2 -1.99713
29267 -2 -1.99713
29268 -2 -1.99713
29269 -2 -1.99713
29270 -2 -1.99713
29271 -1.98 -1.99713
29272 -1.98 -1.99713
29273 -1.98 -1.99713
29274 -2 -1.99713
29275 -2 -1.99713
29276 -2 -1.99713
29277 -2 -1.99713
29278 -2 -1.99713
29279 -2 -1.99713
29280 -2 -1.99713
29281 -2 -1.99713
29282 -2 -1.99713
29283 -2 -1.99713
29284 -2 -1.99713
29285 -2 -1.99713
29286 -2 -1.99713
29287 -2 -1.99713
29288 -2 -1.99713
29289 -2 -1.99713
29290 -2 -1.99713
29291 -1.98 -1.99713
29292 -2 -1.99713
29293 -2 -1.99713
29294 -2 -1.99713
29295 -2 -1.99713
29296 -2 -1.99713
29297 -2 -1.99713
29298 -2 -1.99713
29299 -2 -1.99713
29300 -2 -1.99713
29301 -2 -1.99713
29302 -2 -1.99713
29303 -2 -1.99713
29304 -2 -1.99713
29305 -2 -1.99713
29306 -2 -1.99713
29307 -2 -1.99713
29308 -2 -1.99713
29309 -2 -1.99713
29310 -1.98 -1.99713
29311 -2 -1.99713
29312 -1.98 -1.99713
29313 -2 -1.99713
29314 -2 -1.99713
29315 -2 -1.99713
29316 -1.98 -1.99713
29317 -1.98 -1.99713
29318 -2 -1.99713
29319 -2 -1.99713
29320 -2 -1.99713
29321 -2 -1.99713
29322 -2 -1.99713
29323 -2 -1.99713
29324 -2 -1.99713
29325 -2 -1.99713
29326 -2 -1.99713
29327 -2 -1.99713
29328 -2 -1.99713
29329 -1.98 -1.99713
29330 -2 -1.99713
29331 -1.98 -1.99713
29332 -2 -1.99713
29333 -2 -1.99713
29334 -2 -1.99713
29335 -2 -1.99713
29336 -2 -1.99713
29337 -2 -1.99713
29338 -2 -1.99713
29339 -2 -1.99713
29340 -2 -1.99713
29341 -2 -1.99713
29342 -2 -1.99713
29343 -2 -1.99713
29344 -2 -1.99713
29345 -2 -1.99713
29346 -2 -1.99713
29347 -2 -1.99713
29348 -2 -1.99713
29349 -1.97 -1.99713
29350 -1.98 -1.99713
29351 -2 -1.99713
29352 -2 -1.99713
29353 -2 -1.99713
29354 -2 -1.99713
29355 -2 -1.99713
29356 -2 -1.99713
29357 -2 -1.99713
29358 -2 -1.99713
29359 -2 -1.99713
29360 -2 -1.99713
29361 -2 -1.99713
29362 -2 -1.99713
29363 -2 -1.99713
29364 -2 -1.99713
29365 -2 -1.99713
29366 -2 -1.99713
29367 -2 -1.99713
29368 -2 -1.99713
29369 -2 -1.99713
29370 -2 -1.99713
29371 -2 -1.99713
29372 -2 -1.99713
29373 -2 -1.99713
29374 -2 -1.99713
29375 -2 -1.99713
29376 -2 -1.99713
29377 -2 -1.99713
29378 -2 -1.99713
29379 -2 -1.99713
29380 -2 -1.99713
29381 -2 -1.99713
29382 -2 -1.99713
29383 -2 -1.99713
29384 -2 -1.99713
29385 -2 -1.99713
29386 -2 -1.99713
29387 -2 -1.99713
29388 -2 -1.99713
29389 -2 -1.99713
29390 -2 -1.99713
29391 -2 -1.99713
29392 -2 -1.99713
29393 -2 -1.99713
29394 -2 -1.99713
29395 -2 -1.99713
29396 -2 -1.99713
29397 -2 -1.99713
29398 -2 -1.99713
29399 -2 -1.99714
29400 -2 -1.99714
29401 -1.98 -1.99713
29402 -1.96 -1.99713
29403 -1.98 -1.99713
29404 -2 -1.99713
29405 -2 -1.99713
29406 -2 -1.99713
29407 -2 -1.99713
29408 -2 -1.99713
29409 -2 -1.99713
29410 -2 -1.99713
29411 -2 -1.99713
29412 -2 -1.99713
29413 -2 -1.99713
29414 -2 -1.99713
29415 -2 -1.99713
29416 -1.98 -1.99713
29417 -2 -1.99713
29418 -2 -1.99713
29419 -2 -1.99713
29420 -1.98 -1.99713
29421 -1.98 -1.99713
29422 -1.98 -1.99713
29423 -2 -1.99713
29424 -2 -1.99713
29425 -2 -1.99713
29426 -2 -1.99713
29427 -2 -1.99713
29428 -2 -1.99713
29429 -2 -1.99713
29430 -2 -1.99713
29431 -2 -1.99713
29432 -2 -1.99713
29433 -2 -1.99713
29434 -2 -1.99713
29435 -2 -1.99713
29436 -2 -1.99713
29437 -2 -1.99713
29438 -2 -1.99713
29439 -2 -1.99713
29440 -2 -1.99713
29441 -2 -1.99713
29442 -2 -1.99713
29443 -2 -1.99713
29444 -2 -1.99713
29445 -2 -1.99713
29446 -2 -1.99713
29447 -2 -1.99713
29448 -2 -1.99713
29449 -2 -1.99713
29450 -2 -1.99713
29451 -2 -1.99713
29452 -2 -1.99713
29453 -2 -1.99713
29454 -2 -1.99713
29455 -2 -1.99714
29456 -2 -1.99714
29457 -2 -1.99714
29458 -2 -1.99714
29459 -2 -1.99714
29460 -2 -1.99714
29461 -2 -1.99714
29462 -2 -1.99714
29463 -2 -1.99714
29464 -2 -1.99714
29465 -2 -1.99714
29466 -2 -1.99714
29467 -2 -1.99714
29468 -2 -1.99714
29469 -2 -1.99714
29470 -2 -1.99714
29471 -2 -1.99714
29472 -2 -1.99714
29473 -2 -1.99714
29474 -2 -1.99714
29475 -2 -1.99714
29476 -2 -1.99714
29477 -2 -1.99714
29478 -2 -1.99714
29479 -2 -1.99714
29480 -2 -1.99714
29481 -2 -1.99714
29482 -2 -1.99714
29483 -2 -1.99714
29484 -2 -1.99714
29485 -1.98 -1.99714
29486 -2 -1.99714
29487 -2 -1.99714
29488 -1.98 -1.99714
29489 -1.98 -1.99714
29490 -2 -1.99714
29491 -2 -1.99714
29492 -2 -1.99714
29493 -2 -1.99714
29494 -2 -1.99714
29495 -2 -1.99714
29496 -2 -1.99714
29497 -2 -1.99714
29498 -2 -1.99714
29499 -2 -1.99714
29500 -2 -1.99714
29501 -2 -1.99714
29502 -2 -1.99714
29503 -2 -1.99714
29504 -2 -1.99714
29505 -2 -1.99714
29506 -2 -1.99714
29507 -2 -1.99714
29508 -2 -1.99714
29509 -2 -1.99714
29510 -2 -1.99714
29511 -2 -1.99714
29512 -2 -1.99714
29513 -2 -1.99714
29514 -2 -1.99714
29515 -2 -1.99714
29516 -2 -1.99714
29517 -2 -1.99714
29518 -2 -1.99714
29519 -2 -1.99714
29520 -2 -1.99714
29521 -2 -1.99714
29522 -2 -1.99714
29523 -2 -1.99714
29524 -2 -1.99714
29525 -2 -1.99714
29526 -1.98 -1.99714
29527 -2 -1.99714
29528 -2 -1.99714
29529 -1.98 -1.99714
29530 -1.96 -1.99714
29531 -1.98 -1.99714
29532 -2 -1.99714
29533 -2 -1.99714
29534 -2 -1.99714
29535 -1.98 -1.99714
29536 -2 -1.99714
29537 -2 -1.99714
29538 -2 -1.99714
29539 -2 -1.99714
29540 -2 -1.99714
29541 -2 -1.99714
29542 -1.98 -1.99714
29543 -2 -1.99714
29544 -2 -1.99714
29545 -2 -1.99714
29546 -2 -1.99714
29547 -2 -1.99714
29548 -2 -1.99714
29549 -2 -1.99714
29550 -2 -1.99714
29551 -1.98 -1.99714
29552 -2 -1.99714
29553 -2 -1.99714
29554 -2 -1.99714
29555 -2 -1.99714
29556 -2 -1.99714
29557 -2 -1.99714
29558 -2 -1.99714
29559 -1.98 -1.99714
29560 -2 -1.99714
29561 -2 -1.99714
29562 -2 -1.99714
29563 -2 -1.99714
29564 -1.98 -1.99714
29565 -2 -1.99714
29566 -2 -1.99714
29567 -2 -1.99714
29568 -2 -1.99714
29569 -2 -1.99714
29570 -2 -1.99714
29571 -2 -1.99714
29572 -2 -1.99714
29573 -2 -1.99714
29574 -2 -1.99714
29575 -2 -1.99714
29576 -2 -1.99714
29577 -1.98 -1.99714
29578 -2 -1.99714
29579 -2 -1.99714
29580 -2 -1.99714
29581 -2 -1.99714
29582 -2 -1.99714
29583 -1.98 -1.99714
29584 -1.98 -1.99714
29585 -1.98 -1.99714
29586 -1.98 -1.99714
29587 -2 -1.99714
29588 -2 -1.99714
29589 -2 -1.99714
29590 -2 -1.99714
29591 -2 -1.99714
29592 -2 -1.99714
29593 -2 -1.99714
29594 -2 -1.99714
29595 -2 -1.99714
29596 -1.98 -1.99714
29597 -1.96 -1.99713
29598 -1.96 -1.99713
29599 -1.98 -1.99713
29600 -1.98 -1.99713
29601 -2 -1.99713
29602 -2 -1.99713
29603 -2 -1.99713
29604 -1.96 -1.99713
29605 -2 -1.99713
29606 -2 -1.99713
29607 -2 -1.99713
29608 -2 -1.99713
29609 -2 -1.99713
29610 -2 -1.99713
29611 -2 -1.99713
29612 -2 -1.99713
29613 -2 -1.99713
29614 -2 -1.99713
29615 -2 -1.99713
29616 -2 -1.99713
29617 -2 -1.99713
29618 -2 -1.99713
29619 -2 -1.99713
29620 -2 -1.99713
29621 -1.98 -1.99713
29622 -2 -1.99713
29623 -2 -1.99713
29624 -2 -1.99713
29625 -2 -1.99713
29626 -2 -1.99713
29627 -2 -1.99713
29628 -2 -1.99713
29629 -2 -1.99713
29630 -1.98 -1.99713
29631 -1.98 -1.99713
29632 -2 -1.99713
29633 -2 -1.99713
29634 -1.98 -1.99713
29635 -1.98 -1.99713
29636 -1.98 -1.99713
29637 -1.98 -1.99713
29638 -1.98 -1.99713
29639 -1.98 -1.99713
29640 -2 -1.99713
29641 -2 -1.99713
29642 -2 -1.99713
29643 -2 -1.99713
29644 -2 -1.99713
29645 -2 -1.99713
29646 -2 -1.99713
29647 -2 -1.99713
29648 -2 -1.99713
29649 -1.98 -1.99713
29650 -1.98 -1.99713
29651 -1.98 -1.99713
29652 -2 -1.99713
29653 -2 -1.99713
29654 -2 -1.99713
29655 -2 -1.99713
29656 -2 -1.99713
29657 -2 -1.99713
29658 -2 -1.99713
29659 -2 -1.99713
29660 -2 -1.99713
29661 -2 -1.99713
29662 -2 -1.99713
29663 -2 -1.99713
29664 -2 -1.99713
29665 -2 -1.99713
29666 -1.98 -1.99713
29667 -1.98 -1.99713
29668 -2 -1.99713
29669 -2 -1.99713
29670 -2 -1.99713
29671 -2 -1.99713
29672 -2 -1.99713
29673 -2 -1.99713
29674 -1.96 -1.99713
29675 -1.98 -1.99713
29676 -2 -1.99713
29677 -2 -1.99713
29678 -2 -1.99713
29679 -2 -1.99713
29680 -2 -1.99713
29681 -2 -1.99713
29682 -2 -1.99713
29683 -1.98 -1.99713
29684 -2 -1.99713
29685 -2 -1.99713
29686 -2 -1.99713
29687 -2 -1.99713
29688 -2 -1.99713
29689 -2 -1.99713
29690 -2 -1.99713
29691 -2 -1.99713
29692 -2 -1.99713
29693 -2 -1.99713
29694 -1.98 -1.99713
29695 -2 -1.99713
29696 -2 -1.99713
29697 -2 -1.99713
29698 -2 -1.99713
29699 -2 -1.99713
29700 -2 -1.99713
29701 -2 -1.99713
29702 -1.98 -1.99713
29703 -1.98 -1.99713
29704 -2 -1.99713
29705 -2 -1.99713
29706 -2 -1.99713
29707 -2 -1.99713
29708 -2 -1.99713
29709 -2 -1.99713
29710 -1.98 -1.99713
29711 -2 -1.99713
29712 -2 -1.99713
29713 -2 -1.99713
29714 -2 -1.99713
29715 -2 -1.99713
29716 -2 -1.99713
29717 -2 -1.99713
29718 -2 -1.99713
29719 -1.98 -1.99713
29720 -2 -1.99713
29721 -2 -1.99713
29722 -2 -1.99713
29723 -2 -1.99713
29724 -2 -1.99713
29725 -1.98 -1.99713
29726 -2 -1.99713
29727 -2 -1.99713
29728 -2 -1.99713
29729 -2 -1.99713
29730 -2 -1.99713
29731 -1.98 -1.99713
29732 -2 -1.99713
29733 -2 -1.99713
29734 -1.98 -1.99713
29735 -1.98 -1.99713
29736 -1.98 -1.99713
29737 -2 -1.99713
29738 -2 -1.99713
29739 -2 -1.99713
29740 -2 -1.99713
29741 -2 -1.99713
29742 -2 -1.99713
29743 -2 -1.99713
29744 -2 -1.99713
29745 -2 -1.99713
29746 -2 -1.99713
29747 -2 -1.99713
29748 -1.98 -1.99713
29749 -1.98 -1.99713
29750 -2 -1.99713
29751 -2 -1.99713
29752 -2 -1.99713
29753 -2 -1.99713
29754 -2 -1.99713
29755 -2 -1.99713
29756 -2 -1.99713
29757 -2 -1.99713
29758 -2 -1.99713
29759 -2 -1.99713
29760 -2 -1.99713
29761 -2 -1.99713
29762 -2 -1.99713
29763 -2 -1.99713
29764 -2 -1.99713
29765 -2 -1.99713
29766 -2 -1.99713
29767 -2 -1.99713
29768 -2 -1.99713
29769 -2 -1.99713
29770 -2 -1.99713
29771 -2 -1.99713
29772 -2 -1.99713
29773 -2 -1.99713
29774 -2 -1.99713
29775 -2 -1.99713
29776 -2 -1.99713
29777 -2 -1.99713
29778 -2 -1.99713
29779 -1.98 -1.99713
29780 -1.98 -1.99713
29781 -2 -1.99713
29782 -2 -1.99713
29783 -2 -1.99713
29784 -2 -1.99713
29785 -2 -1.99713
29786 -2 -1.99713
29787 -2 -1.99713
29788 -2 -1.99713
29789 -2 -1.99713
29790 -2 -1.99713
29791 -2 -1.99713
29792 -2 -1.99713
29793 -2 -1.99713
29794 -2 -1.99713
29795 -1.98 -1.99713
29796 -1.98 -1.99713
29797 -2 -1.99713
29798 -2 -1.99713
29799 -1.98 -1.99713
29800 -1.96 -1.99713
29801 -2 -1.99713
29802 -2 -1.99713
29803 -2 -1.99713
29804 -2 -1.99713
29805 -2 -1.99713
29806 -2 -1.99713
29807 -2 -1.99713
29808 -2 -1.99713
29809 -2 -1.99713
29810 -2 -1.99713
29811 -2 -1.99713
29812 -1.98 -1.99713
29813 -2 -1.99713
29814 -2 -1.99713
29815 -2 -1.99713
29816 -2 -1.99713
29817 -1.98 -1.99713
29818 -1.97 -1.99712
29819 -1.98 -1.99712
29820 -2 -1.99712
29821 -2 -1.99712
29822 -2 -1.99712
29823 -2 -1.99712
29824 -2 -1.99712
29825 -2 -1.99712
29826 -2 -1.99712
29827 -2 -1.99712
29828 -2 -1.99712
29829 -1.98 -1.99712
29830 -1.98 -1.99712
29831 -1.98 -1.99712
29832 -2 -1.99712
29833 -2 -1.99712
29834 -2 -1.99712
29835 -1.98 -1.99712
29836 -1.98 -1.99712
29837 -2 -1.99712
29838 -2 -1.99712
29839 -2 -1.99712
29840 -2 -1.99712
29841 -2 -1.99712
29842 -2 -1.99712
29843 -2 -1.99712
29844 -2 -1.99712
29845 -2 -1.99712
29846 -2 -1.99712
29847 -2 -1.99712
29848 -2 -1.99712
29849 -2 -1.99712
29850 -2 -1.99712
29851 -1.98 -1.99712
29852 -1.98 -1.99712
29853 -2 -1.99712
29854 -2 -1.99712
29855 -2 -1.99712
29856 -2 -1.99712
29857 -1.98 -1.99712
29858 -2 -1.99712
29859 -2 -1.99712
29860 -2 -1.99712
29861 -2 -1.99712
29862 -2 -1.99712
29863 -2 -1.99712
29864 -2 -1.99712
29865 -2 -1.99712
29866 -1.98 -1.99712
29867 -2 -1.99712
29868 -1.98 -1.99712
29869 -2 -1.99712
29870 -2 -1.99712
29871 -2 -1.99712
29872 -2 -1.99712
29873 -2 -1.99712
29874 -1.98 -1.99712
29875 -2 -1.99712
29876 -2 -1.99712
29877 -2 -1.99712
29878 -2 -1.99712
29879 -2 -1.99712
29880 -2 -1.99712
29881 -2 -1.99712
29882 -2 -1.99712
29883 -2 -1.99712
29884 -2 -1.99712
29885 -2 -1.99712
29886 -2 -1.99712
29887 -2 -1.99712
29888 -2 -1.99712
29889 -2 -1.99712
29890 -2 -1.99712
29891 -2 -1.99712
29892 -2 -1.99712
29893 -2 -1.99712
29894 -2 -1.99712
29895 -2 -1.99712
29896 -2 -1.99712
29897 -2 -1.99712
29898 -2 -1.99712
29899 -2 -1.99712
29900 -2 -1.99712
29901 -2 -1.99712
29902 -2 -1.99712
29903 -2 -1.99712
29904 -2 -1.99712
29905 -2 -1.99712
29906 -2 -1.99713
29907 -1.98 -1.99712
29908 -1.96 -1.99712
29909 -2 -1.99712
29910 -2 -1.99712
29911 -2 -1.99712
29912 -2 -1.99712
29913 -2 -1.99712
29914 -2 -1.99712
29915 -1.98 -1.99712
29916 -1.98 -1.99712
29917 -2 -1.99712
29918 -2 -1.99712
29919 -2 -1.99712
29920 -2 -1.99712
29921 -2 -1.99712
29922 -2 -1.99712
29923 -2 -1.99712
29924 -2 -1.99712
29925 -2 -1.99712
29926 -2 -1.99712
29927 -2 -1.99712
29928 -2 -1.99712
29929 -2 -1.99712
29930 -2 -1.99712
29931 -2 -1.99712
29932 -2 -1.99712
29933 -2 -1.99712
29934 -2 -1.99712
29935 -2 -1.99712
29936 -2 -1.99712
29937 -2 -1.99712
29938 -2 -1.99712
29939 -2 -1.99712
29940 -2 -1.99713
29941 -2 -1.99713
29942 -2 -1.99713
29943 -1.98 -1.99712
29944 -2 -1.99712
29945 -2 -1.99712
29946 -1.98 -1.99712
29947 -2 -1.99712
29948 -2 -1.99712
29949 -2 -1.99712
29950 -2 -1.99712
29951 -2 -1.99712
29952 -2 -1.99712
29953 -2 -1.99712
29954 -2 -1.99713
29955 -2 -1.99713
29956 -2 -1.99713
29957 -2 -1.99713
29958 -2 -1.99713
29959 -2 -1.99713
29960 -1.98 -1.99712
29961 -2 -1.99713
29962 -2 -1.99713
29963 -2 -1.99713
29964 -1.98 -1.99712
29965 -2 -1.99712
29966 -2 -1.99712
29967 -2 -1.99712
29968 -2 -1.99713
29969 -1.98 -1.99712
29970 -2 -1.99712
29971 -2 -1.99712
29972 -2 -1.99712
29973 -2 -1.99712
29974 -2 -1.99712
29975 -2 -1.99713
29976 -2 -1.99713
29977 -2 -1.99713
29978 -1.98 -1.99712
29979 -2 -1.99712
29980 -2 -1.99712
29981 -2 -1.99712
29982 -2 -1.99713
29983 -2 -1.99713
29984 -2 -1.99713
29985 -2 -1.99713
29986 -2 -1.99713
29987 -2 -1.99713
29988 -2 -1.99713
29989 -2 -1.99713
29990 -2 -1.99713
29991 -2 -1.99713
29992 -2 -1.99713
29993 -2 -1.99713
29994 -2 -1.99713
29995 -2 -1.99713
29996 -2 -1.99713
29997 -2 -1.99713
29998 -1.98 -1.99713
29999 -2 -1.99713
30000 -2 -1.99713
30001 -2 -1.99713
30002 -2 -1.99713
30003 -2 -1.99713
30004 -2 -1.99713
30005 -2 -1.99713
30006 -2 -1.99713
30007 -2 -1.99713
30008 -2 -1.99713
30009 -1.98 -1.99713
30010 -1.98 -1.99713
30011 -1.98 -1.99713
30012 -1.97 -1.99712
30013 -1.97 -1.99712
30014 -1.98 -1.99712
30015 -2 -1.99712
30016 -1.98 -1.99712
30017 -2 -1.99712
30018 -2 -1.99712
30019 -2 -1.99712
30020 -2 -1.99712
30021 -2 -1.99712
30022 -2 -1.99712
30023 -2 -1.99712
30024 -2 -1.99712
30025 -2 -1.99712
30026 -2 -1.99712
30027 -2 -1.99712
30028 -2 -1.99712
30029 -2 -1.99712
30030 -2 -1.99712
30031 -2 -1.99712
30032 -2 -1.99712
30033 -2 -1.99712
30034 -2 -1.99712
30035 -2 -1.99712
30036 -2 -1.99712
30037 -1.98 -1.99712
30038 -2 -1.99712
30039 -2 -1.99712
30040 -2 -1.99712
30041 -2 -1.99712
30042 -2 -1.99712
30043 -2 -1.99712
30044 -2 -1.99712
30045 -2 -1.99712
30046 -2 -1.99712
30047 -2 -1.99712
30048 -2 -1.99712
30049 -2 -1.99712
30050 -2 -1.99712
30051 -2 -1.99712
30052 -1.98 -1.99712
30053 -2 -1.99712
30054 -2 -1.99712
30055 -2 -1.99712
30056 -1.97 -1.99712
30057 -1.98 -1.99712
30058 -1.98 -1.99712
30059 -1.98 -1.99712
30060 -1.98 -1.99712
30061 -2 -1.99712
30062 -2 -1.99712
30063 -1.98 -1.99712
30064 -1.98 -1.99712
30065 -2 -1.99712
30066 -2 -1.99712
30067 -2 -1.99712
30068 -2 -1.99712
30069 -2 -1.99712
30070 -2 -1.99712
30071 -2 -1.99712
30072 -2 -1.99712
30073 -2 -1.99712
30074 -2 -1.99712
30075 -2 -1.99712
30076 -2 -1.99712
30077 -2 -1.99712
30078 -2 -1.99712
30079 -2 -1.99712
30080 -2 -1.99712
30081 -2 -1.99712
30082 -2 -1.99712
30083 -2 -1.99712
30084 -2 -1.99712
30085 -1.98 -1.99712
30086 -2 -1.99712
30087 -2 -1.99712
30088 -1.98 -1.99712
30089 -2 -1.99712
30090 -2 -1.99712
30091 -2 -1.99712
30092 -2 -1.99712
30093 -2 -1.99712
30094 -2 -1.99712
30095 -2 -1.99712
30096 -1.98 -1.99712
30097 -2 -1.99712
30098 -2 -1.99712
30099 -2 -1.99712
30100 -2 -1.99712
30101 -2 -1.99712
30102 -2 -1.99712
30103 -2 -1.99712
30104 -1.98 -1.99712
30105 -1.98 -1.99712
30106 -1.98 -1.99712
30107 -1.98 -1.99712
30108 -1.98 -1.99712
30109 -2 -1.99712
30110 -2 -1.99712
30111 -2 -1.99712
30112 -2 -1.99712
30113 -2 -1.99712
30114 -2 -1.99712
30115 -2 -1.99712
30116 -2 -1.99712
30117 -1.98 -1.99712
30118 -1.98 -1.99712
30119 -2 -1.99712
30120 -2 -1.99712
30121 -2 -1.99712
30122 -2 -1.99712
30123 -2 -1.99712
30124 -2 -1.99712
30125 -2 -1.99712
30126 -2 -1.99712
30127 -2 -1.99712
30128 -2 -1.99712
30129 -2 -1.99712
30130 -2 -1.99712
30131 -2 -1.99712
30132 -2 -1.99712
30133 -2 -1.99712
30134 -2 -1.99712
30135 -2 -1.99712
30136 -2 -1.99712
30137 -2 -1.99712
30138 -2 -1.99712
30139 -2 -1.99712
30140 -2 -1.99712
30141 -2 -1.99712
30142 -2 -1.99712
30143 -2 -1.99712
30144 -2 -1.99712
30145 -2 -1.99712
30146 -2 -1.99712
30147 -2 -1.99712
30148 -2 -1.99712
30149 -2 -1.99712
30150 -2 -1.99712
30151 -2 -1.99712
30152 -2 -1.99712
30153 -1.98 -1.99712
30154 -2 -1.99712
30155 -1.98 -1.99712
30156 -2 -1.99712
30157 -2 -1.99712
30158 -1.98 -1.99712
30159 -1.96 -1.99712
30160 -2 -1.99712
30161 -2 -1.99712
30162 -2 -1.99712
30163 -2 -1.99712
30164 -1.98 -1.99712
30165 -1.98 -1.99712
30166 -2 -1.99712
30167 -2 -1.99712
30168 -2 -1.99712
30169 -2 -1.99712
30170 -2 -1.99712
30171 -2 -1.99712
30172 -2 -1.99712
30173 -2 -1.99712
30174 -2 -1.99712
30175 -2 -1.99712
30176 -2 -1.99712
30177 -2 -1.99712
30178 -2 -1.99712
30179 -2 -1.99712
30180 -2 -1.99712
30181 -2 -1.99712
30182 -2 -1.99712
30183 -2 -1.99712
30184 -2 -1.99712
30185 -2 -1.99712
30186 -2 -1.99712
30187 -1.98 -1.99712
30188 -1.98 -1.99712
30189 -1.98 -1.99712
30190 -2 -1.99712
30191 -2 -1.99712
30192 -1.98 -1.99712
30193 -1.94 -1.99712
30194 -1.98 -1.99712
30195 -1.98 -1.99712
30196 -2 -1.99712
30197 -2 -1.99712
30198 -2 -1.99712
30199 -2 -1.99712
30200 -2 -1.99712
30201 -2 -1.99712
30202 -2 -1.99712
30203 -2 -1.99712
30204 -2 -1.99712
30205 -2 -1.99712
30206 -2 -1.99712
30207 -2 -1.99712
30208 -1.98 -1.99712
30209 -2 -1.99712
30210 -2 -1.99712
30211 -2 -1.99712
30212 -2 -1.99712
30213 -2 -1.99712
30214 -2 -1.99712
30215 -2 -1.99712
30216 -2 -1.99712
30217 -2 -1.99712
30218 -2 -1.99712
30219 -2 -1.99712
30220 -2 -1.99712
30221 -2 -1.99712
30222 -2 -1.99712
30223 -2 -1.99712
30224 -2 -1.99712
30225 -2 -1.99712
30226 -2 -1.99712
30227 -2 -1.99712
30228 -2 -1.99712
30229 -2 -1.99712
30230 -1.98 -1.99712
30231 -1.98 -1.99712
30232 -1.98 -1.99712
30233 -2 -1.99712
30234 -2 -1.99712
30235 -2 -1.99712
30236 -2 -1.99712
30237 -2 -1.99712
30238 -2 -1.99712
30239 -2 -1.99712
30240 -2 -1.99712
30241 -2 -1.99712
30242 -2 -1.99712
30243 -2 -1.99712
30244 -2 -1.99712
30245 -2 -1.99712
30246 -2 -1.99712
30247 -2 -1.99712
30248 -2 -1.99712
30249 -2 -1.99712
30250 -1.98 -1.99712
30251 -2 -1.99712
30252 -2 -1.99712
30253 -2 -1.99712
30254 -2 -1.99712
30255 -2 -1.99712
30256 -2 -1.99712
30257 -2 -1.99712
30258 -2 -1.99712
30259 -2 -1.99712
30260 -2 -1.99712
30261 -2 -1.99712
30262 -2 -1.99712
30263 -2 -1.99712
30264 -2 -1.99712
30265 -2 -1.99712
30266 -2 -1.99712
30267 -2 -1.99712
30268 -2 -1.99712
30269 -2 -1.99712
30270 -2 -1.99712
30271 -2 -1.99712
30272 -2 -1.99712
30273 -2 -1.99712
30274 -2 -1.99712
30275 -2 -1.99712
30276 -2 -1.99712
30277 -2 -1.99712
30278 -2 -1.99712
30279 -2 -1.99712
30280 -2 -1.99712
30281 -2 -1.99712
30282 -2 -1.99712
30283 -2 -1.99712
30284 -2 -1.99712
30285 -1.98 -1.99712
30286 -2 -1.99712
30287 -2 -1.99712
30288 -2 -1.99712
30289 -2 -1.99712
30290 -2 -1.99712
30291 -2 -1.99712
30292 -2 -1.99712
30293 -2 -1.99712
30294 -2 -1.99712
30295 -2 -1.99712
30296 -2 -1.99712
30297 -2 -1.99712
30298 -2 -1.99712
30299 -2 -1.99712
30300 -2 -1.99712
30301 -2 -1.99712
30302 -2 -1.99712
30303 -2 -1.99712
30304 -2 -1.99712
30305 -2 -1.99712
30306 -1.98 -1.99712
30307 -2 -1.99712
30308 -2 -1.99712
30309 -2 -1.99712
30310 -2 -1.99712
30311 -2 -1.99712
30312 -2 -1.99712
30313 -2 -1.99712
30314 -2 -1.99712
30315 -2 -1.99712
30316 -2 -1.99712
30317 -2 -1.99712
30318 -2 -1.99712
30319 -2 -1.99712
30320 -2 -1.99712
30321 -2 -1.99712
30322 -2 -1.99712
30323 -2 -1.99712
30324 -2 -1.99712
30325 -1.98 -1.99712
30326 -1.98 -1.99712
30327 -1.96 -1.99712
30328 -1.98 -1.99712
30329 -1.98 -1.99712
30330 -2 -1.99712
30331 -2 -1.99712
30332 -2 -1.99712
30333 -2 -1.99712
30334 -2 -1.99712
30335 -2 -1.99712
30336 -2 -1.99712
30337 -2 -1.99712
30338 -2 -1.99712
30339 -2 -1.99712
30340 -2 -1.99712
30341 -2 -1.99712
30342 -1.98 -1.99712
30343 -1.98 -1.99712
30344 -1.97 -1.99712
30345 -2 -1.99712
30346 -1.98 -1.99712
30347 -1.98 -1.99712
30348 -1.98 -1.99712
30349 -1.95 -1.99712
30350 -1.96 -1.99711
30351 -1.96 -1.99711
30352 -2 -1.99711
30353 -2 -1.99711
30354 -1.98 -1.99711
30355 -2 -1.99711
30356 -2 -1.99711
30357 -2 -1.99711
30358 -2 -1.99711
30359 -2 -1.99711
30360 -2 -1.99711
30361 -2 -1.99711
30362 -2 -1.99711
30363 -2 -1.99711
30364 -2 -1.99711
30365 -2 -1.99711
30366 -2 -1.99711
30367 -2 -1.99711
30368 -2 -1.99711
30369 -2 -1.99711
30370 -2 -1.99711
30371 -2 -1.99711
30372 -2 -1.99711
30373 -1.98 -1.99711
30374 -2 -1.99711
30375 -2 -1.99711
30376 -2 -1.99711
30377 -2 -1.99711
30378 -2 -1.99711
30379 -2 -1.99711
30380 -2 -1.99711
30381 -2 -1.99712
30382 -1.98 -1.99711
30383 -1.98 -1.99711
30384 -1.98 -1.99711
30385 -1.98 -1.99711
30386 -2 -1.99711
30387 -1.98 -1.99711
30388 -2 -1.99711
30389 -2 -1.99711
30390 -2 -1.99711
30391 -2 -1.99711
30392 -2 -1.99711
30393 -2 -1.99711
30394 -1.96 -1.99711
30395 -1.98 -1.99711
30396 -2 -1.99711
30397 -2 -1.99711
30398 -2 -1.99711
30399 -2 -1.99711
30400 -2 -1.99711
30401 -2 -1.99711
30402 -2 -1.99711
30403 -2 -1.99711
30404 -2 -1.99711
30405 -1.98 -1.99711
30406 -2 -1.99711
30407 -2 -1.99711
30408 -2 -1.99711
30409 -2 -1.99711
30410 -2 -1.99711
30411 -2 -1.99711
30412 -2 -1.99711
30413 -2 -1.99711
30414 -2 -1.99711
30415 -2 -1.99711
30416 -2 -1.99711
30417 -2 -1.99711
30418 -2 -1.99711
30419 -2 -1.99711
30420 -2 -1.99711
30421 -2 -1.99711
30422 -2 -1.99711
30423 -2 -1.99711
30424 -2 -1.99711
30425 -2 -1.99711
30426 -2 -1.99711
30427 -2 -1.99711
30428 -2 -1.99711
30429 -2 -1.99711
30430 -2 -1.99711
30431 -1.98 -1.99711
30432 -2 -1.99711
30433 -2 -1.99711
30434 -2 -1.99711
30435 -2 -1.99711
30436 -1.98 -1.99711
30437 -2 -1.99711
30438 -2 -1.99711
30439 -2 -1.99711
30440 -2 -1.99711
30441 -2 -1.99711
30442 -2 -1.99711
30443 -2 -1.99711
30444 -2 -1.99711
30445 -2 -1.99711
30446 -2 -1.99711
30447 -2 -1.99711
30448 -2 -1.99711
30449 -2 -1.99711
30450 -2 -1.99711
30451 -2 -1.99711
30452 -2 -1.99711
30453 -2 -1.99711
30454 -2 -1.99711
30455 -2 -1.99711
30456 -1.98 -1.99711
30457 -2 -1.99711
30458 -2 -1.99711
30459 -2 -1.99711
30460 -2 -1.99711
30461 -2 -1.99711
30462 -2 -1.99711
30463 -2 -1.99711
30464 -2 -1.99712
30465 -2 -1.99712
30466 -2 -1.99712
30467 -2 -1.99712
30468 -2 -1.99712
30469 -2 -1.99712
30470 -2 -1.99712
30471 -2 -1.99712
30472 -2 -1.99712
30473 -2 -1.99712
30474 -2 -1.99712
30475 -2 -1.99712
30476 -2 -1.99712
30477 -2 -1.99712
30478 -2 -1.99712
30479 -2 -1.99712
30480 -2 -1.99712
30481 -2 -1.99712
30482 -2 -1.99712
30483 -2 -1.99712
30484 -2 -1.99712
30485 -2 -1.99712
30486 -2 -1.99712
30487 -2 -1.99712
30488 -2 -1.99712
30489 -2 -1.99712
30490 -2 -1.99712
30491 -2 -1.99712
30492 -2 -1.99712
30493 -2 -1.99712
30494 -2 -1.99712
30495 -2 -1.99712
30496 -2 -1.99712
30497 -1.98 -1.99712
30498 -1.96 -1.99712
30499 -1.98 -1.99712
30500 -2 -1.99712
30501 -2 -1.99712
30502 -2 -1.99712
30503 -2 -1.99712
30504 -2 -1.99712
30505 -2 -1.99712
30506 -2 -1.99712
30507 -2 -1.99712
30508 -2 -1.99712
30509 -2 -1.99712
30510 -2 -1.99712
30511 -2 -1.99712
30512 -2 -1.99712
30513 -1.98 -1.99712
30514 -2 -1.99712
30515 -2 -1.99712
30516 -2 -1.99712
30517 -2 -1.99712
30518 -1.98 -1.99712
30519 -1.98 -1.99712
30520 -2 -1.99712
30521 -2 -1.99712
30522 -2 -1.99712
30523 -2 -1.99712
30524 -2 -1.99712
30525 -2 -1.99712
30526 -2 -1.99712
30527 -2 -1.99712
30528 -2 -1.99712
30529 -2 -1.99712
30530 -2 -1.99712
30531 -2 -1.99712
30532 -2 -1.99712
30533 -1.98 -1.99712
30534 -1.98 -1.99712
30535 -1.98 -1.99712
30536 -1.98 -1.99711
30537 -2 -1.99711
30538 -2 -1.99711
30539 -2 -1.99711
30540 -2 -1.99712
30541 -2 -1.99712
30542 -2 -1.99712
30543 -2 -1.99712
30544 -2 -1.99712
30545 -2 -1.99712
30546 -2 -1.99712
30547 -2 -1.99712
30548 -2 -1.99712
30549 -2 -1.99712
30550 -2 -1.99712
30551 -2 -1.99712
30552 -2 -1.99712
30553 -2 -1.99712
30554 -2 -1.99712
30555 -2 -1.99712
30556 -2 -1.99712
30557 -2 -1.99712
30558 -2 -1.99712
30559 -2 -1.99712
30560 -2 -1.99712
30561 -2 -1.99712
30562 -2 -1.99712
30563 -2 -1.99712
30564 -2 -1.99712
30565 -2 -1.99712
30566 -2 -1.99712
30567 -2 -1.99712
30568 -2 -1.99712
30569 -2 -1.99712
30570 -2 -1.99712
30571 -2 -1.99712
30572 -2 -1.99712
30573 -2 -1.99712
30574 -2 -1.99712
30575 -2 -1.99712
30576 -2 -1.99712
30577 -1.98 -1.99712
30578 -2 -1.99712
30579 -2 -1.99712
30580 -2 -1.99712
30581 -2 -1.99712
30582 -2 -1.99712
30583 -2 -1.99712
30584 -2 -1.99712
30585 -2 -1.99712
30586 -2 -1.99712
30587 -2 -1.99712
30588 -2 -1.99712
30589 -2 -1.99712
30590 -2 -1.99712
30591 -2 -1.99712
30592 -2 -1.99712
30593 -2 -1.99712
30594 -1.98 -1.99712
30595 -1.98 -1.99712
30596 -2 -1.99712
30597 -2 -1.99712
30598 -2 -1.99712
30599 -2 -1.99712
30600 -2 -1.99712
30601 -2 -1.99712
30602 -2 -1.99712
30603 -2 -1.99712
30604 -2 -1.99712
30605 -2 -1.99712
30606 -2 -1.99712
30607 -1.98 -1.99712
30608 -2 -1.99712
30609 -2 -1.99712
30610 -2 -1.99712
30611 -1.98 -1.99712
30612 -2 -1.99712
30613 -2 -1.99712
30614 -2 -1.99712
30615 -2 -1.99712
30616 -2 -1.99712
30617 -2 -1.99712
30618 -2 -1.99712
30619 -2 -1.99712
30620 -2 -1.99712
30621 -2 -1.99712
30622 -1.98 -1.99712
30623 -2 -1.99712
30624 -2 -1.99712
30625 -2 -1.99712
30626 -2 -1.99712
30627 -2 -1.99712
30628 -2 -1.99712
30629 -2 -1.99712
30630 -2 -1.99712
30631 -2 -1.99712
30632 -2 -1.99712
30633 -1.98 -1.99712
30634 -2 -1.99712
30635 -2 -1.99712
30636 -1.98 -1.99712
30637 -1.98 -1.99712
30638 -1.98 -1.99712
30639 -1.98 -1.99712
30640 -2 -1.99712
30641 -2 -1.99712
30642 -2 -1.99712
30643 -2 -1.99712
30644 -2 -1.99712
30645 -2 -1.99712
30646 -2 -1.99712
30647 -2 -1.99712
30648 -2 -1.99712
30649 -2 -1.99712
30650 -2 -1.99712
30651 -2 -1.99712
30652 -2 -1.99712
30653 -1.98 -1.99712
30654 -1.98 -1.99712
30655 -2 -1.99712
30656 -2 -1.99712
30657 -2 -1.99712
30658 -2 -1.99712
30659 -2 -1.99712
30660 -2 -1.99712
30661 -1.98 -1.99712
30662 -1.98 -1.99712
30663 -1.98 -1.99712
30664 -2 -1.99712
30665 -2 -1.99712
30666 -2 -1.99712
30667 -2 -1.99712
30668 -2 -1.99712
30669 -2 -1.99712
30670 -2 -1.99712
30671 -2 -1.99712
30672 -1.98 -1.99712
30673 -2 -1.99712
30674 -2 -1.99712
30675 -2 -1.99712
30676 -2 -1.99712
30677 -2 -1.99712
30678 -2 -1.99712
30679 -2 -1.99712
30680 -2 -1.99712
30681 -2 -1.99712
30682 -2 -1.99712
30683 -2 -1.99712
30684 -2 -1.99712
30685 -2 -1.99712
30686 -2 -1.99712
30687 -2 -1.99712
30688 -2 -1.99712
30689 -2 -1.99712
30690 -2 -1.99712
30691 -2 -1.99712
30692 -2 -1.99712
30693 -2 -1.99712
30694 -1.98 -1.99712
30695 -2 -1.99712
30696 -2 -1.99712
30697 -2 -1.99712
30698 -2 -1.99712
30699 -1.98 -1.99712
30700 -2 -1.99712
30701 -2 -1.99712
30702 -2 -1.99712
30703 -2 -1.99712
30704 -2 -1.99712
30705 -1.98 -1.99712
30706 -1.98 -1.99712
30707 -1.98 -1.99712
30708 -2 -1.99712
30709 -2 -1.99712
30710 -2 -1.99712
30711 -2 -1.99712
30712 -2 -1.99712
30713 -2 -1.99712
30714 -2 -1.99712
30715 -1.98 -1.99712
30716 -1.98 -1.99712
30717 -1.98 -1.99712
30718 -2 -1.99712
30719 -1.98 -1.99711
30720 -1.98 -1.99711
30721 -1.98 -1.99711
30722 -1.98 -1.99711
30723 -1.98 -1.99711
30724 -2 -1.99711
30725 -2 -1.99711
30726 -2 -1.99711
30727 -2 -1.99711
30728 -2 -1.99711
30729 -2 -1.99711
30730 -2 -1.99711
30731 -2 -1.99711
30732 -2 -1.99711
30733 -2 -1.99711
30734 -2 -1.99711
30735 -2 -1.99711
30736 -2 -1.99711
30737 -2 -1.99711
30738 -2 -1.99711
30739 -2 -1.99711
30740 -2 -1.99711
30741 -2 -1.99711
30742 -2 -1.99711
30743 -2 -1.99711
30744 -2 -1.99711
30745 -2 -1.99711
30746 -2 -1.99711
30747 -2 -1.99711
30748 -2 -1.99712
30749 -2 -1.99712
30750 -2 -1.99712
30751 -2 -1.99712
30752 -1.98 -1.99711
30753 -2 -1.99711
30754 -2 -1.99711
30755 -2 -1.99712
30756 -2 -1.99712
30757 -2 -1.99712
30758 -2 -1.99712
30759 -2 -1.99712
30760 -2 -1.99712
30761 -2 -1.99712
30762 -2 -1.99712
30763 -2 -1.99712
30764 -2 -1.99712
30765 -2 -1.99712
30766 -2 -1.99712
30767 -2 -1.99712
30768 -2 -1.99712
30769 -2 -1.99712
30770 -2 -1.99712
30771 -2 -1.99712
30772 -2 -1.99712
30773 -2 -1.99712
30774 -2 -1.99712
30775 -1.96 -1.99712
30776 -2 -1.99712
30777 -2 -1.99712
30778 -2 -1.99712
30779 -2 -1.99712
30780 -2 -1.99712
30781 -2 -1.99712
30782 -2 -1.99712
30783 -2 -1.99712
30784 -2 -1.99712
30785 -2 -1.99712
30786 -2 -1.99712
30787 -2 -1.99712
30788 -2 -1.99712
30789 -2 -1.99712
30790 -2 -1.99712
30791 -2 -1.99712
30792 -2 -1.99712
30793 -2 -1.99712
30794 -2 -1.99712
30795 -2 -1.99712
30796 -1.98 -1.99712
30797 -1.98 -1.99712
30798 -1.98 -1.99712
30799 -2 -1.99712
30800 -2 -1.99712
30801 -2 -1.99712
30802 -1.98 -1.99712
30803 -1.98 -1.99711
30804 -1.98 -1.99711
30805 -1.98 -1.99711
30806 -2 -1.99711
30807 -2 -1.99711
30808 -2 -1.99711
30809 -2 -1.99711
30810 -2 -1.99711
30811 -2 -1.99711
30812 -2 -1.99711
30813 -2 -1.99711
30814 -2 -1.99711
30815 -2 -1.99711
30816 -2 -1.99711
30817 -2 -1.99711
30818 -2 -1.99712
30819 -2 -1.99712
30820 -1.98 -1.99711
30821 -2 -1.99711
30822 -2 -1.99711
30823 -2 -1.99711
30824 -2 -1.99712
30825 -2 -1.99712
30826 -2 -1.99712
30827 -2 -1.99712
30828 -2 -1.99712
30829 -2 -1.99712
30830 -2 -1.99712
30831 -2 -1.99712
30832 -2 -1.99712
30833 -2 -1.99712
30834 -2 -1.99712
30835 -2 -1.99712
30836 -2 -1.99712
30837 -2 -1.99712
30838 -2 -1.99712
30839 -2 -1.99712
30840 -2 -1.99712
30841 -2 -1.99712
30842 -2 -1.99712
30843 -1.98 -1.99712
30844 -2 -1.99712
30845 -2 -1.99712
30846 -2 -1.99712
30847 -2 -1.99712
30848 -2 -1.99712
30849 -2 -1.99712
30850 -2 -1.99712
30851 -2 -1.99712
30852 -2 -1.99712
30853 -2 -1.99712
30854 -2 -1.99712
30855 -2 -1.99712
30856 -2 -1.99712
30857 -2 -1.99712
30858 -1.98 -1.99712
30859 -2 -1.99712
30860 -2 -1.99712
30861 -2 -1.99712
30862 -2 -1.99712
30863 -2 -1.99712
30864 -1.98 -1.99712
30865 -2 -1.99712
30866 -2 -1.99712
30867 -2 -1.99712
30868 -2 -1.99712
30869 -1.98 -1.99712
30870 -2 -1.99712
30871 -2 -1.99712
30872 -2 -1.99712
30873 -2 -1.99712
30874 -2 -1.99712
30875 -2 -1.99712
30876 -2 -1.99712
30877 -2 -1.99712
30878 -2 -1.99712
30879 -2 -1.99712
30880 -2 -1.99712
30881 -2 -1.99712
30882 -2 -1.99712
30883 -2 -1.99712
30884 -2 -1.99712
30885 -2 -1.99712
30886 -2 -1.99712
30887 -2 -1.99712
30888 -2 -1.99712
30889 -2 -1.99712
30890 -2 -1.99712
30891 -2 -1.99712
30892 -2 -1.99712
30893 -2 -1.99712
30894 -2 -1.99712
30895 -2 -1.99712
30896 -2 -1.99712
30897 -2 -1.99712
30898 -2 -1.99712
30899 -2 -1.99712
30900 -1.98 -1.99712
30901 -2 -1.99712
30902 -2 -1.99712
30903 -1.96 -1.99712
30904 -1.98 -1.99712
30905 -1.98 -1.99712
30906 -2 -1.99712
30907 -2 -1.99712
30908 -2 -1.99712
30909 -2 -1.99712
30910 -2 -1.99712
30911 -2 -1.99712
30912 -2 -1.99712
30913 -2 -1.99712
30914 -2 -1.99712
30915 -2 -1.99712
30916 -2 -1.99712
30917 -2 -1.99712
30918 -2 -1.99712
30919 -2 -1.99712
30920 -2 -1.99712
30921 -2 -1.99712
30922 -2 -1.99712
30923 -2 -1.99712
30924 -2 -1.99712
30925 -2 -1.99712
30926 -2 -1.99712
30927 -2 -1.99712
30928 -2 -1.99712
30929 -2 -1.99712
30930 -2 -1.99712
30931 -1.98 -1.99712
30932 -2 -1.99712
30933 -2 -1.99712
30934 -2 -1.99712
30935 -1.98 -1.99712
30936 -1.98 -1.99712
30937 -1.98 -1.99712
30938 -2 -1.99712
30939 -2 -1.99712
30940 -2 -1.99712
30941 -2 -1.99712
30942 -2 -1.99712
30943 -2 -1.99712
30944 -1.98 -1.99712
30945 -2 -1.99712
30946 -2 -1.99712
30947 -2 -1.99712
30948 -2 -1.99712
30949 -2 -1.99712
30950 -2 -1.99712
30951 -2 -1.99712
30952 -2 -1.99712
30953 -2 -1.99712
30954 -2 -1.99712
30955 -2 -1.99712
30956 -2 -1.99712
30957 -2 -1.99712
30958 -2 -1.99712
30959 -2 -1.99712
30960 -2 -1.99712
30961 -2 -1.99712
30962 -2 -1.99712
30963 -2 -1.99712
30964 -2 -1.99712
30965 -2 -1.99712
30966 -2 -1.99712
30967 -2 -1.99712
30968 -2 -1.99712
30969 -2 -1.99712
30970 -1.98 -1.99712
30971 -2 -1.99712
30972 -2 -1.99712
30973 -2 -1.99712
30974 -2 -1.99712
30975 -2 -1.99712
30976 -1.98 -1.99712
30977 -1.96 -1.99712
30978 -1.98 -1.99712
30979 -2 -1.99712
30980 -2 -1.99712
30981 -2 -1.99712
30982 -2 -1.99712
30983 -2 -1.99712
30984 -2 -1.99712
30985 -2 -1.99712
30986 -2 -1.99712
30987 -2 -1.99712
30988 -2 -1.99712
30989 -2 -1.99712
30990 -2 -1.99712
30991 -2 -1.99712
30992 -2 -1.99712
30993 -2 -1.99712
30994 -2 -1.99712
30995 -2 -1.99712
30996 -2 -1.99712
30997 -2 -1.99712
30998 -2 -1.99712
30999 -1.98 -1.99712
31000 -2 -1.99712
31001 -2 -1.99712
31002 -2 -1.99712
31003 -2 -1.99712
31004 -2 -1.99712
31005 -2 -1.99712
31006 -2 -1.99712
31007 -2 -1.99712
31008 -2 -1.99712
31009 -2 -1.99712
31010 -2 -1.99712
31011 -2 -1.99712
31012 -2 -1.99712
31013 -2 -1.99712
31014 -2 -1.99712
31015 -2 -1.99712
31016 -2 -1.99712
31017 -2 -1.99712
31018 -2 -1.99712
31019 -2 -1.99712
31020 -2 -1.99712
31021 -1.98 -1.99712
31022 -1.98 -1.99712
31023 -2 -1.99712
31024 -2 -1.99712
31025 -1.98 -1.99712
31026 -1.98 -1.99712
31027 -1.98 -1.99712
31028 -2 -1.99712
31029 -2 -1.99712
31030 -2 -1.99712
31031 -2 -1.99712
31032 -2 -1.99712
31033 -2 -1.99712
31034 -2 -1.99712
31035 -2 -1.99712
31036 -2 -1.99712
31037 -2 -1.99712
31038 -2 -1.99712
31039 -2 -1.99712
31040 -2 -1.99712
31041 -2 -1.99712
31042 -1.98 -1.99712
31043 -2 -1.99712
31044 -2 -1.99712
31045 -2 -1.99712
31046 -2 -1.99712
31047 -2 -1.99712
31048 -2 -1.99712
31049 -2 -1.99712
31050 -2 -1.99712
31051 -2 -1.99712
31052 -2 -1.99712
31053 -2 -1.99712
31054 -2 -1.99712
31055 -2 -1.99712
31056 -2 -1.99712
31057 -2 -1.99712
31058 -2 -1.99712
31059 -2 -1.99712
31060 -2 -1.99712
31061 -2 -1.99712
31062 -1.98 -1.99712
31063 -2 -1.99712
31064 -2 -1.99712
31065 -2 -1.99712
31066 -2 -1.99712
31067 -2 -1.99712
31068 -2 -1.99712
31069 -2 -1.99712
31070 -2 -1.99712
31071 -2 -1.99712
31072 -2 -1.99712
31073 -2 -1.99712
31074 -2 -1.99712
31075 -2 -1.99712
31076 -1.98 -1.99712
31077 -1.96 -1.99712
31078 -1.98 -1.99712
31079 -2 -1.99712
31080 -2 -1.99712
31081 -2 -1.99712
31082 -1.98 -1.99712
31083 -2 -1.99712
31084 -2 -1.99712
31085 -2 -1.99712
31086 -2 -1.99712
31087 -2 -1.99712
31088 -2 -1.99712
31089 -2 -1.99712
31090 -2 -1.99712
31091 -2 -1.99712
31092 -2 -1.99712
31093 -2 -1.99712
31094 -2 -1.99712
31095 -2 -1.99712
31096 -2 -1.99712
31097 -2 -1.99712
31098 -2 -1.99712
31099 -1.98 -1.99712
31100 -2 -1.99712
31101 -2 -1.99712
31102 -2 -1.99712
31103 -2 -1.99712
31104 -2 -1.99712
31105 -2 -1.99712
31106 -2 -1.99712
31107 -2 -1.99712
31108 -2 -1.99712
31109 -2 -1.99712
31110 -2 -1.99712
31111 -2 -1.99712
31112 -2 -1.99712
31113 -2 -1.99712
31114 -2 -1.99712
31115 -2 -1.99712
31116 -2 -1.99712
31117 -2 -1.99712
31118 -2 -1.99712
31119 -2 -1.99712
31120 -2 -1.99712
31121 -1.98 -1.99712
31122 -2 -1.99712
31123 -2 -1.99712
31124 -2 -1.99712
31125 -2 -1.99712
31126 -2 -1.99712
31127 -2 -1.99712
31128 -2 -1.99712
31129 -2 -1.99712
31130 -2 -1.99712
31131 -2 -1.99712
31132 -2 -1.99712
31133 -2 -1.99712
31134 -2 -1.99712
31135 -2 -1.99712
31136 -2 -1.99712
31137 -2 -1.99712
31138 -2 -1.99712
31139 -1.98 -1.99712
31140 -2 -1.99712
31141 -2 -1.99712
31142 -2 -1.99712
31143 -2 -1.99712
31144 -2 -1.99712
31145 -2 -1.99712
31146 -2 -1.99712
31147 -2 -1.99712
31148 -2 -1.99712
31149 -2 -1.99712
31150 -2 -1.99712
31151 -2 -1.99712
31152 -2 -1.99712
31153 -2 -1.99712
31154 -2 -1.99712
31155 -2 -1.99712
31156 -2 -1.99712
31157 -2 -1.99712
31158 -2 -1.99712
31159 -2 -1.99712
31160 -2 -1.99712
31161 -2 -1.99712
31162 -2 -1.99712
31163 -1.98 -1.99712
31164 -2 -1.99712
31165 -2 -1.99712
31166 -2 -1.99712
31167 -2 -1.99712
31168 -1.98 -1.99712
31169 -1.98 -1.99712
31170 -1.98 -1.99712
31171 -2 -1.99712
31172 -2 -1.99712
31173 -2 -1.99712
31174 -2 -1.99712
31175 -2 -1.99712
31176 -2 -1.99712
31177 -2 -1.99712
31178 -2 -1.99712
31179 -2 -1.99712
31180 -2 -1.99712
31181 -2 -1.99712
31182 -2 -1.99712
31183 -2 -1.99712
31184 -2 -1.99712
31185 -2 -1.99712
31186 -1.98 -1.99712
31187 -1.98 -1.99712
31188 -2 -1.99712
31189 -2 -1.99712
31190 -1.98 -1.99712
31191 -2 -1.99712
31192 -2 -1.99712
31193 -2 -1.99712
31194 -2 -1.99712
31195 -2 -1.99712
31196 -2 -1.99712
31197 -2 -1.99712
31198 -2 -1.99712
31199 -2 -1.99712
31200 -2 -1.99712
31201 -2 -1.99712
31202 -2 -1.99712
31203 -2 -1.99712
31204 -2 -1.99712
31205 -2 -1.99712
31206 -2 -1.99712
31207 -2 -1.99712
31208 -2 -1.99712
31209 -2 -1.99712
31210 -2 -1.99712
31211 -2 -1.99712
31212 -2 -1.99712
31213 -2 -1.99712
31214 -2 -1.99712
31215 -2 -1.99712
31216 -2 -1.99712
31217 -2 -1.99712
31218 -2 -1.99712
31219 -2 -1.99712
31220 -2 -1.99712
31221 -2 -1.99712
31222 -1.98 -1.99712
31223 -2 -1.99712
31224 -2 -1.99712
31225 -2 -1.99712
31226 -2 -1.99712
31227 -2 -1.99712
31228 -2 -1.99712
31229 -2 -1.99712
31230 -2 -1.99712
31231 -2 -1.99713
31232 -2 -1.99713
31233 -2 -1.99713
31234 -2 -1.99713
31235 -2 -1.99713
31236 -2 -1.99713
31237 -2 -1.99713
31238 -2 -1.99713
31239 -2 -1.99713
31240 -2 -1.99713
31241 -2 -1.99713
31242 -2 -1.99713
31243 -2 -1.99713
31244 -2 -1.99713
31245 -2 -1.99713
31246 -2 -1.99713
31247 -2 -1.99713
31248 -2 -1.99713
31249 -2 -1.99713
31250 -2 -1.99713
31251 -1.95 -1.99713
31252 -1.96 -1.99712
31253 -1.98 -1.99712
31254 -2 -1.99712
31255 -2 -1.99712
31256 -2 -1.99712
31257 -2 -1.99712
31258 -2 -1.99712
31259 -2 -1.99712
31260 -2 -1.99712
31261 -1.98 -1.99712
31262 -1.98 -1.99712
31263 -2 -1.99712
31264 -2 -1.99712
31265 -2 -1.99712
31266 -2 -1.99712
31267 -2 -1.99712
31268 -2 -1.99712
31269 -2 -1.99712
31270 -2 -1.99712
31271 -2 -1.99712
31272 -2 -1.99712
31273 -1.98 -1.99712
31274 -1.98 -1.99712
31275 -1.98 -1.99712
31276 -2 -1.99712
31277 -2 -1.99712
31278 -2 -1.99712
31279 -2 -1.99712
31280 -2 -1.99712
31281 -2 -1.99712
31282 -2 -1.99712
31283 -2 -1.99712
31284 -2 -1.99712
31285 -2 -1.99712
31286 -2 -1.99712
31287 -2 -1.99712
31288 -2 -1.99712
31289 -2 -1.99712
31290 -2 -1.99712
31291 -2 -1.99712
31292 -2 -1.99712
31293 -2 -1.99712
31294 -2 -1.99712
31295 -2 -1.99712
31296 -2 -1.99712
31297 -2 -1.99712
31298 -2 -1.99712
31299 -2 -1.99712
31300 -2 -1.99712
31301 -2 -1.99712
31302 -1.98 -1.99712
31303 -1.98 -1.99712
31304 -1.98 -1.99712
31305 -2 -1.99712
31306 -2 -1.99712
31307 -2 -1.99712
31308 -2 -1.99712
31309 -1.96 -1.99712
31310 -1.98 -1.99712
31311 -1.98 -1.99712
31312 -2 -1.99712
31313 -2 -1.99712
31314 -2 -1.99712
31315 -2 -1.99712
31316 -2 -1.99712
31317 -2 -1.99712
31318 -2 -1.99712
31319 -2 -1.99712
31320 -2 -1.99712
31321 -2 -1.99712
31322 -1.98 -1.99712
31323 -2 -1.99712
31324 -2 -1.99712
31325 -2 -1.99712
31326 -2 -1.99712
31327 -2 -1.99712
31328 -2 -1.99712
31329 -2 -1.99712
31330 -2 -1.99712
31331 -2 -1.99712
31332 -2 -1.99712
31333 -2 -1.99712
31334 -2 -1.99712
31335 -2 -1.99712
31336 -2 -1.99712
31337 -2 -1.99712
31338 -2 -1.99712
31339 -2 -1.99712
31340 -2 -1.99712
31341 -2 -1.99712
31342 -2 -1.99712
31343 -2 -1.99712
31344 -2 -1.99712
31345 -2 -1.99712
31346 -2 -1.99712
31347 -2 -1.99712
31348 -2 -1.99712
31349 -2 -1.99712
31350 -1.98 -1.99712
31351 -1.98 -1.99712
31352 -1.98 -1.99712
31353 -2 -1.99712
31354 -2 -1.99712
31355 -2 -1.99712
31356 -2 -1.99712
31357 -1.98 -1.99712
31358 -1.98 -1.99712
31359 -2 -1.99712
31360 -2 -1.99712
31361 -2 -1.99712
31362 -2 -1.99712
31363 -2 -1.99712
31364 -2 -1.99712
31365 -2 -1.99712
31366 -1.98 -1.99712
31367 -2 -1.99712
31368 -2 -1.99712
31369 -2 -1.99712
31370 -2 -1.99712
31371 -2 -1.99712
31372 -2 -1.99712
31373 -2 -1.99712
31374 -2 -1.99712
31375 -2 -1.99712
31376 -2 -1.99712
31377 -2 -1.99712
31378 -2 -1.99712
31379 -2 -1.99712
31380 -2 -1.99712
31381 -2 -1.99712
31382 -2 -1.99712
31383 -1.98 -1.99712
31384 -2 -1.99712
31385 -2 -1.99712
31386 -2 -1.99712
31387 -2 -1.99712
31388 -2 -1.99712
31389 -2 -1.99712
31390 -2 -1.99712
31391 -2 -1.99712
31392 -2 -1.99712
31393 -2 -1.99712
31394 -2 -1.99712
31395 -2 -1.99712
31396 -2 -1.99712
31397 -2 -1.99712
31398 -2 -1.99712
31399 -2 -1.99712
31400 -2 -1.99712
31401 -2 -1.99712
31402 -1.98 -1.99712
31403 -1.98 -1.99712
31404 -1.98 -1.99712
31405 -2 -1.99712
31406 -2 -1.99712
31407 -2 -1.99712
31408 -2 -1.99712
31409 -2 -1.99712
31410 -2 -1.99712
31411 -2 -1.99712
31412 -2 -1.99712
31413 -2 -1.99712
31414 -2 -1.99712
31415 -1.98 -1.99712
31416 -1.98 -1.99712
31417 -2 -1.99712
31418 -2 -1.99712
31419 -2 -1.99712
31420 -2 -1.99712
31421 -2 -1.99712
31422 -2 -1.99712
31423 -1.98 -1.99712
31424 -2 -1.99712
31425 -2 -1.99712
31426 -2 -1.99712
31427 -2 -1.99712
31428 -2 -1.99712
31429 -2 -1.99712
31430 -2 -1.99712
31431 -2 -1.99712
31432 -2 -1.99712
31433 -2 -1.99712
31434 -2 -1.99712
31435 -2 -1.99712
31436 -2 -1.99712
31437 -2 -1.99712
31438 -2 -1.99712
31439 -2 -1.99712
31440 -2 -1.99712
31441 -2 -1.99712
31442 -2 -1.99712
31443 -2 -1.99712
31444 -2 -1.99712
31445 -2 -1.99712
31446 -1.98 -1.99712
31447 -2 -1.99712
31448 -2 -1.99712
31449 -2 -1.99712
31450 -2 -1.99712
31451 -2 -1.99712
31452 -2 -1.99712
31453 -2 -1.99712
31454 -2 -1.99712
31455 -2 -1.99712
31456 -2 -1.99712
31457 -2 -1.99713
31458 -2 -1.99713
31459 -2 -1.99713
31460 -2 -1.99713
31461 -2 -1.99713
31462 -2 -1.99713
31463 -2 -1.99713
31464 -2 -1.99713
31465 -2 -1.99713
31466 -1.98 -1.99713
31467 -2 -1.99713
31468 -2 -1.99713
31469 -1.98 -1.99712
31470 -2 -1.99712
31471 -2 -1.99713
31472 -2 -1.99713
31473 -2 -1.99713
31474 -1.98 -1.99712
31475 -1.98 -1.99712
31476 -2 -1.99712
31477 -2 -1.99712
31478 -2 -1.99712
31479 -2 -1.99712
31480 -2 -1.99712
31481 -2 -1.99712
31482 -2 -1.99712
31483 -2 -1.99712
31484 -2 -1.99712
31485 -2 -1.99713
31486 -2 -1.99713
31487 -2 -1.99713
31488 -2 -1.99713
31489 -2 -1.99713
31490 -1.98 -1.99712
31491 -2 -1.99712
31492 -2 -1.99713
31493 -2 -1.99713
31494 -2 -1.99713
31495 -2 -1.99713
31496 -2 -1.99713
31497 -2 -1.99713
31498 -2 -1.99713
31499 -2 -1.99713
31500 -2 -1.99713
31501 -2 -1.99713
31502 -1.98 -1.99713
31503 -2 -1.99713
31504 -2 -1.99713
31505 -2 -1.99713
31506 -2 -1.99713
31507 -2 -1.99713
31508 -2 -1.99713
31509 -2 -1.99713
31510 -2 -1.99713
31511 -2 -1.99713
31512 -2 -1.99713
31513 -2 -1.99713
31514 -2 -1.99713
31515 -2 -1.99713
31516 -2 -1.99713
31517 -2 -1.99713
31518 -1.98 -1.99713
31519 -1.98 -1.99713
31520 -2 -1.99713
31521 -2 -1.99713
31522 -2 -1.99713
31523 -2 -1.99713
31524 -2 -1.99713
31525 -2 -1.99713
31526 -2 -1.99713
31527 -2 -1.99713
31528 -2 -1.99713
31529 -2 -1.99713
31530 -2 -1.99713
31531 -2 -1.99713
31532 -1.98 -1.99713
31533 -2 -1.99713
31534 -2 -1.99713
31535 -2 -1.99713
31536 -2 -1.99713
31537 -2 -1.99713
31538 -2 -1.99713
31539 -2 -1.99713
31540 -2 -1.99713
31541 -2 -1.99713
31542 -1.98 -1.99713
31543 -2 -1.99713
31544 -2 -1.99713
31545 -2 -1.99713
31546 -2 -1.99713
31547 -2 -1.99713
31548 -2 -1.99713
31549 -2 -1.99713
31550 -1.98 -1.99713
31551 -2 -1.99713
31552 -2 -1.99713
31553 -2 -1.99713
31554 -2 -1.99713
31555 -2 -1.99713
31556 -2 -1.99713
31557 -2 -1.99713
31558 -2 -1.99713
31559 -2 -1.99713
31560 -2 -1.99713
31561 -2 -1.99713
31562 -2 -1.99713
31563 -2 -1.99713
31564 -2 -1.99713
31565 -2 -1.99713
31566 -2 -1.99713
31567 -2 -1.99713
31568 -2 -1.99713
31569 -2 -1.99713
31570 -2 -1.99713
31571 -2 -1.99713
31572 -2 -1.99713
31573 -1.98 -1.99713
31574 -2 -1.99713
31575 -2 -1.99713
31576 -2 -1.99713
31577 -2 -1.99713
31578 -2 -1.99713
31579 -2 -1.99713
31580 -2 -1.99713
31581 -2 -1.99713
31582 -2 -1.99713
31583 -2 -1.99713
31584 -2 -1.99713
31585 -2 -1.99713
31586 -1.98 -1.99713
31587 -1.98 -1.99713
31588 -2 -1.99713
31589 -1.98 -1.99713
31590 -2 -1.99713
31591 -2 -1.99713
31592 -2 -1.99713
31593 -2 -1.99713
31594 -2 -1.99713
31595 -2 -1.99713
31596 -2 -1.99713
31597 -2 -1.99713
31598 -2 -1.99713
31599 -2 -1.99713
31600 -2 -1.99713
31601 -2 -1.99713
31602 -2 -1.99713
31603 -1.98 -1.99713
31604 -2 -1.99713
31605 -2 -1.99713
31606 -2 -1.99713
31607 -2 -1.99713
31608 -2 -1.99713
31609 -2 -1.99713
31610 -2 -1.99713
31611 -2 -1.99713
31612 -2 -1.99713
31613 -2 -1.99713
31614 -2 -1.99713
31615 -2 -1.99713
31616 -2 -1.99713
31617 -2 -1.99713
31618 -2 -1.99713
31619 -2 -1.99713
31620 -2 -1.99713
31621 -2 -1.99713
31622 -2 -1.99713
31623 -2 -1.99713
31624 -2 -1.99713
31625 -2 -1.99713
31626 -2 -1.99713
31627 -2 -1.99713
31628 -2 -1.99713
31629 -2 -1.99713
31630 -2 -1.99713
31631 -2 -1.99713
31632 -2 -1.99713
31633 -2 -1.99713
31634 -2 -1.99713
31635 -2 -1.99713
31636 -2 -1.99713
31637 -2 -1.99713
31638 -2 -1.99713
31639 -2 -1.99713
31640 -2 -1.99713
31641 -1.98 -1.99713
31642 -1.98 -1.99713
31643 -2 -1.99713
31644 -2 -1.99713
31645 -2 -1.99713
31646 -1.98 -1.99713
31647 -2 -1.99713
31648 -2 -1.99713
31649 -2 -1.99713
31650 -2 -1.99713
31651 -2 -1.99713
31652 -2 -1.99713
31653 -2 -1.99713
31654 -2 -1.99713
31655 -2 -1.99713
31656 -2 -1.99713
31657 -2 -1.99713
31658 -2 -1.99713
31659 -1.98 -1.99713
31660 -2 -1.99713
31661 -2 -1.99713
31662 -2 -1.99713
31663 -2 -1.99713
31664 -2 -1.99713
31665 -2 -1.99713
31666 -2 -1.99713
31667 -2 -1.99713
31668 -2 -1.99713
31669 -1.98 -1.99713
31670 -2 -1.99713
31671 -1.98 -1.99713
31672 -2 -1.99713
31673 -2 -1.99713
31674 -2 -1.99713
31675 -2 -1.99713
31676 -2 -1.99713
31677 -2 -1.99713
31678 -1.98 -1.99713
31679 -1.98 -1.99713
31680 -1.98 -1.99713
31681 -1.98 -1.99713
31682 -2 -1.99713
31683 -2 -1.99713
31684 -2 -1.99713
31685 -2 -1.99713
31686 -2 -1.99713
31687 -2 -1.99713
31688 -2 -1.99713
31689 -2 -1.99713
31690 -2 -1.99713
31691 -2 -1.99713
31692 -2 -1.99713
31693 -2 -1.99713
31694 -2 -1.99713
31695 -2 -1.99713
31696 -2 -1.99713
31697 -2 -1.99713
31698 -2 -1.99713
31699 -1.98 -1.99713
31700 -2 -1.99713
31701 -1.98 -1.99713
31702 -2 -1.99713
31703 -2 -1.99713
31704 -2 -1.99713
31705 -2 -1.99713
31706 -2 -1.99713
31707 -2 -1.99713
31708 -2 -1.99713
31709 -2 -1.99713
31710 -2 -1.99713
31711 -2 -1.99713
31712 -1.98 -1.99713
31713 -1.98 -1.99713
31714 -2 -1.99713
31715 -2 -1.99713
31716 -2 -1.99713
31717 -2 -1.99713
31718 -2 -1.99713
31719 -2 -1.99713
31720 -2 -1.99713
31721 -2 -1.99713
31722 -2 -1.99713
31723 -2 -1.99713
31724 -2 -1.99713
31725 -2 -1.99713
31726 -2 -1.99713
31727 -2 -1.99713
31728 -2 -1.99713
31729 -2 -1.99713
31730 -2 -1.99713
31731 -2 -1.99713
31732 -2 -1.99713
31733 -2 -1.99713
31734 -2 -1.99713
31735 -2 -1.99713
31736 -2 -1.99713
31737 -2 -1.99713
31738 -2 -1.99713
31739 -2 -1.99713
31740 -2 -1.99713
31741 -2 -1.99713
31742 -2 -1.99713
31743 -2 -1.99713
31744 -2 -1.99713
31745 -2 -1.99713
31746 -2 -1.99713
31747 -1.98 -1.99713
31748 -2 -1.99713
31749 -2 -1.99713
31750 -2 -1.99713
31751 -2 -1.99713
31752 -2 -1.99713
31753 -1.96 -1.99713
31754 -2 -1.99713
31755 -2 -1.99713
31756 -2 -1.99713
31757 -2 -1.99713
31758 -2 -1.99713
31759 -2 -1.99713
31760 -2 -1.99713
31761 -2 -1.99713
31762 -2 -1.99713
31763 -2 -1.99713
31764 -2 -1.99713
31765 -2 -1.99713
31766 -2 -1.99713
31767 -2 -1.99713
31768 -2 -1.99713
31769 -2 -1.99713
31770 -2 -1.99713
31771 -2 -1.99713
31772 -2 -1.99713
31773 -2 -1.99713
31774 -2 -1.99713
31775 -2 -1.99713
31776 -2 -1.99713
31777 -2 -1.99713
31778 -2 -1.99713
31779 -2 -1.99713
31780 -2 -1.99713
31781 -2 -1.99713
31782 -2 -1.99713
31783 -2 -1.99713
31784 -2 -1.99713
31785 -2 -1.99713
31786 -2 -1.99713
31787 -2 -1.99713
31788 -2 -1.99713
31789 -2 -1.99713
31790 -2 -1.99713
31791 -2 -1.99713
31792 -2 -1.99713
31793 -2 -1.99713
31794 -2 -1.99713
31795 -1.98 -1.99713
31796 -1.98 -1.99713
31797 -2 -1.99713
31798 -2 -1.99713
31799 -2 -1.99713
31800 -2 -1.99713
31801 -2 -1.99713
31802 -2 -1.99713
31803 -2 -1.99713
31804 -2 -1.99713
31805 -2 -1.99713
31806 -2 -1.99713
31807 -2 -1.99713
31808 -2 -1.99713
31809 -1.98 -1.99713
31810 -2 -1.99713
31811 -2 -1.99713
31812 -2 -1.99713
31813 -2 -1.99713
31814 -2 -1.99713
31815 -2 -1.99713
31816 -2 -1.99713
31817 -2 -1.99713
31818 -2 -1.99714
31819 -2 -1.99714
31820 -2 -1.99714
31821 -2 -1.99714
31822 -2 -1.99714
31823 -2 -1.99714
31824 -2 -1.99714
31825 -2 -1.99714
31826 -2 -1.99714
31827 -2 -1.99714
31828 -1.98 -1.99714
31829 -1.98 -1.99713
31830 -1.98 -1.99713
31831 -2 -1.99713
31832 -2 -1.99713
31833 -2 -1.99713
31834 -2 -1.99713
31835 -2 -1.99713
31836 -2 -1.99713
31837 -2 -1.99713
31838 -2 -1.99713
31839 -2 -1.99714
31840 -2 -1.99714
31841 -1.98 -1.99713
31842 -1.98 -1.99713
31843 -2 -1.99713
31844 -1.98 -1.99713
31845 -2 -1.99713
31846 -2 -1.99713
31847 -2 -1.99713
31848 -2 -1.99713
31849 -2 -1.99713
31850 -2 -1.99713
31851 -2 -1.99713
31852 -2 -1.99713
31853 -2 -1.99713
31854 -2 -1.99713
31855 -2 -1.99713
31856 -2 -1.99713
31857 -2 -1.99713
31858 -2 -1.99713
31859 -2 -1.99713
31860 -2 -1.99714
31861 -2 -1.99714
31862 -2 -1.99714
31863 -2 -1.99714
31864 -2 -1.99714
31865 -2 -1.99714
31866 -2 -1.99714
31867 -2 -1.99714
31868 -2 -1.99714
31869 -2 -1.99714
31870 -2 -1.99714
31871 -2 -1.99714
31872 -2 -1.99714
31873 -2 -1.99714
31874 -2 -1.99714
31875 -2 -1.99714
31876 -2 -1.99714
31877 -2 -1.99714
31878 -2 -1.99714
31879 -2 -1.99714
31880 -2 -1.99714
31881 -2 -1.99714
31882 -1.98 -1.99714
31883 -1.98 -1.99714
31884 -1.98 -1.99714
31885 -2 -1.99714
31886 -1.98 -1.99713
31887 -1.97 -1.99713
31888 -1.98 -1.99713
31889 -2 -1.99713
31890 -2 -1.99713
31891 -2 -1.99713
31892 -2 -1.99713
31893 -2 -1.99713
31894 -2 -1.99713
31895 -2 -1.99713
31896 -2 -1.99713
31897 -2 -1.99713
31898 -2 -1.99713
31899 -2 -1.99713
31900 -2 -1.99713
31901 -1.98 -1.99713
31902 -2 -1.99713
31903 -2 -1.99713
31904 -2 -1.99713
31905 -2 -1.99713
31906 -2 -1.99713
31907 -1.98 -1.99713
31908 -2 -1.99713
31909 -2 -1.99713
31910 -2 -1.99713
31911 -2 -1.99713
31912 -2 -1.99713
31913 -2 -1.99713
31914 -1.98 -1.99713
31915 -2 -1.99713
31916 -2 -1.99713
31917 -2 -1.99713
31918 -2 -1.99713
31919 -2 -1.99713
31920 -2 -1.99713
31921 -2 -1.99713
31922 -1.98 -1.99713
31923 -2 -1.99713
31924 -2 -1.99713
31925 -2 -1.99713
31926 -2 -1.99713
31927 -2 -1.99713
31928 -2 -1.99713
31929 -2 -1.99713
31930 -2 -1.99713
31931 -2 -1.99713
31932 -2 -1.99713
31933 -2 -1.99714
31934 -2 -1.99714
31935 -2 -1.99714
31936 -2 -1.99714
31937 -2 -1.99714
31938 -1.98 -1.99713
31939 -1.95 -1.99713
31940 -1.96 -1.99713
31941 -1.98 -1.99713
31942 -1.98 -1.99713
31943 -1.98 -1.99713
31944 -1.98 -1.99713
31945 -1.98 -1.99713
31946 -1.98 -1.99713
31947 -2 -1.99713
31948 -2 -1.99713
31949 -2 -1.99713
31950 -2 -1.99713
31951 -2 -1.99713
31952 -2 -1.99713
31953 -2 -1.99713
31954 -2 -1.99713
31955 -2 -1.99713
31956 -2 -1.99713
31957 -2 -1.99713
31958 -2 -1.99713
31959 -2 -1.99713
31960 -2 -1.99713
31961 -2 -1.99713
31962 -2 -1.99713
31963 -2 -1.99713
31964 -2 -1.99713
31965 -2 -1.99713
31966 -2 -1.99713
31967 -2 -1.99713
31968 -2 -1.99713
31969 -2 -1.99713
31970 -2 -1.99713
31971 -2 -1.99713
31972 -2 -1.99713
31973 -2 -1.99713
31974 -1.98 -1.99713
31975 -2 -1.99713
31976 -2 -1.99713
31977 -2 -1.99713
31978 -2 -1.99713
31979 -2 -1.99713
31980 -2 -1.99713
31981 -2 -1.99713
31982 -1.98 -1.99713
31983 -1.98 -1.99713
31984 -2 -1.99713
31985 -2 -1.99713
31986 -2 -1.99713
31987 -2 -1.99713
31988 -2 -1.99713
31989 -2 -1.99713
31990 -2 -1.99713
31991 -2 -1.99713
31992 -2 -1.99713
31993 -2 -1.99713
31994 -2 -1.99713
31995 -2 -1.99713
31996 -2 -1.99713
31997 -1.98 -1.99713
31998 -1.98 -1.99713
31999 -2 -1.99713
32000 -2 -1.99713
32001 -2 -1.99713
32002 -2 -1.99713
32003 -2 -1.99713
32004 -2 -1.99713
32005 -2 -1.99713
32006 -2 -1.99713
32007 -2 -1.99713
32008 -2 -1.99713
32009 -2 -1.99713
32010 -2 -1.99713
32011 -2 -1.99713
32012 -1.98 -1.99713
32013 -2 -1.99713
32014 -2 -1.99713
32015 -2 -1.99713
32016 -2 -1.99713
32017 -2 -1.99713
32018 -2 -1.99713
32019 -2 -1.99713
32020 -1.98 -1.99713
32021 -2 -1.99713
32022 -2 -1.99713
32023 -2 -1.99713
32024 -2 -1.99713
32025 -2 -1.99713
32026 -2 -1.99713
32027 -2 -1.99713
32028 -2 -1.99713
32029 -2 -1.99713
32030 -2 -1.99713
32031 -2 -1.99713
32032 -2 -1.99713
32033 -2 -1.99713
32034 -2 -1.99713
32035 -2 -1.99713
32036 -2 -1.99713
32037 -2 -1.99713
32038 -2 -1.99713
32039 -2 -1.99713
32040 -2 -1.99713
32041 -2 -1.99713
32042 -2 -1.99713
32043 -2 -1.99713
32044 -2 -1.99713
32045 -2 -1.99713
32046 -2 -1.99713
32047 -2 -1.99713
32048 -2 -1.99713
32049 -2 -1.99713
32050 -2 -1.99713
32051 -2 -1.99713
32052 -2 -1.99713
32053 -2 -1.99713
32054 -2 -1.99713
32055 -2 -1.99713
32056 -2 -1.99713
32057 -1.98 -1.99713
32058 -2 -1.99713
32059 -2 -1.99713
32060 -1.98 -1.99713
32061 -2 -1.99713
32062 -2 -1.99713
32063 -2 -1.99713
32064 -2 -1.99713
32065 -2 -1.99713
32066 -1.98 -1.99713
32067 -1.98 -1.99713
32068 -1.98 -1.99713
32069 -1.98 -1.99713
32070 -2 -1.99713
32071 -2 -1.99713
32072 -2 -1.99713
32073 -2 -1.99713
32074 -2 -1.99713
32075 -2 -1.99713
32076 -2 -1.99713
32077 -1.98 -1.99713
32078 -2 -1.99713
32079 -2 -1.99713
32080 -2 -1.99713
32081 -2 -1.99713
32082 -2 -1.99713
32083 -2 -1.99713
32084 -2 -1.99713
32085 -2 -1.99713
32086 -2 -1.99713
32087 -2 -1.99713
32088 -2 -1.99713
32089 -2 -1.99713
32090 -2 -1.99713
32091 -2 -1.99713
32092 -2 -1.99713
32093 -2 -1.99713
32094 -2 -1.99713
32095 -2 -1.99713
32096 -2 -1.99713
32097 -2 -1.99713
32098 -2 -1.99713
32099 -2 -1.99713
32100 -2 -1.99713
32101 -2 -1.99713
32102 -2 -1.99713
32103 -2 -1.99713
32104 -2 -1.99713
32105 -2 -1.99713
32106 -2 -1.99713
32107 -2 -1.99713
32108 -2 -1.99713
32109 -2 -1.99713
32110 -2 -1.99713
32111 -1.98 -1.99713
32112 -2 -1.99713
32113 -2 -1.99713
32114 -2 -1.99713
32115 -2 -1.99713
32116 -2 -1.99713
32117 -2 -1.99713
32118 -2 -1.99714
32119 -2 -1.99714
32120 -2 -1.99714
32121 -2 -1.99714
32122 -2 -1.99714
32123 -2 -1.99714
32124 -2 -1.99714
32125 -2 -1.99714
32126 -1.96 -1.99713
32127 -2 -1.99713
32128 -2 -1.99713
32129 -2 -1.99713
32130 -2 -1.99713
32131 -2 -1.99713
32132 -2 -1.99714
32133 -2 -1.99714
32134 -2 -1.99714
32135 -1.98 -1.99713
32136 -1.98 -1.99713
32137 -1.98 -1.99713
32138 -2 -1.99713
32139 -2 -1.99713
32140 -2 -1.99713
32141 -2 -1.99713
32142 -2 -1.99713
32143 -2 -1.99713
32144 -2 -1.99713
32145 -1.98 -1.99713
32146 -1.98 -1.99713
32147 -2 -1.99713
32148 -2 -1.99713
32149 -2 -1.99713
32150 -2 -1.99713
32151 -2 -1.99713
32152 -2 -1.99713
32153 -2 -1.99713
32154 -2 -1.99713
32155 -2 -1.99713
32156 -2 -1.99713
32157 -2 -1.99713
32158 -2 -1.99713
32159 -2 -1.99713
32160 -2 -1.99713
32161 -2 -1.99713
32162 -2 -1.99713
32163 -2 -1.99713
32164 -2 -1.99713
32165 -2 -1.99713
32166 -2 -1.99713
32167 -2 -1.99714
32168 -2 -1.99714
32169 -2 -1.99714
32170 -2 -1.99714
32171 -2 -1.99714
32172 -1.98 -1.99713
32173 -1.98 -1.99713
32174 -1.98 -1.99713
32175 -1.98 -1.99713
32176 -2 -1.99713
32177 -2 -1.99713
32178 -2 -1.99713
32179 -2 -1.99713
32180 -2 -1.99713
32181 -2 -1.99713
32182 -2 -1.99713
32183 -2 -1.99713
32184 -2 -1.99713
32185 -2 -1.99713
32186 -2 -1.99713
32187 -2 -1.99713
32188 -2 -1.99713
32189 -2 -1.99713
32190 -2 -1.99713
32191 -2 -1.99713
32192 -1.98 -1.99713
32193 -1.98 -1.99713
32194 -2 -1.99713
32195 -2 -1.99713
32196 -2 -1.99713
32197 -1.98 -1.99713
32198 -2 -1.99713
32199 -2 -1.99713
32200 -2 -1.99713
32201 -2 -1.99713
32202 -1.98 -1.99713
32203 -1.98 -1.99713
32204 -2 -1.99713
32205 -2 -1.99713
32206 -2 -1.99713
32207 -2 -1.99713
32208 -2 -1.99713
32209 -2 -1.99713
32210 -2 -1.99713
32211 -2 -1.99713
32212 -2 -1.99713
32213 -2 -1.99713
32214 -2 -1.99713
32215 -2 -1.99713
32216 -2 -1.99713
32217 -1.98 -1.99713
32218 -1.98 -1.99713
32219 -2 -1.99713
32220 -2 -1.99713
32221 -2 -1.99713
32222 -2 -1.99713
32223 -2 -1.99713
32224 -2 -1.99713
32225 -2 -1.99713
32226 -2 -1.99713
32227 -2 -1.99713
32228 -2 -1.99713
32229 -2 -1.99713
32230 -1.98 -1.99713
32231 -1.98 -1.99713
32232 -1.98 -1.99713
32233 -2 -1.99713
32234 -2 -1.99713
32235 -2 -1.99713
32236 -2 -1.99713
32237 -2 -1.99713
32238 -2 -1.99713
32239 -2 -1.99713
32240 -2 -1.99713
32241 -2 -1.99713
32242 -2 -1.99713
32243 -2 -1.99713
32244 -2 -1.99713
32245 -2 -1.99713
32246 -2 -1.99713
32247 -2 -1.99713
32248 -2 -1.99713
32249 -2 -1.99713
32250 -2 -1.99713
32251 -2 -1.99713
32252 -2 -1.99713
32253 -1.98 -1.99713
32254 -1.98 -1.99713
32255 -1.98 -1.99713
32256 -2 -1.99713
32257 -2 -1.99713
32258 -2 -1.99713
32259 -1.98 -1.99713
32260 -1.98 -1.99713
32261 -1.98 -1.99713
32262 -2 -1.99713
32263 -2 -1.99713
32264 -2 -1.99713
32265 -2 -1.99713
32266 -2 -1.99713
32267 -1.98 -1.99713
32268 -1.96 -1.99713
32269 -1.96 -1.99713
32270 -1.98 -1.99713
32271 -2 -1.99713
32272 -2 -1.99713
32273 -2 -1.99713
32274 -1.98 -1.99713
32275 -2 -1.99713
32276 -2 -1.99713
32277 -2 -1.99713
32278 -2 -1.99713
32279 -2 -1.99713
32280 -2 -1.99713
32281 -2 -1.99713
32282 -2 -1.99713
32283 -2 -1.99713
32284 -1.98 -1.99713
32285 -2 -1.99713
32286 -2 -1.99713
32287 -2 -1.99713
32288 -2 -1.99713
32289 -2 -1.99713
32290 -2 -1.99713
32291 -2 -1.99713
32292 -2 -1.99713
32293 -2 -1.99713
32294 -2 -1.99713
32295 -2 -1.99713
32296 -2 -1.99713
32297 -2 -1.99713
32298 -2 -1.99713
32299 -2 -1.99713
32300 -2 -1.99713
32301 -2 -1.99713
32302 -2 -1.99713
32303 -2 -1.99713
32304 -2 -1.99713
32305 -2 -1.99713
32306 -2 -1.99713
32307 -2 -1.99713
32308 -2 -1.99713
32309 -2 -1.99713
32310 -2 -1.99713
32311 -2 -1.99713
32312 -2 -1.99713
32313 -2 -1.99713
32314 -1.98 -1.99713
32315 -2 -1.99713
32316 -2 -1.99713
32317 -2 -1.99713
32318 -2 -1.99713
32319 -2 -1.99713
32320 -2 -1.99713
32321 -2 -1.99713
32322 -2 -1.99713
32323 -2 -1.99713
32324 -2 -1.99713
32325 -2 -1.99713
32326 -2 -1.99713
32327 -2 -1.99713
32328 -2 -1.99713
32329 -2 -1.99713
32330 -2 -1.99713
32331 -1.98 -1.99713
32332 -2 -1.99713
32333 -2 -1.99713
32334 -2 -1.99713
32335 -2 -1.99713
32336 -2 -1.99713
32337 -2 -1.99713
32338 -2 -1.99713
32339 -2 -1.99713
32340 -2 -1.99713
32341 -2 -1.99713
32342 -2 -1.99713
32343 -2 -1.99713
32344 -2 -1.99713
32345 -2 -1.99713
32346 -2 -1.99713
32347 -2 -1.99713
32348 -2 -1.99713
32349 -2 -1.99713
32350 -1.97 -1.99713
32351 -1.98 -1.99713
32352 -2 -1.99713
32353 -2 -1.99713
32354 -2 -1.99713
32355 -2 -1.99713
32356 -1.98 -1.99713
32357 -2 -1.99713
32358 -2 -1.99713
32359 -2 -1.99713
32360 -2 -1.99713
32361 -2 -1.99713
32362 -1.98 -1.99713
32363 -2 -1.99713
32364 -2 -1.99713
32365 -1.98 -1.99713
32366 -2 -1.99713
32367 -2 -1.99713
32368 -2 -1.99713
32369 -2 -1.99713
32370 -2 -1.99713
32371 -2 -1.99713
32372 -2 -1.99713
32373 -2 -1.99713
32374 -2 -1.99713
32375 -2 -1.99713
32376 -2 -1.99713
32377 -2 -1.99713
32378 -2 -1.99713
32379 -2 -1.99713
32380 -2 -1.99713
32381 -2 -1.99713
32382 -2 -1.99713
32383 -2 -1.99713
32384 -2 -1.99713
32385 -2 -1.99713
32386 -2 -1.99713
32387 -2 -1.99713
32388 -2 -1.99713
32389 -2 -1.99713
32390 -2 -1.99713
32391 -2 -1.99713
32392 -2 -1.99713
32393 -2 -1.99713
32394 -2 -1.99713
32395 -2 -1.99713
32396 -2 -1.99713
32397 -2 -1.99713
32398 -2 -1.99713
32399 -2 -1.99713
32400 -2 -1.99713
32401 -2 -1.99713
32402 -1.98 -1.99713
32403 -2 -1.99713
32404 -2 -1.99713
32405 -2 -1.99713
32406 -2 -1.99713
32407 -2 -1.99713
32408 -2 -1.99713
32409 -2 -1.99713
32410 -2 -1.99713
32411 -2 -1.99713
32412 -2 -1.99713
32413 -2 -1.99713
32414 -1.98 -1.99713
32415 -2 -1.99713
32416 -1.98 -1.99713
32417 -2 -1.99713
32418 -2 -1.99713
32419 -2 -1.99713
32420 -2 -1.99713
32421 -2 -1.99713
32422 -2 -1.99713
32423 -2 -1.99713
32424 -2 -1.99713
32425 -2 -1.99713
32426 -2 -1.99713
32427 -2 -1.99713
32428 -2 -1.99713
32429 -2 -1.99713
32430 -2 -1.99713
32431 -2 -1.99713
32432 -2 -1.99713
32433 -2 -1.99713
32434 -2 -1.99713
32435 -2 -1.99713
32436 -2 -1.99714
32437 -2 -1.99714
32438 -1.98 -1.99713
32439 -1.98 -1.99713
32440 -2 -1.99713
32441 -2 -1.99713
32442 -2 -1.99713
32443 -2 -1.99713
32444 -2 -1.99713
32445 -2 -1.99713
32446 -2 -1.99713
32447 -2 -1.99713
32448 -2 -1.99713
32449 -2 -1.99713
32450 -2 -1.99714
32451 -2 -1.99714
32452 -1.98 -1.99713
32453 -2 -1.99713
32454 -2 -1.99713
32455 -2 -1.99713
32456 -2 -1.99713
32457 -2 -1.99714
32458 -2 -1.99714
32459 -1.98 -1.99713
32460 -1.98 -1.99713
32461 -1.98 -1.99713
32462 -1.97 -1.99713
32463 -1.98 -1.99713
32464 -1.98 -1.99713
32465 -2 -1.99713
32466 -2 -1.99713
32467 -2 -1.99713
32468 -2 -1.99713
32469 -2 -1.99713
32470 -2 -1.99713
32471 -2 -1.99713
32472 -2 -1.99713
32473 -2 -1.99713
32474 -1.98 -1.99713
32475 -2 -1.99713
32476 -2 -1.99713
32477 -2 -1.99713
32478 -2 -1.99713
32479 -2 -1.99713
32480 -2 -1.99713
32481 -2 -1.99713
32482 -1.98 -1.99713
32483 -1.98 -1.99713
32484 -1.98 -1.99713
32485 -1.98 -1.99713
32486 -2 -1.99713
32487 -2 -1.99713
32488 -2 -1.99713
32489 -2 -1.99713
32490 -2 -1.99713
32491 -2 -1.99713
32492 -2 -1.99713
32493 -1.98 -1.99713
32494 -2 -1.99713
32495 -2 -1.99713
32496 -2 -1.99713
32497 -1.98 -1.99713
32498 -2 -1.99713
32499 -2 -1.99713
32500 -2 -1.99713
32501 -2 -1.99713
32502 -2 -1.99713
32503 -2 -1.99713
32504 -2 -1.99713
32505 -2 -1.99713
32506 -2 -1.99713
32507 -2 -1.99713
32508 -2 -1.99713
32509 -2 -1.99713
32510 -2 -1.99713
32511 -2 -1.99713
32512 -2 -1.99713
32513 -2 -1.99713
32514 -2 -1.99713
32515 -2 -1.99713
32516 -2 -1.99713
32517 -2 -1.99713
32518 -2 -1.99713
32519 -2 -1.99713
32520 -2 -1.99713
32521 -2 -1.99713
32522 -2 -1.99713
32523 -2 -1.99713
32524 -1.98 -1.99713
32525 -2 -1.99713
32526 -2 -1.99713
32527 -2 -1.99713
32528 -2 -1.99713
32529 -1.98 -1.99713
32530 -1.98 -1.99713
32531 -1.98 -1.99713
32532 -2 -1.99713
32533 -2 -1.99713
32534 -2 -1.99713
32535 -2 -1.99713
32536 -2 -1.99713
32537 -1.98 -1.99713
32538 -1.98 -1.99713
32539 -2 -1.99713
32540 -2 -1.99713
32541 -1.97 -1.99713
32542 -1.97 -1.99713
32543 -2 -1.99713
32544 -2 -1.99713
32545 -2 -1.99713
32546 -1.98 -1.99713
32547 -2 -1.99713
32548 -2 -1.99713
32549 -2 -1.99713
32550 -2 -1.99713
32551 -2 -1.99713
32552 -2 -1.99713
32553 -2 -1.99713
32554 -2 -1.99713
32555 -2 -1.99713
32556 -2 -1.99713
32557 -2 -1.99713
32558 -2 -1.99713
32559 -2 -1.99713
32560 -1.98 -1.99713
32561 -2 -1.99713
32562 -2 -1.99713
32563 -2 -1.99713
32564 -2 -1.99713
32565 -2 -1.99713
32566 -2 -1.99713
32567 -2 -1.99713
32568 -2 -1.99713
32569 -2 -1.99713
32570 -2 -1.99713
32571 -2 -1.99713
32572 -1.98 -1.99713
32573 -1.98 -1.99713
32574 -2 -1.99713
32575 -2 -1.99713
32576 -2 -1.99713
32577 -2 -1.99713
32578 -2 -1.99713
32579 -2 -1.99713
32580 -1.98 -1.99713
32581 -2 -1.99713
32582 -2 -1.99713
32583 -2 -1.99713
32584 -2 -1.99713
32585 -2 -1.99713
32586 -2 -1.99713
32587 -2 -1.99713
32588 -2 -1.99713
32589 -2 -1.99713
32590 -2 -1.99713
32591 -1.96 -1.99713
32592 -2 -1.99713
32593 -2 -1.99713
32594 -2 -1.99713
32595 -2 -1.99713
32596 -2 -1.99713
32597 -2 -1.99713
32598 -2 -1.99713
32599 -2 -1.99713
32600 -2 -1.99713
32601 -2 -1.99713
32602 -2 -1.99713
32603 -2 -1.99713
32604 -2 -1.99713
32605 -2 -1.99713
32606 -1.98 -1.99713
32607 -1.97 -1.99713
32608 -1.97 -1.99713
32609 -1.98 -1.99713
32610 -2 -1.99713
32611 -2 -1.99713
32612 -2 -1.99713
32613 -2 -1.99713
32614 -2 -1.99713
32615 -2 -1.99713
32616 -2 -1.99713
32617 -2 -1.99713
32618 -1.95 -1.99713
32619 -1.97 -1.99713
32620 -2 -1.99713
32621 -2 -1.99713
32622 -2 -1.99713
32623 -2 -1.99713
32624 -2 -1.99713
32625 -2 -1.99713
32626 -2 -1.99713
32627 -2 -1.99713
32628 -1.98 -1.99713
32629 -1.98 -1.99713
32630 -1.98 -1.99712
32631 -2 -1.99712
32632 -1.98 -1.99712
32633 -1.98 -1.99712
32634 -1.98 -1.99712
32635 -2 -1.99712
32636 -2 -1.99712
32637 -2 -1.99712
32638 -1.98 -1.99712
32639 -2 -1.99712
32640 -2 -1.99712
32641 -2 -1.99712
32642 -2 -1.99712
32643 -2 -1.99712
32644 -2 -1.99712
32645 -2 -1.99712
32646 -2 -1.99712
32647 -1.98 -1.99712
32648 -2 -1.99712
32649 -1.98 -1.99712
32650 -1.96 -1.99712
32651 -1.96 -1.99712
32652 -2 -1.99712
32653 -2 -1.99712
32654 -2 -1.99712
32655 -2 -1.99712
32656 -2 -1.99712
32657 -2 -1.99712
32658 -2 -1.99712
32659 -2 -1.99712
32660 -1.98 -1.99712
32661 -1.98 -1.99712
32662 -2 -1.99712
32663 -2 -1.99712
32664 -2 -1.99712
32665 -2 -1.99712
32666 -2 -1.99712
32667 -2 -1.99712
32668 -2 -1.99712
32669 -2 -1.99712
32670 -2 -1.99712
32671 -2 -1.99712
32672 -2 -1.99712
32673 -2 -1.99712
32674 -2 -1.99712
32675 -2 -1.99712
32676 -1.98 -1.99712
32677 -1.96 -1.99712
32678 -1.98 -1.99712
32679 -2 -1.99712
32680 -2 -1.99712
32681 -2 -1.99712
32682 -2 -1.99712
32683 -2 -1.99712
32684 -2 -1.99712
32685 -2 -1.99712
32686 -2 -1.99712
32687 -2 -1.99712
32688 -2 -1.99712
32689 -2 -1.99712
32690 -2 -1.99712
32691 -2 -1.99712
32692 -2 -1.99712
32693 -2 -1.99712
32694 -2 -1.99712
32695 -2 -1.99712
32696 -1.98 -1.99712
32697 -2 -1.99712
32698 -2 -1.99712
32699 -2 -1.99712
32700 -2 -1.99712
32701 -1.98 -1.99712
32702 -1.98 -1.99712
32703 -1.96 -1.99712
32704 -2 -1.99712
32705 -1.98 -1.99712
32706 -2 -1.99712
32707 -2 -1.99712
32708 -2 -1.99712
32709 -2 -1.99712
32710 -2 -1.99712
32711 -2 -1.99712
32712 -2 -1.99712
32713 -1.98 -1.99712
32714 -2 -1.99712
32715 -2 -1.99712
32716 -1.98 -1.99712
32717 -1.98 -1.99712
32718 -2 -1.99712
32719 -2 -1.99712
32720 -2 -1.99712
32721 -2 -1.99712
32722 -2 -1.99712
32723 -2 -1.99712
32724 -2 -1.99712
32725 -2 -1.99712
32726 -2 -1.99712
32727 -2 -1.99712
32728 -2 -1.99712
32729 -1.98 -1.99712
32730 -2 -1.99712
32731 -2 -1.99712
32732 -2 -1.99712
32733 -2 -1.99712
32734 -2 -1.99712
32735 -2 -1.99712
32736 -2 -1.99712
32737 -2 -1.99712
32738 -2 -1.99712
32739 -2 -1.99712
32740 -2 -1.99712
32741 -2 -1.99712
32742 -2 -1.99712
32743 -2 -1.99712
32744 -2 -1.99712
32745 -2 -1.99712
32746 -2 -1.99712
32747 -2 -1.99712
32748 -2 -1.99712
32749 -2 -1.99712
32750 -2 -1.99712
32751 -2 -1.99712
32752 -2 -1.99712
32753 -2 -1.99712
32754 -2 -1.99712
32755 -2 -1.99712
32756 -2 -1.99712
32757 -2 -1.99712
32758 -2 -1.99712
32759 -2 -1.99712
32760 -2 -1.99712
32761 -1.98 -1.99712
32762 -1.94 -1.99712
32763 -1.98 -1.99712
32764 -2 -1.99712
32765 -2 -1.99712
32766 -1.98 -1.99712
32767 -1.98 -1.99712
32768 -1.98 -1.99712
32769 -1.98 -1.99712
32770 -1.98 -1.99712
32771 -2 -1.99712
32772 -1.98 -1.99711
32773 -2 -1.99711
32774 -2 -1.99711
32775 -2 -1.99711
32776 -1.98 -1.99711
32777 -2 -1.99711
32778 -2 -1.99711
32779 -2 -1.99711
32780 -2 -1.99711
32781 -2 -1.99711
32782 -2 -1.99711
32783 -2 -1.99712
32784 -2 -1.99712
32785 -2 -1.99712
32786 -2 -1.99712
32787 -2 -1.99712
32788 -2 -1.99712
32789 -2 -1.99712
32790 -2 -1.99712
32791 -2 -1.99712
32792 -2 -1.99712
32793 -2 -1.99712
32794 -2 -1.99712
32795 -2 -1.99712
32796 -2 -1.99712
32797 -2 -1.99712
32798 -2 -1.99712
32799 -2 -1.99712
32800 -2 -1.99712
32801 -2 -1.99712
32802 -2 -1.99712
32803 -2 -1.99712
32804 -2 -1.99712
32805 -2 -1.99712
32806 -2 -1.99712
32807 -2 -1.99712
32808 -2 -1.99712
32809 -2 -1.99712
32810 -2 -1.99712
32811 -2 -1.99712
32812 -2 -1.99712
32813 -2 -1.99712
32814 -2 -1.99712
32815 -2 -1.99712
32816 -2 -1.99712
32817 -2 -1.99712
32818 -2 -1.99712
32819 -1.98 -1.99712
32820 -2 -1.99712
32821 -2 -1.99712
32822 -2 -1.99712
32823 -2 -1.99712
32824 -2 -1.99712
32825 -2 -1.99712
32826 -2 -1.99712
32827 -2 -1.99712
32828 -1.98 -1.99712
32829 -2 -1.99712
32830 -1.98 -1.99712
32831 -2 -1.99712
32832 -2 -1.99712
32833 -2 -1.99712
32834 -2 -1.99712
32835 -2 -1.99712
32836 -2 -1.99712
32837 -1.98 -1.99712
32838 -1.98 -1.99712
32839 -1.98 -1.99712
32840 -1.98 -1.99712
32841 -1.98 -1.99712
32842 -2 -1.99712
32843 -2 -1.99712
32844 -2 -1.99712
32845 -2 -1.99712
32846 -2 -1.99712
32847 -2 -1.99712
32848 -2 -1.99712
32849 -2 -1.99712
32850 -2 -1.99712
32851 -2 -1.99712
32852 -2 -1.99712
32853 -2 -1.99712
32854 -2 -1.99712
32855 -2 -1.99712
32856 -2 -1.99712
32857 -2 -1.99712
32858 -2 -1.99712
32859 -2 -1.99712
32860 -2 -1.99712
32861 -2 -1.99712
32862 -2 -1.99712
32863 -2 -1.99712
32864 -2 -1.99712
32865 -2 -1.99712
32866 -2 -1.99712
32867 -2 -1.99712
32868 -2 -1.99712
32869 -2 -1.99712
32870 -2 -1.99712
32871 -2 -1.99712
32872 -2 -1.99712
32873 -2 -1.99712
32874 -2 -1.99712
32875 -2 -1.99712
32876 -2 -1.99712
32877 -2 -1.99712
32878 -2 -1.99712
32879 -2 -1.99712
32880 -2 -1.99712
32881 -2 -1.99712
32882 -2 -1.99712
32883 -2 -1.99712
32884 -1.98 -1.99712
32885 -2 -1.99712
32886 -1.98 -1.99712
32887 -2 -1.99712
32888 -2 -1.99712
32889 -2 -1.99712
32890 -2 -1.99712
32891 -2 -1.99712
32892 -2 -1.99712
32893 -2 -1.99712
32894 -2 -1.99712
32895 -2 -1.99712
32896 -2 -1.99712
32897 -2 -1.99712
32898 -2 -1.99712
32899 -2 -1.99712
32900 -1.98 -1.99712
32901 -2 -1.99712
32902 -2 -1.99712
32903 -2 -1.99712
32904 -2 -1.99712
32905 -2 -1.99712
32906 -2 -1.99712
32907 -2 -1.99712
32908 -1.98 -1.99712
32909 -1.98 -1.99712
32910 -2 -1.99712
32911 -2 -1.99712
32912 -2 -1.99712
32913 -2 -1.99712
32914 -2 -1.99712
32915 -2 -1.99712
32916 -2 -1.99712
32917 -2 -1.99712
32918 -2 -1.99712
32919 -2 -1.99712
32920 -2 -1.99712
32921 -2 -1.99712
32922 -2 -1.99712
32923 -1.98 -1.99712
32924 -2 -1.99712
32925 -1.98 -1.99712
32926 -1.98 -1.99712
32927 -1.98 -1.99712
32928 -1.98 -1.99712
32929 -2 -1.99712
32930 -2 -1.99712
32931 -1.98 -1.99712
32932 -1.98 -1.99712
32933 -2 -1.99712
32934 -2 -1.99712
32935 -2 -1.99712
32936 -2 -1.99712
32937 -2 -1.99712
32938 -2 -1.99712
32939 -2 -1.99712
32940 -2 -1.99712
32941 -2 -1.99712
32942 -2 -1.99712
32943 -2 -1.99712
32944 -2 -1.99712
32945 -2 -1.99712
32946 -2 -1.99712
32947 -2 -1.99712
32948 -1.98 -1.99712
32949 -2 -1.99712
32950 -2 -1.99712
32951 -2 -1.99712
32952 -2 -1.99712
32953 -2 -1.99712
32954 -2 -1.99712
32955 -2 -1.99712
32956 -2 -1.99712
32957 -2 -1.99712
32958 -2 -1.99712
32959 -2 -1.99712
32960 -2 -1.99712
32961 -2 -1.99712
32962 -2 -1.99712
32963 -1.98 -1.99712
32964 -2 -1.99712
32965 -2 -1.99712
32966 -2 -1.99712
32967 -1.98 -1.99712
32968 -2 -1.99712
32969 -2 -1.99712
32970 -2 -1.99712
32971 -2 -1.99712
32972 -2 -1.99712
32973 -2 -1.99712
32974 -2 -1.99712
32975 -1.98 -1.99712
32976 -2 -1.99712
32977 -2 -1.99712
32978 -2 -1.99712
32979 -2 -1.99712
32980 -2 -1.99712
32981 -2 -1.99712
32982 -2 -1.99712
32983 -2 -1.99712
32984 -2 -1.99712
32985 -2 -1.99712
32986 -2 -1.99712
32987 -2 -1.99712
32988 -2 -1.99712
32989 -2 -1.99712
32990 -1.98 -1.99712
32991 -2 -1.99712
32992 -2 -1.99712
32993 -2 -1.99712
32994 -2 -1.99712
32995 -2 -1.99712
32996 -2 -1.99712
32997 -2 -1.99712
32998 -2 -1.99712
32999 -2 -1.99712
33000 -2 -1.99712
33001 -2 -1.99712
33002 -2 -1.99712
33003 -2 -1.99712
33004 -2 -1.99712
33005 -2 -1.99712
33006 -2 -1.99712
33007 -2 -1.99712
33008 -2 -1.99712
33009 -2 -1.99712
33010 -2 -1.99712
33011 -2 -1.99712
33012 -2 -1.99712
33013 -2 -1.99712
33014 -1.98 -1.99712
33015 -1.98 -1.99712
33016 -1.98 -1.99712
33017 -1.98 -1.99712
33018 -2 -1.99712
33019 -2 -1.99712
33020 -2 -1.99712
33021 -2 -1.99712
33022 -2 -1.99712
33023 -2 -1.99712
33024 -2 -1.99712
33025 -2 -1.99712
33026 -2 -1.99712
33027 -2 -1.99712
33028 -2 -1.99712
33029 -2 -1.99712
33030 -2 -1.99712
33031 -2 -1.99712
33032 -2 -1.99712
33033 -2 -1.99712
33034 -2 -1.99712
33035 -2 -1.99712
33036 -2 -1.99712
33037 -2 -1.99712
33038 -2 -1.99712
33039 -2 -1.99712
33040 -2 -1.99712
33041 -2 -1.99712
33042 -2 -1.99712
33043 -2 -1.99712
33044 -2 -1.99712
33045 -1.98 -1.99712
33046 -2 -1.99712
33047 -2 -1.99712
33048 -2 -1.99712
33049 -2 -1.99712
33050 -2 -1.99712
33051 -2 -1.99712
33052 -2 -1.99712
33053 -2 -1.99712
33054 -2 -1.99712
33055 -2 -1.99712
33056 -2 -1.99712
33057 -2 -1.99712
33058 -2 -1.99712
33059 -2 -1.99712
33060 -2 -1.99712
33061 -2 -1.99712
33062 -2 -1.99712
33063 -1.98 -1.99712
33064 -2 -1.99712
33065 -2 -1.99712
33066 -2 -1.99712
33067 -2 -1.99712
33068 -2 -1.99712
33069 -2 -1.99712
33070 -2 -1.99712
33071 -2 -1.99712
33072 -2 -1.99712
33073 -2 -1.99712
33074 -2 -1.99712
33075 -2 -1.99712
33076 -2 -1.99712
33077 -2 -1.99712
33078 -2 -1.99712
33079 -2 -1.99712
33080 -2 -1.99712
33081 -2 -1.99712
33082 -2 -1.99712
33083 -2 -1.99712
33084 -2 -1.99712
33085 -2 -1.99712
33086 -1.98 -1.99712
33087 -2 -1.99712
33088 -2 -1.99712
33089 -2 -1.99712
33090 -2 -1.99712
33091 -1.98 -1.99712
33092 -2 -1.99712
33093 -2 -1.99712
33094 -2 -1.99712
33095 -2 -1.99712
33096 -2 -1.99712
33097 -2 -1.99712
33098 -2 -1.99712
33099 -2 -1.99712
33100 -2 -1.99712
33101 -2 -1.99712
33102 -2 -1.99712
33103 -1.98 -1.99712
33104 -1.96 -1.99712
33105 -2 -1.99712
33106 -2 -1.99712
33107 -2 -1.99712
33108 -2 -1.99712
33109 -2 -1.99712
33110 -2 -1.99712
33111 -1.98 -1.99712
33112 -1.98 -1.99712
33113 -2 -1.99712
33114 -2 -1.99712
33115 -2 -1.99712
33116 -2 -1.99712
33117 -2 -1.99712
33118 -2 -1.99712
33119 -2 -1.99712
33120 -2 -1.99712
33121 -2 -1.99712
33122 -2 -1.99712
33123 -2 -1.99712
33124 -2 -1.99712
33125 -2 -1.99712
33126 -2 -1.99712
33127 -2 -1.99712
33128 -2 -1.99712
33129 -2 -1.99712
33130 -2 -1.99712
33131 -2 -1.99712
33132 -2 -1.99712
33133 -2 -1.99712
33134 -2 -1.99712
33135 -2 -1.99712
33136 -1.98 -1.99712
33137 -2 -1.99712
33138 -2 -1.99712
33139 -2 -1.99712
33140 -2 -1.99712
33141 -2 -1.99712
33142 -2 -1.99712
33143 -2 -1.99712
33144 -2 -1.99712
33145 -2 -1.99712
33146 -2 -1.99712
33147 -2 -1.99712
33148 -2 -1.99712
33149 -2 -1.99712
33150 -2 -1.99712
33151 -2 -1.99712
33152 -2 -1.99712
33153 -2 -1.99712
33154 -2 -1.99712
33155 -2 -1.99712
33156 -2 -1.99712
33157 -2 -1.99712
33158 -2 -1.99712
33159 -2 -1.99712
33160 -1.98 -1.99712
33161 -2 -1.99712
33162 -1.98 -1.99712
33163 -1.98 -1.99712
33164 -2 -1.99712
33165 -2 -1.99712
33166 -2 -1.99712
33167 -2 -1.99712
33168 -2 -1.99712
33169 -2 -1.99712
33170 -2 -1.99712
33171 -2 -1.99712
33172 -2 -1.99712
33173 -2 -1.99712
33174 -1.98 -1.99712
33175 -1.98 -1.99712
33176 -2 -1.99712
33177 -2 -1.99712
33178 -2 -1.99712
33179 -2 -1.99712
33180 -2 -1.99712
33181 -2 -1.99712
33182 -2 -1.99712
33183 -2 -1.99712
33184 -2 -1.99712
33185 -2 -1.99712
33186 -2 -1.99712
33187 -2 -1.99712
33188 -2 -1.99712
33189 -2 -1.99712
33190 -2 -1.99712
33191 -1.98 -1.99712
33192 -1.98 -1.99712
33193 -2 -1.99712
33194 -2 -1.99712
33195 -2 -1.99712
33196 -2 -1.99712
33197 -2 -1.99712
33198 -2 -1.99712
33199 -2 -1.99712
33200 -2 -1.99712
33201 -2 -1.99712
33202 -1.98 -1.99712
33203 -2 -1.99712
33204 -2 -1.99712
33205 -2 -1.99712
33206 -2 -1.99712
33207 -2 -1.99712
33208 -2 -1.99712
33209 -2 -1.99712
33210 -2 -1.99712
33211 -2 -1.99712
33212 -2 -1.99712
33213 -2 -1.99712
33214 -2 -1.99712
33215 -2 -1.99712
33216 -2 -1.99712
33217 -2 -1.99712
33218 -2 -1.99712
33219 -2 -1.99712
33220 -2 -1.99712
33221 -1.98 -1.99712
33222 -2 -1.99712
33223 -2 -1.99712
33224 -2 -1.99712
33225 -2 -1.99712
33226 -1.98 -1.99712
33227 -1.98 -1.99712
33228 -1.98 -1.99712
33229 -1.98 -1.99712
33230 -1.97 -1.99712
33231 -2 -1.99712
33232 -2 -1.99712
33233 -2 -1.99712
33234 -2 -1.99712
33235 -2 -1.99712
33236 -1.98 -1.99712
33237 -1.98 -1.99712
33238 -2 -1.99712
33239 -2 -1.99712
33240 -2 -1.99712
33241 -2 -1.99712
33242 -2 -1.99712
33243 -2 -1.99712
33244 -2 -1.99712
33245 -2 -1.99712
33246 -2 -1.99712
33247 -2 -1.99712
33248 -2 -1.99712
33249 -2 -1.99712
33250 -2 -1.99712
33251 -2 -1.99712
33252 -2 -1.99712
33253 -2 -1.99712
33254 -2 -1.99712
33255 -2 -1.99712
33256 -2 -1.99712
33257 -2 -1.99712
33258 -2 -1.99712
33259 -2 -1.99712
33260 -2 -1.99712
33261 -1.98 -1.99712
33262 -1.98 -1.99712
33263 -2 -1.99712
33264 -1.98 -1.99712
33265 -2 -1.99712
33266 -1.98 -1.99712
33267 -2 -1.99712
33268 -2 -1.99712
33269 -2 -1.99712
33270 -2 -1.99712
33271 -2 -1.99712
33272 -2 -1.99712
33273 -2 -1.99712
33274 -2 -1.99712
33275 -2 -1.99712
33276 -2 -1.99712
33277 -2 -1.99712
33278 -1.98 -1.99712
33279 -2 -1.99712
33280 -2 -1.99712
33281 -2 -1.99712
33282 -1.98 -1.99712
33283 -1.98 -1.99712
33284 -2 -1.99712
33285 -2 -1.99712
33286 -2 -1.99712
33287 -2 -1.99712
33288 -2 -1.99712
33289 -2 -1.99712
33290 -2 -1.99712
33291 -2 -1.99712
33292 -2 -1.99712
33293 -2 -1.99712
33294 -2 -1.99712
33295 -2 -1.99712
33296 -2 -1.99712
33297 -2 -1.99712
33298 -2 -1.99712
33299 -1.98 -1.99712
33300 -1.98 -1.99712
33301 -2 -1.99712
33302 -2 -1.99712
33303 -2 -1.99712
33304 -2 -1.99712
33305 -2 -1.99712
33306 -2 -1.99712
33307 -2 -1.99712
33308 -2 -1.99712
33309 -2 -1.99712
33310 -2 -1.99712
33311 -2 -1.99712
33312 -2 -1.99712
33313 -2 -1.99712
33314 -2 -1.99712
33315 -2 -1.99712
33316 -1.98 -1.99712
33317 -2 -1.99712
33318 -2 -1.99712
33319 -2 -1.99712
33320 -2 -1.99712
33321 -2 -1.99712
33322 -2 -1.99712
33323 -2 -1.99712
33324 -1.98 -1.99712
33325 -2 -1.99712
33326 -2 -1.99712
33327 -2 -1.99712
33328 -2 -1.99712
33329 -1.98 -1.99712
33330 -2 -1.99712
33331 -2 -1.99712
33332 -2 -1.99712
33333 -2 -1.99712
33334 -2 -1.99712
33335 -2 -1.99712
33336 -2 -1.99712
33337 -2 -1.99712
33338 -2 -1.99712
33339 -1.98 -1.99712
33340 -1.98 -1.99712
33341 -1.96 -1.99712
33342 -2 -1.99712
33343 -2 -1.99712
33344 -2 -1.99712
33345 -2 -1.99712
33346 -2 -1.99712
33347 -2 -1.99712
33348 -1.98 -1.99712
33349 -1.98 -1.99712
33350 -1.98 -1.99712
33351 -1.98 -1.99712
33352 -1.98 -1.99712
33353 -1.98 -1.99712
33354 -1.98 -1.99712
33355 -1.98 -1.99712
33356 -1.98 -1.99712
33357 -2 -1.99712
33358 -1.98 -1.99712
33359 -2 -1.99712
33360 -2 -1.99712
33361 -2 -1.99712
33362 -2 -1.99712
33363 -2 -1.99712
33364 -2 -1.99712
33365 -2 -1.99712
33366 -2 -1.99712
33367 -2 -1.99712
33368 -2 -1.99712
33369 -2 -1.99712
33370 -2 -1.99712
33371 -2 -1.99712
33372 -2 -1.99712
33373 -2 -1.99712
33374 -2 -1.99712
33375 -2 -1.99712
33376 -2 -1.99712
33377 -2 -1.99712
33378 -2 -1.99712
33379 -2 -1.99712
33380 -2 -1.99712
33381 -1.98 -1.99712
33382 -1.98 -1.99712
33383 -1.96 -1.99712
33384 -1.96 -1.99711
33385 -1.98 -1.99711
33386 -2 -1.99711
33387 -2 -1.99711
33388 -2 -1.99711
33389 -2 -1.99711
33390 -2 -1.99711
33391 -2 -1.99711
33392 -2 -1.99711
33393 -2 -1.99711
33394 -2 -1.99711
33395 -2 -1.99711
33396 -2 -1.99712
33397 -2 -1.99712
33398 -2 -1.99712
33399 -2 -1.99712
33400 -2 -1.99712
33401 -1.98 -1.99711
33402 -1.98 -1.99711
33403 -1.98 -1.99711
33404 -1.98 -1.99711
33405 -2 -1.99711
33406 -2 -1.99711
33407 -2 -1.99711
33408 -2 -1.99711
33409 -2 -1.99711
33410 -2 -1.99711
33411 -2 -1.99711
33412 -1.98 -1.99711
33413 -2 -1.99711
33414 -1.98 -1.99711
33415 -1.98 -1.99711
33416 -1.98 -1.99711
33417 -2 -1.99711
33418 -2 -1.99711
33419 -2 -1.99711
33420 -1.98 -1.99711
33421 -1.98 -1.99711
33422 -1.98 -1.99711
33423 -2 -1.99711
33424 -2 -1.99711
33425 -2 -1.99711
33426 -2 -1.99711
33427 -2 -1.99711
33428 -2 -1.99711
33429 -2 -1.99711
33430 -2 -1.99711
33431 -2 -1.99711
33432 -2 -1.99711
33433 -2 -1.99711
33434 -2 -1.99711
33435 -2 -1.99711
33436 -2 -1.99711
33437 -2 -1.99711
33438 -2 -1.99711
33439 -2 -1.99711
33440 -2 -1.99711
33441 -2 -1.99711
33442 -2 -1.99711
33443 -2 -1.99711
33444 -2 -1.99711
33445 -2 -1.99711
33446 -2 -1.99711
33447 -2 -1.99711
33448 -2 -1.99711
33449 -2 -1.99711
33450 -2 -1.99711
33451 -2 -1.99711
33452 -2 -1.99711
33453 -2 -1.99711
33454 -2 -1.99711
33455 -2 -1.99711
33456 -2 -1.99711
33457 -2 -1.99711
33458 -2 -1.99711
33459 -2 -1.99711
33460 -2 -1.99711
33461 -2 -1.99711
33462 -2 -1.99711
33463 -2 -1.99711
33464 -2 -1.99711
33465 -2 -1.99711
33466 -2 -1.99711
33467 -1.98 -1.99711
33468 -1.98 -1.99711
33469 -1.98 -1.99711
33470 -2 -1.99711
33471 -2 -1.99711
33472 -2 -1.99711
33473 -2 -1.99711
33474 -2 -1.99711
33475 -2 -1.99711
33476 -2 -1.99711
33477 -2 -1.99711
33478 -2 -1.99711
33479 -2 -1.99711
33480 -2 -1.99711
33481 -2 -1.99711
33482 -2 -1.99711
33483 -2 -1.99711
33484 -2 -1.99711
33485 -2 -1.99711
33486 -2 -1.99711
33487 -1.98 -1.99711
33488 -1.98 -1.99711
33489 -1.98 -1.99711
33490 -2 -1.99711
33491 -2 -1.99711
33492 -2 -1.99711
33493 -2 -1.99711
33494 -2 -1.99711
33495 -2 -1.99711
33496 -2 -1.99711
33497 -2 -1.99711
33498 -2 -1.99711
33499 -2 -1.99711
33500 -2 -1.99711
33501 -2 -1.99711
33502 -2 -1.99711
33503 -2 -1.99711
33504 -2 -1.99711
33505 -2 -1.99711
33506 -2 -1.99711
33507 -1.98 -1.99711
33508 -2 -1.99711
33509 -1.98 -1.99711
33510 -2 -1.99711
33511 -2 -1.99711
33512 -2 -1.99711
33513 -2 -1.99711
33514 -2 -1.99711
33515 -2 -1.99711
33516 -2 -1.99711
33517 -1.98 -1.99711
33518 -2 -1.99711
33519 -2 -1.99711
33520 -2 -1.99711
33521 -2 -1.99711
33522 -2 -1.99711
33523 -2 -1.99711
33524 -2 -1.99711
33525 -2 -1.99711
33526 -2 -1.99711
33527 -2 -1.99711
33528 -2 -1.99711
33529 -1.98 -1.99711
33530 -1.98 -1.99711
33531 -2 -1.99711
33532 -2 -1.99711
33533 -2 -1.99711
33534 -2 -1.99711
33535 -2 -1.99711
33536 -2 -1.99711
33537 -2 -1.99711
33538 -2 -1.99711
33539 -2 -1.99711
33540 -2 -1.99711
33541 -2 -1.99711
33542 -2 -1.99711
33543 -2 -1.99711
33544 -2 -1.99711
33545 -2 -1.99711
33546 -2 -1.99711
33547 -2 -1.99711
33548 -1.98 -1.99711
33549 -2 -1.99711
33550 -2 -1.99711
33551 -2 -1.99711
33552 -2 -1.99711
33553 -2 -1.99711
33554 -2 -1.99711
33555 -2 -1.99711
33556 -2 -1.99712
33557 -2 -1.99712
33558 -2 -1.99712
33559 -2 -1.99712
33560 -2 -1.99712
33561 -2 -1.99712
33562 -2 -1.99712
33563 -2 -1.99712
33564 -2 -1.99712
33565 -1.98 -1.99712
33566 -2 -1.99712
33567 -2 -1.99712
33568 -2 -1.99712
33569 -2 -1.99712
33570 -2 -1.99712
33571 -2 -1.99712
33572 -2 -1.99712
33573 -2 -1.99712
33574 -2 -1.99712
33575 -2 -1.99712
33576 -1.98 -1.99712
33577 -2 -1.99712
33578 -2 -1.99712
33579 -2 -1.99712
33580 -2 -1.99712
33581 -2 -1.99712
33582 -2 -1.99712
33583 -2 -1.99712
33584 -2 -1.99712
33585 -2 -1.99712
33586 -2 -1.99712
33587 -2 -1.99712
33588 -2 -1.99712
33589 -2 -1.99712
33590 -2 -1.99712
33591 -2 -1.99712
33592 -2 -1.99712
33593 -2 -1.99712
33594 -2 -1.99712
33595 -2 -1.99712
33596 -2 -1.99712
33597 -2 -1.99712
33598 -2 -1.99712
33599 -2 -1.99712
33600 -2 -1.99712
33601 -2 -1.99712
33602 -2 -1.99712
33603 -2 -1.99712
33604 -2 -1.99712
33605 -2 -1.99712
33606 -2 -1.99712
33607 -2 -1.99712
33608 -1.98 -1.99712
33609 -1.98 -1.99712
33610 -1.98 -1.99712
33611 -1.98 -1.99712
33612 -2 -1.99712
33613 -2 -1.99712
33614 -1.98 -1.99712
33615 -2 -1.99712
33616 -2 -1.99712
33617 -2 -1.99712
33618 -2 -1.99712
33619 -2 -1.99712
33620 -2 -1.99712
33621 -2 -1.99712
33622 -2 -1.99712
33623 -2 -1.99712
33624 -2 -1.99712
33625 -2 -1.99712
33626 -2 -1.99712
33627 -2 -1.99712
33628 -2 -1.99712
33629 -2 -1.99712
33630 -2 -1.99712
33631 -2 -1.99712
33632 -2 -1.99712
33633 -1.98 -1.99712
33634 -1.98 -1.99712
33635 -1.98 -1.99712
33636 -2 -1.99712
33637 -2 -1.99712
33638 -1.98 -1.99712
33639 -1.98 -1.99712
33640 -2 -1.99712
33641 -2 -1.99712
33642 -2 -1.99712
33643 -2 -1.99712
33644 -2 -1.99712
33645 -2 -1.99712
33646 -2 -1.99712
33647 -2 -1.99712
33648 -2 -1.99712
33649 -2 -1.99712
33650 -2 -1.99712
33651 -2 -1.99712
33652 -2 -1.99712
33653 -2 -1.99712
33654 -1.98 -1.99712
33655 -2 -1.99712
33656 -2 -1.99712
33657 -2 -1.99712
33658 -2 -1.99712
33659 -2 -1.99712
33660 -2 -1.99712
33661 -2 -1.99712
33662 -2 -1.99712
33663 -2 -1.99712
33664 -2 -1.99712
33665 -2 -1.99712
33666 -2 -1.99712
33667 -2 -1.99712
33668 -2 -1.99712
33669 -2 -1.99712
33670 -2 -1.99712
33671 -2 -1.99712
33672 -2 -1.99712
33673 -2 -1.99712
33674 -2 -1.99712
33675 -2 -1.99712
33676 -2 -1.99712
33677 -2 -1.99712
33678 -2 -1.99712
33679 -2 -1.99712
33680 -1.98 -1.99712
33681 -1.98 -1.99712
33682 -1.98 -1.99712
33683 -1.98 -1.99712
33684 -1.97 -1.99712
33685 -1.98 -1.99711
33686 -2 -1.99711
33687 -2 -1.99711
33688 -2 -1.99711
33689 -1.98 -1.99711
33690 -2 -1.99711
33691 -2 -1.99711
33692 -2 -1.99711
33693 -2 -1.99711
33694 -2 -1.99711
33695 -2 -1.99711
33696 -2 -1.99711
33697 -2 -1.99711
33698 -1.98 -1.99711
33699 -1.98 -1.99711
33700 -2 -1.99711
33701 -2 -1.99711
33702 -2 -1.99711
33703 -2 -1.99711
33704 -1.98 -1.99711
33705 -2 -1.99711
33706 -1.98 -1.99711
33707 -2 -1.99711
33708 -2 -1.99711
33709 -2 -1.99711
33710 -2 -1.99711
33711 -2 -1.99711
33712 -2 -1.99711
33713 -2 -1.99711
33714 -1.98 -1.99711
33715 -2 -1.99711
33716 -2 -1.99711
33717 -2 -1.99711
33718 -2 -1.99711
33719 -2 -1.99711
33720 -2 -1.99711
33721 -2 -1.99711
33722 -2 -1.99711
33723 -2 -1.99711
33724 -2 -1.99711
33725 -2 -1.99711
33726 -2 -1.99711
33727 -2 -1.99711
33728 -2 -1.99711
33729 -2 -1.99711
33730 -2 -1.99711
33731 -2 -1.99711
33732 -1.98 -1.99711
33733 -2 -1.99711
33734 -2 -1.99711
33735 -2 -1.99711
33736 -2 -1.99711
33737 -2 -1.99711
33738 -2 -1.99711
33739 -2 -1.99711
33740 -2 -1.99712
33741 -2 -1.99712
33742 -2 -1.99712
33743 -2 -1.99712
33744 -2 -1.99712
33745 -2 -1.99712
33746 -2 -1.99712
33747 -2 -1.99712
33748 -2 -1.99712
33749 -2 -1.99712
33750 -2 -1.99712
33751 -2 -1.99712
33752 -2 -1.99712
33753 -2 -1.99712
33754 -2 -1.99712
33755 -1.98 -1.99712
33756 -1.98 -1.99712
33757 -2 -1.99712
33758 -2 -1.99712
33759 -2 -1.99712
33760 -2 -1.99712
33761 -2 -1.99712
33762 -2 -1.99712
33763 -2 -1.99712
33764 -2 -1.99712
33765 -2 -1.99712
33766 -2 -1.99712
33767 -2 -1.99712
33768 -2 -1.99712
33769 -2 -1.99712
33770 -2 -1.99712
33771 -2 -1.99712
33772 -2 -1.99712
33773 -2 -1.99712
33774 -2 -1.99712
33775 -2 -1.99712
33776 -2 -1.99712
33777 -2 -1.99712
33778 -2 -1.99712
33779 -2 -1.99712
33780 -2 -1.99712
33781 -2 -1.99712
33782 -2 -1.99712
33783 -2 -1.99712
33784 -1.96 -1.99712
33785 -1.98 -1.99712
33786 -2 -1.99712
33787 -2 -1.99712
33788 -2 -1.99712
33789 -2 -1.99712
33790 -2 -1.99712
33791 -2 -1.99712
33792 -1.98 -1.99712
33793 -2 -1.99712
33794 -2 -1.99712
33795 -2 -1.99712
33796 -2 -1.99712
33797 -2 -1.99712
33798 -2 -1.99712
33799 -2 -1.99712
33800 -1.98 -1.99712
33801 -2 -1.99712
33802 -2 -1.99712
33803 -2 -1.99712
33804 -2 -1.99712
33805 -2 -1.99712
33806 -2 -1.99712
33807 -2 -1.99712
33808 -2 -1.99712
33809 -2 -1.99712
33810 -2 -1.99712
33811 -2 -1.99712
33812 -2 -1.99712
33813 -2 -1.99712
33814 -2 -1.99712
33815 -2 -1.99712
33816 -2 -1.99712
33817 -2 -1.99712
33818 -2 -1.99712
33819 -2 -1.99712
33820 -2 -1.99712
33821 -2 -1.99712
33822 -2 -1.99712
33823 -2 -1.99712
33824 -2 -1.99712
33825 -2 -1.99712
33826 -2 -1.99712
33827 -2 -1.99712
33828 -2 -1.99712
33829 -2 -1.99712
33830 -2 -1.99712
33831 -2 -1.99712
33832 -2 -1.99712
33833 -2 -1.99712
33834 -2 -1.99712
33835 -2 -1.99712
33836 -2 -1.99712
33837 -2 -1.99712
33838 -1.98 -1.99712
33839 -1.98 -1.99712
33840 -2 -1.99712
33841 -2 -1.99712
33842 -2 -1.99712
33843 -2 -1.99712
33844 -2 -1.99712
33845 -2 -1.99712
33846 -2 -1.99712
33847 -2 -1.99712
33848 -2 -1.99712
33849 -2 -1.99712
33850 -2 -1.99712
33851 -2 -1.99712
33852 -2 -1.99712
33853 -2 -1.99712
33854 -2 -1.99712
33855 -2 -1.99712
33856 -2 -1.99712
33857 -2 -1.99712
33858 -2 -1.99712
33859 -2 -1.99712
33860 -2 -1.99712
33861 -2 -1.99712
33862 -2 -1.99712
33863 -2 -1.99712
33864 -2 -1.99712
33865 -2 -1.99712
33866 -2 -1.99712
33867 -2 -1.99712
33868 -2 -1.99712
33869 -2 -1.99712
33870 -2 -1.99712
33871 -2 -1.99712
33872 -2 -1.99712
33873 -2 -1.99712
33874 -2 -1.99712
33875 -2 -1.99712
33876 -2 -1.99712
33877 -2 -1.99712
33878 -2 -1.99712
33879 -2 -1.99712
33880 -2 -1.99712
33881 -2 -1.99712
33882 -2 -1.99712
33883 -2 -1.99712
33884 -2 -1.99712
33885 -2 -1.99712
33886 -2 -1.99712
33887 -2 -1.99712
33888 -2 -1.99712
33889 -2 -1.99712
33890 -2 -1.99712
33891 -2 -1.99712
33892 -2 -1.99712
33893 -2 -1.99712
33894 -2 -1.99712
33895 -2 -1.99712
33896 -1.98 -1.99712
33897 -1.98 -1.99712
33898 -2 -1.99712
33899 -2 -1.99712
33900 -2 -1.99712
33901 -1.98 -1.99712
33902 -2 -1.99712
33903 -2 -1.99712
33904 -2 -1.99712
33905 -2 -1.99712
33906 -2 -1.99712
33907 -2 -1.99712
33908 -2 -1.99712
33909 -1.98 -1.99712
33910 -1.98 -1.99712
33911 -2 -1.99712
33912 -1.98 -1.99712
33913 -2 -1.99712
33914 -2 -1.99712
33915 -2 -1.99712
33916 -2 -1.99712
33917 -2 -1.99712
33918 -2 -1.99712
33919 -2 -1.99712
33920 -2 -1.99712
33921 -2 -1.99712
33922 -2 -1.99712
33923 -2 -1.99712
33924 -2 -1.99712
33925 -2 -1.99712
33926 -2 -1.99712
33927 -2 -1.99712
33928 -2 -1.99712
33929 -2 -1.99712
33930 -2 -1.99712
33931 -2 -1.99712
33932 -2 -1.99712
33933 -2 -1.99712
33934 -2 -1.99712
33935 -2 -1.99712
33936 -2 -1.99712
33937 -2 -1.99712
33938 -1.98 -1.99712
33939 -2 -1.99712
33940 -2 -1.99712
33941 -2 -1.99712
33942 -2 -1.99712
33943 -2 -1.99712
33944 -2 -1.99712
33945 -2 -1.99712
33946 -2 -1.99712
33947 -2 -1.99712
33948 -2 -1.99712
33949 -2 -1.99712
33950 -1.98 -1.99712
33951 -2 -1.99712
33952 -2 -1.99712
33953 -2 -1.99712
33954 -2 -1.99712
33955 -2 -1.99712
33956 -2 -1.99712
33957 -2 -1.99712
33958 -2 -1.99712
33959 -2 -1.99712
33960 -2 -1.99712
33961 -2 -1.99712
33962 -2 -1.99712
33963 -2 -1.99712
33964 -1.98 -1.99712
33965 -1.98 -1.99712
33966 -1.98 -1.99712
33967 -1.98 -1.99712
33968 -2 -1.99712
33969 -2 -1.99712
33970 -2 -1.99712
33971 -2 -1.99712
33972 -2 -1.99712
33973 -1.98 -1.99712
33974 -2 -1.99712
33975 -2 -1.99712
33976 -2 -1.99712
33977 -2 -1.99712
33978 -2 -1.99712
33979 -2 -1.99712
33980 -2 -1.99712
33981 -2 -1.99712
33982 -2 -1.99712
33983 -2 -1.99712
33984 -2 -1.99712
33985 -2 -1.99712
33986 -2 -1.99712
33987 -2 -1.99712
33988 -2 -1.99712
33989 -2 -1.99712
33990 -2 -1.99712
33991 -2 -1.99712
33992 -2 -1.99712
33993 -2 -1.99712
33994 -2 -1.99712
33995 -2 -1.99712
33996 -2 -1.99712
33997 -2 -1.99712
33998 -2 -1.99712
33999 -2 -1.99712
34000 -2 -1.99712
34001 -2 -1.99712
34002 -2 -1.99712
34003 -2 -1.99712
34004 -2 -1.99712
34005 -2 -1.99712
34006 -2 -1.99712
34007 -2 -1.99712
34008 -2 -1.99712
34009 -2 -1.99712
34010 -2 -1.99713
34011 -2 -1.99713
34012 -1.98 -1.99712
34013 -1.98 -1.99712
34014 -1.98 -1.99712
34015 -2 -1.99712
34016 -2 -1.99712
34017 -2 -1.99712
34018 -2 -1.99712
34019 -2 -1.99712
34020 -2 -1.99712
34021 -2 -1.99712
34022 -2 -1.99712
34023 -2 -1.99712
34024 -2 -1.99712
34025 -1.98 -1.99712
34026 -2 -1.99712
34027 -2 -1.99712
34028 -2 -1.99712
34029 -2 -1.99712
34030 -2 -1.99712
34031 -2 -1.99712
34032 -2 -1.99712
34033 -1.98 -1.99712
34034 -2 -1.99712
34035 -2 -1.99712
34036 -2 -1.99712
34037 -2 -1.99712
34038 -2 -1.99712
34039 -1.98 -1.99712
34040 -2 -1.99712
34041 -2 -1.99712
34042 -2 -1.99712
34043 -1.98 -1.99712
34044 -2 -1.99712
34045 -2 -1.99712
34046 -2 -1.99712
34047 -2 -1.99712
34048 -2 -1.99712
34049 -2 -1.99712
34050 -2 -1.99712
34051 -2 -1.99712
34052 -2 -1.99712
34053 -2 -1.99712
34054 -2 -1.99712
34055 -2 -1.99712
34056 -2 -1.99712
34057 -2 -1.99712
34058 -2 -1.99712
34059 -2 -1.99713
34060 -2 -1.99713
34061 -2 -1.99713
34062 -2 -1.99713
34063 -2 -1.99713
34064 -2 -1.99713
34065 -2 -1.99713
34066 -2 -1.99713
34067 -2 -1.99713
34068 -2 -1.99713
34069 -2 -1.99713
34070 -2 -1.99713
34071 -2 -1.99713
34072 -2 -1.99713
34073 -2 -1.99713
34074 -2 -1.99713
34075 -2 -1.99713
34076 -1.98 -1.99713
34077 -1.98 -1.99713
34078 -1.98 -1.99712
34079 -2 -1.99713
34080 -2 -1.99713
34081 -2 -1.99713
34082 -2 -1.99713
34083 -2 -1.99713
34084 -2 -1.99713
34085 -2 -1.99713
34086 -2 -1.99713
34087 -2 -1.99713
34088 -2 -1.99713
34089 -2 -1.99713
34090 -2 -1.99713
34091 -2 -1.99713
34092 -2 -1.99713
34093 -1.98 -1.99713
34094 -1.98 -1.99713
34095 -1.98 -1.99712
34096 -2 -1.99712
34097 -2 -1.99712
34098 -2 -1.99712
34099 -2 -1.99712
34100 -2 -1.99713
34101 -2 -1.99713
34102 -2 -1.99713
34103 -2 -1.99713
34104 -2 -1.99713
34105 -1.98 -1.99712
34106 -2 -1.99712
34107 -1.98 -1.99712
34108 -2 -1.99712
34109 -2 -1.99712
34110 -2 -1.99712
34111 -2 -1.99712
34112 -2 -1.99712
34113 -2 -1.99712
34114 -2 -1.99713
34115 -2 -1.99713
34116 -1.98 -1.99712
34117 -2 -1.99712
34118 -2 -1.99712
34119 -2 -1.99712
34120 -2 -1.99712
34121 -2 -1.99713
34122 -2 -1.99713
34123 -2 -1.99713
34124 -2 -1.99713
34125 -2 -1.99713
34126 -2 -1.99713
34127 -2 -1.99713
34128 -2 -1.99713
34129 -1.98 -1.99713
34130 -1.98 -1.99712
34131 -2 -1.99712
34132 -2 -1.99712
34133 -2 -1.99712
34134 -2 -1.99712
34135 -2 -1.99713
34136 -2 -1.99713
34137 -2 -1.99713
34138 -2 -1.99713
34139 -2 -1.99713
34140 -2 -1.99713
34141 -2 -1.99713
34142 -2 -1.99713
34143 -2 -1.99713
34144 -2 -1.99713
34145 -2 -1.99713
34146 -2 -1.99713
34147 -2 -1.99713
34148 -2 -1.99713
34149 -2 -1.99713
34150 -2 -1.99713
34151 -2 -1.99713
34152 -2 -1.99713
34153 -2 -1.99713
34154 -2 -1.99713
34155 -2 -1.99713
34156 -2 -1.99713
34157 -2 -1.99713
34158 -2 -1.99713
34159 -2 -1.99713
34160 -2 -1.99713
34161 -2 -1.99713
34162 -2 -1.99713
34163 -2 -1.99713
34164 -2 -1.99713
34165 -2 -1.99713
34166 -2 -1.99713
34167 -2 -1.99713
34168 -1.98 -1.99713
34169 -1.98 -1.99713
34170 -2 -1.99713
34171 -2 -1.99713
34172 -2 -1.99713
34173 -2 -1.99713
34174 -2 -1.99713
34175 -2 -1.99713
34176 -2 -1.99713
34177 -2 -1.99713
34178 -2 -1.99713
34179 -2 -1.99713
34180 -2 -1.99713
34181 -2 -1.99713
34182 -2 -1.99713
34183 -2 -1.99713
34184 -2 -1.99713
34185 -2 -1.99713
34186 -2 -1.99713
34187 -2 -1.99713
34188 -2 -1.99713
34189 -2 -1.99713
34190 -2 -1.99713
34191 -2 -1.99713
34192 -2 -1.99713
34193 -2 -1.99713
34194 -2 -1.99713
34195 -2 -1.99713
34196 -2 -1.99713
34197 -2 -1.99713
34198 -2 -1.99713
34199 -2 -1.99713
34200 -2 -1.99713
34201 -2 -1.99713
34202 -1.98 -1.99713
34203 -2 -1.99713
34204 -2 -1.99713
34205 -2 -1.99713
34206 -2 -1.99713
34207 -2 -1.99713
34208 -2 -1.99713
34209 -2 -1.99713
34210 -2 -1.99713
34211 -2 -1.99713
34212 -2 -1.99713
34213 -1.98 -1.99713
34214 -2 -1.99713
34215 -2 -1.99713
34216 -2 -1.99713
34217 -2 -1.99713
34218 -2 -1.99713
34219 -2 -1.99713
34220 -1.98 -1.99713
34221 -2 -1.99713
34222 -2 -1.99713
34223 -2 -1.99713
34224 -2 -1.99713
34225 -2 -1.99713
34226 -2 -1.99713
34227 -2 -1.99713
34228 -1.98 -1.99713
34229 -2 -1.99713
34230 -2 -1.99713
34231 -2 -1.99713
34232 -2 -1.99713
34233 -2 -1.99713
34234 -2 -1.99713
34235 -2 -1.99713
34236 -2 -1.99713
34237 -2 -1.99713
34238 -2 -1.99713
34239 -2 -1.99713
34240 -2 -1.99713
34241 -2 -1.99713
34242 -2 -1.99713
34243 -2 -1.99713
34244 -2 -1.99713
34245 -2 -1.99713
34246 -1.98 -1.99713
34247 -2 -1.99713
34248 -2 -1.99713
34249 -2 -1.99713
34250 -2 -1.99713
34251 -2 -1.99713
34252 -2 -1.99713
34253 -2 -1.99713
34254 -2 -1.99713
34255 -2 -1.99713
34256 -1.98 -1.99713
34257 -2 -1.99713
34258 -1.96 -1.99713
34259 -1.98 -1.99713
34260 -2 -1.99713
34261 -2 -1.99713
34262 -2 -1.99713
34263 -2 -1.99713
34264 -2 -1.99713
34265 -2 -1.99713
34266 -2 -1.99713
34267 -2 -1.99713
34268 -2 -1.99713
34269 -1.98 -1.99713
34270 -2 -1.99713
34271 -2 -1.99713
34272 -2 -1.99713
34273 -2 -1.99713
34274 -2 -1.99713
34275 -2 -1.99713
34276 -2 -1.99713
34277 -2 -1.99713
34278 -2 -1.99713
34279 -2 -1.99713
34280 -2 -1.99713
34281 -2 -1.99713
34282 -2 -1.99713
34283 -2 -1.99713
34284 -2 -1.99713
34285 -2 -1.99713
34286 -2 -1.99713
34287 -2 -1.99713
34288 -2 -1.99713
34289 -2 -1.99713
34290 -2 -1.99713
34291 -2 -1.99713
34292 -2 -1.99713
34293 -2 -1.99713
34294 -2 -1.99713
34295 -2 -1.99713
34296 -2 -1.99713
34297 -2 -1.99713
34298 -2 -1.99713
34299 -1.98 -1.99713
34300 -2 -1.99713
34301 -2 -1.99713
34302 -2 -1.99713
34303 -2 -1.99713
34304 -2 -1.99713
34305 -2 -1.99713
34306 -2 -1.99713
34307 -2 -1.99713
34308 -2 -1.99713
34309 -2 -1.99713
34310 -1.98 -1.99713
34311 -2 -1.99713
34312 -2 -1.99713
34313 -2 -1.99713
34314 -2 -1.99713
34315 -2 -1.99713
34316 -1.96 -1.99713
34317 -2 -1.99713
34318 -2 -1.99713
34319 -1.98 -1.99713
34320 -1.98 -1.99713
34321 -2 -1.99713
34322 -2 -1.99713
34323 -2 -1.99713
34324 -2 -1.99713
34325 -1.97 -1.99713
34326 -1.96 -1.99713
34327 -1.98 -1.99713
34328 -1.98 -1.99713
34329 -2 -1.99713
34330 -2 -1.99713
34331 -2 -1.99713
34332 -2 -1.99713
34333 -2 -1.99713
34334 -2 -1.99713
34335 -2 -1.99713
34336 -2 -1.99713
34337 -2 -1.99713
34338 -1.98 -1.99713
34339 -1.98 -1.99713
34340 -1.98 -1.99713
34341 -2 -1.99713
34342 -1.98 -1.99713
34343 -2 -1.99713
34344 -2 -1.99713
34345 -2 -1.99713
34346 -2 -1.99713
34347 -2 -1.99713
34348 -2 -1.99713
34349 -1.98 -1.99713
34350 -2 -1.99713
34351 -2 -1.99713
34352 -2 -1.99713
34353 -2 -1.99713
34354 -2 -1.99713
34355 -2 -1.99713
34356 -2 -1.99713
34357 -2 -1.99713
34358 -2 -1.99713
34359 -2 -1.99713
34360 -2 -1.99713
34361 -2 -1.99713
34362 -2 -1.99713
34363 -2 -1.99713
34364 -2 -1.99713
34365 -2 -1.99713
34366 -2 -1.99713
34367 -1.98 -1.99713
34368 -2 -1.99713
34369 -2 -1.99713
34370 -2 -1.99713
34371 -2 -1.99713
34372 -2 -1.99713
34373 -1.96 -1.99713
34374 -1.96 -1.99713
34375 -2 -1.99713
34376 -2 -1.99713
34377 -2 -1.99713
34378 -2 -1.99713
34379 -2 -1.99713
34380 -2 -1.99713
34381 -2 -1.99713
34382 -2 -1.99713
34383 -2 -1.99713
34384 -2 -1.99713
34385 -1.98 -1.99713
34386 -1.96 -1.99712
34387 -2 -1.99712
34388 -2 -1.99712
34389 -2 -1.99713
34390 -2 -1.99713
34391 -2 -1.99713
34392 -2 -1.99713
34393 -2 -1.99713
34394 -2 -1.99713
34395 -1.98 -1.99712
34396 -1.98 -1.99712
34397 -2 -1.99712
34398 -2 -1.99712
34399 -2 -1.99712
34400 -2 -1.99712
34401 -2 -1.99712
34402 -2 -1.99712
34403 -2 -1.99713
34404 -2 -1.99713
34405 -2 -1.99713
34406 -2 -1.99713
34407 -2 -1.99713
34408 -2 -1.99713
34409 -2 -1.99713
34410 -2 -1.99713
34411 -2 -1.99713
34412 -2 -1.99713
34413 -2 -1.99713
34414 -2 -1.99713
34415 -2 -1.99713
34416 -1.98 -1.99713
34417 -2 -1.99713
34418 -2 -1.99713
34419 -2 -1.99713
34420 -2 -1.99713
34421 -2 -1.99713
34422 -2 -1.99713
34423 -2 -1.99713
34424 -2 -1.99713
34425 -2 -1.99713
34426 -2 -1.99713
34427 -2 -1.99713
34428 -2 -1.99713
34429 -2 -1.99713
34430 -2 -1.99713
34431 -2 -1.99713
34432 -2 -1.99713
34433 -2 -1.99713
34434 -2 -1.99713
34435 -2 -1.99713
34436 -1.98 -1.99713
34437 -2 -1.99713
34438 -2 -1.99713
34439 -2 -1.99713
34440 -2 -1.99713
34441 -2 -1.99713
34442 -2 -1.99713
34443 -2 -1.99713
34444 -2 -1.99713
34445 -2 -1.99713
34446 -2 -1.99713
34447 -2 -1.99713
34448 -2 -1.99713
34449 -2 -1.99713
34450 -2 -1.99713
34451 -2 -1.99713
34452 -2 -1.99713
34453 -2 -1.99713
34454 -2 -1.99713
34455 -2 -1.99713
34456 -2 -1.99713
34457 -2 -1.99713
34458 -1.98 -1.99713
34459 -1.98 -1.99713
34460 -2 -1.99713
34461 -2 -1.99713
34462 -2 -1.99713
34463 -2 -1.99713
34464 -2 -1.99713
34465 -2 -1.99713
34466 -2 -1.99713
34467 -2 -1.99713
34468 -2 -1.99713
34469 -2 -1.99713
34470 -2 -1.99713
34471 -2 -1.99713
34472 -2 -1.99713
34473 -2 -1.99713
34474 -2 -1.99713
34475 -2 -1.99713
34476 -2 -1.99713
34477 -2 -1.99713
34478 -2 -1.99713
34479 -1.98 -1.99713
34480 -2 -1.99713
34481 -2 -1.99713
34482 -2 -1.99713
34483 -2 -1.99713
34484 -2 -1.99713
34485 -2 -1.99713
34486 -2 -1.99713
34487 -2 -1.99713
34488 -2 -1.99713
34489 -2 -1.99713
34490 -2 -1.99713
34491 -2 -1.99713
34492 -2 -1.99713
34493 -2 -1.99713
34494 -1.98 -1.99713
34495 -1.98 -1.99713
34496 -1.98 -1.99713
34497 -2 -1.99713
34498 -2 -1.99713
34499 -2 -1.99713
34500 -1.98 -1.99713
34501 -2 -1.99713
34502 -2 -1.99713
34503 -2 -1.99713
34504 -1.98 -1.99713
34505 -2 -1.99713
34506 -2 -1.99713
34507 -2 -1.99713
34508 -2 -1.99713
34509 -2 -1.99713
34510 -2 -1.99713
34511 -2 -1.99713
34512 -2 -1.99713
34513 -2 -1.99713
34514 -2 -1.99713
34515 -2 -1.99713
34516 -2 -1.99713
34517 -1.98 -1.99713
34518 -1.98 -1.99713
34519 -2 -1.99713
34520 -2 -1.99713
34521 -2 -1.99713
34522 -2 -1.99713
34523 -2 -1.99713
34524 -2 -1.99713
34525 -2 -1.99713
34526 -2 -1.99713
34527 -2 -1.99713
34528 -2 -1.99713
34529 -2 -1.99713
34530 -2 -1.99713
34531 -2 -1.99713
34532 -2 -1.99713
34533 -2 -1.99713
34534 -1.98 -1.99713
34535 -2 -1.99713
34536 -1.98 -1.99713
34537 -2 -1.99713
34538 -2 -1.99713
34539 -2 -1.99713
34540 -2 -1.99713
34541 -2 -1.99713
34542 -2 -1.99713
34543 -2 -1.99713
34544 -2 -1.99713
34545 -2 -1.99713
34546 -2 -1.99713
34547 -2 -1.99713
34548 -2 -1.99713
34549 -2 -1.99713
34550 -2 -1.99713
34551 -2 -1.99713
34552 -1.98 -1.99713
34553 -1.96 -1.99713
34554 -1.96 -1.99713
34555 -1.98 -1.99713
34556 -2 -1.99713
34557 -1.98 -1.99713
34558 -2 -1.99713
34559 -2 -1.99713
34560 -2 -1.99713
34561 -1.97 -1.99713
34562 -1.98 -1.99712
34563 -2 -1.99712
34564 -2 -1.99712
34565 -2 -1.99712
34566 -2 -1.99713
34567 -2 -1.99713
34568 -2 -1.99713
34569 -2 -1.99713
34570 -2 -1.99713
34571 -1.98 -1.99712
34572 -2 -1.99712
34573 -2 -1.99713
34574 -2 -1.99713
34575 -2 -1.99713
34576 -2 -1.99713
34577 -2 -1.99713
34578 -2 -1.99713
34579 -2 -1.99713
34580 -1.98 -1.99713
34581 -2 -1.99713
34582 -2 -1.99713
34583 -2 -1.99713
34584 -2 -1.99713
34585 -2 -1.99713
34586 -2 -1.99713
34587 -2 -1.99713
34588 -2 -1.99713
34589 -2 -1.99713
34590 -2 -1.99713
34591 -2 -1.99713
34592 -2 -1.99713
34593 -2 -1.99713
34594 -2 -1.99713
34595 -1.98 -1.99713
34596 -2 -1.99713
34597 -2 -1.99713
34598 -2 -1.99713
34599 -2 -1.99713
34600 -2 -1.99713
34601 -2 -1.99713
34602 -2 -1.99713
34603 -2 -1.99713
34604 -2 -1.99713
34605 -2 -1.99713
34606 -2 -1.99713
34607 -2 -1.99713
34608 -1.98 -1.99713
34609 -1.98 -1.99713
34610 -2 -1.99713
34611 -2 -1.99713
34612 -2 -1.99713
34613 -2 -1.99713
34614 -2 -1.99713
34615 -2 -1.99713
34616 -2 -1.99713
34617 -1.98 -1.99713
34618 -1.98 -1.99713
34619 -2 -1.99713
34620 -1.98 -1.99712
34621 -2 -1.99712
34622 -2 -1.99713
34623 -2 -1.99713
34624 -2 -1.99713
34625 -2 -1.99713
34626 -2 -1.99713
34627 -2 -1.99713
34628 -1.98 -1.99712
34629 -2 -1.99713
34630 -2 -1.99713
34631 -2 -1.99713
34632 -2 -1.99713
34633 -2 -1.99713
34634 -2 -1.99713
34635 -2 -1.99713
34636 -2 -1.99713
34637 -2 -1.99713
34638 -2 -1.99713
34639 -2 -1.99713
34640 -2 -1.99713
34641 -2 -1.99713
34642 -2 -1.99713
34643 -2 -1.99713
34644 -2 -1.99713
34645 -2 -1.99713
34646 -1.98 -1.99713
34647 -1.98 -1.99713
34648 -2 -1.99713
34649 -2 -1.99713
34650 -2 -1.99713
34651 -2 -1.99713
34652 -2 -1.99713
34653 -2 -1.99713
34654 -2 -1.99713
34655 -2 -1.99713
34656 -2 -1.99713
34657 -2 -1.99713
34658 -2 -1.99713
34659 -2 -1.99713
34660 -2 -1.99713
34661 -2 -1.99713
34662 -2 -1.99713
34663 -2 -1.99713
34664 -2 -1.99713
34665 -2 -1.99713
34666 -2 -1.99713
34667 -2 -1.99713
34668 -2 -1.99713
34669 -2 -1.99713
34670 -2 -1.99713
34671 -2 -1.99713
34672 -2 -1.99713
34673 -2 -1.99713
34674 -2 -1.99713
34675 -2 -1.99713
34676 -2 -1.99713
34677 -2 -1.99713
34678 -2 -1.99713
34679 -2 -1.99713
34680 -2 -1.99713
34681 -2 -1.99713
34682 -2 -1.99713
34683 -2 -1.99713
34684 -2 -1.99713
34685 -2 -1.99713
34686 -2 -1.99713
34687 -2 -1.99713
34688 -2 -1.99713
34689 -2 -1.99713
34690 -2 -1.99713
34691 -2 -1.99713
34692 -2 -1.99713
34693 -1.96 -1.99713
34694 -1.98 -1.99713
34695 -1.98 -1.99713
34696 -1.97 -1.99713
34697 -1.97 -1.99713
34698 -1.97 -1.99712
34699 -1.98 -1.99712
34700 -2 -1.99712
34701 -2 -1.99712
34702 -2 -1.99712
34703 -2 -1.99712
34704 -2 -1.99712
34705 -2 -1.99712
34706 -1.98 -1.99712
34707 -2 -1.99712
34708 -2 -1.99712
34709 -1.98 -1.99712
34710 -1.98 -1.99712
34711 -1.98 -1.99712
34712 -2 -1.99712
34713 -2 -1.99712
34714 -2 -1.99712
34715 -2 -1.99712
34716 -2 -1.99712
34717 -2 -1.99712
34718 -2 -1.99712
34719 -2 -1.99712
34720 -2 -1.99712
34721 -2 -1.99712
34722 -2 -1.99712
34723 -2 -1.99712
34724 -2 -1.99712
34725 -2 -1.99712
34726 -2 -1.99712
34727 -2 -1.99712
34728 -2 -1.99712
34729 -2 -1.99712
34730 -2 -1.99712
34731 -2 -1.99712
34732 -2 -1.99712
34733 -2 -1.99712
34734 -2 -1.99712
34735 -2 -1.99712
34736 -2 -1.99712
34737 -2 -1.99713
34738 -2 -1.99713
34739 -2 -1.99713
34740 -2 -1.99713
34741 -2 -1.99713
34742 -2 -1.99713
34743 -2 -1.99713
34744 -2 -1.99713
34745 -2 -1.99713
34746 -2 -1.99713
34747 -2 -1.99713
34748 -2 -1.99713
34749 -2 -1.99713
34750 -2 -1.99713
34751 -2 -1.99713
34752 -2 -1.99713
34753 -2 -1.99713
34754 -2 -1.99713
34755 -2 -1.99713
34756 -2 -1.99713
34757 -1.96 -1.99713
34758 -1.96 -1.99712
34759 -2 -1.99712
34760 -1.98 -1.99712
34761 -1.98 -1.99712
34762 -1.98 -1.99712
34763 -2 -1.99712
34764 -2 -1.99712
34765 -2 -1.99712
34766 -2 -1.99712
34767 -2 -1.99712
34768 -2 -1.99712
34769 -2 -1.99712
34770 -2 -1.99712
34771 -2 -1.99712
34772 -2 -1.99712
34773 -2 -1.99712
34774 -2 -1.99712
34775 -2 -1.99712
34776 -1.98 -1.99712
34777 -2 -1.99712
34778 -2 -1.99712
34779 -2 -1.99712
34780 -2 -1.99712
34781 -2 -1.99712
34782 -2 -1.99712
34783 -2 -1.99712
34784 -2 -1.99712
34785 -2 -1.99712
34786 -2 -1.99712
34787 -2 -1.99712
34788 -2 -1.99712
34789 -2 -1.99712
34790 -2 -1.99712
34791 -2 -1.99712
34792 -1.98 -1.99712
34793 -2 -1.99712
34794 -2 -1.99712
34795 -2 -1.99712
34796 -2 -1.99712
34797 -2 -1.99712
34798 -2 -1.99712
34799 -2 -1.99713
34800 -2 -1.99713
34801 -2 -1.99713
34802 -2 -1.99713
34803 -2 -1.99713
34804 -2 -1.99713
34805 -2 -1.99713
34806 -2 -1.99713
34807 -2 -1.99713
34808 -2 -1.99713
34809 -2 -1.99713
34810 -2 -1.99713
34811 -1.98 -1.99713
34812 -2 -1.99713
34813 -2 -1.99713
34814 -2 -1.99713
34815 -2 -1.99713
34816 -2 -1.99713
34817 -2 -1.99713
34818 -2 -1.99713
34819 -2 -1.99713
34820 -2 -1.99713
34821 -2 -1.99713
34822 -2 -1.99713
34823 -2 -1.99713
34824 -2 -1.99713
34825 -2 -1.99713
34826 -2 -1.99713
34827 -2 -1.99713
34828 -2 -1.99713
34829 -1.98 -1.99713
34830 -2 -1.99713
34831 -2 -1.99713
34832 -2 -1.99713
34833 -2 -1.99713
34834 -2 -1.99713
34835 -2 -1.99713
34836 -2 -1.99713
34837 -2 -1.99713
34838 -2 -1.99713
34839 -2 -1.99713
34840 -2 -1.99713
34841 -2 -1.99713
34842 -2 -1.99713
34843 -2 -1.99713
34844 -2 -1.99713
34845 -2 -1.99713
34846 -2 -1.99713
34847 -2 -1.99713
34848 -2 -1.99713
34849 -2 -1.99713
34850 -2 -1.99713
34851 -2 -1.99713
34852 -2 -1.99713
34853 -2 -1.99713
34854 -2 -1.99713
34855 -2 -1.99713
34856 -1.98 -1.99713
34857 -2 -1.99713
34858 -2 -1.99713
34859 -2 -1.99713
34860 -2 -1.99713
34861 -2 -1.99713
34862 -1.98 -1.99713
34863 -2 -1.99713
34864 -2 -1.99713
34865 -2 -1.99713
34866 -2 -1.99713
34867 -2 -1.99713
34868 -2 -1.99713
34869 -2 -1.99713
34870 -2 -1.99713
34871 -1.98 -1.99713
34872 -1.98 -1.99713
34873 -1.98 -1.99713
34874 -1.98 -1.99713
34875 -1.98 -1.99713
34876 -2 -1.99713
34877 -2 -1.99713
34878 -2 -1.99713
34879 -2 -1.99713
34880 -2 -1.99713
34881 -2 -1.99713
34882 -2 -1.99713
34883 -2 -1.99713
34884 -2 -1.99713
34885 -2 -1.99713
34886 -1.98 -1.99713
34887 -2 -1.99713
34888 -2 -1.99713
34889 -2 -1.99713
34890 -2 -1.99713
34891 -1.98 -1.99713
34892 -2 -1.99713
34893 -2 -1.99713
34894 -2 -1.99713
34895 -2 -1.99713
34896 -2 -1.99713
34897 -1.98 -1.99713
34898 -1.96 -1.99713
34899 -1.96 -1.99712
34900 -1.98 -1.99712
34901 -1.98 -1.99712
34902 -2 -1.99712
34903 -2 -1.99712
34904 -2 -1.99712
34905 -2 -1.99712
34906 -2 -1.99712
34907 -2 -1.99712
34908 -2 -1.99712
34909 -2 -1.99712
34910 -2 -1.99712
34911 -1.98 -1.99712
34912 -2 -1.99712
34913 -1.98 -1.99712
34914 -1.98 -1.99712
34915 -1.98 -1.99712
34916 -2 -1.99712
34917 -2 -1.99712
34918 -2 -1.99712
34919 -2 -1.99712
34920 -2 -1.99712
34921 -2 -1.99712
34922 -2 -1.99712
34923 -2 -1.99712
34924 -2 -1.99712
34925 -2 -1.99712
34926 -2 -1.99712
34927 -2 -1.99712
34928 -2 -1.99712
34929 -2 -1.99712
34930 -2 -1.99712
34931 -2 -1.99712
34932 -2 -1.99712
34933 -2 -1.99712
34934 -2 -1.99712
34935 -2 -1.99712
34936 -1.98 -1.99712
34937 -1.98 -1.99712
34938 -2 -1.99712
34939 -2 -1.99712
34940 -2 -1.99712
34941 -2 -1.99712
34942 -2 -1.99712
34943 -2 -1.99712
34944 -2 -1.99712
34945 -2 -1.99712
34946 -2 -1.99712
34947 -2 -1.99712
34948 -2 -1.99712
34949 -2 -1.99712
34950 -2 -1.99712
34951 -2 -1.99712
34952 -2 -1.99712
34953 -2 -1.99712
34954 -2 -1.99712
34955 -2 -1.99712
34956 -2 -1.99712
34957 -2 -1.99712
34958 -2 -1.99712
34959 -2 -1.99712
34960 -1.98 -1.99712
34961 -1.98 -1.99712
34962 -2 -1.99712
34963 -2 -1.99712
34964 -2 -1.99712
34965 -2 -1.99712
34966 -2 -1.99712
34967 -1.98 -1.99712
34968 -2 -1.99712
34969 -2 -1.99712
34970 -2 -1.99712
34971 -2 -1.99712
34972 -2 -1.99712
34973 -2 -1.99712
34974 -2 -1.99712
34975 -2 -1.99712
34976 -2 -1.99712
34977 -2 -1.99712
34978 -2 -1.99712
34979 -2 -1.99712
34980 -2 -1.99712
34981 -2 -1.99712
34982 -2 -1.99712
34983 -2 -1.99712
34984 -2 -1.99712
34985 -2 -1.99712
34986 -2 -1.99712
34987 -2 -1.99713
34988 -2 -1.99713
34989 -1.98 -1.99712
34990 -2 -1.99712
34991 -2 -1.99712
34992 -2 -1.99712
34993 -2 -1.99712
34994 -1.98 -1.99712
34995 -2 -1.99712
34996 -2 -1.99712
34997 -2 -1.99712
34998 -2 -1.99712
34999 -2 -1.99712
35000 -2 -1.99712
35001 -2 -1.99713
35002 -2 -1.99713
35003 -2 -1.99713
35004 -2 -1.99713
35005 -2 -1.99713
35006 -1.98 -1.99712
35007 -1.98 -1.99712
35008 -2 -1.99712
35009 -2 -1.99712
35010 -2 -1.99712
35011 -1.98 -1.99712
35012 -1.98 -1.99712
35013 -2 -1.99712
35014 -2 -1.99712
35015 -2 -1.99712
35016 -2 -1.99712
35017 -2 -1.99712
35018 -2 -1.99712
35019 -2 -1.99712
35020 -2 -1.99712
35021 -2 -1.99712
35022 -2 -1.99712
35023 -2 -1.99712
35024 -2 -1.99712
35025 -2 -1.99712
35026 -2 -1.99712
35027 -2 -1.99712
35028 -1.98 -1.99712
35029 -1.98 -1.99712
35030 -1.98 -1.99712
35031 -2 -1.99712
35032 -2 -1.99712
35033 -2 -1.99712
35034 -2 -1.99712
35035 -2 -1.99712
35036 -2 -1.99712
35037 -2 -1.99712
35038 -2 -1.99712
35039 -2 -1.99712
35040 -2 -1.99712
35041 -2 -1.99712
35042 -2 -1.99712
35043 -2 -1.99712
35044 -1.98 -1.99712
35045 -1.98 -1.99712
35046 -1.98 -1.99712
35047 -1.98 -1.99712
35048 -1.98 -1.99712
35049 -2 -1.99712
35050 -2 -1.99712
35051 -2 -1.99712
35052 -2 -1.99712
35053 -2 -1.99712
35054 -2 -1.99712
35055 -2 -1.99712
35056 -2 -1.99712
35057 -1.98 -1.99712
35058 -2 -1.99712
35059 -2 -1.99712
35060 -2 -1.99712
35061 -2 -1.99712
35062 -1.98 -1.99712
35063 -2 -1.99712
35064 -2 -1.99712
35065 -2 -1.99712
35066 -2 -1.99712
35067 -2 -1.99712
35068 -2 -1.99712
35069 -2 -1.99712
35070 -2 -1.99712
35071 -2 -1.99712
35072 -2 -1.99712
35073 -2 -1.99712
35074 -2 -1.99712
35075 -1.98 -1.99712
35076 -1.98 -1.99712
35077 -2 -1.99712
35078 -2 -1.99712
35079 -2 -1.99712
35080 -2 -1.99712
35081 -2 -1.99712
35082 -2 -1.99712
35083 -2 -1.99712
35084 -2 -1.99712
35085 -1.98 -1.99712
35086 -1.98 -1.99712
35087 -1.98 -1.99712
35088 -2 -1.99712
35089 -2 -1.99712
35090 -2 -1.99712
35091 -2 -1.99712
35092 -2 -1.99712
35093 -2 -1.99712
35094 -2 -1.99712
35095 -1.98 -1.99712
35096 -2 -1.99712
35097 -2 -1.99712
35098 -2 -1.99712
35099 -2 -1.99712
35100 -2 -1.99712
35101 -1.98 -1.99712
35102 -1.98 -1.99712
35103 -2 -1.99712
35104 -2 -1.99712
35105 -2 -1.99712
35106 -2 -1.99712
35107 -2 -1.99712
35108 -2 -1.99712
35109 -2 -1.99712
35110 -2 -1.99712
35111 -2 -1.99712
35112 -2 -1.99712
35113 -2 -1.99712
35114 -2 -1.99712
35115 -2 -1.99712
35116 -2 -1.99712
35117 -2 -1.99712
35118 -2 -1.99712
35119 -2 -1.99712
35120 -2 -1.99712
35121 -2 -1.99712
35122 -1.98 -1.99712
35123 -1.98 -1.99712
35124 -2 -1.99712
35125 -2 -1.99712
35126 -2 -1.99712
35127 -2 -1.99712
35128 -2 -1.99712
35129 -2 -1.99712
35130 -2 -1.99712
35131 -2 -1.99712
35132 -2 -1.99712
35133 -2 -1.99712
35134 -2 -1.99712
35135 -2 -1.99712
35136 -2 -1.99712
35137 -1.98 -1.99712
35138 -1.96 -1.99712
35139 -1.98 -1.99712
35140 -1.98 -1.99712
35141 -2 -1.99712
35142 -2 -1.99712
35143 -2 -1.99712
35144 -2 -1.99712
35145 -2 -1.99712
35146 -2 -1.99712
35147 -1.98 -1.99712
35148 -2 -1.99712
35149 -2 -1.99712
35150 -2 -1.99712
35151 -2 -1.99712
35152 -2 -1.99712
35153 -1.98 -1.99712
35154 -1.98 -1.99712
35155 -1.98 -1.99712
35156 -1.96 -1.99712
35157 -2 -1.99712
35158 -2 -1.99712
35159 -2 -1.99712
35160 -2 -1.99712
35161 -2 -1.99712
35162 -2 -1.99712
35163 -1.98 -1.99712
35164 -1.98 -1.99712
35165 -1.98 -1.99712
35166 -1.98 -1.99712
35167 -2 -1.99712
35168 -2 -1.99712
35169 -2 -1.99712
35170 -2 -1.99712
35171 -2 -1.99712
35172 -2 -1.99712
35173 -2 -1.99712
35174 -2 -1.99712
35175 -2 -1.99712
35176 -2 -1.99712
35177 -2 -1.99712
35178 -2 -1.99712
35179 -2 -1.99712
35180 -2 -1.99712
35181 -2 -1.99712
35182 -1.98 -1.99712
35183 -1.98 -1.99712
35184 -1.98 -1.99712
35185 -1.98 -1.99712
35186 -1.98 -1.99712
35187 -2 -1.99712
35188 -2 -1.99712
35189 -2 -1.99712
35190 -2 -1.99712
35191 -2 -1.99712
35192 -2 -1.99712
35193 -2 -1.99712
35194 -2 -1.99712
35195 -2 -1.99712
35196 -2 -1.99712
35197 -2 -1.99712
35198 -2 -1.99712
35199 -2 -1.99712
35200 -1.98 -1.99712
35201 -2 -1.99712
35202 -2 -1.99712
35203 -2 -1.99712
35204 -2 -1.99712
35205 -2 -1.99712
35206 -2 -1.99712
35207 -2 -1.99712
35208 -2 -1.99712
35209 -2 -1.99712
35210 -2 -1.99712
35211 -2 -1.99712
35212 -2 -1.99712
35213 -1.96 -1.99712
35214 -2 -1.99712
35215 -2 -1.99712
35216 -2 -1.99712
35217 -2 -1.99712
35218 -2 -1.99712
35219 -2 -1.99712
35220 -2 -1.99712
35221 -2 -1.99712
35222 -2 -1.99712
35223 -2 -1.99712
35224 -2 -1.99712
35225 -2 -1.99712
35226 -2 -1.99712
35227 -2 -1.99712
35228 -2 -1.99712
35229 -2 -1.99712
35230 -2 -1.99712
35231 -2 -1.99712
35232 -2 -1.99712
35233 -2 -1.99712
35234 -2 -1.99712
35235 -2 -1.99712
35236 -2 -1.99712
35237 -2 -1.99712
35238 -1.98 -1.99712
35239 -2 -1.99712
35240 -2 -1.99712
35241 -2 -1.99712
35242 -2 -1.99712
35243 -2 -1.99712
35244 -2 -1.99712
35245 -2 -1.99712
35246 -2 -1.99712
35247 -2 -1.99712
35248 -2 -1.99712
35249 -2 -1.99712
35250 -2 -1.99712
35251 -2 -1.99712
35252 -2 -1.99712
35253 -2 -1.99712
35254 -2 -1.99712
35255 -2 -1.99712
35256 -2 -1.99712
35257 -2 -1.99712
35258 -2 -1.99712
35259 -2 -1.99712
35260 -2 -1.99712
35261 -1.98 -1.99712
35262 -2 -1.99712
35263 -2 -1.99712
35264 -2 -1.99712
35265 -2 -1.99712
35266 -2 -1.99712
35267 -2 -1.99712
35268 -2 -1.99712
35269 -2 -1.99712
35270 -2 -1.99712
35271 -2 -1.99712
35272 -2 -1.99712
35273 -2 -1.99712
35274 -2 -1.99712
35275 -2 -1.99712
35276 -2 -1.99712
35277 -1.98 -1.99712
35278 -2 -1.99712
35279 -2 -1.99712
35280 -2 -1.99712
35281 -2 -1.99712
35282 -2 -1.99712
35283 -2 -1.99712
35284 -2 -1.99712
35285 -2 -1.99712
35286 -2 -1.99712
35287 -1.98 -1.99712
35288 -2 -1.99712
35289 -2 -1.99712
35290 -2 -1.99712
35291 -2 -1.99712
35292 -2 -1.99712
35293 -2 -1.99712
35294 -2 -1.99712
35295 -2 -1.99712
35296 -2 -1.99712
35297 -2 -1.99712
35298 -2 -1.99712
35299 -2 -1.99712
35300 -2 -1.99712
35301 -2 -1.99712
35302 -2 -1.99712
35303 -2 -1.99712
35304 -2 -1.99712
35305 -2 -1.99712
35306 -2 -1.99712
35307 -2 -1.99712
35308 -2 -1.99712
35309 -2 -1.99712
35310 -2 -1.99712
35311 -2 -1.99712
35312 -2 -1.99712
35313 -2 -1.99712
35314 -2 -1.99712
35315 -2 -1.99712
35316 -2 -1.99712
35317 -2 -1.99712
35318 -2 -1.99712
35319 -2 -1.99712
35320 -2 -1.99712
35321 -2 -1.99712
35322 -2 -1.99712
35323 -2 -1.99712
35324 -2 -1.99712
35325 -2 -1.99712
35326 -2 -1.99712
35327 -2 -1.99712
35328 -2 -1.99712
35329 -2 -1.99712
35330 -2 -1.99712
35331 -2 -1.99712
35332 -1.98 -1.99712
35333 -1.98 -1.99712
35334 -2 -1.99712
35335 -2 -1.99712
35336 -2 -1.99712
35337 -2 -1.99712
35338 -2 -1.99712
35339 -2 -1.99712
35340 -2 -1.99712
35341 -2 -1.99712
35342 -2 -1.99712
35343 -1.98 -1.99712
35344 -2 -1.99712
35345 -2 -1.99712
35346 -2 -1.99712
35347 -1.98 -1.99712
35348 -2 -1.99712
35349 -2 -1.99712
35350 -2 -1.99712
35351 -2 -1.99712
35352 -2 -1.99712
35353 -2 -1.99712
35354 -2 -1.99712
35355 -2 -1.99712
35356 -2 -1.99712
35357 -2 -1.99712
35358 -2 -1.99712
35359 -2 -1.99712
35360 -2 -1.99712
35361 -2 -1.99712
35362 -2 -1.99712
35363 -2 -1.99712
35364 -2 -1.99712
35365 -2 -1.99712
35366 -2 -1.99712
35367 -2 -1.99712
35368 -2 -1.99712
35369 -2 -1.99712
35370 -2 -1.99712
35371 -2 -1.99712
35372 -2 -1.99712
35373 -2 -1.99712
35374 -2 -1.99712
35375 -2 -1.99712
35376 -2 -1.99712
35377 -2 -1.99712
35378 -2 -1.99712
35379 -2 -1.99712
35380 -2 -1.99712
35381 -2 -1.99712
35382 -2 -1.99712
35383 -2 -1.99712
35384 -2 -1.99713
35385 -2 -1.99713
35386 -2 -1.99713
35387 -2 -1.99713
35388 -2 -1.99713
35389 -2 -1.99713
35390 -2 -1.99713
35391 -2 -1.99713
35392 -1.98 -1.99713
35393 -2 -1.99713
35394 -1.98 -1.99712
35395 -1.98 -1.99712
35396 -2 -1.99712
35397 -2 -1.99712
35398 -2 -1.99712
35399 -2 -1.99712
35400 -2 -1.99712
35401 -2 -1.99712
35402 -2 -1.99712
35403 -2 -1.99712
35404 -2 -1.99712
35405 -1.98 -1.99712
35406 -2 -1.99712
35407 -2 -1.99712
35408 -1.98 -1.99712
35409 -1.98 -1.99712
35410 -2 -1.99712
35411 -2 -1.99712
35412 -2 -1.99712
35413 -1.98 -1.99712
35414 -1.98 -1.99712
35415 -1.98 -1.99712
35416 -2 -1.99712
35417 -1.98 -1.99712
35418 -2 -1.99712
35419 -2 -1.99712
35420 -2 -1.99712
35421 -2 -1.99712
35422 -2 -1.99712
35423 -2 -1.99712
35424 -2 -1.99712
35425 -2 -1.99712
35426 -2 -1.99712
35427 -2 -1.99712
35428 -2 -1.99712
35429 -2 -1.99712
35430 -2 -1.99712
35431 -2 -1.99712
35432 -2 -1.99712
35433 -2 -1.99712
35434 -2 -1.99712
35435 -2 -1.99712
35436 -2 -1.99712
35437 -2 -1.99712
35438 -2 -1.99712
35439 -2 -1.99712
35440 -2 -1.99712
35441 -2 -1.99712
35442 -2 -1.99712
35443 -2 -1.99712
35444 -2 -1.99712
35445 -2 -1.99712
35446 -2 -1.99712
35447 -2 -1.99712
35448 -2 -1.99712
35449 -2 -1.99712
35450 -2 -1.99712
35451 -2 -1.99712
35452 -2 -1.99712
35453 -2 -1.99713
35454 -2 -1.99713
35455 -1.98 -1.99712
35456 -2 -1.99712
35457 -2 -1.99712
35458 -2 -1.99712
35459 -2 -1.99712
35460 -2 -1.99713
35461 -2 -1.99713
35462 -2 -1.99713
35463 -2 -1.99713
35464 -2 -1.99713
35465 -2 -1.99713
35466 -2 -1.99713
35467 -2 -1.99713
35468 -2 -1.99713
35469 -2 -1.99713
35470 -2 -1.99713
35471 -2 -1.99713
35472 -2 -1.99713
35473 -2 -1.99713
35474 -2 -1.99713
35475 -2 -1.99713
35476 -2 -1.99713
35477 -1.96 -1.99713
35478 -1.98 -1.99712
35479 -2 -1.99712
35480 -2 -1.99712
35481 -2 -1.99713
35482 -2 -1.99713
35483 -2 -1.99713
35484 -2 -1.99713
35485 -2 -1.99713
35486 -2 -1.99713
35487 -2 -1.99713
35488 -2 -1.99713
35489 -2 -1.99713
35490 -2 -1.99713
35491 -2 -1.99713
35492 -2 -1.99713
35493 -2 -1.99713
35494 -2 -1.99713
35495 -2 -1.99713
35496 -2 -1.99713
35497 -2 -1.99713
35498 -2 -1.99713
35499 -2 -1.99713
35500 -2 -1.99713
35501 -2 -1.99713
35502 -2 -1.99713
35503 -2 -1.99713
35504 -2 -1.99713
35505 -2 -1.99713
35506 -2 -1.99713
35507 -2 -1.99713
35508 -2 -1.99713
35509 -2 -1.99713
35510 -2 -1.99713
35511 -2 -1.99713
35512 -2 -1.99713
35513 -2 -1.99713
35514 -2 -1.99713
35515 -2 -1.99713
35516 -2 -1.99713
35517 -2 -1.99713
35518 -2 -1.99713
35519 -2 -1.99713
35520 -2 -1.99713
35521 -2 -1.99713
35522 -2 -1.99713
35523 -2 -1.99713
35524 -2 -1.99713
35525 -2 -1.99713
35526 -2 -1.99713
35527 -1.98 -1.99713
35528 -2 -1.99713
35529 -2 -1.99713
35530 -2 -1.99713
35531 -2 -1.99713
35532 -2 -1.99713
35533 -2 -1.99713
35534 -2 -1.99713
35535 -2 -1.99713
35536 -2 -1.99713
35537 -2 -1.99713
35538 -2 -1.99713
35539 -2 -1.99713
35540 -2 -1.99713
35541 -2 -1.99713
35542 -2 -1.99713
35543 -2 -1.99713
35544 -2 -1.99713
35545 -2 -1.99713
35546 -2 -1.99713
35547 -2 -1.99713
35548 -2 -1.99713
35549 -2 -1.99713
35550 -2 -1.99713
35551 -2 -1.99713
35552 -2 -1.99713
35553 -2 -1.99713
35554 -2 -1.99713
35555 -2 -1.99713
35556 -2 -1.99713
35557 -2 -1.99713
35558 -2 -1.99713
35559 -2 -1.99713
35560 -2 -1.99713
35561 -2 -1.99713
35562 -2 -1.99713
35563 -2 -1.99713
35564 -2 -1.99713
35565 -2 -1.99713
35566 -2 -1.99713
35567 -2 -1.99713
35568 -2 -1.99713
35569 -2 -1.99713
35570 -2 -1.99713
35571 -2 -1.99713
35572 -2 -1.99713
35573 -2 -1.99713
35574 -2 -1.99713
35575 -2 -1.99713
35576 -2 -1.99713
35577 -2 -1.99713
35578 -2 -1.99713
35579 -2 -1.99713
35580 -2 -1.99713
35581 -2 -1.99713
35582 -2 -1.99713
35583 -2 -1.99713
35584 -2 -1.99713
35585 -2 -1.99713
35586 -2 -1.99713
35587 -2 -1.99713
35588 -2 -1.99713
35589 -2 -1.99713
35590 -2 -1.99713
35591 -2 -1.99713
35592 -2 -1.99713
35593 -2 -1.99713
35594 -2 -1.99713
35595 -2 -1.99713
35596 -2 -1.99713
35597 -1.98 -1.99713
35598 -2 -1.99713
35599 -2 -1.99713
35600 -1.98 -1.99713
35601 -2 -1.99713
35602 -2 -1.99713
35603 -2 -1.99713
35604 -2 -1.99713
35605 -1.98 -1.99713
35606 -1.98 -1.99713
35607 -2 -1.99713
35608 -2 -1.99713
35609 -2 -1.99713
35610 -2 -1.99713
35611 -2 -1.99713
35612 -2 -1.99713
35613 -2 -1.99713
35614 -2 -1.99713
35615 -2 -1.99713
35616 -2 -1.99713
35617 -2 -1.99713
35618 -2 -1.99713
35619 -2 -1.99713
35620 -2 -1.99713
35621 -1.93 -1.99713
35622 -1.97 -1.99713
35623 -2 -1.99713
35624 -2 -1.99713
35625 -2 -1.99713
35626 -2 -1.99713
35627 -2 -1.99713
35628 -2 -1.99713
35629 -2 -1.99713
35630 -2 -1.99713
35631 -2 -1.99713
35632 -2 -1.99713
35633 -2 -1.99713
35634 -2 -1.99713
35635 -2 -1.99713
35636 -2 -1.99713
35637 -2 -1.99713
35638 -2 -1.99713
35639 -2 -1.99713
35640 -2 -1.99713
35641 -2 -1.99713
35642 -2 -1.99713
35643 -2 -1.99713
35644 -2 -1.99713
35645 -2 -1.99713
35646 -2 -1.99713
35647 -2 -1.99713
35648 -2 -1.99713
35649 -2 -1.99713
35650 -2 -1.99713
35651 -2 -1.99713
35652 -2 -1.99713
35653 -2 -1.99713
35654 -2 -1.99713
35655 -2 -1.99713
35656 -2 -1.99713
35657 -2 -1.99713
35658 -2 -1.99713
35659 -2 -1.99713
35660 -2 -1.99713
35661 -2 -1.99713
35662 -2 -1.99713
35663 -2 -1.99713
35664 -1.98 -1.99713
35665 -1.97 -1.99713
35666 -2 -1.99713
35667 -2 -1.99713
35668 -2 -1.99713
35669 -2 -1.99713
35670 -2 -1.99713
35671 -2 -1.99713
35672 -2 -1.99713
35673 -2 -1.99713
35674 -2 -1.99713
35675 -2 -1.99713
35676 -2 -1.99713
35677 -2 -1.99713
35678 -2 -1.99713
35679 -2 -1.99713
35680 -2 -1.99713
35681 -2 -1.99713
35682 -2 -1.99713
35683 -2 -1.99713
35684 -2 -1.99713
35685 -2 -1.99713
35686 -2 -1.99713
35687 -2 -1.99713
35688 -2 -1.99713
35689 -2 -1.99713
35690 -2 -1.99713
35691 -2 -1.99713
35692 -2 -1.99714
35693 -2 -1.99714
35694 -2 -1.99714
35695 -2 -1.99714
35696 -2 -1.99714
35697 -2 -1.99714
35698 -2 -1.99714
35699 -2 -1.99714
35700 -2 -1.99714
35701 -2 -1.99714
35702 -2 -1.99714
35703 -2 -1.99714
35704 -2 -1.99714
35705 -2 -1.99714
35706 -2 -1.99714
35707 -2 -1.99714
35708 -2 -1.99714
35709 -2 -1.99714
35710 -2 -1.99714
35711 -2 -1.99714
35712 -2 -1.99714
35713 -2 -1.99714
35714 -2 -1.99714
35715 -2 -1.99714
35716 -2 -1.99714
35717 -2 -1.99714
35718 -2 -1.99714
35719 -2 -1.99714
35720 -2 -1.99714
35721 -2 -1.99714
35722 -2 -1.99714
35723 -2 -1.99714
35724 -2 -1.99714
35725 -2 -1.99714
35726 -2 -1.99714
35727 -2 -1.99714
35728 -2 -1.99714
35729 -2 -1.99714
35730 -2 -1.99714
35731 -1.98 -1.99714
35732 -1.98 -1.99714
35733 -2 -1.99714
35734 -2 -1.99714
35735 -2 -1.99714
35736 -2 -1.99714
35737 -2 -1.99714
35738 -2 -1.99714
35739 -2 -1.99714
35740 -2 -1.99714
35741 -1.98 -1.99714
35742 -2 -1.99714
35743 -2 -1.99714
35744 -2 -1.99714
35745 -2 -1.99714
35746 -2 -1.99714
35747 -2 -1.99714
35748 -2 -1.99714
35749 -2 -1.99714
35750 -2 -1.99714
35751 -2 -1.99714
35752 -2 -1.99714
35753 -1.96 -1.99714
35754 -1.98 -1.99714
35755 -2 -1.99714
35756 -2 -1.99714
35757 -2 -1.99714
35758 -1.98 -1.99714
35759 -1.98 -1.99714
35760 -1.98 -1.99714
35761 -2 -1.99714
35762 -2 -1.99714
35763 -2 -1.99714
35764 -2 -1.99714
35765 -2 -1.99714
35766 -1.96 -1.99713
35767 -1.96 -1.99713
35768 -1.98 -1.99713
35769 -2 -1.99713
35770 -2 -1.99713
35771 -2 -1.99713
35772 -2 -1.99713
35773 -2 -1.99713
35774 -2 -1.99713
35775 -2 -1.99713
35776 -2 -1.99713
35777 -2 -1.99713
35778 -2 -1.99713
35779 -2 -1.99713
35780 -2 -1.99713
35781 -2 -1.99713
35782 -2 -1.99713
35783 -2 -1.99713
35784 -2 -1.99713
35785 -2 -1.99713
35786 -2 -1.99713
35787 -2 -1.99713
35788 -2 -1.99713
35789 -2 -1.99713
35790 -2 -1.99714
35791 -2 -1.99714
35792 -2 -1.99714
35793 -2 -1.99714
35794 -2 -1.99714
35795 -1.98 -1.99713
35796 -2 -1.99713
35797 -2 -1.99714
35798 -2 -1.99714
35799 -2 -1.99714
35800 -2 -1.99714
35801 -2 -1.99714
35802 -2 -1.99714
35803 -2 -1.99714
35804 -2 -1.99714
35805 -2 -1.99714
35806 -2 -1.99714
35807 -1.98 -1.99714
35808 -2 -1.99714
35809 -2 -1.99714
35810 -2 -1.99714
35811 -2 -1.99714
35812 -2 -1.99714
35813 -2 -1.99714
35814 -2 -1.99714
35815 -2 -1.99714
35816 -2 -1.99714
35817 -2 -1.99714
35818 -2 -1.99714
35819 -2 -1.99714
35820 -2 -1.99714
35821 -2 -1.99714
35822 -2 -1.99714
35823 -2 -1.99714
35824 -2 -1.99714
35825 -2 -1.99714
35826 -2 -1.99714
35827 -2 -1.99714
35828 -2 -1.99714
35829 -2 -1.99714
35830 -2 -1.99714
35831 -2 -1.99714
35832 -2 -1.99714
35833 -2 -1.99714
35834 -2 -1.99714
35835 -2 -1.99714
35836 -2 -1.99714
35837 -2 -1.99714
35838 -2 -1.99714
35839 -2 -1.99714
35840 -2 -1.99714
35841 -2 -1.99714
35842 -2 -1.99714
35843 -2 -1.99714
35844 -2 -1.99714
35845 -2 -1.99714
35846 -2 -1.99714
35847 -2 -1.99714
35848 -2 -1.99714
35849 -2 -1.99714
35850 -2 -1.99714
35851 -2 -1.99714
35852 -2 -1.99714
35853 -2 -1.99714
35854 -2 -1.99714
35855 -2 -1.99714
35856 -1.98 -1.99714
35857 -2 -1.99714
35858 -2 -1.99714
35859 -2 -1.99714
35860 -2 -1.99714
35861 -2 -1.99714
35862 -2 -1.99714
35863 -2 -1.99714
35864 -2 -1.99714
35865 -2 -1.99714
35866 -2 -1.99714
35867 -2 -1.99714
35868 -2 -1.99714
35869 -2 -1.99714
35870 -2 -1.99714
35871 -2 -1.99714
35872 -2 -1.99714
35873 -2 -1.99714
35874 -2 -1.99714
35875 -2 -1.99714
35876 -2 -1.99714
35877 -2 -1.99714
35878 -2 -1.99714
35879 -2 -1.99714
35880 -2 -1.99714
35881 -2 -1.99714
35882 -2 -1.99714
35883 -2 -1.99714
35884 -2 -1.99714
35885 -2 -1.99714
35886 -2 -1.99714
35887 -2 -1.99714
35888 -2 -1.99714
35889 -2 -1.99714
35890 -2 -1.99714
35891 -2 -1.99714
35892 -2 -1.99714
35893 -1.98 -1.99714
35894 -2 -1.99714
35895 -2 -1.99714
35896 -2 -1.99714
35897 -2 -1.99714
35898 -2 -1.99714
35899 -2 -1.99714
35900 -1.98 -1.99714
35901 -1.98 -1.99714
35902 -1.98 -1.99714
35903 -1.98 -1.99714
35904 -2 -1.99714
35905 -2 -1.99714
35906 -2 -1.99714
35907 -2 -1.99714
35908 -2 -1.99714
35909 -2 -1.99714
35910 -2 -1.99714
35911 -2 -1.99714
35912 -2 -1.99714
35913 -2 -1.99714
35914 -2 -1.99714
35915 -2 -1.99714
35916 -2 -1.99714
35917 -2 -1.99714
35918 -2 -1.99714
35919 -2 -1.99714
35920 -2 -1.99714
35921 -2 -1.99714
35922 -2 -1.99714
35923 -2 -1.99714
35924 -2 -1.99714
35925 -2 -1.99714
35926 -2 -1.99714
35927 -2 -1.99714
35928 -2 -1.99714
35929 -2 -1.99714
35930 -2 -1.99714
35931 -2 -1.99714
35932 -2 -1.99714
35933 -2 -1.99714
35934 -2 -1.99714
35935 -2 -1.99714
35936 -2 -1.99714
35937 -2 -1.99714
35938 -2 -1.99714
35939 -2 -1.99714
35940 -2 -1.99714
35941 -2 -1.99714
35942 -1.98 -1.99714
35943 -2 -1.99714
35944 -2 -1.99714
35945 -2 -1.99714
35946 -2 -1.99714
35947 -2 -1.99714
35948 -2 -1.99714
35949 -2 -1.99714
35950 -2 -1.99714
35951 -2 -1.99714
35952 -2 -1.99714
35953 -2 -1.99714
35954 -2 -1.99714
35955 -2 -1.99714
35956 -2 -1.99714
35957 -2 -1.99714
35958 -2 -1.99714
35959 -2 -1.99714
35960 -1.98 -1.99714
35961 -1.98 -1.99714
35962 -1.96 -1.99714
35963 -2 -1.99714
35964 -2 -1.99714
35965 -2 -1.99714
35966 -2 -1.99714
35967 -1.98 -1.99714
35968 -2 -1.99714
35969 -2 -1.99714
35970 -2 -1.99714
35971 -2 -1.99714
35972 -2 -1.99714
35973 -2 -1.99714
35974 -2 -1.99714
35975 -2 -1.99714
35976 -2 -1.99714
35977 -2 -1.99714
35978 -1.98 -1.99714
35979 -2 -1.99714
35980 -2 -1.99714
35981 -2 -1.99714
35982 -2 -1.99714
35983 -2 -1.99714
35984 -2 -1.99714
35985 -2 -1.99714
35986 -2 -1.99714
35987 -2 -1.99714
35988 -2 -1.99714
35989 -2 -1.99714
35990 -2 -1.99714
35991 -1.98 -1.99714
35992 -1.96 -1.99714
35993 -1.98 -1.99714
35994 -1.98 -1.99714
35995 -1.98 -1.99714
35996 -1.98 -1.99714
35997 -1.98 -1.99714
35998 -2 -1.99714
35999 -2 -1.99714
36000 -2 -1.99714
36001 -2 -1.99714
36002 -2 -1.99714
36003 -2 -1.99714
36004 -2 -1.99714
36005 -2 -1.99714
36006 -2 -1.99714
36007 -2 -1.99714
36008 -1.98 -1.99714
36009 -1.98 -1.99714
36010 -2 -1.99714
36011 -2 -1.99714
36012 -2 -1.99714
36013 -2 -1.99714
36014 -2 -1.99714
36015 -2 -1.99714
36016 -2 -1.99714
36017 -2 -1.99714
36018 -2 -1.99714
36019 -2 -1.99714
36020 -2 -1.99714
36021 -2 -1.99714
36022 -1.98 -1.99714
36023 -2 -1.99714
36024 -2 -1.99714
36025 -2 -1.99714
36026 -2 -1.99714
36027 -2 -1.99714
36028 -2 -1.99714
36029 -2 -1.99714
36030 -2 -1.99714
36031 -2 -1.99714
36032 -2 -1.99714
36033 -2 -1.99714
36034 -1.98 -1.99714
36035 -2 -1.99714
36036 -2 -1.99714
36037 -1.98 -1.99714
36038 -1.98 -1.99714
36039 -1.98 -1.99714
36040 -2 -1.99714
36041 -2 -1.99714
36042 -2 -1.99714
36043 -2 -1.99714
36044 -2 -1.99714
36045 -2 -1.99714
36046 -2 -1.99714
36047 -2 -1.99714
36048 -2 -1.99714
36049 -2 -1.99714
36050 -2 -1.99714
36051 -2 -1.99714
36052 -2 -1.99714
36053 -2 -1.99714
36054 -2 -1.99714
36055 -2 -1.99714
36056 -2 -1.99714
36057 -2 -1.99714
36058 -2 -1.99714
36059 -2 -1.99714
36060 -2 -1.99714
36061 -2 -1.99714
36062 -2 -1.99714
36063 -2 -1.99714
36064 -2 -1.99714
36065 -2 -1.99714
36066 -2 -1.99714
36067 -2 -1.99714
36068 -2 -1.99714
36069 -2 -1.99714
36070 -2 -1.99714
36071 -2 -1.99714
36072 -2 -1.99714
36073 -2 -1.99714
36074 -2 -1.99714
36075 -2 -1.99714
36076 -2 -1.99714
36077 -2 -1.99714
36078 -2 -1.99714
36079 -2 -1.99714
36080 -2 -1.99714
36081 -2 -1.99714
36082 -2 -1.99714
36083 -2 -1.99714
36084 -2 -1.99714
36085 -2 -1.99714
36086 -1.98 -1.99714
36087 -2 -1.99714
36088 -2 -1.99714
36089 -2 -1.99714
36090 -2 -1.99714
36091 -2 -1.99714
36092 -2 -1.99714
36093 -2 -1.99714
36094 -2 -1.99714
36095 -2 -1.99714
36096 -2 -1.99714
36097 -2 -1.99714
36098 -2 -1.99714
36099 -2 -1.99714
36100 -2 -1.99714
36101 -2 -1.99714
36102 -2 -1.99714
36103 -2 -1.99714
36104 -2 -1.99714
36105 -2 -1.99714
36106 -2 -1.99714
36107 -1.98 -1.99714
36108 -2 -1.99714
36109 -2 -1.99714
36110 -2 -1.99714
36111 -2 -1.99714
36112 -2 -1.99714
36113 -2 -1.99714
36114 -2 -1.99714
36115 -1.98 -1.99714
36116 -1.98 -1.99714
36117 -2 -1.99714
36118 -2 -1.99714
36119 -2 -1.99714
36120 -2 -1.99714
36121 -2 -1.99714
36122 -1.98 -1.99714
36123 -2 -1.99714
36124 -2 -1.99714
36125 -2 -1.99714
36126 -2 -1.99714
36127 -2 -1.99714
36128 -2 -1.99714
36129 -2 -1.99714
36130 -1.98 -1.99714
36131 -2 -1.99714
36132 -2 -1.99714
36133 -2 -1.99714
36134 -2 -1.99714
36135 -2 -1.99714
36136 -2 -1.99714
36137 -2 -1.99714
36138 -2 -1.99714
36139 -2 -1.99714
36140 -2 -1.99714
36141 -2 -1.99714
36142 -2 -1.99714
36143 -2 -1.99714
36144 -2 -1.99714
36145 -2 -1.99714
36146 -2 -1.99714
36147 -2 -1.99714
36148 -2 -1.99714
36149 -2 -1.99714
36150 -2 -1.99714
36151 -2 -1.99714
36152 -2 -1.99714
36153 -2 -1.99714
36154 -1.98 -1.99714
36155 -2 -1.99714
36156 -1.98 -1.99714
36157 -2 -1.99714
36158 -2 -1.99714
36159 -2 -1.99714
36160 -2 -1.99714
36161 -2 -1.99714
36162 -2 -1.99714
36163 -2 -1.99714
36164 -2 -1.99714
36165 -2 -1.99714
36166 -2 -1.99714
36167 -2 -1.99714
36168 -2 -1.99714
36169 -2 -1.99714
36170 -2 -1.99714
36171 -2 -1.99714
36172 -2 -1.99714
36173 -2 -1.99714
36174 -2 -1.99714
36175 -1.98 -1.99714
36176 -2 -1.99714
36177 -2 -1.99714
36178 -2 -1.99714
36179 -2 -1.99714
36180 -2 -1.99714
36181 -2 -1.99714
36182 -2 -1.99714
36183 -2 -1.99714
36184 -2 -1.99714
36185 -2 -1.99714
36186 -2 -1.99714
36187 -2 -1.99714
36188 -2 -1.99714
36189 -2 -1.99715
36190 -2 -1.99715
36191 -2 -1.99715
36192 -2 -1.99715
36193 -2 -1.99715
36194 -2 -1.99715
36195 -2 -1.99715
36196 -2 -1.99715
36197 -2 -1.99715
36198 -2 -1.99715
36199 -2 -1.99715
36200 -2 -1.99715
36201 -2 -1.99715
36202 -2 -1.99715
36203 -2 -1.99715
36204 -2 -1.99715
36205 -2 -1.99715
36206 -2 -1.99715
36207 -2 -1.99715
36208 -2 -1.99715
36209 -2 -1.99715
36210 -2 -1.99715
36211 -2 -1.99715
36212 -2 -1.99715
36213 -2 -1.99715
36214 -2 -1.99715
36215 -2 -1.99715
36216 -2 -1.99715
36217 -2 -1.99715
36218 -2 -1.99715
36219 -2 -1.99715
36220 -2 -1.99715
36221 -2 -1.99715
36222 -2 -1.99715
36223 -2 -1.99715
36224 -2 -1.99715
36225 -2 -1.99715
36226 -1.98 -1.99715
36227 -2 -1.99715
36228 -2 -1.99715
36229 -2 -1.99715
36230 -2 -1.99715
36231 -2 -1.99715
36232 -2 -1.99715
36233 -2 -1.99715
36234 -2 -1.99715
36235 -2 -1.99715
36236 -2 -1.99715
36237 -1.98 -1.99715
36238 -2 -1.99715
36239 -2 -1.99715
36240 -2 -1.99715
36241 -1.98 -1.99715
36242 -2 -1.99715
36243 -2 -1.99715
36244 -2 -1.99715
36245 -2 -1.99715
36246 -2 -1.99715
36247 -2 -1.99715
36248 -2 -1.99715
36249 -2 -1.99715
36250 -2 -1.99715
36251 -2 -1.99715
36252 -1.96 -1.99715
36253 -1.97 -1.99715
36254 -1.98 -1.99715
36255 -2 -1.99715
36256 -2 -1.99715
36257 -2 -1.99715
36258 -2 -1.99715
36259 -2 -1.99715
36260 -2 -1.99715
36261 -2 -1.99715
36262 -2 -1.99715
36263 -2 -1.99715
36264 -2 -1.99715
36265 -2 -1.99715
36266 -2 -1.99715
36267 -2 -1.99715
36268 -2 -1.99715
36269 -2 -1.99715
36270 -2 -1.99715
36271 -2 -1.99715
36272 -2 -1.99715
36273 -2 -1.99715
36274 -2 -1.99715
36275 -2 -1.99715
36276 -2 -1.99715
36277 -2 -1.99715
36278 -2 -1.99715
36279 -2 -1.99715
36280 -2 -1.99715
36281 -2 -1.99715
36282 -2 -1.99715
36283 -2 -1.99715
36284 -2 -1.99715
36285 -2 -1.99715
36286 -2 -1.99715
36287 -2 -1.99715
36288 -2 -1.99715
36289 -2 -1.99715
36290 -2 -1.99715
36291 -2 -1.99715
36292 -2 -1.99715
36293 -2 -1.99715
36294 -1.98 -1.99715
36295 -1.98 -1.99715
36296 -2 -1.99715
36297 -2 -1.99715
36298 -2 -1.99715
36299 -2 -1.99715
36300 -2 -1.99715
36301 -2 -1.99715
36302 -2 -1.99715
36303 -1.98 -1.99715
36304 -1.98 -1.99715
36305 -2 -1.99715
36306 -2 -1.99715
36307 -2 -1.99715
36308 -2 -1.99715
36309 -1.98 -1.99715
36310 -1.98 -1.99715
36311 -2 -1.99715
36312 -2 -1.99715
36313 -2 -1.99715
36314 -2 -1.99715
36315 -2 -1.99715
36316 -2 -1.99715
36317 -2 -1.99715
36318 -2 -1.99715
36319 -2 -1.99715
36320 -2 -1.99715
36321 -2 -1.99715
36322 -2 -1.99715
36323 -2 -1.99715
36324 -2 -1.99715
36325 -2 -1.99715
36326 -2 -1.99715
36327 -1.98 -1.99715
36328 -2 -1.99715
36329 -2 -1.99715
36330 -2 -1.99715
36331 -2 -1.99715
36332 -2 -1.99715
36333 -2 -1.99715
36334 -2 -1.99715
36335 -2 -1.99715
36336 -2 -1.99715
36337 -2 -1.99715
36338 -2 -1.99715
36339 -2 -1.99715
36340 -2 -1.99715
36341 -2 -1.99715
36342 -2 -1.99715
36343 -2 -1.99715
36344 -2 -1.99715
36345 -2 -1.99715
36346 -2 -1.99715
36347 -2 -1.99715
36348 -2 -1.99715
36349 -1.96 -1.99715
36350 -1.98 -1.99715
36351 -1.98 -1.99715
36352 -2 -1.99715
36353 -2 -1.99715
36354 -2 -1.99715
36355 -2 -1.99715
36356 -2 -1.99715
36357 -2 -1.99715
36358 -2 -1.99715
36359 -2 -1.99715
36360 -2 -1.99715
36361 -2 -1.99715
36362 -2 -1.99715
36363 -2 -1.99715
36364 -2 -1.99715
36365 -2 -1.99715
36366 -2 -1.99715
36367 -2 -1.99715
36368 -2 -1.99715
36369 -2 -1.99715
36370 -2 -1.99715
36371 -2 -1.99715
36372 -2 -1.99715
36373 -2 -1.99715
36374 -2 -1.99715
36375 -2 -1.99715
36376 -2 -1.99715
36377 -2 -1.99715
36378 -2 -1.99715
36379 -2 -1.99715
36380 -2 -1.99715
36381 -1.98 -1.99715
36382 -2 -1.99715
36383 -2 -1.99715
36384 -1.98 -1.99715
36385 -1.98 -1.99715
36386 -1.98 -1.99715
36387 -1.98 -1.99715
36388 -2 -1.99715
36389 -2 -1.99715
36390 -2 -1.99715
36391 -2 -1.99715
36392 -2 -1.99715
36393 -2 -1.99715
36394 -2 -1.99715
36395 -2 -1.99715
36396 -2 -1.99715
36397 -2 -1.99715
36398 -2 -1.99715
36399 -2 -1.99715
36400 -2 -1.99715
36401 -2 -1.99715
36402 -2 -1.99715
36403 -2 -1.99715
36404 -2 -1.99715
36405 -2 -1.99715
36406 -2 -1.99715
36407 -2 -1.99715
36408 -2 -1.99715
36409 -2 -1.99715
36410 -2 -1.99715
36411 -1.98 -1.99715
36412 -2 -1.99715
36413 -2 -1.99715
36414 -2 -1.99715
36415 -2 -1.99715
36416 -2 -1.99715
36417 -2 -1.99715
36418 -2 -1.99715
36419 -2 -1.99715
36420 -2 -1.99715
36421 -2 -1.99715
36422 -2 -1.99715
36423 -1.98 -1.99715
36424 -2 -1.99715
36425 -2 -1.99715
36426 -1.98 -1.99715
36427 -1.98 -1.99715
36428 -1.95 -1.99715
36429 -1.98 -1.99715
36430 -1.97 -1.99715
36431 -1.98 -1.99715
36432 -2 -1.99715
36433 -2 -1.99715
36434 -2 -1.99715
36435 -2 -1.99715
36436 -2 -1.99715
36437 -2 -1.99715
36438 -1.96 -1.99715
36439 -2 -1.99715
36440 -2 -1.99715
36441 -2 -1.99715
36442 -2 -1.99715
36443 -2 -1.99715
36444 -2 -1.99715
36445 -2 -1.99715
36446 -2 -1.99715
36447 -2 -1.99715
36448 -2 -1.99715
36449 -2 -1.99715
36450 -1.98 -1.99715
36451 -2 -1.99715
36452 -2 -1.99715
36453 -2 -1.99715
36454 -2 -1.99715
36455 -2 -1.99715
36456 -2 -1.99715
36457 -2 -1.99715
36458 -2 -1.99715
36459 -2 -1.99715
36460 -2 -1.99715
36461 -2 -1.99715
36462 -2 -1.99715
36463 -2 -1.99715
36464 -2 -1.99715
36465 -2 -1.99715
36466 -2 -1.99715
36467 -2 -1.99715
36468 -2 -1.99715
36469 -2 -1.99715
36470 -2 -1.99715
36471 -2 -1.99715
36472 -2 -1.99715
36473 -2 -1.99715
36474 -2 -1.99715
36475 -2 -1.99715
36476 -2 -1.99715
36477 -2 -1.99715
36478 -2 -1.99715
36479 -2 -1.99715
36480 -2 -1.99715
36481 -2 -1.99715
36482 -2 -1.99715
36483 -2 -1.99715
36484 -2 -1.99715
36485 -2 -1.99715
36486 -2 -1.99715
36487 -2 -1.99715
36488 -2 -1.99715
36489 -2 -1.99715
36490 -2 -1.99715
36491 -2 -1.99715
36492 -1.98 -1.99715
36493 -2 -1.99715
36494 -2 -1.99715
36495 -1.98 -1.99715
36496 -2 -1.99715
36497 -2 -1.99715
36498 -2 -1.99715
36499 -2 -1.99715
36500 -2 -1.99715
36501 -2 -1.99715
36502 -1.98 -1.99715
36503 -2 -1.99715
36504 -2 -1.99715
36505 -2 -1.99715
36506 -2 -1.99715
36507 -2 -1.99715
36508 -2 -1.99715
36509 -2 -1.99715
36510 -2 -1.99715
36511 -2 -1.99715
36512 -2 -1.99715
36513 -2 -1.99715
36514 -2 -1.99715
36515 -2 -1.99715
36516 -2 -1.99715
36517 -2 -1.99715
36518 -2 -1.99715
36519 -2 -1.99715
36520 -2 -1.99715
36521 -2 -1.99715
36522 -2 -1.99715
36523 -2 -1.99715
36524 -2 -1.99715
36525 -2 -1.99715
36526 -2 -1.99715
36527 -2 -1.99715
36528 -2 -1.99715
36529 -2 -1.99715
36530 -2 -1.99715
36531 -2 -1.99715
36532 -2 -1.99715
36533 -1.98 -1.99715
36534 -2 -1.99715
36535 -2 -1.99715
36536 -2 -1.99715
36537 -2 -1.99715
36538 -2 -1.99715
36539 -2 -1.99715
36540 -2 -1.99715
36541 -1.98 -1.99715
36542 -2 -1.99715
36543 -2 -1.99715
36544 -2 -1.99715
36545 -2 -1.99715
36546 -2 -1.99715
36547 -2 -1.99715
36548 -2 -1.99715
36549 -2 -1.99715
36550 -2 -1.99715
36551 -2 -1.99715
36552 -2 -1.99715
36553 -2 -1.99715
36554 -2 -1.99715
36555 -2 -1.99715
36556 -2 -1.99715
36557 -2 -1.99715
36558 -2 -1.99715
36559 -2 -1.99715
36560 -2 -1.99715
36561 -2 -1.99715
36562 -2 -1.99715
36563 -2 -1.99715
36564 -2 -1.99715
36565 -1.98 -1.99715
36566 -1.98 -1.99715
36567 -2 -1.99715
36568 -2 -1.99715
36569 -2 -1.99715
36570 -2 -1.99715
36571 -2 -1.99715
36572 -2 -1.99715
36573 -2 -1.99715
36574 -2 -1.99715
36575 -2 -1.99715
36576 -2 -1.99715
36577 -2 -1.99715
36578 -2 -1.99715
36579 -2 -1.99715
36580 -2 -1.99715
36581 -2 -1.99715
36582 -2 -1.99715
36583 -2 -1.99715
36584 -2 -1.99715
36585 -2 -1.99715
36586 -2 -1.99715
36587 -2 -1.99715
36588 -2 -1.99715
36589 -2 -1.99715
36590 -2 -1.99715
36591 -2 -1.99715
36592 -2 -1.99715
36593 -2 -1.99715
36594 -2 -1.99715
36595 -2 -1.99715
36596 -2 -1.99715
36597 -2 -1.99715
36598 -2 -1.99715
36599 -2 -1.99715
36600 -2 -1.99715
36601 -2 -1.99715
36602 -2 -1.99715
36603 -2 -1.99715
36604 -2 -1.99715
36605 -2 -1.99715
36606 -2 -1.99715
36607 -2 -1.99715
36608 -2 -1.99715
36609 -2 -1.99715
36610 -2 -1.99715
36611 -2 -1.99715
36612 -2 -1.99715
36613 -2 -1.99715
36614 -2 -1.99715
36615 -2 -1.99715
36616 -2 -1.99715
36617 -2 -1.99715
36618 -2 -1.99715
36619 -2 -1.99715
36620 -2 -1.99715
36621 -2 -1.99715
36622 -2 -1.99716
36623 -2 -1.99716
36624 -2 -1.99716
36625 -2 -1.99716
36626 -2 -1.99716
36627 -2 -1.99716
36628 -2 -1.99716
36629 -2 -1.99716
36630 -2 -1.99716
36631 -2 -1.99716
36632 -2 -1.99716
36633 -2 -1.99716
36634 -2 -1.99716
36635 -2 -1.99716
36636 -2 -1.99716
36637 -2 -1.99716
36638 -1.98 -1.99716
36639 -1.98 -1.99716
36640 -1.98 -1.99715
36641 -1.98 -1.99715
36642 -2 -1.99715
36643 -2 -1.99715
36644 -2 -1.99715
36645 -2 -1.99715
36646 -2 -1.99715
36647 -2 -1.99715
36648 -1.98 -1.99715
36649 -1.98 -1.99715
36650 -2 -1.99715
36651 -2 -1.99715
36652 -2 -1.99715
36653 -2 -1.99715
36654 -2 -1.99715
36655 -2 -1.99715
36656 -2 -1.99715
36657 -2 -1.99715
36658 -2 -1.99715
36659 -2 -1.99715
36660 -2 -1.99715
36661 -2 -1.99715
36662 -2 -1.99715
36663 -1.98 -1.99715
36664 -2 -1.99715
36665 -2 -1.99715
36666 -2 -1.99715
36667 -2 -1.99715
36668 -2 -1.99715
36669 -2 -1.99715
36670 -2 -1.99715
36671 -2 -1.99716
36672 -2 -1.99716
36673 -2 -1.99716
36674 -2 -1.99716
36675 -2 -1.99716
36676 -2 -1.99716
36677 -2 -1.99716
36678 -1.98 -1.99716
36679 -2 -1.99716
36680 -2 -1.99716
36681 -2 -1.99716
36682 -2 -1.99716
36683 -2 -1.99716
36684 -2 -1.99716
36685 -2 -1.99716
36686 -2 -1.99716
36687 -2 -1.99716
36688 -2 -1.99716
36689 -1.98 -1.99716
36690 -2 -1.99716
36691 -2 -1.99716
36692 -2 -1.99716
36693 -2 -1.99716
36694 -2 -1.99716
36695 -2 -1.99716
36696 -2 -1.99716
36697 -2 -1.99716
36698 -2 -1.99716
36699 -2 -1.99716
36700 -2 -1.99716
36701 -2 -1.99716
36702 -2 -1.99716
36703 -2 -1.99716
36704 -2 -1.99716
36705 -2 -1.99716
36706 -2 -1.99716
36707 -1.98 -1.99716
36708 -1.98 -1.99716
36709 -2 -1.99716
36710 -2 -1.99716
36711 -2 -1.99716
36712 -2 -1.99716
36713 -2 -1.99716
36714 -2 -1.99716
36715 -2 -1.99716
36716 -2 -1.99716
36717 -2 -1.99716
36718 -2 -1.99716
36719 -2 -1.99716
36720 -2 -1.99716
36721 -2 -1.99716
36722 -2 -1.99716
36723 -2 -1.99716
36724 -2 -1.99716
36725 -2 -1.99716
36726 -2 -1.99716
36727 -2 -1.99716
36728 -2 -1.99716
36729 -2 -1.99716
36730 -2 -1.99716
36731 -2 -1.99716
36732 -2 -1.99716
36733 -2 -1.99716
36734 -1.98 -1.99716
36735 -1.98 -1.99716
36736 -2 -1.99716
36737 -2 -1.99716
36738 -2 -1.99716
36739 -2 -1.99716
36740 -2 -1.99716
36741 -2 -1.99716
36742 -2 -1.99716
36743 -1.98 -1.99716
36744 -2 -1.99716
36745 -2 -1.99716
36746 -2 -1.99716
36747 -1.98 -1.99716
36748 -2 -1.99716
36749 -2 -1.99716
36750 -2 -1.99716
36751 -2 -1.99716
36752 -2 -1.99716
36753 -2 -1.99716
36754 -2 -1.99716
36755 -2 -1.99716
36756 -2 -1.99716
36757 -2 -1.99716
36758 -2 -1.99716
36759 -2 -1.99716
36760 -2 -1.99716
36761 -2 -1.99716
36762 -2 -1.99716
36763 -2 -1.99716
36764 -2 -1.99716
36765 -2 -1.99716
36766 -2 -1.99716
36767 -2 -1.99716
36768 -2 -1.99716
36769 -2 -1.99716
36770 -2 -1.99716
36771 -1.98 -1.99716
36772 -2 -1.99716
36773 -2 -1.99716
36774 -2 -1.99716
36775 -2 -1.99716
36776 -2 -1.99716
36777 -2 -1.99716
36778 -2 -1.99716
36779 -2 -1.99716
36780 -2 -1.99716
36781 -2 -1.99716
36782 -2 -1.99716
36783 -2 -1.99716
36784 -2 -1.99716
36785 -2 -1.99716
36786 -2 -1.99716
36787 -2 -1.99716
36788 -2 -1.99716
36789 -2 -1.99716
36790 -2 -1.99716
36791 -2 -1.99716
36792 -2 -1.99716
36793 -2 -1.99716
36794 -2 -1.99716
36795 -1.98 -1.99716
36796 -1.97 -1.99716
36797 -1.98 -1.99716
36798 -1.98 -1.99716
36799 -2 -1.99716
36800 -2 -1.99716
36801 -2 -1.99716
36802 -2 -1.99716
36803 -1.98 -1.99716
36804 -2 -1.99716
36805 -2 -1.99716
36806 -2 -1.99716
36807 -2 -1.99716
36808 -2 -1.99716
36809 -2 -1.99716
36810 -2 -1.99716
36811 -2 -1.99716
36812 -1.98 -1.99716
36813 -2 -1.99716
36814 -2 -1.99716
36815 -2 -1.99716
36816 -2 -1.99716
36817 -2 -1.99716
36818 -2 -1.99716
36819 -2 -1.99716
36820 -1.98 -1.99716
36821 -2 -1.99716
36822 -2 -1.99716
36823 -2 -1.99716
36824 -2 -1.99716
36825 -2 -1.99716
36826 -2 -1.99716
36827 -2 -1.99716
36828 -2 -1.99716
36829 -2 -1.99716
36830 -2 -1.99716
36831 -2 -1.99716
36832 -2 -1.99716
36833 -2 -1.99716
36834 -2 -1.99716
36835 -1.98 -1.99716
36836 -1.98 -1.99716
36837 -2 -1.99716
36838 -2 -1.99716
36839 -2 -1.99716
36840 -2 -1.99716
36841 -2 -1.99716
36842 -2 -1.99716
36843 -2 -1.99716
36844 -2 -1.99716
36845 -2 -1.99716
36846 -2 -1.99716
36847 -2 -1.99716
36848 -2 -1.99716
36849 -2 -1.99716
36850 -2 -1.99716
36851 -2 -1.99716
36852 -2 -1.99716
36853 -2 -1.99716
36854 -1.98 -1.99716
36855 -1.98 -1.99716
36856 -1.98 -1.99716
36857 -1.98 -1.99716
36858 -2 -1.99716
36859 -2 -1.99716
36860 -2 -1.99716
36861 -1.98 -1.99716
36862 -1.98 -1.99716
36863 -2 -1.99716
36864 -2 -1.99716
36865 -2 -1.99716
36866 -2 -1.99716
36867 -2 -1.99716
36868 -2 -1.99716
36869 -2 -1.99716
36870 -2 -1.99716
36871 -2 -1.99716
36872 -2 -1.99716
36873 -1.98 -1.99716
36874 -1.98 -1.99716
36875 -2 -1.99716
36876 -2 -1.99716
36877 -2 -1.99716
36878 -2 -1.99716
36879 -2 -1.99716
36880 -2 -1.99716
36881 -2 -1.99716
36882 -2 -1.99716
36883 -2 -1.99716
36884 -2 -1.99716
36885 -2 -1.99716
36886 -2 -1.99716
36887 -2 -1.99716
36888 -2 -1.99716
36889 -1.97 -1.99716
36890 -2 -1.99716
36891 -2 -1.99716
36892 -2 -1.99716
36893 -2 -1.99716
36894 -2 -1.99716
36895 -2 -1.99716
36896 -2 -1.99716
36897 -2 -1.99716
36898 -2 -1.99716
36899 -2 -1.99716
36900 -2 -1.99716
36901 -2 -1.99716
36902 -2 -1.99716
36903 -2 -1.99716
36904 -2 -1.99716
36905 -1.98 -1.99716
36906 -2 -1.99716
36907 -2 -1.99716
36908 -2 -1.99716
36909 -2 -1.99716
36910 -2 -1.99716
36911 -1.98 -1.99716
36912 -2 -1.99716
36913 -1.98 -1.99716
36914 -2 -1.99716
36915 -2 -1.99716
36916 -2 -1.99716
36917 -2 -1.99716
36918 -2 -1.99716
36919 -1.96 -1.99716
36920 -1.98 -1.99716
36921 -1.98 -1.99716
36922 -1.98 -1.99715
36923 -2 -1.99715
36924 -2 -1.99716
36925 -1.98 -1.99715
36926 -2 -1.99715
36927 -2 -1.99715
36928 -2 -1.99715
36929 -2 -1.99715
36930 -2 -1.99715
36931 -2 -1.99716
36932 -2 -1.99716
36933 -2 -1.99716
36934 -2 -1.99716
36935 -1.98 -1.99715
36936 -1.98 -1.99715
36937 -2 -1.99715
36938 -2 -1.99715
36939 -2 -1.99715
36940 -1.98 -1.99715
36941 -2 -1.99715
36942 -2 -1.99715
36943 -1.98 -1.99715
36944 -2 -1.99715
36945 -2 -1.99715
36946 -1.98 -1.99715
36947 -2 -1.99715
36948 -2 -1.99715
36949 -2 -1.99715
36950 -2 -1.99715
36951 -2 -1.99715
36952 -2 -1.99715
36953 -2 -1.99715
36954 -2 -1.99715
36955 -1.98 -1.99715
36956 -2 -1.99715
36957 -2 -1.99715
36958 -2 -1.99715
36959 -2 -1.99715
36960 -2 -1.99715
36961 -2 -1.99715
36962 -2 -1.99715
36963 -1.98 -1.99715
36964 -2 -1.99715
36965 -2 -1.99715
36966 -2 -1.99715
36967 -2 -1.99715
36968 -2 -1.99715
36969 -2 -1.99715
36970 -2 -1.99715
36971 -2 -1.99715
36972 -2 -1.99715
36973 -1.98 -1.99715
36974 -2 -1.99715
36975 -2 -1.99715
36976 -2 -1.99715
36977 -2 -1.99715
36978 -2 -1.99715
36979 -2 -1.99715
36980 -2 -1.99715
36981 -2 -1.99715
36982 -2 -1.99715
36983 -2 -1.99715
36984 -2 -1.99715
36985 -1.98 -1.99715
36986 -2 -1.99715
36987 -2 -1.99715
36988 -2 -1.99715
36989 -2 -1.99715
36990 -2 -1.99715
36991 -2 -1.99715
36992 -2 -1.99715
36993 -2 -1.99715
36994 -2 -1.99716
36995 -2 -1.99716
36996 -2 -1.99716
36997 -2 -1.99716
36998 -2 -1.99716
36999 -2 -1.99716
37000 -2 -1.99716
37001 -2 -1.99716
37002 -2 -1.99716
37003 -2 -1.99716
37004 -2 -1.99716
37005 -2 -1.99716
37006 -2 -1.99716
37007 -2 -1.99716
37008 -2 -1.99716
37009 -2 -1.99716
37010 -2 -1.99716
37011 -2 -1.99716
37012 -2 -1.99716
37013 -2 -1.99716
37014 -2 -1.99716
37015 -2 -1.99716
37016 -2 -1.99716
37017 -2 -1.99716
37018 -2 -1.99716
37019 -2 -1.99716
37020 -2 -1.99716
37021 -2 -1.99716
37022 -2 -1.99716
37023 -2 -1.99716
37024 -2 -1.99716
37025 -2 -1.99716
37026 -2 -1.99716
37027 -2 -1.99716
37028 -2 -1.99716
37029 -2 -1.99716
37030 -2 -1.99716
37031 -1.98 -1.99716
37032 -2 -1.99716
37033 -2 -1.99716
37034 -2 -1.99716
37035 -2 -1.99716
37036 -2 -1.99716
37037 -2 -1.99716
37038 -2 -1.99716
37039 -1.98 -1.99716
37040 -2 -1.99716
37041 -2 -1.99716
37042 -2 -1.99716
37043 -1.98 -1.99716
37044 -1.98 -1.99716
37045 -1.98 -1.99716
37046 -2 -1.99716
37047 -2 -1.99716
37048 -2 -1.99716
37049 -2 -1.99716
37050 -2 -1.99716
37051 -2 -1.99716
37052 -2 -1.99716
37053 -2 -1.99716
37054 -2 -1.99716
37055 -1.98 -1.99716
37056 -2 -1.99716
37057 -2 -1.99716
37058 -2 -1.99716
37059 -2 -1.99716
37060 -1.98 -1.99716
37061 -2 -1.99716
37062 -2 -1.99716
37063 -2 -1.99716
37064 -2 -1.99716
37065 -2 -1.99716
37066 -2 -1.99716
37067 -2 -1.99716
37068 -2 -1.99716
37069 -2 -1.99716
37070 -2 -1.99716
37071 -2 -1.99716
37072 -2 -1.99716
37073 -2 -1.99716
37074 -2 -1.99716
37075 -2 -1.99716
37076 -2 -1.99716
37077 -2 -1.99716
37078 -2 -1.99716
37079 -2 -1.99716
37080 -2 -1.99716
37081 -2 -1.99716
37082 -2 -1.99716
37083 -2 -1.99716
37084 -2 -1.99716
37085 -2 -1.99716
37086 -2 -1.99716
37087 -2 -1.99716
37088 -2 -1.99716
37089 -2 -1.99716
37090 -2 -1.99716
37091 -2 -1.99716
37092 -2 -1.99716
37093 -2 -1.99716
37094 -2 -1.99716
37095 -2 -1.99716
37096 -2 -1.99716
37097 -2 -1.99716
37098 -2 -1.99716
37099 -2 -1.99716
37100 -2 -1.99716
37101 -2 -1.99716
37102 -2 -1.99716
37103 -2 -1.99716
37104 -2 -1.99716
37105 -2 -1.99716
37106 -1.98 -1.99716
37107 -2 -1.99716
37108 -2 -1.99716
37109 -1.98 -1.99716
37110 -2 -1.99716
37111 -2 -1.99716
37112 -2 -1.99716
37113 -2 -1.99716
37114 -2 -1.99716
37115 -1.98 -1.99716
37116 -2 -1.99716
37117 -2 -1.99716
37118 -2 -1.99716
37119 -2 -1.99716
37120 -2 -1.99716
37121 -2 -1.99716
37122 -2 -1.99716
37123 -2 -1.99716
37124 -2 -1.99716
37125 -2 -1.99716
37126 -2 -1.99716
37127 -2 -1.99716
37128 -2 -1.99716
37129 -2 -1.99716
37130 -2 -1.99716
37131 -2 -1.99716
37132 -2 -1.99716
37133 -2 -1.99716
37134 -2 -1.99716
37135 -2 -1.99716
37136 -2 -1.99716
37137 -2 -1.99716
37138 -2 -1.99716
37139 -2 -1.99716
37140 -2 -1.99716
37141 -2 -1.99716
37142 -2 -1.99716
37143 -2 -1.99716
37144 -2 -1.99716
37145 -2 -1.99716
37146 -2 -1.99716
37147 -2 -1.99716
37148 -1.98 -1.99716
37149 -1.98 -1.99716
37150 -2 -1.99716
37151 -2 -1.99716
37152 -2 -1.99716
37153 -1.98 -1.99716
37154 -1.98 -1.99716
37155 -2 -1.99716
37156 -2 -1.99716
37157 -2 -1.99716
37158 -2 -1.99716
37159 -2 -1.99716
37160 -2 -1.99716
37161 -2 -1.99716
37162 -2 -1.99716
37163 -2 -1.99716
37164 -2 -1.99716
37165 -2 -1.99716
37166 -2 -1.99716
37167 -2 -1.99716
37168 -2 -1.99716
37169 -2 -1.99716
37170 -2 -1.99716
37171 -2 -1.99716
37172 -2 -1.99716
37173 -2 -1.99716
37174 -2 -1.99716
37175 -2 -1.99716
37176 -2 -1.99716
37177 -2 -1.99716
37178 -2 -1.99716
37179 -2 -1.99716
37180 -2 -1.99716
37181 -2 -1.99716
37182 -2 -1.99716
37183 -2 -1.99716
37184 -2 -1.99716
37185 -2 -1.99716
37186 -2 -1.99716
37187 -2 -1.99716
37188 -2 -1.99716
37189 -2 -1.99716
37190 -2 -1.99716
37191 -2 -1.99716
37192 -2 -1.99716
37193 -2 -1.99716
37194 -2 -1.99716
37195 -2 -1.99716
37196 -2 -1.99716
37197 -2 -1.99716
37198 -2 -1.99716
37199 -2 -1.99716
37200 -2 -1.99716
37201 -2 -1.99716
37202 -2 -1.99716
37203 -2 -1.99716
37204 -2 -1.99716
37205 -1.98 -1.99716
37206 -2 -1.99716
37207 -2 -1.99716
37208 -2 -1.99716
37209 -2 -1.99716
37210 -2 -1.99716
37211 -2 -1.99716
37212 -2 -1.99716
37213 -2 -1.99716
37214 -1.98 -1.99716
37215 -2 -1.99716
37216 -1.98 -1.99716
37217 -2 -1.99716
37218 -2 -1.99716
37219 -2 -1.99716
37220 -2 -1.99716
37221 -2 -1.99716
37222 -1.98 -1.99716
37223 -2 -1.99716
37224 -2 -1.99716
37225 -2 -1.99716
37226 -2 -1.99716
37227 -2 -1.99716
37228 -2 -1.99716
37229 -2 -1.99716
37230 -2 -1.99716
37231 -2 -1.99716
37232 -2 -1.99716
37233 -2 -1.99716
37234 -2 -1.99716
37235 -2 -1.99716
37236 -2 -1.99716
37237 -2 -1.99716
37238 -2 -1.99716
37239 -2 -1.99716
37240 -2 -1.99716
37241 -2 -1.99716
37242 -2 -1.99716
37243 -2 -1.99716
37244 -2 -1.99716
37245 -1.98 -1.99716
37246 -2 -1.99716
37247 -2 -1.99716
37248 -2 -1.99716
37249 -2 -1.99716
37250 -2 -1.99716
37251 -1.98 -1.99716
37252 -2 -1.99716
37253 -2 -1.99716
37254 -2 -1.99716
37255 -2 -1.99716
37256 -2 -1.99716
37257 -2 -1.99716
37258 -2 -1.99716
37259 -2 -1.99716
37260 -2 -1.99716
37261 -1.98 -1.99716
37262 -1.98 -1.99716
37263 -2 -1.99716
37264 -2 -1.99716
37265 -1.98 -1.99716
37266 -2 -1.99716
37267 -2 -1.99716
37268 -2 -1.99716
37269 -2 -1.99716
37270 -2 -1.99716
37271 -2 -1.99716
37272 -2 -1.99716
37273 -2 -1.99716
37274 -2 -1.99716
37275 -2 -1.99716
37276 -2 -1.99716
37277 -2 -1.99716
37278 -2 -1.99716
37279 -2 -1.99716
37280 -2 -1.99716
37281 -1.96 -1.99716
37282 -2 -1.99716
37283 -2 -1.99716
37284 -2 -1.99716
37285 -2 -1.99716
37286 -2 -1.99716
37287 -2 -1.99716
37288 -2 -1.99716
37289 -2 -1.99716
37290 -2 -1.99716
37291 -2 -1.99716
37292 -2 -1.99716
37293 -1.98 -1.99716
37294 -2 -1.99716
37295 -2 -1.99716
37296 -2 -1.99716
37297 -2 -1.99716
37298 -2 -1.99716
37299 -2 -1.99716
37300 -2 -1.99716
37301 -2 -1.99716
37302 -2 -1.99716
37303 -2 -1.99716
37304 -2 -1.99716
37305 -2 -1.99716
37306 -2 -1.99716
37307 -2 -1.99716
37308 -1.98 -1.99716
37309 -2 -1.99716
37310 -2 -1.99716
37311 -2 -1.99716
37312 -2 -1.99716
37313 -2 -1.99716
37314 -2 -1.99716
37315 -2 -1.99717
37316 -2 -1.99717
37317 -2 -1.99717
37318 -2 -1.99717
37319 -2 -1.99717
37320 -2 -1.99717
37321 -2 -1.99717
37322 -2 -1.99717
37323 -2 -1.99717
37324 -2 -1.99717
37325 -2 -1.99717
37326 -2 -1.99717
37327 -2 -1.99717
37328 -2 -1.99717
37329 -2 -1.99717
37330 -2 -1.99717
37331 -2 -1.99717
37332 -2 -1.99717
37333 -2 -1.99717
37334 -2 -1.99717
37335 -2 -1.99717
37336 -2 -1.99717
37337 -2 -1.99717
37338 -2 -1.99717
37339 -2 -1.99717
37340 -2 -1.99717
37341 -2 -1.99717
37342 -2 -1.99717
37343 -2 -1.99717
37344 -2 -1.99717
37345 -2 -1.99717
37346 -2 -1.99717
37347 -2 -1.99717
37348 -2 -1.99717
37349 -2 -1.99717
37350 -2 -1.99717
37351 -2 -1.99717
37352 -2 -1.99717
37353 -2 -1.99717
37354 -2 -1.99717
37355 -2 -1.99717
37356 -2 -1.99717
37357 -2 -1.99717
37358 -2 -1.99717
37359 -2 -1.99717
37360 -2 -1.99717
37361 -2 -1.99717
37362 -2 -1.99717
37363 -2 -1.99717
37364 -2 -1.99717
37365 -2 -1.99717
37366 -2 -1.99717
37367 -2 -1.99717
37368 -2 -1.99717
37369 -2 -1.99717
37370 -2 -1.99717
37371 -2 -1.99717
37372 -2 -1.99717
37373 -2 -1.99717
37374 -2 -1.99717
37375 -2 -1.99717
37376 -2 -1.99717
37377 -2 -1.99717
37378 -2 -1.99717
37379 -2 -1.99717
37380 -2 -1.99717
37381 -2 -1.99717
37382 -2 -1.99717
37383 -2 -1.99717
37384 -2 -1.99717
37385 -2 -1.99717
37386 -2 -1.99717
37387 -2 -1.99717
37388 -2 -1.99717
37389 -2 -1.99717
37390 -2 -1.99717
37391 -2 -1.99717
37392 -2 -1.99717
37393 -2 -1.99717
37394 -2 -1.99717
37395 -2 -1.99717
37396 -2 -1.99717
37397 -2 -1.99717
37398 -2 -1.99717
37399 -2 -1.99717
37400 -2 -1.99717
37401 -1.98 -1.99717
37402 -2 -1.99717
37403 -2 -1.99717
37404 -2 -1.99717
37405 -2 -1.99717
37406 -2 -1.99717
37407 -2 -1.99717
37408 -2 -1.99717
37409 -2 -1.99717
37410 -2 -1.99717
37411 -2 -1.99717
37412 -2 -1.99717
37413 -2 -1.99717
37414 -2 -1.99717
37415 -2 -1.99717
37416 -2 -1.99717
37417 -2 -1.99717
37418 -2 -1.99717
37419 -1.98 -1.99717
37420 -2 -1.99717
37421 -2 -1.99717
37422 -2 -1.99717
37423 -2 -1.99717
37424 -2 -1.99717
37425 -2 -1.99717
37426 -1.98 -1.99717
37427 -1.98 -1.99717
37428 -2 -1.99717
37429 -2 -1.99717
37430 -2 -1.99717
37431 -2 -1.99717
37432 -2 -1.99717
37433 -2 -1.99717
37434 -2 -1.99717
37435 -2 -1.99717
37436 -2 -1.99717
37437 -2 -1.99717
37438 -2 -1.99717
37439 -2 -1.99717
37440 -1.98 -1.99717
37441 -2 -1.99717
37442 -2 -1.99717
37443 -2 -1.99717
37444 -2 -1.99717
37445 -2 -1.99717
37446 -2 -1.99717
37447 -2 -1.99717
37448 -2 -1.99717
37449 -2 -1.99717
37450 -2 -1.99717
37451 -2 -1.99717
37452 -1.98 -1.99717
37453 -1.98 -1.99717
37454 -2 -1.99717
37455 -1.98 -1.99717
37456 -1.98 -1.99717
37457 -1.98 -1.99717
37458 -2 -1.99717
37459 -2 -1.99717
37460 -2 -1.99717
37461 -2 -1.99717
37462 -2 -1.99717
37463 -2 -1.99717
37464 -2 -1.99717
37465 -1.98 -1.99717
37466 -2 -1.99717
37467 -2 -1.99717
37468 -2 -1.99717
37469 -2 -1.99717
37470 -2 -1.99717
37471 -2 -1.99717
37472 -2 -1.99717
37473 -2 -1.99717
37474 -2 -1.99717
37475 -2 -1.99717
37476 -2 -1.99717
37477 -2 -1.99717
37478 -2 -1.99717
37479 -2 -1.99717
37480 -2 -1.99717
37481 -2 -1.99717
37482 -2 -1.99717
37483 -2 -1.99717
37484 -2 -1.99717
37485 -2 -1.99717
37486 -2 -1.99717
37487 -2 -1.99717
37488 -2 -1.99717
37489 -2 -1.99717
37490 -2 -1.99717
37491 -2 -1.99717
37492 -2 -1.99717
37493 -2 -1.99717
37494 -2 -1.99717
37495 -2 -1.99717
37496 -2 -1.99717
37497 -2 -1.99717
37498 -2 -1.99717
37499 -2 -1.99717
37500 -2 -1.99717
37501 -2 -1.99717
37502 -2 -1.99717
37503 -2 -1.99717
37504 -1.98 -1.99717
37505 -1.98 -1.99717
37506 -1.98 -1.99717
37507 -2 -1.99717
37508 -2 -1.99717
37509 -2 -1.99717
37510 -2 -1.99717
37511 -2 -1.99717
37512 -2 -1.99717
37513 -2 -1.99717
37514 -2 -1.99717
37515 -2 -1.99717
37516 -2 -1.99717
37517 -2 -1.99717
37518 -1.98 -1.99717
37519 -2 -1.99717
37520 -2 -1.99717
37521 -1.98 -1.99717
37522 -1.98 -1.99717
37523 -2 -1.99717
37524 -2 -1.99717
37525 -2 -1.99717
37526 -2 -1.99717
37527 -2 -1.99717
37528 -2 -1.99717
37529 -2 -1.99717
37530 -2 -1.99717
37531 -2 -1.99717
37532 -2 -1.99717
37533 -2 -1.99717
37534 -2 -1.99717
37535 -2 -1.99717
37536 -2 -1.99717
37537 -2 -1.99717
37538 -2 -1.99717
37539 -2 -1.99717
37540 -2 -1.99717
37541 -2 -1.99717
37542 -2 -1.99717
37543 -2 -1.99717
37544 -2 -1.99717
37545 -2 -1.99717
37546 -2 -1.99717
37547 -2 -1.99717
37548 -2 -1.99717
37549 -2 -1.99717
37550 -2 -1.99717
37551 -1.98 -1.99717
37552 -2 -1.99717
37553 -2 -1.99717
37554 -2 -1.99717
37555 -1.98 -1.99717
37556 -2 -1.99717
37557 -2 -1.99717
37558 -2 -1.99717
37559 -2 -1.99717
37560 -2 -1.99717
37561 -2 -1.99717
37562 -2 -1.99717
37563 -2 -1.99717
37564 -2 -1.99717
37565 -2 -1.99717
37566 -2 -1.99717
37567 -2 -1.99717
37568 -2 -1.99717
37569 -2 -1.99717
37570 -2 -1.99717
37571 -2 -1.99717
37572 -2 -1.99717
37573 -2 -1.99717
37574 -2 -1.99717
37575 -2 -1.99717
37576 -2 -1.99717
37577 -2 -1.99717
37578 -2 -1.99717
37579 -2 -1.99717
37580 -2 -1.99717
37581 -2 -1.99717
37582 -2 -1.99718
37583 -2 -1.99718
37584 -2 -1.99718
37585 -2 -1.99718
37586 -2 -1.99718
37587 -1.98 -1.99717
37588 -1.98 -1.99717
37589 -1.98 -1.99717
37590 -1.98 -1.99717
37591 -2 -1.99717
37592 -1.98 -1.99717
37593 -2 -1.99717
37594 -1.98 -1.99717
37595 -2 -1.99717
37596 -2 -1.99717
37597 -1.98 -1.99717
37598 -1.98 -1.99717
37599 -2 -1.99717
37600 -2 -1.99717
37601 -2 -1.99717
37602 -2 -1.99717
37603 -2 -1.99717
37604 -2 -1.99717
37605 -2 -1.99717
37606 -2 -1.99717
37607 -2 -1.99717
37608 -2 -1.99717
37609 -2 -1.99717
37610 -2 -1.99717
37611 -2 -1.99717
37612 -2 -1.99717
37613 -2 -1.99717
37614 -2 -1.99717
37615 -2 -1.99717
37616 -2 -1.99717
37617 -2 -1.99717
37618 -2 -1.99717
37619 -2 -1.99717
37620 -2 -1.99717
37621 -2 -1.99717
37622 -1.98 -1.99717
37623 -2 -1.99717
37624 -2 -1.99717
37625 -2 -1.99717
37626 -1.98 -1.99717
37627 -2 -1.99717
37628 -2 -1.99717
37629 -2 -1.99717
37630 -2 -1.99717
37631 -2 -1.99717
37632 -2 -1.99717
37633 -2 -1.99717
37634 -2 -1.99717
37635 -2 -1.99717
37636 -2 -1.99717
37637 -2 -1.99717
37638 -2 -1.99717
37639 -1.98 -1.99717
37640 -2 -1.99717
37641 -2 -1.99717
37642 -2 -1.99717
37643 -2 -1.99717
37644 -2 -1.99717
37645 -1.98 -1.99717
37646 -2 -1.99717
37647 -2 -1.99717
37648 -2 -1.99717
37649 -2 -1.99717
37650 -2 -1.99717
37651 -2 -1.99717
37652 -1.98 -1.99717
37653 -2 -1.99717
37654 -2 -1.99717
37655 -2 -1.99717
37656 -2 -1.99717
37657 -1.98 -1.99717
37658 -2 -1.99717
37659 -2 -1.99717
37660 -1.98 -1.99717
37661 -2 -1.99717
37662 -2 -1.99717
37663 -2 -1.99717
37664 -2 -1.99717
37665 -2 -1.99717
37666 -2 -1.99717
37667 -2 -1.99717
37668 -2 -1.99717
37669 -2 -1.99717
37670 -2 -1.99717
37671 -2 -1.99717
37672 -2 -1.99717
37673 -2 -1.99717
37674 -2 -1.99717
37675 -2 -1.99717
37676 -1.98 -1.99717
37677 -1.98 -1.99717
37678 -1.98 -1.99717
37679 -2 -1.99717
37680 -2 -1.99717
37681 -2 -1.99717
37682 -2 -1.99717
37683 -2 -1.99717
37684 -1.98 -1.99717
37685 -1.98 -1.99717
37686 -2 -1.99717
37687 -2 -1.99717
37688 -2 -1.99717
37689 -2 -1.99717
37690 -2 -1.99717
37691 -2 -1.99717
37692 -2 -1.99717
37693 -1.98 -1.99717
37694 -2 -1.99717
37695 -2 -1.99717
37696 -1.98 -1.99717
37697 -2 -1.99717
37698 -2 -1.99717
37699 -2 -1.99717
37700 -2 -1.99717
37701 -2 -1.99717
37702 -2 -1.99717
37703 -2 -1.99717
37704 -2 -1.99717
37705 -1.98 -1.99717
37706 -1.98 -1.99717
37707 -1.98 -1.99717
37708 -2 -1.99717
37709 -2 -1.99717
37710 -2 -1.99717
37711 -2 -1.99717
37712 -2 -1.99717
37713 -2 -1.99717
37714 -2 -1.99717
37715 -2 -1.99717
37716 -2 -1.99717
37717 -2 -1.99717
37718 -2 -1.99717
37719 -1.98 -1.99717
37720 -2 -1.99717
37721 -2 -1.99717
37722 -2 -1.99717
37723 -1.98 -1.99717
37724 -1.98 -1.99717
37725 -2 -1.99717
37726 -2 -1.99717
37727 -2 -1.99717
37728 -2 -1.99717
37729 -2 -1.99717
37730 -2 -1.99717
37731 -2 -1.99717
37732 -2 -1.99717
37733 -2 -1.99717
37734 -2 -1.99717
37735 -2 -1.99717
37736 -2 -1.99717
37737 -2 -1.99717
37738 -2 -1.99717
37739 -2 -1.99717
37740 -2 -1.99717
37741 -2 -1.99717
37742 -2 -1.99717
37743 -2 -1.99717
37744 -2 -1.99717
37745 -2 -1.99717
37746 -2 -1.99717
37747 -2 -1.99717
37748 -2 -1.99717
37749 -2 -1.99717
37750 -2 -1.99717
37751 -2 -1.99717
37752 -2 -1.99717
37753 -2 -1.99717
37754 -2 -1.99717
37755 -2 -1.99717
37756 -2 -1.99717
37757 -1.98 -1.99717
37758 -2 -1.99717
37759 -1.97 -1.99717
37760 -2 -1.99717
37761 -2 -1.99717
37762 -2 -1.99717
37763 -2 -1.99717
37764 -2 -1.99717
37765 -2 -1.99717
37766 -2 -1.99717
37767 -2 -1.99717
37768 -2 -1.99717
37769 -2 -1.99717
37770 -2 -1.99717
37771 -2 -1.99717
37772 -2 -1.99717
37773 -2 -1.99717
37774 -2 -1.99717
37775 -2 -1.99717
37776 -2 -1.99717
37777 -2 -1.99717
37778 -2 -1.99717
37779 -2 -1.99717
37780 -2 -1.99717
37781 -2 -1.99717
37782 -2 -1.99717
37783 -2 -1.99717
37784 -2 -1.99717
37785 -2 -1.99717
37786 -1.98 -1.99717
37787 -1.98 -1.99717
37788 -1.98 -1.99717
37789 -2 -1.99717
37790 -2 -1.99717
37791 -2 -1.99717
37792 -2 -1.99717
37793 -2 -1.99717
37794 -2 -1.99717
37795 -2 -1.99717
37796 -2 -1.99717
37797 -2 -1.99717
37798 -2 -1.99717
37799 -2 -1.99717
37800 -2 -1.99717
37801 -2 -1.99717
37802 -2 -1.99717
37803 -2 -1.99717
37804 -2 -1.99717
37805 -2 -1.99717
37806 -2 -1.99717
37807 -2 -1.99717
37808 -2 -1.99717
37809 -2 -1.99717
37810 -2 -1.99717
37811 -2 -1.99717
37812 -2 -1.99717
37813 -1.98 -1.99717
37814 -2 -1.99717
37815 -2 -1.99717
37816 -2 -1.99717
37817 -1.98 -1.99717
37818 -2 -1.99717
37819 -2 -1.99717
37820 -2 -1.99717
37821 -2 -1.99717
37822 -2 -1.99717
37823 -2 -1.99717
37824 -2 -1.99717
37825 -2 -1.99717
37826 -2 -1.99717
37827 -2 -1.99717
37828 -2 -1.99717
37829 -2 -1.99717
37830 -2 -1.99717
37831 -2 -1.99717
37832 -2 -1.99717
37833 -2 -1.99718
37834 -2 -1.99718
37835 -2 -1.99718
37836 -2 -1.99718
37837 -2 -1.99718
37838 -2 -1.99718
37839 -2 -1.99718
37840 -2 -1.99718
37841 -2 -1.99718
37842 -2 -1.99718
37843 -2 -1.99718
37844 -2 -1.99718
37845 -2 -1.99718
37846 -2 -1.99718
37847 -2 -1.99718
37848 -2 -1.99718
37849 -1.98 -1.99718
37850 -1.98 -1.99718
37851 -2 -1.99718
37852 -2 -1.99718
37853 -2 -1.99718
37854 -2 -1.99718
37855 -2 -1.99718
37856 -2 -1.99718
37857 -1.98 -1.99718
37858 -1.96 -1.99717
37859 -1.98 -1.99717
37860 -2 -1.99717
37861 -2 -1.99717
37862 -2 -1.99717
37863 -2 -1.99717
37864 -2 -1.99717
37865 -1.98 -1.99717
37866 -2 -1.99717
37867 -2 -1.99717
37868 -2 -1.99717
37869 -2 -1.99717
37870 -2 -1.99717
37871 -2 -1.99717
37872 -2 -1.99717
37873 -2 -1.99717
37874 -2 -1.99717
37875 -2 -1.99717
37876 -2 -1.99717
37877 -2 -1.99717
37878 -2 -1.99717
37879 -2 -1.99717
37880 -1.98 -1.99717
37881 -2 -1.99717
37882 -2 -1.99717
37883 -2 -1.99717
37884 -2 -1.99717
37885 -2 -1.99717
37886 -2 -1.99717
37887 -1.98 -1.99717
37888 -1.98 -1.99717
37889 -2 -1.99717
37890 -2 -1.99717
37891 -2 -1.99717
37892 -2 -1.99717
37893 -2 -1.99717
37894 -2 -1.99717
37895 -2 -1.99717
37896 -2 -1.99717
37897 -2 -1.99717
37898 -2 -1.99717
37899 -2 -1.99717
37900 -2 -1.99717
37901 -2 -1.99717
37902 -1.98 -1.99717
37903 -2 -1.99717
37904 -2 -1.99717
37905 -2 -1.99717
37906 -2 -1.99717
37907 -2 -1.99717
37908 -2 -1.99717
37909 -2 -1.99717
37910 -2 -1.99717
37911 -1.98 -1.99717
37912 -2 -1.99717
37913 -2 -1.99717
37914 -2 -1.99717
37915 -2 -1.99717
37916 -2 -1.99717
37917 -2 -1.99717
37918 -2 -1.99718
37919 -2 -1.99718
37920 -2 -1.99718
37921 -2 -1.99718
37922 -2 -1.99718
37923 -2 -1.99718
37924 -1.98 -1.99717
37925 -2 -1.99718
37926 -2 -1.99718
37927 -2 -1.99718
37928 -2 -1.99718
37929 -2 -1.99718
37930 -2 -1.99718
37931 -2 -1.99718
37932 -2 -1.99718
37933 -2 -1.99718
37934 -2 -1.99718
37935 -2 -1.99718
37936 -2 -1.99718
37937 -2 -1.99718
37938 -2 -1.99718
37939 -2 -1.99718
37940 -2 -1.99718
37941 -1.98 -1.99718
37942 -1.98 -1.99718
37943 -2 -1.99718
37944 -2 -1.99718
37945 -2 -1.99718
37946 -2 -1.99718
37947 -2 -1.99718
37948 -2 -1.99718
37949 -2 -1.99718
37950 -2 -1.99718
37951 -2 -1.99718
37952 -2 -1.99718
37953 -1.96 -1.99718
37954 -1.96 -1.99717
37955 -1.98 -1.99717
37956 -2 -1.99717
37957 -2 -1.99717
37958 -2 -1.99717
37959 -2 -1.99717
37960 -2 -1.99717
37961 -2 -1.99717
37962 -2 -1.99717
37963 -2 -1.99717
37964 -2 -1.99717
37965 -2 -1.99717
37966 -2 -1.99717
37967 -1.98 -1.99717
37968 -2 -1.99717
37969 -2 -1.99717
37970 -2 -1.99717
37971 -2 -1.99717
37972 -2 -1.99717
37973 -2 -1.99717
37974 -2 -1.99717
37975 -2 -1.99717
37976 -2 -1.99717
37977 -2 -1.99717
37978 -2 -1.99717
37979 -1.98 -1.99717
37980 -2 -1.99717
37981 -2 -1.99717
37982 -2 -1.99717
37983 -2 -1.99717
37984 -2 -1.99717
37985 -2 -1.99717
37986 -2 -1.99717
37987 -1.98 -1.99717
37988 -1.98 -1.99717
37989 -2 -1.99717
37990 -2 -1.99717
37991 -2 -1.99717
37992 -2 -1.99717
37993 -1.98 -1.99717
37994 -2 -1.99717
37995 -2 -1.99717
37996 -2 -1.99717
37997 -2 -1.99717
37998 -2 -1.99717
37999 -2 -1.99717
38000 -2 -1.99717
38001 -2 -1.99717
38002 -2 -1.99717
38003 -2 -1.99717
38004 -2 -1.99717
38005 -2 -1.99717
38006 -2 -1.99717
38007 -2 -1.99717
38008 -2 -1.99717
38009 -2 -1.99717
38010 -2 -1.99718
38011 -2 -1.99718
38012 -2 -1.99718
38013 -2 -1.99718
38014 -2 -1.99718
38015 -2 -1.99718
38016 -2 -1.99718
38017 -2 -1.99718
38018 -2 -1.99718
38019 -2 -1.99718
38020 -2 -1.99718
38021 -2 -1.99718
38022 -2 -1.99718
38023 -2 -1.99718
38024 -2 -1.99718
38025 -2 -1.99718
38026 -2 -1.99718
38027 -1.98 -1.99718
38028 -2 -1.99718
38029 -1.98 -1.99718
38030 -2 -1.99718
38031 -2 -1.99718
38032 -2 -1.99718
38033 -2 -1.99718
38034 -2 -1.99718
38035 -1.98 -1.99718
38036 -1.97 -1.99717
38037 -1.98 -1.99717
38038 -2 -1.99717
38039 -2 -1.99717
38040 -1.98 -1.99717
38041 -1.98 -1.99717
38042 -1.98 -1.99717
38043 -2 -1.99717
38044 -2 -1.99717
38045 -2 -1.99717
38046 -1.98 -1.99717
38047 -1.98 -1.99717
38048 -1.98 -1.99717
38049 -2 -1.99717
38050 -2 -1.99717
38051 -2 -1.99717
38052 -2 -1.99717
38053 -2 -1.99717
38054 -2 -1.99717
38055 -2 -1.99717
38056 -2 -1.99717
38057 -2 -1.99717
38058 -2 -1.99717
38059 -2 -1.99717
38060 -2 -1.99717
38061 -2 -1.99717
38062 -1.98 -1.99717
38063 -2 -1.99717
38064 -2 -1.99717
38065 -2 -1.99717
38066 -2 -1.99717
38067 -2 -1.99717
38068 -2 -1.99717
38069 -2 -1.99717
38070 -2 -1.99717
38071 -2 -1.99717
38072 -2 -1.99717
38073 -2 -1.99717
38074 -2 -1.99717
38075 -2 -1.99717
38076 -2 -1.99717
38077 -2 -1.99717
38078 -2 -1.99717
38079 -2 -1.99717
38080 -2 -1.99717
38081 -2 -1.99717
38082 -2 -1.99717
38083 -2 -1.99717
38084 -2 -1.99717
38085 -2 -1.99717
38086 -2 -1.99717
38087 -2 -1.99717
38088 -2 -1.99717
38089 -2 -1.99717
38090 -2 -1.99717
38091 -2 -1.99717
38092 -2 -1.99717
38093 -2 -1.99717
38094 -2 -1.99717
38095 -2 -1.99717
38096 -2 -1.99717
38097 -2 -1.99717
38098 -2 -1.99717
38099 -2 -1.99718
38100 -2 -1.99718
38101 -2 -1.99718
38102 -2 -1.99718
38103 -2 -1.99718
38104 -2 -1.99718
38105 -1.98 -1.99717
38106 -1.98 -1.99717
38107 -2 -1.99717
38108 -1.98 -1.99717
38109 -2 -1.99717
38110 -2 -1.99717
38111 -2 -1.99717
38112 -2 -1.99717
38113 -2 -1.99717
38114 -2 -1.99717
38115 -2 -1.99717
38116 -2 -1.99717
38117 -2 -1.99717
38118 -2 -1.99717
38119 -1.98 -1.99717
38120 -2 -1.99717
38121 -2 -1.99717
38122 -2 -1.99717
38123 -2 -1.99717
38124 -2 -1.99717
38125 -2 -1.99717
38126 -2 -1.99717
38127 -2 -1.99718
38128 -2 -1.99718
38129 -2 -1.99718
38130 -2 -1.99718
38131 -2 -1.99718
38132 -1.98 -1.99717
38133 -1.98 -1.99717
38134 -1.98 -1.99717
38135 -2 -1.99717
38136 -2 -1.99717
38137 -2 -1.99717
38138 -2 -1.99717
38139 -2 -1.99717
38140 -2 -1.99717
38141 -2 -1.99717
38142 -2 -1.99717
38143 -2 -1.99717
38144 -2 -1.99717
38145 -2 -1.99717
38146 -2 -1.99717
38147 -2 -1.99717
38148 -1.97 -1.99717
38149 -2 -1.99717
38150 -2 -1.99717
38151 -2 -1.99717
38152 -2 -1.99717
38153 -2 -1.99717
38154 -2 -1.99717
38155 -2 -1.99717
38156 -2 -1.99717
38157 -2 -1.99717
38158 -2 -1.99717
38159 -2 -1.99718
38160 -2 -1.99718
38161 -2 -1.99718
38162 -2 -1.99718
38163 -2 -1.99718
38164 -2 -1.99718
38165 -2 -1.99718
38166 -1.98 -1.99718
38167 -1.96 -1.99717
38168 -1.98 -1.99717
38169 -2 -1.99717
38170 -2 -1.99717
38171 -2 -1.99717
38172 -1.98 -1.99717
38173 -2 -1.99717
38174 -2 -1.99717
38175 -1.98 -1.99717
38176 -2 -1.99717
38177 -2 -1.99717
38178 -2 -1.99717
38179 -2 -1.99717
38180 -2 -1.99717
38181 -2 -1.99717
38182 -2 -1.99717
38183 -2 -1.99717
38184 -2 -1.99717
38185 -2 -1.99717
38186 -2 -1.99717
38187 -2 -1.99717
38188 -2 -1.99717
38189 -2 -1.99717
38190 -2 -1.99717
38191 -2 -1.99717
38192 -2 -1.99717
38193 -2 -1.99717
38194 -2 -1.99717
38195 -2 -1.99717
38196 -2 -1.99717
38197 -2 -1.99717
38198 -2 -1.99717
38199 -2 -1.99717
38200 -2 -1.99717
38201 -1.98 -1.99717
38202 -2 -1.99717
38203 -2 -1.99717
38204 -2 -1.99717
38205 -2 -1.99717
38206 -2 -1.99717
38207 -2 -1.99717
38208 -2 -1.99718
38209 -2 -1.99718
38210 -2 -1.99718
38211 -2 -1.99718
38212 -2 -1.99718
38213 -2 -1.99718
38214 -2 -1.99718
38215 -2 -1.99718
38216 -2 -1.99718
38217 -1.98 -1.99718
38218 -1.98 -1.99717
38219 -2 -1.99717
38220 -1.98 -1.99717
38221 -2 -1.99717
38222 -2 -1.99717
38223 -2 -1.99717
38224 -2 -1.99717
38225 -2 -1.99717
38226 -2 -1.99717
38227 -2 -1.99717
38228 -2 -1.99717
38229 -2 -1.99717
38230 -2 -1.99718
38231 -2 -1.99718
38232 -2 -1.99718
38233 -1.98 -1.99717
38234 -1.98 -1.99717
38235 -1.98 -1.99717
38236 -1.98 -1.99717
38237 -2 -1.99717
38238 -2 -1.99717
38239 -2 -1.99717
38240 -2 -1.99717
38241 -2 -1.99717
38242 -2 -1.99717
38243 -2 -1.99717
38244 -1.98 -1.99717
38245 -2 -1.99717
38246 -2 -1.99717
38247 -2 -1.99717
38248 -2 -1.99717
38249 -2 -1.99717
38250 -2 -1.99717
38251 -2 -1.99717
38252 -2 -1.99717
38253 -2 -1.99717
38254 -2 -1.99717
38255 -2 -1.99717
38256 -2 -1.99717
38257 -2 -1.99717
38258 -1.98 -1.99717
38259 -1.98 -1.99717
38260 -1.98 -1.99717
38261 -1.96 -1.99717
38262 -2 -1.99717
38263 -2 -1.99717
38264 -2 -1.99717
38265 -2 -1.99717
38266 -2 -1.99717
38267 -2 -1.99717
38268 -2 -1.99717
38269 -2 -1.99717
38270 -2 -1.99717
38271 -2 -1.99717
38272 -2 -1.99717
38273 -2 -1.99717
38274 -2 -1.99717
38275 -2 -1.99717
38276 -2 -1.99717
38277 -2 -1.99717
38278 -2 -1.99717
38279 -2 -1.99717
38280 -2 -1.99717
38281 -2 -1.99717
38282 -2 -1.99717
38283 -2 -1.99717
38284 -2 -1.99717
38285 -2 -1.99717
38286 -2 -1.99717
38287 -2 -1.99717
38288 -2 -1.99717
38289 -2 -1.99717
38290 -2 -1.99717
38291 -2 -1.99717
38292 -2 -1.99717
38293 -2 -1.99717
38294 -2 -1.99717
38295 -2 -1.99717
38296 -2 -1.99717
38297 -2 -1.99717
38298 -2 -1.99717
38299 -2 -1.99717
38300 -2 -1.99718
38301 -2 -1.99718
38302 -2 -1.99718
38303 -2 -1.99718
38304 -2 -1.99718
38305 -1.98 -1.99717
38306 -1.98 -1.99717
38307 -2 -1.99717
38308 -2 -1.99717
38309 -2 -1.99717
38310 -2 -1.99717
38311 -2 -1.99717
38312 -2 -1.99717
38313 -2 -1.99717
38314 -1.98 -1.99717
38315 -1.98 -1.99717
38316 -2 -1.99717
38317 -2 -1.99717
38318 -1.98 -1.99717
38319 -1.98 -1.99717
38320 -2 -1.99717
38321 -2 -1.99717
38322 -1.98 -1.99717
38323 -2 -1.99717
38324 -2 -1.99717
38325 -2 -1.99717
38326 -1.98 -1.99717
38327 -2 -1.99717
38328 -2 -1.99717
38329 -2 -1.99717
38330 -2 -1.99717
38331 -2 -1.99717
38332 -2 -1.99717
38333 -2 -1.99717
38334 -2 -1.99717
38335 -2 -1.99717
38336 -2 -1.99717
38337 -1.98 -1.99717
38338 -2 -1.99717
38339 -2 -1.99717
38340 -2 -1.99717
38341 -2 -1.99717
38342 -1.97 -1.99717
38343 -2 -1.99717
38344 -2 -1.99717
38345 -2 -1.99717
38346 -2 -1.99717
38347 -2 -1.99717
38348 -2 -1.99717
38349 -2 -1.99717
38350 -2 -1.99717
38351 -2 -1.99717
38352 -2 -1.99717
38353 -2 -1.99717
38354 -2 -1.99717
38355 -2 -1.99717
38356 -2 -1.99717
38357 -2 -1.99717
38358 -2 -1.99717
38359 -2 -1.99717
38360 -2 -1.99717
38361 -2 -1.99717
38362 -2 -1.99717
38363 -2 -1.99717
38364 -2 -1.99717
38365 -2 -1.99717
38366 -1.98 -1.99717
38367 -2 -1.99717
38368 -2 -1.99717
38369 -2 -1.99717
38370 -2 -1.99717
38371 -2 -1.99717
38372 -2 -1.99717
38373 -2 -1.99717
38374 -2 -1.99717
38375 -2 -1.99717
38376 -2 -1.99717
38377 -2 -1.99717
38378 -2 -1.99717
38379 -1.96 -1.99717
38380 -1.98 -1.99717
38381 -1.98 -1.99717
38382 -2 -1.99717
38383 -2 -1.99717
38384 -2 -1.99717
38385 -2 -1.99717
38386 -2 -1.99717
38387 -2 -1.99717
38388 -2 -1.99717
38389 -2 -1.99717
38390 -2 -1.99717
38391 -2 -1.99717
38392 -2 -1.99717
38393 -2 -1.99717
38394 -2 -1.99717
38395 -2 -1.99717
38396 -2 -1.99717
38397 -2 -1.99717
38398 -2 -1.99717
38399 -2 -1.99717
38400 -2 -1.99717
38401 -2 -1.99717
38402 -2 -1.99717
38403 -2 -1.99717
38404 -2 -1.99717
38405 -2 -1.99717
38406 -2 -1.99717
38407 -2 -1.99717
38408 -2 -1.99717
38409 -2 -1.99717
38410 -2 -1.99718
38411 -2 -1.99718
38412 -2 -1.99718
38413 -2 -1.99718
38414 -2 -1.99718
38415 -1.98 -1.99717
38416 -2 -1.99717
38417 -2 -1.99718
38418 -2 -1.99718
38419 -2 -1.99718
38420 -2 -1.99718
38421 -2 -1.99718
38422 -2 -1.99718
38423 -2 -1.99718
38424 -2 -1.99718
38425 -2 -1.99718
38426 -2 -1.99718
38427 -1.98 -1.99718
38428 -1.98 -1.99717
38429 -2 -1.99717
38430 -2 -1.99717
38431 -2 -1.99718
38432 -1.98 -1.99717
38433 -1.98 -1.99717
38434 -1.98 -1.99717
38435 -2 -1.99717
38436 -2 -1.99717
38437 -2 -1.99717
38438 -2 -1.99717
38439 -2 -1.99717
38440 -2 -1.99717
38441 -2 -1.99717
38442 -2 -1.99717
38443 -2 -1.99717
38444 -2 -1.99717
38445 -2 -1.99717
38446 -2 -1.99717
38447 -2 -1.99717
38448 -2 -1.99717
38449 -1.98 -1.99717
38450 -2 -1.99717
38451 -2 -1.99717
38452 -2 -1.99717
38453 -2 -1.99717
38454 -2 -1.99717
38455 -1.98 -1.99717
38456 -2 -1.99717
38457 -2 -1.99717
38458 -2 -1.99717
38459 -2 -1.99717
38460 -2 -1.99717
38461 -2 -1.99717
38462 -2 -1.99717
38463 -2 -1.99717
38464 -1.96 -1.99717
38465 -1.98 -1.99717
38466 -2 -1.99717
38467 -2 -1.99717
38468 -2 -1.99717
38469 -2 -1.99717
38470 -1.98 -1.99717
38471 -2 -1.99717
38472 -2 -1.99717
38473 -2 -1.99717
38474 -2 -1.99717
38475 -2 -1.99717
38476 -2 -1.99717
38477 -2 -1.99717
38478 -2 -1.99717
38479 -2 -1.99717
38480 -2 -1.99717
38481 -2 -1.99717
38482 -2 -1.99717
38483 -2 -1.99717
38484 -2 -1.99717
38485 -2 -1.99717
38486 -2 -1.99717
38487 -2 -1.99717
38488 -2 -1.99717
38489 -2 -1.99717
38490 -2 -1.99717
38491 -2 -1.99717
38492 -2 -1.99717
38493 -2 -1.99717
38494 -2 -1.99717
38495 -2 -1.99718
38496 -2 -1.99718
38497 -1.98 -1.99717
38498 -2 -1.99717
38499 -2 -1.99717
38500 -2 -1.99717
38501 -2 -1.99717
38502 -2 -1.99718
38503 -2 -1.99718
38504 -2 -1.99718
38505 -2 -1.99718
38506 -2 -1.99718
38507 -1.98 -1.99717
38508 -2 -1.99717
38509 -2 -1.99718
38510 -2 -1.99718
38511 -2 -1.99718
38512 -2 -1.99718
38513 -2 -1.99718
38514 -2 -1.99718
38515 -2 -1.99718
38516 -2 -1.99718
38517 -2 -1.99718
38518 -2 -1.99718
38519 -2 -1.99718
38520 -2 -1.99718
38521 -2 -1.99718
38522 -2 -1.99718
38523 -2 -1.99718
38524 -2 -1.99718
38525 -2 -1.99718
38526 -2 -1.99718
38527 -2 -1.99718
38528 -2 -1.99718
38529 -2 -1.99718
38530 -2 -1.99718
38531 -1.98 -1.99718
38532 -1.98 -1.99718
38533 -1.98 -1.99718
38534 -2 -1.99718
38535 -2 -1.99718
38536 -2 -1.99718
38537 -2 -1.99718
38538 -2 -1.99718
38539 -2 -1.99718
38540 -2 -1.99718
38541 -2 -1.99718
38542 -2 -1.99718
38543 -2 -1.99718
38544 -2 -1.99718
38545 -2 -1.99718
38546 -2 -1.99718
38547 -2 -1.99718
38548 -2 -1.99718
38549 -2 -1.99718
38550 -2 -1.99718
38551 -2 -1.99718
38552 -2 -1.99718
38553 -2 -1.99718
38554 -2 -1.99718
38555 -2 -1.99718
38556 -2 -1.99718
38557 -2 -1.99718
38558 -2 -1.99718
38559 -2 -1.99718
38560 -2 -1.99718
38561 -2 -1.99718
38562 -2 -1.99718
38563 -2 -1.99718
38564 -2 -1.99718
38565 -2 -1.99718
38566 -2 -1.99718
38567 -2 -1.99718
38568 -2 -1.99718
38569 -2 -1.99718
38570 -2 -1.99718
38571 -1.98 -1.99718
38572 -1.98 -1.99718
38573 -2 -1.99718
38574 -2 -1.99718
38575 -2 -1.99718
38576 -1.98 -1.99718
38577 -2 -1.99718
38578 -2 -1.99718
38579 -2 -1.99718
38580 -2 -1.99718
38581 -2 -1.99718
38582 -2 -1.99718
38583 -2 -1.99718
38584 -2 -1.99718
38585 -2 -1.99718
38586 -2 -1.99718
38587 -2 -1.99718
38588 -2 -1.99718
38589 -2 -1.99718
38590 -2 -1.99718
38591 -2 -1.99718
38592 -2 -1.99718
38593 -2 -1.99718
38594 -2 -1.99718
38595 -2 -1.99718
38596 -2 -1.99718
38597 -2 -1.99718
38598 -2 -1.99718
38599 -2 -1.99718
38600 -2 -1.99718
38601 -2 -1.99718
38602 -2 -1.99718
38603 -2 -1.99718
38604 -2 -1.99718
38605 -2 -1.99718
38606 -2 -1.99718
38607 -2 -1.99718
38608 -2 -1.99718
38609 -2 -1.99718
38610 -2 -1.99718
38611 -2 -1.99718
38612 -1.98 -1.99718
38613 -1.98 -1.99718
38614 -1.98 -1.99718
38615 -2 -1.99718
38616 -2 -1.99718
38617 -2 -1.99718
38618 -2 -1.99718
38619 -1.98 -1.99718
38620 -2 -1.99718
38621 -2 -1.99718
38622 -2 -1.99718
38623 -2 -1.99718
38624 -2 -1.99718
38625 -2 -1.99718
38626 -2 -1.99718
38627 -2 -1.99718
38628 -2 -1.99718
38629 -2 -1.99718
38630 -2 -1.99718
38631 -2 -1.99718
38632 -2 -1.99718
38633 -1.98 -1.99718
38634 -2 -1.99718
38635 -2 -1.99718
38636 -2 -1.99718
38637 -2 -1.99718
38638 -2 -1.99718
38639 -2 -1.99718
38640 -2 -1.99718
38641 -2 -1.99718
38642 -2 -1.99718
38643 -2 -1.99718
38644 -2 -1.99718
38645 -2 -1.99718
38646 -2 -1.99718
38647 -2 -1.99718
38648 -2 -1.99718
38649 -1.98 -1.99718
38650 -2 -1.99718
38651 -2 -1.99718
38652 -2 -1.99718
38653 -2 -1.99718
38654 -2 -1.99718
38655 -2 -1.99718
38656 -2 -1.99718
38657 -1.98 -1.99718
38658 -2 -1.99718
38659 -1.98 -1.99718
38660 -2 -1.99718
38661 -2 -1.99718
38662 -2 -1.99718
38663 -1.98 -1.99718
38664 -2 -1.99718
38665 -2 -1.99718
38666 -2 -1.99718
38667 -2 -1.99718
38668 -2 -1.99718
38669 -2 -1.99718
38670 -2 -1.99718
38671 -2 -1.99718
38672 -2 -1.99718
38673 -1.96 -1.99718
38674 -2 -1.99718
38675 -2 -1.99718
38676 -2 -1.99718
38677 -2 -1.99718
38678 -2 -1.99718
38679 -2 -1.99718
38680 -2 -1.99718
38681 -2 -1.99718
38682 -2 -1.99718
38683 -2 -1.99718
38684 -2 -1.99718
38685 -2 -1.99718
38686 -2 -1.99718
38687 -2 -1.99718
38688 -2 -1.99718
38689 -2 -1.99718
38690 -2 -1.99718
38691 -2 -1.99718
38692 -2 -1.99718
38693 -2 -1.99718
38694 -2 -1.99718
38695 -2 -1.99718
38696 -2 -1.99718
38697 -2 -1.99718
38698 -2 -1.99718
38699 -2 -1.99718
38700 -2 -1.99718
38701 -2 -1.99718
38702 -2 -1.99718
38703 -2 -1.99718
38704 -2 -1.99718
38705 -2 -1.99718
38706 -1.98 -1.99718
38707 -1.96 -1.99718
38708 -1.98 -1.99718
38709 -2 -1.99718
38710 -2 -1.99718
38711 -2 -1.99718
38712 -2 -1.99718
38713 -2 -1.99718
38714 -2 -1.99718
38715 -2 -1.99718
38716 -2 -1.99718
38717 -2 -1.99718
38718 -2 -1.99718
38719 -2 -1.99718
38720 -2 -1.99718
38721 -2 -1.99718
38722 -2 -1.99718
38723 -2 -1.99718
38724 -2 -1.99718
38725 -2 -1.99718
38726 -2 -1.99718
38727 -2 -1.99718
38728 -2 -1.99718
38729 -2 -1.99718
38730 -2 -1.99718
38731 -2 -1.99718
38732 -2 -1.99718
38733 -2 -1.99718
38734 -2 -1.99718
38735 -2 -1.99718
38736 -2 -1.99718
38737 -2 -1.99718
38738 -2 -1.99718
38739 -2 -1.99718
38740 -1.98 -1.99718
38741 -1.97 -1.99718
38742 -2 -1.99718
38743 -2 -1.99718
38744 -2 -1.99718
38745 -2 -1.99718
38746 -2 -1.99718
38747 -2 -1.99718
38748 -2 -1.99718
38749 -2 -1.99718
38750 -2 -1.99718
38751 -2 -1.99718
38752 -2 -1.99718
38753 -1.98 -1.99718
38754 -1.98 -1.99718
38755 -1.98 -1.99718
38756 -1.98 -1.99718
38757 -2 -1.99718
38758 -2 -1.99718
38759 -2 -1.99718
38760 -2 -1.99718
38761 -2 -1.99718
38762 -2 -1.99718
38763 -1.98 -1.99718
38764 -2 -1.99718
38765 -2 -1.99718
38766 -2 -1.99718
38767 -2 -1.99718
38768 -2 -1.99718
38769 -2 -1.99718
38770 -2 -1.99718
38771 -2 -1.99718
38772 -1.98 -1.99718
38773 -2 -1.99718
38774 -2 -1.99718
38775 -2 -1.99718
38776 -2 -1.99718
38777 -2 -1.99718
38778 -2 -1.99718
38779 -1.98 -1.99718
38780 -1.98 -1.99718
38781 -2 -1.99718
38782 -2 -1.99718
38783 -2 -1.99718
38784 -2 -1.99718
38785 -2 -1.99718
38786 -1.98 -1.99718
38787 -1.98 -1.99718
38788 -1.98 -1.99718
38789 -2 -1.99718
38790 -2 -1.99718
38791 -2 -1.99718
38792 -2 -1.99718
38793 -2 -1.99718
38794 -2 -1.99718
38795 -2 -1.99718
38796 -2 -1.99718
38797 -2 -1.99718
38798 -1.98 -1.99718
38799 -2 -1.99718
38800 -1.98 -1.99718
38801 -2 -1.99718
38802 -1.98 -1.99718
38803 -1.98 -1.99718
38804 -2 -1.99718
38805 -2 -1.99718
38806 -1.98 -1.99718
38807 -2 -1.99718
38808 -2 -1.99718
38809 -2 -1.99718
38810 -2 -1.99718
38811 -2 -1.99718
38812 -2 -1.99718
38813 -2 -1.99718
38814 -2 -1.99718
38815 -2 -1.99718
38816 -2 -1.99718
38817 -2 -1.99718
38818 -1.98 -1.99718
38819 -1.98 -1.99718
38820 -2 -1.99718
38821 -2 -1.99718
38822 -2 -1.99718
38823 -2 -1.99718
38824 -1.98 -1.99718
38825 -1.98 -1.99718
38826 -1.98 -1.99718
38827 -1.98 -1.99717
38828 -1.98 -1.99717
38829 -2 -1.99717
38830 -2 -1.99717
38831 -2 -1.99717
38832 -2 -1.99717
38833 -2 -1.99717
38834 -2 -1.99717
38835 -2 -1.99717
38836 -2 -1.99717
38837 -2 -1.99717
38838 -2 -1.99718
38839 -2 -1.99718
38840 -2 -1.99718
38841 -1.98 -1.99717
38842 -2 -1.99717
38843 -2 -1.99717
38844 -2 -1.99717
38845 -2 -1.99717
38846 -2 -1.99718
38847 -2 -1.99718
38848 -2 -1.99718
38849 -2 -1.99718
38850 -2 -1.99718
38851 -2 -1.99718
38852 -2 -1.99718
38853 -2 -1.99718
38854 -2 -1.99718
38855 -2 -1.99718
38856 -2 -1.99718
38857 -2 -1.99718
38858 -2 -1.99718
38859 -2 -1.99718
38860 -2 -1.99718
38861 -2 -1.99718
38862 -2 -1.99718
38863 -2 -1.99718
38864 -2 -1.99718
38865 -2 -1.99718
38866 -2 -1.99718
38867 -2 -1.99718
38868 -2 -1.99718
38869 -2 -1.99718
38870 -2 -1.99718
38871 -2 -1.99718
38872 -2 -1.99718
38873 -2 -1.99718
38874 -2 -1.99718
38875 -2 -1.99718
38876 -2 -1.99718
38877 -2 -1.99718
38878 -1.98 -1.99718
38879 -2 -1.99718
38880 -2 -1.99718
38881 -2 -1.99718
38882 -2 -1.99718
38883 -2 -1.99718
38884 -2 -1.99718
38885 -2 -1.99718
38886 -2 -1.99718
38887 -2 -1.99718
38888 -2 -1.99718
38889 -2 -1.99718
38890 -2 -1.99718
38891 -2 -1.99718
38892 -2 -1.99718
38893 -2 -1.99718
38894 -1.98 -1.99718
38895 -2 -1.99718
38896 -2 -1.99718
38897 -2 -1.99718
38898 -2 -1.99718
38899 -2 -1.99718
38900 -2 -1.99718
38901 -2 -1.99718
38902 -2 -1.99718
38903 -2 -1.99718
38904 -2 -1.99718
38905 -2 -1.99718
38906 -2 -1.99718
38907 -2 -1.99718
38908 -2 -1.99718
38909 -2 -1.99718
38910 -2 -1.99718
38911 -2 -1.99718
38912 -2 -1.99718
38913 -1.98 -1.99718
38914 -2 -1.99718
38915 -2 -1.99718
38916 -2 -1.99718
38917 -2 -1.99718
38918 -1.97 -1.99718
38919 -2 -1.99718
38920 -2 -1.99718
38921 -2 -1.99718
38922 -2 -1.99718
38923 -2 -1.99718
38924 -2 -1.99718
38925 -1.98 -1.99718
38926 -2 -1.99718
38927 -2 -1.99718
38928 -2 -1.99718
38929 -2 -1.99718
38930 -2 -1.99718
38931 -2 -1.99718
38932 -2 -1.99718
38933 -2 -1.99718
38934 -2 -1.99718
38935 -2 -1.99718
38936 -1.98 -1.99718
38937 -1.96 -1.99718
38938 -1.98 -1.99718
38939 -1.98 -1.99718
38940 -1.98 -1.99718
38941 -2 -1.99718
38942 -2 -1.99718
38943 -1.98 -1.99718
38944 -2 -1.99718
38945 -2 -1.99718
38946 -2 -1.99718
38947 -2 -1.99718
38948 -2 -1.99718
38949 -2 -1.99718
38950 -2 -1.99718
38951 -2 -1.99718
38952 -2 -1.99718
38953 -2 -1.99718
38954 -2 -1.99718
38955 -2 -1.99718
38956 -2 -1.99718
38957 -1.98 -1.99718
38958 -2 -1.99718
38959 -1.98 -1.99718
38960 -2 -1.99718
38961 -2 -1.99718
38962 -2 -1.99718
38963 -2 -1.99718
38964 -2 -1.99718
38965 -2 -1.99718
38966 -2 -1.99718
38967 -2 -1.99718
38968 -2 -1.99718
38969 -2 -1.99718
38970 -2 -1.99718
38971 -2 -1.99718
38972 -2 -1.99718
38973 -1.98 -1.99718
38974 -1.98 -1.99718
38975 -2 -1.99718
38976 -1.98 -1.99718
38977 -2 -1.99718
38978 -2 -1.99718
38979 -2 -1.99718
38980 -2 -1.99718
38981 -2 -1.99718
38982 -2 -1.99718
38983 -2 -1.99718
38984 -2 -1.99718
38985 -1.98 -1.99718
38986 -2 -1.99718
38987 -2 -1.99718
38988 -2 -1.99718
38989 -2 -1.99718
38990 -2 -1.99718
38991 -2 -1.99718
38992 -2 -1.99718
38993 -2 -1.99718
38994 -2 -1.99718
38995 -2 -1.99718
38996 -2 -1.99718
38997 -2 -1.99718
38998 -2 -1.99718
38999 -2 -1.99718
39000 -2 -1.99718
39001 -1.98 -1.99718
39002 -1.98 -1.99718
39003 -2 -1.99718
39004 -2 -1.99718
39005 -2 -1.99718
39006 -2 -1.99718
39007 -2 -1.99718
39008 -2 -1.99718
39009 -2 -1.99718
39010 -2 -1.99718
39011 -2 -1.99718
39012 -2 -1.99718
39013 -1.97 -1.99718
39014 -1.98 -1.99718
39015 -1.98 -1.99718
39016 -1.98 -1.99717
39017 -2 -1.99717
39018 -2 -1.99717
39019 -2 -1.99717
39020 -2 -1.99717
39021 -2 -1.99717
39022 -2 -1.99717
39023 -2 -1.99718
39024 -2 -1.99718
39025 -2 -1.99718
39026 -2 -1.99718
39027 -1.98 -1.99717
39028 -1.98 -1.99717
39029 -1.96 -1.99717
39030 -2 -1.99717
39031 -2 -1.99717
39032 -2 -1.99717
39033 -2 -1.99717
39034 -2 -1.99717
39035 -2 -1.99717
39036 -2 -1.99717
39037 -2 -1.99717
39038 -2 -1.99717
39039 -2 -1.99717
39040 -2 -1.99717
39041 -1.98 -1.99717
39042 -1.98 -1.99717
39043 -1.98 -1.99717
39044 -2 -1.99717
39045 -1.96 -1.99717
39046 -1.97 -1.99717
39047 -1.98 -1.99717
39048 -1.98 -1.99717
39049 -1.98 -1.99717
39050 -1.98 -1.99717
39051 -2 -1.99717
39052 -2 -1.99717
39053 -2 -1.99717
39054 -2 -1.99717
39055 -2 -1.99717
39056 -1.98 -1.99717
39057 -1.98 -1.99717
39058 -2 -1.99717
39059 -2 -1.99717
39060 -2 -1.99717
39061 -2 -1.99717
39062 -2 -1.99717
39063 -2 -1.99717
39064 -2 -1.99717
39065 -2 -1.99717
39066 -2 -1.99717
39067 -2 -1.99717
39068 -2 -1.99717
39069 -2 -1.99717
39070 -2 -1.99717
39071 -2 -1.99717
39072 -2 -1.99717
39073 -1.98 -1.99717
39074 -1.98 -1.99717
39075 -1.98 -1.99717
39076 -1.98 -1.99717
39077 -2 -1.99717
39078 -1.98 -1.99717
39079 -1.98 -1.99717
39080 -1.97 -1.99717
39081 -2 -1.99717
39082 -2 -1.99717
39083 -2 -1.99717
39084 -1.98 -1.99717
39085 -2 -1.99717
39086 -2 -1.99717
39087 -2 -1.99717
39088 -2 -1.99717
39089 -2 -1.99717
39090 -1.98 -1.99717
39091 -1.98 -1.99717
39092 -1.98 -1.99717
39093 -2 -1.99717
39094 -2 -1.99717
39095 -2 -1.99717
39096 -2 -1.99717
39097 -2 -1.99717
39098 -2 -1.99717
39099 -2 -1.99717
39100 -2 -1.99717
39101 -2 -1.99717
39102 -2 -1.99717
39103 -2 -1.99717
39104 -2 -1.99717
39105 -2 -1.99717
39106 -2 -1.99717
39107 -2 -1.99717
39108 -2 -1.99717
39109 -2 -1.99717
39110 -2 -1.99717
39111 -2 -1.99717
39112 -2 -1.99717
39113 -2 -1.99717
39114 -2 -1.99717
39115 -2 -1.99717
39116 -2 -1.99717
39117 -2 -1.99717
39118 -2 -1.99717
39119 -2 -1.99717
39120 -2 -1.99717
39121 -2 -1.99717
39122 -2 -1.99717
39123 -2 -1.99717
39124 -2 -1.99717
39125 -2 -1.99717
39126 -1.98 -1.99717
39127 -2 -1.99717
39128 -2 -1.99717
39129 -2 -1.99717
39130 -2 -1.99717
39131 -2 -1.99717
39132 -2 -1.99717
39133 -2 -1.99717
39134 -2 -1.99717
39135 -2 -1.99717
39136 -2 -1.99717
39137 -2 -1.99717
39138 -2 -1.99717
39139 -2 -1.99717
39140 -2 -1.99717
39141 -2 -1.99717
39142 -2 -1.99717
39143 -1.98 -1.99717
39144 -1.98 -1.99717
39145 -2 -1.99717
39146 -2 -1.99717
39147 -1.98 -1.99717
39148 -2 -1.99717
39149 -2 -1.99717
39150 -2 -1.99717
39151 -2 -1.99717
39152 -2 -1.99717
39153 -2 -1.99717
39154 -2 -1.99717
39155 -2 -1.99717
39156 -2 -1.99717
39157 -2 -1.99717
39158 -2 -1.99717
39159 -2 -1.99717
39160 -2 -1.99717
39161 -2 -1.99717
39162 -1.98 -1.99717
39163 -1.98 -1.99717
39164 -1.98 -1.99717
39165 -2 -1.99717
39166 -2 -1.99717
39167 -2 -1.99717
39168 -2 -1.99717
39169 -2 -1.99717
39170 -1.98 -1.99717
39171 -1.97 -1.99717
39172 -1.98 -1.99717
39173 -1.98 -1.99717
39174 -1.98 -1.99717
39175 -1.98 -1.99716
39176 -1.98 -1.99716
39177 -2 -1.99716
39178 -2 -1.99716
39179 -2 -1.99716
39180 -2 -1.99716
39181 -1.98 -1.99716
39182 -2 -1.99716
39183 -2 -1.99716
39184 -2 -1.99716
39185 -2 -1.99716
39186 -2 -1.99716
39187 -2 -1.99716
39188 -2 -1.99716
39189 -1.98 -1.99716
39190 -2 -1.99716
39191 -2 -1.99716
39192 -2 -1.99716
39193 -2 -1.99716
39194 -2 -1.99716
39195 -2 -1.99716
39196 -2 -1.99716
39197 -2 -1.99716
39198 -2 -1.99716
39199 -2 -1.99717
39200 -2 -1.99717
39201 -2 -1.99717
39202 -2 -1.99717
39203 -2 -1.99717
39204 -2 -1.99717
39205 -2 -1.99717
39206 -2 -1.99717
39207 -2 -1.99717
39208 -1.98 -1.99717
39209 -1.98 -1.99716
39210 -1.98 -1.99716
39211 -2 -1.99716
39212 -2 -1.99716
39213 -2 -1.99716
39214 -2 -1.99716
39215 -2 -1.99716
39216 -2 -1.99716
39217 -2 -1.99716
39218 -2 -1.99716
39219 -2 -1.99716
39220 -2 -1.99717
39221 -2 -1.99717
39222 -2 -1.99717
39223 -2 -1.99717
39224 -2 -1.99717
39225 -2 -1.99717
39226 -1.98 -1.99716
39227 -2 -1.99717
39228 -2 -1.99717
39229 -2 -1.99717
39230 -2 -1.99717
39231 -2 -1.99717
39232 -2 -1.99717
39233 -2 -1.99717
39234 -2 -1.99717
39235 -2 -1.99717
39236 -1.98 -1.99717
39237 -2 -1.99717
39238 -2 -1.99717
39239 -2 -1.99717
39240 -2 -1.99717
39241 -2 -1.99717
39242 -2 -1.99717
39243 -2 -1.99717
39244 -2 -1.99717
39245 -2 -1.99717
39246 -2 -1.99717
39247 -2 -1.99717
39248 -2 -1.99717
39249 -2 -1.99717
39250 -2 -1.99717
39251 -2 -1.99717
39252 -2 -1.99717
39253 -2 -1.99717
39254 -1.98 -1.99717
39255 -1.98 -1.99717
39256 -2 -1.99717
39257 -2 -1.99717
39258 -2 -1.99717
39259 -2 -1.99717
39260 -2 -1.99717
39261 -2 -1.99717
39262 -2 -1.99717
39263 -2 -1.99717
39264 -2 -1.99717
39265 -2 -1.99717
39266 -2 -1.99717
39267 -1.98 -1.99717
39268 -2 -1.99717
39269 -2 -1.99717
39270 -2 -1.99717
39271 -2 -1.99717
39272 -2 -1.99717
39273 -2 -1.99717
39274 -2 -1.99717
39275 -2 -1.99717
39276 -2 -1.99717
39277 -2 -1.99717
39278 -2 -1.99717
39279 -2 -1.99717
39280 -2 -1.99717
39281 -2 -1.99717
39282 -2 -1.99717
39283 -2 -1.99717
39284 -2 -1.99717
39285 -2 -1.99717
39286 -1.98 -1.99717
39287 -2 -1.99717
39288 -2 -1.99717
39289 -2 -1.99717
39290 -2 -1.99717
39291 -2 -1.99717
39292 -2 -1.99717
39293 -2 -1.99717
39294 -2 -1.99717
39295 -2 -1.99717
39296 -2 -1.99717
39297 -2 -1.99717
39298 -2 -1.99717
39299 -2 -1.99717
39300 -2 -1.99717
39301 -2 -1.99717
39302 -2 -1.99717
39303 -2 -1.99717
39304 -2 -1.99717
39305 -2 -1.99717
39306 -2 -1.99717
39307 -2 -1.99717
39308 -2 -1.99717
39309 -2 -1.99717
39310 -2 -1.99717
39311 -2 -1.99717
39312 -2 -1.99717
39313 -2 -1.99717
39314 -2 -1.99717
39315 -2 -1.99717
39316 -2 -1.99717
39317 -1.98 -1.99717
39318 -2 -1.99717
39319 -2 -1.99717
39320 -2 -1.99717
39321 -1.98 -1.99717
39322 -1.98 -1.99717
39323 -2 -1.99717
39324 -2 -1.99717
39325 -1.98 -1.99717
39326 -1.98 -1.99717
39327 -2 -1.99717
39328 -2 -1.99717
39329 -2 -1.99717
39330 -2 -1.99717
39331 -2 -1.99717
39332 -2 -1.99717
39333 -2 -1.99717
39334 -2 -1.99717
39335 -2 -1.99717
39336 -2 -1.99717
39337 -2 -1.99717
39338 -1.98 -1.99717
39339 -1.98 -1.99717
39340 -2 -1.99717
39341 -2 -1.99717
39342 -2 -1.99717
39343 -2 -1.99717
39344 -2 -1.99717
39345 -2 -1.99717
39346 -2 -1.99717
39347 -2 -1.99717
39348 -2 -1.99717
39349 -2 -1.99717
39350 -2 -1.99717
39351 -2 -1.99717
39352 -2 -1.99717
39353 -2 -1.99717
39354 -2 -1.99717
39355 -2 -1.99717
39356 -2 -1.99717
39357 -2 -1.99717
39358 -2 -1.99717
39359 -2 -1.99717
39360 -2 -1.99717
39361 -2 -1.99717
39362 -1.96 -1.99717
39363 -1.96 -1.99717
39364 -2 -1.99717
39365 -1.98 -1.99717
39366 -1.98 -1.99717
39367 -2 -1.99717
39368 -2 -1.99717
39369 -2 -1.99717
39370 -2 -1.99717
39371 -2 -1.99717
39372 -2 -1.99717
39373 -2 -1.99717
39374 -2 -1.99717
39375 -2 -1.99717
39376 -1.98 -1.99717
39377 -2 -1.99717
39378 -2 -1.99717
39379 -2 -1.99717
39380 -2 -1.99717
39381 -2 -1.99717
39382 -2 -1.99717
39383 -2 -1.99717
39384 -2 -1.99717
39385 -2 -1.99717
39386 -2 -1.99717
39387 -2 -1.99717
39388 -2 -1.99717
39389 -2 -1.99717
39390 -2 -1.99717
39391 -2 -1.99717
39392 -2 -1.99717
39393 -2 -1.99717
39394 -1.98 -1.99717
39395 -2 -1.99717
39396 -2 -1.99717
39397 -2 -1.99717
39398 -1.98 -1.99717
39399 -1.98 -1.99717
39400 -2 -1.99717
39401 -2 -1.99717
39402 -1.98 -1.99717
39403 -1.98 -1.99717
39404 -2 -1.99717
39405 -2 -1.99717
39406 -2 -1.99717
39407 -1.98 -1.99717
39408 -1.98 -1.99716
39409 -1.96 -1.99716
39410 -1.96 -1.99716
39411 -1.98 -1.99716
39412 -2 -1.99716
39413 -1.98 -1.99716
39414 -1.98 -1.99716
39415 -1.98 -1.99716
39416 -2 -1.99716
39417 -2 -1.99716
39418 -2 -1.99716
39419 -2 -1.99716
39420 -2 -1.99716
39421 -1.98 -1.99716
39422 -2 -1.99716
39423 -2 -1.99716
39424 -2 -1.99716
39425 -2 -1.99716
39426 -2 -1.99716
39427 -2 -1.99716
39428 -2 -1.99716
39429 -2 -1.99716
39430 -2 -1.99716
39431 -1.98 -1.99716
39432 -2 -1.99716
39433 -2 -1.99716
39434 -2 -1.99716
39435 -2 -1.99716
39436 -2 -1.99716
39437 -2 -1.99716
39438 -2 -1.99716
39439 -2 -1.99716
39440 -1.98 -1.99716
39441 -2 -1.99716
39442 -2 -1.99716
39443 -2 -1.99716
39444 -2 -1.99716
39445 -2 -1.99716
39446 -2 -1.99716
39447 -2 -1.99716
39448 -2 -1.99716
39449 -1.98 -1.99716
39450 -2 -1.99716
39451 -2 -1.99716
39452 -2 -1.99716
39453 -2 -1.99716
39454 -2 -1.99716
39455 -2 -1.99716
39456 -2 -1.99716
39457 -2 -1.99716
39458 -2 -1.99716
39459 -2 -1.99716
39460 -2 -1.99716
39461 -2 -1.99716
39462 -2 -1.99716
39463 -2 -1.99716
39464 -2 -1.99716
39465 -2 -1.99716
39466 -2 -1.99716
39467 -2 -1.99716
39468 -2 -1.99716
39469 -2 -1.99716
39470 -2 -1.99716
39471 -2 -1.99716
39472 -2 -1.99716
39473 -2 -1.99716
39474 -2 -1.99716
39475 -2 -1.99716
39476 -2 -1.99716
39477 -2 -1.99716
39478 -2 -1.99716
39479 -2 -1.99716
39480 -2 -1.99716
39481 -2 -1.99716
39482 -2 -1.99716
39483 -2 -1.99716
39484 -2 -1.99716
39485 -2 -1.99716
39486 -2 -1.99716
39487 -1.98 -1.99716
39488 -2 -1.99716
39489 -2 -1.99716
39490 -2 -1.99716
39491 -2 -1.99716
39492 -2 -1.99716
39493 -2 -1.99716
39494 -2 -1.99716
39495 -2 -1.99716
39496 -1.98 -1.99716
39497 -2 -1.99716
39498 -2 -1.99716
39499 -2 -1.99716
39500 -2 -1.99716
39501 -2 -1.99716
39502 -2 -1.99716
39503 -2 -1.99716
39504 -2 -1.99716
39505 -2 -1.99716
39506 -2 -1.99716
39507 -2 -1.99716
39508 -2 -1.99716
39509 -2 -1.99717
39510 -2 -1.99717
39511 -2 -1.99717
39512 -2 -1.99717
39513 -2 -1.99717
39514 -2 -1.99717
39515 -2 -1.99717
39516 -2 -1.99717
39517 -2 -1.99717
39518 -2 -1.99717
39519 -2 -1.99717
39520 -2 -1.99717
39521 -2 -1.99717
39522 -2 -1.99717
39523 -2 -1.99717
39524 -1.98 -1.99717
39525 -1.98 -1.99717
39526 -2 -1.99717
39527 -2 -1.99717
39528 -2 -1.99717
39529 -2 -1.99717
39530 -2 -1.99717
39531 -2 -1.99717
39532 -2 -1.99717
39533 -2 -1.99717
39534 -2 -1.99717
39535 -2 -1.99717
39536 -2 -1.99717
39537 -2 -1.99717
39538 -1.98 -1.99717
39539 -1.98 -1.99717
39540 -2 -1.99717
39541 -2 -1.99717
39542 -2 -1.99717
39543 -1.98 -1.99716
39544 -2 -1.99717
39545 -2 -1.99717
39546 -2 -1.99717
39547 -2 -1.99717
39548 -2 -1.99717
39549 -1.98 -1.99716
39550 -1.98 -1.99716
39551 -1.98 -1.99716
39552 -1.98 -1.99716
39553 -2 -1.99716
39554 -2 -1.99716
39555 -2 -1.99716
39556 -2 -1.99716
39557 -2 -1.99716
39558 -2 -1.99716
39559 -2 -1.99716
39560 -2 -1.99716
39561 -2 -1.99716
39562 -2 -1.99716
39563 -2 -1.99716
39564 -2 -1.99716
39565 -2 -1.99716
39566 -2 -1.99716
39567 -2 -1.99716
39568 -2 -1.99716
39569 -2 -1.99716
39570 -2 -1.99716
39571 -2 -1.99716
39572 -2 -1.99716
39573 -2 -1.99717
39574 -2 -1.99717
39575 -2 -1.99717
39576 -2 -1.99717
39577 -2 -1.99717
39578 -2 -1.99717
39579 -2 -1.99717
39580 -2 -1.99717
39581 -2 -1.99717
39582 -2 -1.99717
39583 -2 -1.99717
39584 -2 -1.99717
39585 -2 -1.99717
39586 -2 -1.99717
39587 -1.98 -1.99717
39588 -2 -1.99717
39589 -2 -1.99717
39590 -2 -1.99717
39591 -2 -1.99717
39592 -2 -1.99717
39593 -2 -1.99717
39594 -2 -1.99717
39595 -2 -1.99717
39596 -2 -1.99717
39597 -2 -1.99717
39598 -2 -1.99717
39599 -2 -1.99717
39600 -2 -1.99717
39601 -2 -1.99717
39602 -2 -1.99717
39603 -1.98 -1.99717
39604 -1.96 -1.99717
39605 -1.96 -1.99716
39606 -1.98 -1.99716
39607 -2 -1.99716
39608 -1.97 -1.99716
39609 -2 -1.99716
39610 -2 -1.99716
39611 -2 -1.99716
39612 -2 -1.99716
39613 -2 -1.99716
39614 -2 -1.99716
39615 -2 -1.99716
39616 -2 -1.99716
39617 -2 -1.99716
39618 -2 -1.99716
39619 -2 -1.99716
39620 -2 -1.99716
39621 -2 -1.99716
39622 -2 -1.99716
39623 -2 -1.99716
39624 -2 -1.99716
39625 -2 -1.99716
39626 -2 -1.99716
39627 -2 -1.99716
39628 -2 -1.99716
39629 -2 -1.99716
39630 -2 -1.99716
39631 -2 -1.99716
39632 -2 -1.99716
39633 -2 -1.99717
39634 -2 -1.99717
39635 -2 -1.99717
39636 -2 -1.99717
39637 -2 -1.99717
39638 -2 -1.99717
39639 -2 -1.99717
39640 -2 -1.99717
39641 -2 -1.99717
39642 -2 -1.99717
39643 -2 -1.99717
39644 -2 -1.99717
39645 -2 -1.99717
39646 -2 -1.99717
39647 -2 -1.99717
39648 -1.98 -1.99717
39649 -2 -1.99717
39650 -1.98 -1.99717
39651 -1.98 -1.99716
39652 -1.98 -1.99716
39653 -1.97 -1.99716
39654 -1.98 -1.99716
39655 -2 -1.99716
39656 -1.98 -1.99716
39657 -2 -1.99716
39658 -2 -1.99716
39659 -2 -1.99716
39660 -1.98 -1.99716
39661 -1.98 -1.99716
39662 -2 -1.99716
39663 -1.96 -1.99716
39664 -1.98 -1.99716
39665 -2 -1.99716
39666 -1.98 -1.99716
39667 -2 -1.99716
39668 -2 -1.99716
39669 -2 -1.99716
39670 -2 -1.99716
39671 -2 -1.99716
39672 -2 -1.99716
39673 -2 -1.99716
39674 -2 -1.99716
39675 -2 -1.99716
39676 -2 -1.99716
39677 -2 -1.99716
39678 -2 -1.99716
39679 -2 -1.99716
39680 -2 -1.99716
39681 -2 -1.99716
39682 -2 -1.99716
39683 -1.98 -1.99716
39684 -2 -1.99716
39685 -2 -1.99716
39686 -2 -1.99716
39687 -2 -1.99716
39688 -2 -1.99716
39689 -1.98 -1.99716
39690 -1.98 -1.99716
39691 -2 -1.99716
39692 -2 -1.99716
39693 -2 -1.99716
39694 -2 -1.99716
39695 -2 -1.99716
39696 -2 -1.99716
39697 -2 -1.99716
39698 -1.98 -1.99716
39699 -1.98 -1.99716
39700 -2 -1.99716
39701 -2 -1.99716
39702 -2 -1.99716
39703 -2 -1.99716
39704 -2 -1.99716
39705 -2 -1.99716
39706 -2 -1.99716
39707 -2 -1.99716
39708 -2 -1.99716
39709 -2 -1.99716
39710 -2 -1.99716
39711 -2 -1.99716
39712 -2 -1.99716
39713 -2 -1.99716
39714 -2 -1.99716
39715 -2 -1.99716
39716 -2 -1.99716
39717 -2 -1.99716
39718 -2 -1.99716
39719 -2 -1.99716
39720 -2 -1.99716
39721 -2 -1.99716
39722 -2 -1.99716
39723 -2 -1.99716
39724 -2 -1.99716
39725 -2 -1.99716
39726 -2 -1.99716
39727 -2 -1.99716
39728 -2 -1.99716
39729 -2 -1.99716
39730 -1.98 -1.99716
39731 -1.98 -1.99716
39732 -1.98 -1.99716
39733 -2 -1.99716
39734 -2 -1.99716
39735 -2 -1.99716
39736 -2 -1.99716
39737 -1.98 -1.99716
39738 -1.98 -1.99716
39739 -2 -1.99716
39740 -2 -1.99716
39741 -2 -1.99716
39742 -2 -1.99716
39743 -2 -1.99716
39744 -2 -1.99716
39745 -2 -1.99716
39746 -2 -1.99716
39747 -2 -1.99716
39748 -1.98 -1.99716
39749 -1.98 -1.99716
39750 -2 -1.99716
39751 -2 -1.99716
39752 -1.98 -1.99716
39753 -1.98 -1.99716
39754 -2 -1.99716
39755 -2 -1.99716
39756 -2 -1.99716
39757 -2 -1.99716
39758 -2 -1.99716
39759 -2 -1.99716
39760 -2 -1.99716
39761 -2 -1.99716
39762 -2 -1.99716
39763 -2 -1.99716
39764 -2 -1.99716
39765 -2 -1.99716
39766 -2 -1.99716
39767 -2 -1.99716
39768 -2 -1.99716
39769 -2 -1.99716
39770 -2 -1.99716
39771 -2 -1.99716
39772 -2 -1.99716
39773 -2 -1.99716
39774 -2 -1.99716
39775 -2 -1.99716
39776 -2 -1.99716
39777 -2 -1.99716
39778 -2 -1.99716
39779 -2 -1.99716
39780 -2 -1.99716
39781 -2 -1.99716
39782 -2 -1.99716
39783 -2 -1.99716
39784 -2 -1.99716
39785 -2 -1.99716
39786 -2 -1.99716
39787 -2 -1.99716
39788 -1.98 -1.99716
39789 -2 -1.99716
39790 -2 -1.99716
39791 -2 -1.99716
39792 -2 -1.99716
39793 -2 -1.99716
39794 -2 -1.99716
39795 -2 -1.99716
39796 -2 -1.99716
39797 -2 -1.99716
39798 -2 -1.99716
39799 -2 -1.99716
39800 -1.98 -1.99716
39801 -1.96 -1.99716
39802 -1.98 -1.99716
39803 -1.98 -1.99716
39804 -1.98 -1.99716
39805 -2 -1.99716
39806 -2 -1.99716
39807 -2 -1.99716
39808 -2 -1.99716
39809 -2 -1.99716
39810 -2 -1.99716
39811 -2 -1.99716
39812 -2 -1.99716
39813 -2 -1.99716
39814 -2 -1.99716
39815 -2 -1.99716
39816 -2 -1.99716
39817 -2 -1.99716
39818 -2 -1.99716
39819 -2 -1.99716
39820 -2 -1.99716
39821 -2 -1.99716
39822 -2 -1.99716
39823 -2 -1.99716
39824 -2 -1.99716
39825 -2 -1.99716
39826 -2 -1.99716
39827 -2 -1.99716
39828 -2 -1.99716
39829 -2 -1.99716
39830 -2 -1.99716
39831 -2 -1.99716
39832 -2 -1.99716
39833 -2 -1.99716
39834 -2 -1.99716
39835 -1.98 -1.99716
39836 -2 -1.99716
39837 -1.98 -1.99716
39838 -2 -1.99716
39839 -2 -1.99716
39840 -2 -1.99716
39841 -1.98 -1.99716
39842 -2 -1.99716
39843 -2 -1.99716
39844 -2 -1.99716
39845 -2 -1.99716
39846 -1.98 -1.99716
39847 -2 -1.99716
39848 -2 -1.99716
39849 -1.98 -1.99716
39850 -2 -1.99716
39851 -2 -1.99716
39852 -1.98 -1.99716
39853 -2 -1.99716
39854 -2 -1.99716
39855 -2 -1.99716
39856 -2 -1.99716
39857 -2 -1.99716
39858 -2 -1.99716
39859 -2 -1.99716
39860 -2 -1.99716
39861 -2 -1.99716
39862 -2 -1.99716
39863 -2 -1.99716
39864 -1.96 -1.99716
39865 -2 -1.99716
39866 -2 -1.99716
39867 -2 -1.99716
39868 -2 -1.99716
39869 -2 -1.99716
39870 -2 -1.99716
39871 -2 -1.99716
39872 -2 -1.99716
39873 -2 -1.99716
39874 -2 -1.99716
39875 -2 -1.99716
39876 -1.98 -1.99716
39877 -2 -1.99716
39878 -2 -1.99716
39879 -2 -1.99716
39880 -2 -1.99716
39881 -2 -1.99716
39882 -2 -1.99716
39883 -2 -1.99716
39884 -2 -1.99716
39885 -2 -1.99716
39886 -2 -1.99716
39887 -2 -1.99716
39888 -2 -1.99716
39889 -2 -1.99716
39890 -2 -1.99716
39891 -2 -1.99716
39892 -1.98 -1.99716
39893 -1.98 -1.99716
39894 -1.98 -1.99716
39895 -2 -1.99716
39896 -2 -1.99716
39897 -2 -1.99716
39898 -2 -1.99716
39899 -2 -1.99716
39900 -2 -1.99716
39901 -2 -1.99716
39902 -2 -1.99716
39903 -2 -1.99716
39904 -2 -1.99716
39905 -2 -1.99716
39906 -2 -1.99716
39907 -1.98 -1.99716
39908 -2 -1.99716
39909 -2 -1.99716
39910 -1.98 -1.99716
39911 -2 -1.99716
39912 -2 -1.99716
39913 -2 -1.99716
39914 -2 -1.99716
39915 -2 -1.99716
39916 -2 -1.99716
39917 -2 -1.99716
39918 -2 -1.99716
39919 -1.98 -1.99716
39920 -1.98 -1.99716
39921 -2 -1.99716
39922 -2 -1.99716
39923 -2 -1.99716
39924 -2 -1.99716
39925 -2 -1.99716
39926 -2 -1.99716
39927 -2 -1.99716
39928 -2 -1.99716
39929 -2 -1.99716
39930 -2 -1.99716
39931 -2 -1.99716
39932 -2 -1.99716
39933 -1.98 -1.99716
39934 -1.98 -1.99716
39935 -2 -1.99716
39936 -2 -1.99716
39937 -2 -1.99716
39938 -2 -1.99716
39939 -2 -1.99716
39940 -2 -1.99716
39941 -2 -1.99716
39942 -2 -1.99716
39943 -2 -1.99716
39944 -2 -1.99716
39945 -2 -1.99716
39946 -2 -1.99716
39947 -2 -1.99716
39948 -1.98 -1.99716
39949 -2 -1.99716
39950 -2 -1.99716
39951 -2 -1.99716
39952 -2 -1.99716
39953 -2 -1.99716
39954 -2 -1.99716
39955 -2 -1.99716
39956 -1.98 -1.99716
39957 -2 -1.99716
39958 -2 -1.99716
39959 -2 -1.99716
39960 -2 -1.99716
39961 -2 -1.99716
39962 -2 -1.99716
39963 -2 -1.99716
39964 -2 -1.99716
39965 -2 -1.99716
39966 -2 -1.99716
39967 -2 -1.99716
39968 -2 -1.99716
39969 -2 -1.99716
39970 -2 -1.99716
39971 -2 -1.99716
39972 -2 -1.99716
39973 -2 -1.99716
39974 -2 -1.99716
39975 -2 -1.99716
39976 -2 -1.99716
39977 -2 -1.99716
39978 -2 -1.99716
39979 -2 -1.99716
39980 -2 -1.99716
39981 -2 -1.99716
39982 -2 -1.99716
39983 -2 -1.99716
39984 -2 -1.99716
39985 -2 -1.99716
39986 -2 -1.99716
39987 -2 -1.99716
39988 -2 -1.99716
39989 -2 -1.99716
39990 -1.98 -1.99716
39991 -2 -1.99716
39992 -2 -1.99716
39993 -2 -1.99716
39994 -2 -1.99716
39995 -2 -1.99716
39996 -2 -1.99716
39997 -2 -1.99716
39998 -2 -1.99716
39999 -2 -1.99716
40000 -2 -1.99716
40001 -2 -1.99716
40002 -2 -1.99716
40003 -2 -1.99716
40004 -2 -1.99716
40005 -2 -1.99716
40006 -2 -1.99716
40007 -2 -1.99716
40008 -2 -1.99716
40009 -2 -1.99716
40010 -1.98 -1.99716
40011 -2 -1.99716
40012 -2 -1.99716
40013 -2 -1.99716
40014 -2 -1.99716
40015 -2 -1.99716
40016 -2 -1.99716
40017 -2 -1.99716
40018 -2 -1.99716
40019 -2 -1.99716
40020 -2 -1.99716
40021 -2 -1.99716
40022 -2 -1.99716
40023 -2 -1.99716
40024 -2 -1.99716
40025 -2 -1.99716
40026 -2 -1.99716
40027 -2 -1.99716
40028 -2 -1.99716
40029 -2 -1.99716
40030 -2 -1.99716
40031 -2 -1.99717
40032 -2 -1.99717
40033 -2 -1.99717
40034 -2 -1.99717
40035 -2 -1.99717
40036 -2 -1.99717
40037 -2 -1.99717
40038 -2 -1.99717
40039 -2 -1.99717
40040 -2 -1.99717
40041 -2 -1.99717
40042 -2 -1.99717
40043 -2 -1.99717
40044 -2 -1.99717
40045 -2 -1.99717
40046 -2 -1.99717
40047 -2 -1.99717
40048 -2 -1.99717
40049 -2 -1.99717
40050 -2 -1.99717
40051 -2 -1.99717
40052 -2 -1.99717
40053 -2 -1.99717
40054 -2 -1.99717
40055 -2 -1.99717
40056 -2 -1.99717
40057 -2 -1.99717
40058 -2 -1.99717
40059 -2 -1.99717
40060 -2 -1.99717
40061 -2 -1.99717
40062 -2 -1.99717
40063 -2 -1.99717
40064 -2 -1.99717
40065 -2 -1.99717
40066 -2 -1.99717
40067 -2 -1.99717
40068 -2 -1.99717
40069 -1.98 -1.99717
40070 -2 -1.99717
40071 -2 -1.99717
40072 -2 -1.99717
40073 -2 -1.99717
40074 -1.98 -1.99717
40075 -2 -1.99717
40076 -2 -1.99717
40077 -2 -1.99717
40078 -2 -1.99717
40079 -2 -1.99717
40080 -2 -1.99717
40081 -2 -1.99717
40082 -1.98 -1.99717
40083 -1.98 -1.99717
40084 -2 -1.99717
40085 -2 -1.99717
40086 -2 -1.99717
40087 -2 -1.99717
40088 -2 -1.99717
40089 -2 -1.99717
40090 -2 -1.99717
40091 -2 -1.99717
40092 -2 -1.99717
40093 -1.98 -1.99717
40094 -1.98 -1.99717
40095 -1.98 -1.99717
40096 -2 -1.99717
40097 -2 -1.99717
40098 -2 -1.99717
40099 -2 -1.99717
40100 -2 -1.99717
40101 -2 -1.99717
40102 -2 -1.99717
40103 -2 -1.99717
40104 -1.98 -1.99717
40105 -1.98 -1.99717
40106 -1.98 -1.99717
40107 -2 -1.99717
40108 -1.96 -1.99716
40109 -1.98 -1.99716
40110 -1.98 -1.99716
40111 -2 -1.99716
40112 -2 -1.99716
40113 -2 -1.99716
40114 -2 -1.99716
40115 -2 -1.99716
40116 -2 -1.99716
40117 -2 -1.99716
40118 -2 -1.99716
40119 -2 -1.99716
40120 -2 -1.99716
40121 -2 -1.99716
40122 -2 -1.99716
40123 -1.98 -1.99716
40124 -1.96 -1.99716
40125 -2 -1.99716
40126 -2 -1.99716
40127 -2 -1.99716
40128 -2 -1.99716
40129 -2 -1.99716
40130 -2 -1.99716
40131 -2 -1.99716
40132 -2 -1.99716
40133 -2 -1.99716
40134 -2 -1.99716
40135 -2 -1.99716
40136 -2 -1.99716
40137 -2 -1.99716
40138 -2 -1.99716
40139 -2 -1.99716
40140 -1.98 -1.99716
40141 -2 -1.99716
40142 -2 -1.99716
40143 -2 -1.99716
40144 -2 -1.99716
40145 -2 -1.99716
40146 -2 -1.99716
40147 -2 -1.99716
40148 -2 -1.99716
40149 -2 -1.99716
40150 -2 -1.99716
40151 -2 -1.99716
40152 -2 -1.99716
40153 -2 -1.99716
40154 -2 -1.99716
40155 -2 -1.99716
40156 -2 -1.99716
40157 -2 -1.99716
40158 -2 -1.99717
40159 -2 -1.99717
40160 -2 -1.99717
40161 -2 -1.99717
40162 -2 -1.99717
40163 -2 -1.99717
40164 -2 -1.99717
40165 -2 -1.99717
40166 -2 -1.99717
40167 -2 -1.99717
40168 -2 -1.99717
40169 -2 -1.99717
40170 -2 -1.99717
40171 -2 -1.99717
40172 -2 -1.99717
40173 -2 -1.99717
40174 -2 -1.99717
40175 -2 -1.99717
40176 -2 -1.99717
40177 -2 -1.99717
40178 -2 -1.99717
40179 -2 -1.99717
40180 -2 -1.99717
40181 -2 -1.99717
40182 -2 -1.99717
40183 -2 -1.99717
40184 -2 -1.99717
40185 -2 -1.99717
40186 -2 -1.99717
40187 -2 -1.99717
40188 -2 -1.99717
40189 -2 -1.99717
40190 -2 -1.99717
40191 -2 -1.99717
40192 -2 -1.99717
40193 -2 -1.99717
40194 -2 -1.99717
40195 -2 -1.99717
40196 -2 -1.99717
40197 -2 -1.99717
40198 -2 -1.99717
40199 -2 -1.99717
40200 -2 -1.99717
40201 -2 -1.99717
40202 -2 -1.99717
40203 -2 -1.99717
40204 -2 -1.99717
40205 -2 -1.99717
40206 -2 -1.99717
40207 -2 -1.99717
40208 -2 -1.99717
40209 -2 -1.99717
40210 -2 -1.99717
40211 -2 -1.99717
40212 -2 -1.99717
40213 -2 -1.99717
40214 -2 -1.99717
40215 -2 -1.99717
40216 -2 -1.99717
40217 -2 -1.99717
40218 -1.98 -1.99717
40219 -2 -1.99717
40220 -2 -1.99717
40221 -2 -1.99717
40222 -2 -1.99717
40223 -1.98 -1.99717
40224 -1.98 -1.99717
40225 -2 -1.99717
40226 -2 -1.99717
40227 -2 -1.99717
40228 -2 -1.99717
40229 -2 -1.99717
40230 -2 -1.99717
40231 -2 -1.99717
40232 -2 -1.99717
40233 -2 -1.99717
40234 -2 -1.99717
40235 -2 -1.99717
40236 -1.98 -1.99717
40237 -2 -1.99717
40238 -1.98 -1.99717
40239 -2 -1.99717
40240 -2 -1.99717
40241 -2 -1.99717
40242 -2 -1.99717
40243 -2 -1.99717
40244 -2 -1.99717
40245 -2 -1.99717
40246 -2 -1.99717
40247 -2 -1.99717
40248 -2 -1.99717
40249 -2 -1.99717
40250 -2 -1.99717
40251 -2 -1.99717
40252 -2 -1.99717
40253 -2 -1.99717
40254 -2 -1.99717
40255 -2 -1.99717
40256 -2 -1.99717
40257 -2 -1.99717
40258 -1.98 -1.99717
40259 -1.98 -1.99717
40260 -1.98 -1.99717
40261 -1.98 -1.99717
40262 -1.98 -1.99717
40263 -1.97 -1.99717
40264 -2 -1.99717
40265 -1.96 -1.99717
40266 -2 -1.99717
40267 -2 -1.99717
40268 -2 -1.99717
40269 -2 -1.99717
40270 -2 -1.99717
40271 -1.98 -1.99717
40272 -2 -1.99717
40273 -2 -1.99717
40274 -2 -1.99717
40275 -2 -1.99717
40276 -2 -1.99717
40277 -2 -1.99717
40278 -2 -1.99717
40279 -2 -1.99717
40280 -2 -1.99717
40281 -2 -1.99717
40282 -1.98 -1.99717
40283 -2 -1.99717
40284 -2 -1.99717
40285 -2 -1.99717
40286 -2 -1.99717
40287 -2 -1.99717
40288 -2 -1.99717
40289 -2 -1.99717
40290 -2 -1.99717
40291 -2 -1.99717
40292 -2 -1.99717
40293 -2 -1.99717
40294 -2 -1.99717
40295 -2 -1.99717
40296 -2 -1.99717
40297 -2 -1.99717
40298 -1.98 -1.99717
40299 -2 -1.99717
40300 -2 -1.99717
40301 -2 -1.99717
40302 -2 -1.99717
40303 -2 -1.99717
40304 -2 -1.99717
40305 -2 -1.99717
40306 -2 -1.99717
40307 -2 -1.99717
40308 -2 -1.99717
40309 -1.96 -1.99717
40310 -2 -1.99717
40311 -2 -1.99717
40312 -2 -1.99717
40313 -2 -1.99717
40314 -2 -1.99717
40315 -2 -1.99717
40316 -2 -1.99717
40317 -2 -1.99717
40318 -2 -1.99717
40319 -2 -1.99717
40320 -2 -1.99717
40321 -2 -1.99717
40322 -2 -1.99717
40323 -2 -1.99717
40324 -2 -1.99717
40325 -2 -1.99717
40326 -2 -1.99717
40327 -2 -1.99717
40328 -2 -1.99717
40329 -2 -1.99717
40330 -2 -1.99717
40331 -2 -1.99717
40332 -2 -1.99717
40333 -2 -1.99717
40334 -2 -1.99717
40335 -2 -1.99717
40336 -2 -1.99717
40337 -2 -1.99717
40338 -2 -1.99717
40339 -2 -1.99717
40340 -2 -1.99717
40341 -2 -1.99717
40342 -2 -1.99717
40343 -2 -1.99717
40344 -2 -1.99717
40345 -2 -1.99717
40346 -2 -1.99717
40347 -2 -1.99717
40348 -2 -1.99717
40349 -2 -1.99717
40350 -2 -1.99717
40351 -2 -1.99717
40352 -2 -1.99717
40353 -2 -1.99717
40354 -2 -1.99717
40355 -2 -1.99717
40356 -2 -1.99717
40357 -2 -1.99717
40358 -2 -1.99717
40359 -1.98 -1.99717
40360 -2 -1.99717
40361 -2 -1.99717
40362 -2 -1.99717
40363 -2 -1.99717
40364 -2 -1.99717
40365 -2 -1.99717
40366 -2 -1.99717
40367 -2 -1.99717
40368 -2 -1.99717
40369 -2 -1.99717
40370 -2 -1.99717
40371 -2 -1.99717
40372 -2 -1.99717
40373 -1.98 -1.99717
40374 -1.96 -1.99717
40375 -1.98 -1.99717
40376 -2 -1.99717
40377 -2 -1.99717
40378 -2 -1.99717
40379 -2 -1.99717
40380 -2 -1.99717
40381 -2 -1.99717
40382 -2 -1.99717
40383 -2 -1.99717
40384 -2 -1.99717
40385 -2 -1.99717
40386 -2 -1.99717
40387 -2 -1.99717
40388 -2 -1.99717
40389 -2 -1.99717
40390 -2 -1.99717
40391 -2 -1.99717
40392 -2 -1.99717
40393 -2 -1.99717
40394 -2 -1.99717
40395 -2 -1.99717
40396 -2 -1.99717
40397 -2 -1.99717
40398 -2 -1.99717
40399 -2 -1.99717
40400 -2 -1.99717
40401 -2 -1.99717
40402 -2 -1.99717
40403 -2 -1.99717
40404 -2 -1.99717
40405 -2 -1.99717
40406 -2 -1.99717
40407 -2 -1.99717
40408 -2 -1.99717
40409 -2 -1.99717
40410 -2 -1.99717
40411 -2 -1.99717
40412 -2 -1.99717
40413 -2 -1.99717
40414 -1.98 -1.99717
40415 -2 -1.99717
40416 -2 -1.99717
40417 -2 -1.99717
40418 -2 -1.99717
40419 -2 -1.99717
40420 -2 -1.99717
40421 -2 -1.99717
40422 -2 -1.99717
40423 -2 -1.99717
40424 -2 -1.99717
40425 -2 -1.99717
40426 -2 -1.99717
40427 -2 -1.99717
40428 -2 -1.99717
40429 -1.98 -1.99717
40430 -2 -1.99717
40431 -2 -1.99717
40432 -2 -1.99717
40433 -2 -1.99717
40434 -2 -1.99717
40435 -2 -1.99717
40436 -2 -1.99717
40437 -2 -1.99717
40438 -2 -1.99717
40439 -2 -1.99717
40440 -2 -1.99717
40441 -2 -1.99717
40442 -2 -1.99717
40443 -2 -1.99717
40444 -2 -1.99717
40445 -1.98 -1.99717
40446 -1.98 -1.99717
40447 -2 -1.99717
40448 -2 -1.99717
40449 -2 -1.99717
40450 -2 -1.99717
40451 -2 -1.99717
40452 -2 -1.99717
40453 -2 -1.99717
40454 -2 -1.99717
40455 -2 -1.99717
40456 -2 -1.99717
40457 -2 -1.99717
40458 -2 -1.99717
40459 -2 -1.99717
40460 -2 -1.99717
40461 -2 -1.99717
40462 -2 -1.99717
40463 -2 -1.99717
40464 -2 -1.99717
40465 -2 -1.99717
40466 -2 -1.99717
40467 -2 -1.99717
40468 -2 -1.99717
40469 -2 -1.99717
40470 -1.98 -1.99717
40471 -1.98 -1.99717
40472 -1.98 -1.99717
40473 -2 -1.99717
40474 -2 -1.99717
40475 -2 -1.99717
40476 -2 -1.99717
40477 -2 -1.99717
40478 -2 -1.99717
40479 -2 -1.99717
40480 -2 -1.99717
40481 -2 -1.99717
40482 -2 -1.99717
40483 -2 -1.99717
40484 -2 -1.99717
40485 -2 -1.99717
40486 -2 -1.99717
40487 -2 -1.99717
40488 -2 -1.99717
40489 -2 -1.99717
40490 -2 -1.99717
40491 -1.98 -1.99717
40492 -2 -1.99717
40493 -2 -1.99717
40494 -2 -1.99717
40495 -2 -1.99717
40496 -2 -1.99717
40497 -2 -1.99717
40498 -2 -1.99717
40499 -2 -1.99717
40500 -2 -1.99717
40501 -2 -1.99717
40502 -2 -1.99717
40503 -2 -1.99717
40504 -2 -1.99717
40505 -2 -1.99717
40506 -2 -1.99717
40507 -1.98 -1.99717
40508 -2 -1.99717
40509 -2 -1.99717
40510 -2 -1.99717
40511 -2 -1.99717
40512 -2 -1.99717
40513 -2 -1.99717
40514 -2 -1.99717
40515 -2 -1.99717
40516 -2 -1.99717
40517 -1.98 -1.99717
40518 -2 -1.99717
40519 -2 -1.99717
40520 -2 -1.99717
40521 -2 -1.99717
40522 -2 -1.99717
40523 -2 -1.99717
40524 -2 -1.99717
40525 -2 -1.99717
40526 -2 -1.99717
40527 -2 -1.99717
40528 -2 -1.99717
40529 -2 -1.99717
40530 -2 -1.99717
40531 -2 -1.99717
40532 -2 -1.99717
40533 -2 -1.99717
40534 -2 -1.99717
40535 -2 -1.99717
40536 -2 -1.99717
40537 -2 -1.99717
40538 -2 -1.99718
40539 -2 -1.99718
40540 -2 -1.99718
40541 -2 -1.99718
40542 -2 -1.99718
40543 -2 -1.99718
40544 -2 -1.99718
40545 -2 -1.99718
40546 -2 -1.99718
40547 -2 -1.99718
40548 -2 -1.99718
40549 -2 -1.99718
40550 -2 -1.99718
40551 -2 -1.99718
40552 -2 -1.99718
40553 -2 -1.99718
40554 -2 -1.99718
40555 -2 -1.99718
40556 -1.98 -1.99718
40557 -2 -1.99718
40558 -2 -1.99718
40559 -2 -1.99718
40560 -1.98 -1.99718
40561 -1.98 -1.99718
40562 -1.98 -1.99717
40563 -2 -1.99717
40564 -2 -1.99717
40565 -2 -1.99717
40566 -2 -1.99718
40567 -2 -1.99718
40568 -2 -1.99718
40569 -2 -1.99718
40570 -2 -1.99718
40571 -2 -1.99718
40572 -2 -1.99718
40573 -2 -1.99718
40574 -2 -1.99718
40575 -1.98 -1.99718
40576 -1.98 -1.99717
40577 -2 -1.99717
40578 -2 -1.99717
40579 -2 -1.99717
40580 -2 -1.99718
40581 -2 -1.99718
40582 -2 -1.99718
40583 -2 -1.99718
40584 -1.98 -1.99717
40585 -1.96 -1.99717
40586 -1.98 -1.99717
40587 -1.98 -1.99717
40588 -2 -1.99717
40589 -2 -1.99717
40590 -1.98 -1.99717
40591 -2 -1.99717
40592 -2 -1.99717
40593 -2 -1.99717
40594 -2 -1.99717
40595 -2 -1.99717
40596 -1.98 -1.99717
40597 -2 -1.99717
40598 -2 -1.99717
40599 -2 -1.99717
40600 -2 -1.99717
40601 -2 -1.99717
40602 -2 -1.99717
40603 -2 -1.99717
40604 -2 -1.99717
40605 -2 -1.99717
40606 -2 -1.99717
40607 -2 -1.99717
40608 -2 -1.99717
40609 -2 -1.99717
40610 -2 -1.99717
40611 -2 -1.99717
40612 -2 -1.99717
40613 -1.98 -1.99717
40614 -2 -1.99717
40615 -2 -1.99717
40616 -2 -1.99717
40617 -2 -1.99717
40618 -2 -1.99717
40619 -2 -1.99717
40620 -2 -1.99717
40621 -2 -1.99717
40622 -2 -1.99717
40623 -2 -1.99717
40624 -2 -1.99717
40625 -2 -1.99717
40626 -2 -1.99717
40627 -2 -1.99717
40628 -2 -1.99717
40629 -2 -1.99717
40630 -2 -1.99717
40631 -2 -1.99717
40632 -2 -1.99717
40633 -2 -1.99717
40634 -2 -1.99717
40635 -2 -1.99717
40636 -2 -1.99717
40637 -2 -1.99718
40638 -2 -1.99718
40639 -2 -1.99718
40640 -2 -1.99718
40641 -2 -1.99718
40642 -2 -1.99718
40643 -1.98 -1.99717
40644 -1.98 -1.99717
40645 -2 -1.99717
40646 -2 -1.99717
40647 -2 -1.99717
40648 -2 -1.99717
40649 -2 -1.99717
40650 -2 -1.99717
40651 -2 -1.99718
40652 -2 -1.99718
40653 -2 -1.99718
40654 -2 -1.99718
40655 -2 -1.99718
40656 -2 -1.99718
40657 -2 -1.99718
40658 -2 -1.99718
40659 -1.98 -1.99718
40660 -1.98 -1.99717
40661 -2 -1.99717
40662 -2 -1.99717
40663 -2 -1.99717
40664 -2 -1.99717
40665 -2 -1.99718
40666 -2 -1.99718
40667 -2 -1.99718
40668 -2 -1.99718
40669 -2 -1.99718
40670 -2 -1.99718
40671 -2 -1.99718
40672 -2 -1.99718
40673 -2 -1.99718
40674 -2 -1.99718
40675 -2 -1.99718
40676 -2 -1.99718
40677 -2 -1.99718
40678 -1.98 -1.99718
40679 -2 -1.99718
40680 -2 -1.99718
40681 -2 -1.99718
40682 -2 -1.99718
40683 -2 -1.99718
40684 -2 -1.99718
40685 -2 -1.99718
40686 -2 -1.99718
40687 -2 -1.99718
40688 -2 -1.99718
40689 -1.98 -1.99718
40690 -1.98 -1.99718
40691 -1.98 -1.99717
40692 -1.98 -1.99717
40693 -1.98 -1.99717
40694 -1.98 -1.99717
40695 -2 -1.99717
40696 -2 -1.99717
40697 -2 -1.99717
40698 -2 -1.99717
40699 -2 -1.99717
40700 -1.98 -1.99717
40701 -2 -1.99717
40702 -2 -1.99717
40703 -2 -1.99717
40704 -2 -1.99717
40705 -2 -1.99717
40706 -2 -1.99717
40707 -2 -1.99717
40708 -2 -1.99717
40709 -2 -1.99717
40710 -2 -1.99717
40711 -1.98 -1.99717
40712 -2 -1.99717
40713 -2 -1.99717
40714 -2 -1.99717
40715 -2 -1.99717
40716 -2 -1.99717
40717 -2 -1.99717
40718 -2 -1.99717
40719 -2 -1.99717
40720 -2 -1.99717
40721 -2 -1.99717
40722 -2 -1.99717
40723 -1.98 -1.99717
40724 -1.98 -1.99717
40725 -2 -1.99717
40726 -1.98 -1.99717
40727 -1.98 -1.99717
40728 -2 -1.99717
40729 -2 -1.99717
40730 -2 -1.99717
40731 -2 -1.99717
40732 -2 -1.99717
40733 -2 -1.99717
40734 -2 -1.99717
40735 -2 -1.99717
40736 -2 -1.99717
40737 -1.98 -1.99717
40738 -1.98 -1.99717
40739 -2 -1.99717
40740 -2 -1.99717
40741 -2 -1.99717
40742 -2 -1.99717
40743 -2 -1.99717
40744 -2 -1.99717
40745 -2 -1.99717
40746 -2 -1.99717
40747 -2 -1.99717
40748 -2 -1.99717
40749 -2 -1.99717
40750 -2 -1.99717
40751 -1.98 -1.99717
40752 -1.98 -1.99717
40753 -2 -1.99717
40754 -2 -1.99717
40755 -2 -1.99717
40756 -2 -1.99717
40757 -2 -1.99717
40758 -2 -1.99717
40759 -2 -1.99717
40760 -2 -1.99717
40761 -2 -1.99717
40762 -2 -1.99717
40763 -2 -1.99717
40764 -2 -1.99717
40765 -2 -1.99717
40766 -2 -1.99717
40767 -2 -1.99717
40768 -2 -1.99717
40769 -2 -1.99717
40770 -2 -1.99717
40771 -2 -1.99717
40772 -2 -1.99717
40773 -2 -1.99717
40774 -2 -1.99717
40775 -2 -1.99717
40776 -2 -1.99717
40777 -2 -1.99717
40778 -2 -1.99717
40779 -2 -1.99717
40780 -2 -1.99717
40781 -2 -1.99717
40782 -2 -1.99717
40783 -2 -1.99717
40784 -2 -1.99717
40785 -2 -1.99718
40786 -2 -1.99718
40787 -2 -1.99718
40788 -2 -1.99718
40789 -2 -1.99718
40790 -2 -1.99718
40791 -2 -1.99718
40792 -2 -1.99718
40793 -2 -1.99718
40794 -2 -1.99718
40795 -2 -1.99718
40796 -2 -1.99718
40797 -1.98 -1.99718
40798 -1.98 -1.99717
40799 -2 -1.99718
40800 -2 -1.99718
40801 -2 -1.99718
40802 -2 -1.99718
40803 -2 -1.99718
40804 -2 -1.99718
40805 -2 -1.99718
40806 -2 -1.99718
40807 -2 -1.99718
40808 -2 -1.99718
40809 -2 -1.99718
40810 -2 -1.99718
40811 -1.98 -1.99718
40812 -1.98 -1.99717
40813 -2 -1.99717
40814 -2 -1.99718
40815 -2 -1.99718
40816 -2 -1.99718
40817 -2 -1.99718
40818 -2 -1.99718
40819 -2 -1.99718
40820 -2 -1.99718
40821 -2 -1.99718
40822 -2 -1.99718
40823 -2 -1.99718
40824 -2 -1.99718
40825 -2 -1.99718
40826 -2 -1.99718
40827 -2 -1.99718
40828 -2 -1.99718
40829 -2 -1.99718
40830 -2 -1.99718
40831 -2 -1.99718
40832 -2 -1.99718
40833 -2 -1.99718
40834 -2 -1.99718
40835 -2 -1.99718
40836 -2 -1.99718
40837 -2 -1.99718
40838 -2 -1.99718
40839 -2 -1.99718
40840 -2 -1.99718
40841 -2 -1.99718
40842 -2 -1.99718
40843 -2 -1.99718
40844 -2 -1.99718
40845 -1.98 -1.99718
40846 -1.98 -1.99718
40847 -2 -1.99718
40848 -2 -1.99718
40849 -2 -1.99718
40850 -2 -1.99718
40851 -1.98 -1.99718
40852 -2 -1.99718
40853 -2 -1.99718
40854 -2 -1.99718
40855 -2 -1.99718
40856 -2 -1.99718
40857 -2 -1.99718
40858 -2 -1.99718
40859 -1.98 -1.99718
40860 -1.98 -1.99718
40861 -1.98 -1.99718
40862 -2 -1.99718
40863 -2 -1.99718
40864 -2 -1.99718
40865 -2 -1.99718
40866 -2 -1.99718
40867 -2 -1.99718
40868 -2 -1.99718
40869 -2 -1.99718
40870 -2 -1.99718
40871 -2 -1.99718
40872 -2 -1.99718
40873 -2 -1.99718
40874 -2 -1.99718
40875 -2 -1.99718
40876 -1.98 -1.99718
40877 -1.98 -1.99718
40878 -1.98 -1.99718
40879 -2 -1.99718
40880 -2 -1.99718
40881 -2 -1.99718
40882 -2 -1.99718
40883 -2 -1.99718
40884 -1.98 -1.99718
40885 -2 -1.99718
40886 -2 -1.99718
40887 -1.98 -1.99717
40888 -2 -1.99717
40889 -2 -1.99717
40890 -2 -1.99717
40891 -1.98 -1.99717
40892 -1.98 -1.99717
40893 -2 -1.99717
40894 -2 -1.99717
40895 -2 -1.99717
40896 -2 -1.99717
40897 -2 -1.99717
40898 -2 -1.99717
40899 -2 -1.99717
40900 -2 -1.99717
40901 -2 -1.99717
40902 -2 -1.99717
40903 -2 -1.99717
40904 -2 -1.99717
40905 -2 -1.99717
40906 -2 -1.99718
40907 -2 -1.99718
40908 -1.98 -1.99717
40909 -2 -1.99717
40910 -2 -1.99717
40911 -2 -1.99717
40912 -2 -1.99717
40913 -1.98 -1.99717
40914 -1.98 -1.99717
40915 -2 -1.99717
40916 -2 -1.99717
40917 -2 -1.99717
40918 -2 -1.99717
40919 -2 -1.99717
40920 -2 -1.99717
40921 -2 -1.99717
40922 -2 -1.99717
40923 -2 -1.99717
40924 -2 -1.99717
40925 -2 -1.99717
40926 -2 -1.99717
40927 -1.98 -1.99717
40928 -2 -1.99717
40929 -2 -1.99717
40930 -2 -1.99717
40931 -1.98 -1.99717
40932 -2 -1.99717
40933 -2 -1.99717
40934 -2 -1.99717
40935 -2 -1.99717
40936 -2 -1.99717
40937 -2 -1.99717
40938 -2 -1.99717
40939 -2 -1.99717
40940 -2 -1.99717
40941 -2 -1.99718
40942 -1.98 -1.99717
40943 -2 -1.99717
40944 -2 -1.99717
40945 -2 -1.99717
40946 -1.98 -1.99717
40947 -2 -1.99717
40948 -2 -1.99717
40949 -2 -1.99717
40950 -2 -1.99717
40951 -2 -1.99717
40952 -2 -1.99717
40953 -2 -1.99717
40954 -2 -1.99717
40955 -2 -1.99718
40956 -2 -1.99718
40957 -2 -1.99718
40958 -2 -1.99718
40959 -2 -1.99718
40960 -2 -1.99718
40961 -2 -1.99718
40962 -2 -1.99718
40963 -2 -1.99718
40964 -2 -1.99718
40965 -2 -1.99718
40966 -2 -1.99718
40967 -2 -1.99718
40968 -2 -1.99718
40969 -2 -1.99718
40970 -2 -1.99718
40971 -2 -1.99718
40972 -2 -1.99718
40973 -2 -1.99718
40974 -2 -1.99718
40975 -2 -1.99718
40976 -2 -1.99718
40977 -2 -1.99718
40978 -2 -1.99718
40979 -2 -1.99718
40980 -2 -1.99718
40981 -2 -1.99718
40982 -1.98 -1.99718
40983 -2 -1.99718
40984 -2 -1.99718
40985 -2 -1.99718
40986 -2 -1.99718
40987 -2 -1.99718
40988 -2 -1.99718
40989 -2 -1.99718
40990 -2 -1.99718
40991 -2 -1.99718
40992 -2 -1.99718
40993 -2 -1.99718
40994 -2 -1.99718
40995 -1.98 -1.99718
40996 -2 -1.99718
40997 -2 -1.99718
40998 -2 -1.99718
40999 -2 -1.99718
41000 -2 -1.99718
41001 -2 -1.99718
41002 -2 -1.99718
41003 -2 -1.99718
41004 -2 -1.99718
41005 -2 -1.99718
41006 -2 -1.99718
41007 -2 -1.99718
41008 -2 -1.99718
41009 -1.98 -1.99718
41010 -2 -1.99718
41011 -2 -1.99718
41012 -2 -1.99718
41013 -2 -1.99718
41014 -2 -1.99718
41015 -2 -1.99718
41016 -1.98 -1.99718
41017 -1.96 -1.99718
41018 -1.98 -1.99718
41019 -1.98 -1.99718
41020 -1.98 -1.99718
41021 -2 -1.99718
41022 -2 -1.99718
41023 -2 -1.99718
41024 -2 -1.99718
41025 -2 -1.99718
41026 -2 -1.99718
41027 -2 -1.99718
41028 -1.98 -1.99718
41029 -1.96 -1.99717
41030 -2 -1.99717
41031 -2 -1.99717
41032 -2 -1.99717
41033 -1.98 -1.99717
41034 -1.98 -1.99717
41035 -2 -1.99717
41036 -2 -1.99717
41037 -2 -1.99717
41038 -2 -1.99717
41039 -1.98 -1.99717
41040 -1.96 -1.99717
41041 -2 -1.99717
41042 -2 -1.99717
41043 -2 -1.99717
41044 -2 -1.99717
41045 -2 -1.99717
41046 -2 -1.99717
41047 -2 -1.99717
41048 -2 -1.99717
41049 -2 -1.99717
41050 -2 -1.99717
41051 -2 -1.99717
41052 -2 -1.99717
41053 -2 -1.99717
41054 -2 -1.99717
41055 -2 -1.99717
41056 -2 -1.99717
41057 -2 -1.99717
41058 -2 -1.99717
41059 -2 -1.99717
41060 -2 -1.99717
41061 -2 -1.99717
41062 -2 -1.99717
41063 -2 -1.99717
41064 -2 -1.99717
41065 -2 -1.99717
41066 -2 -1.99717
41067 -2 -1.99717
41068 -1.98 -1.99717
41069 -1.98 -1.99717
41070 -1.98 -1.99717
41071 -2 -1.99717
41072 -2 -1.99717
41073 -2 -1.99717
41074 -2 -1.99717
41075 -2 -1.99717
41076 -2 -1.99717
41077 -2 -1.99717
41078 -2 -1.99717
41079 -2 -1.99717
41080 -2 -1.99717
41081 -2 -1.99717
41082 -2 -1.99717
41083 -2 -1.99717
41084 -2 -1.99717
41085 -2 -1.99717
41086 -2 -1.99717
41087 -2 -1.99717
41088 -2 -1.99717
41089 -2 -1.99717
41090 -2 -1.99717
41091 -2 -1.99717
41092 -2 -1.99717
41093 -2 -1.99717
41094 -2 -1.99717
41095 -2 -1.99717
41096 -2 -1.99717
41097 -1.98 -1.99717
41098 -2 -1.99717
41099 -2 -1.99717
41100 -2 -1.99717
41101 -2 -1.99717
41102 -2 -1.99717
41103 -2 -1.99717
41104 -2 -1.99718
41105 -2 -1.99718
41106 -2 -1.99718
41107 -2 -1.99718
41108 -2 -1.99718
41109 -2 -1.99718
41110 -2 -1.99718
41111 -1.98 -1.99718
41112 -2 -1.99718
41113 -2 -1.99718
41114 -2 -1.99718
41115 -2 -1.99718
41116 -2 -1.99718
41117 -2 -1.99718
41118 -2 -1.99718
41119 -2 -1.99718
41120 -1.98 -1.99718
41121 -2 -1.99718
41122 -2 -1.99718
41123 -2 -1.99718
41124 -2 -1.99718
41125 -2 -1.99718
41126 -2 -1.99718
41127 -2 -1.99718
41128 -2 -1.99718
41129 -2 -1.99718
41130 -2 -1.99718
41131 -2 -1.99718
41132 -2 -1.99718
41133 -2 -1.99718
41134 -1.98 -1.99718
41135 -2 -1.99718
41136 -2 -1.99718
41137 -2 -1.99718
41138 -2 -1.99718
41139 -2 -1.99718
41140 -2 -1.99718
41141 -1.98 -1.99718
41142 -2 -1.99718
41143 -2 -1.99718
41144 -2 -1.99718
41145 -2 -1.99718
41146 -2 -1.99718
41147 -2 -1.99718
41148 -2 -1.99718
41149 -1.98 -1.99718
41150 -2 -1.99718
41151 -2 -1.99718
41152 -2 -1.99718
41153 -2 -1.99718
41154 -2 -1.99718
41155 -1.98 -1.99718
41156 -1.98 -1.99718
41157 -2 -1.99718
41158 -2 -1.99718
41159 -2 -1.99718
41160 -2 -1.99718
41161 -2 -1.99718
41162 -2 -1.99718
41163 -2 -1.99718
41164 -2 -1.99718
41165 -2 -1.99718
41166 -2 -1.99718
41167 -2 -1.99718
41168 -2 -1.99718
41169 -2 -1.99718
41170 -2 -1.99718
41171 -2 -1.99718
41172 -2 -1.99718
41173 -2 -1.99718
41174 -2 -1.99718
41175 -2 -1.99718
41176 -2 -1.99718
41177 -1.98 -1.99718
41178 -1.98 -1.99718
41179 -2 -1.99718
41180 -2 -1.99718
41181 -2 -1.99718
41182 -2 -1.99718
41183 -1.98 -1.99718
41184 -2 -1.99718
41185 -2 -1.99718
41186 -2 -1.99718
41187 -2 -1.99718
41188 -2 -1.99718
41189 -2 -1.99718
41190 -2 -1.99718
41191 -2 -1.99718
41192 -2 -1.99718
41193 -1.98 -1.99718
41194 -2 -1.99718
41195 -2 -1.99718
41196 -2 -1.99718
41197 -2 -1.99718
41198 -2 -1.99718
41199 -2 -1.99718
41200 -2 -1.99718
41201 -2 -1.99718
41202 -2 -1.99718
41203 -2 -1.99718
41204 -2 -1.99718
41205 -2 -1.99718
41206 -2 -1.99718
41207 -2 -1.99718
41208 -1.98 -1.99718
41209 -2 -1.99718
41210 -2 -1.99718
41211 -2 -1.99718
41212 -2 -1.99718
41213 -2 -1.99718
41214 -2 -1.99718
41215 -2 -1.99718
41216 -2 -1.99718
41217 -2 -1.99718
41218 -2 -1.99718
41219 -2 -1.99718
41220 -2 -1.99718
41221 -2 -1.99718
41222 -2 -1.99718
41223 -2 -1.99718
41224 -2 -1.99718
41225 -2 -1.99718
41226 -2 -1.99718
41227 -2 -1.99718
41228 -2 -1.99718
41229 -2 -1.99718
41230 -2 -1.99718
41231 -2 -1.99718
41232 -2 -1.99718
41233 -2 -1.99718
41234 -2 -1.99718
41235 -2 -1.99718
41236 -2 -1.99718
41237 -2 -1.99718
41238 -2 -1.99718
41239 -2 -1.99718
41240 -2 -1.99718
41241 -2 -1.99718
41242 -2 -1.99718
41243 -2 -1.99718
41244 -2 -1.99718
41245 -2 -1.99718
41246 -2 -1.99718
41247 -2 -1.99718
41248 -2 -1.99718
41249 -2 -1.99718
41250 -1.98 -1.99718
41251 -1.98 -1.99718
41252 -1.98 -1.99718
41253 -2 -1.99718
41254 -2 -1.99718
41255 -2 -1.99718
41256 -2 -1.99718
41257 -2 -1.99718
41258 -2 -1.99718
41259 -2 -1.99718
41260 -2 -1.99718
41261 -2 -1.99718
41262 -2 -1.99718
41263 -2 -1.99718
41264 -1.98 -1.99718
41265 -2 -1.99718
41266 -2 -1.99718
41267 -2 -1.99718
41268 -2 -1.99718
41269 -1.98 -1.99718
41270 -1.98 -1.99718
41271 -2 -1.99718
41272 -2 -1.99718
41273 -1.98 -1.99718
41274 -2 -1.99718
41275 -2 -1.99718
41276 -2 -1.99718
41277 -2 -1.99718
41278 -2 -1.99718
41279 -2 -1.99718
41280 -2 -1.99718
41281 -2 -1.99718
41282 -2 -1.99718
41283 -2 -1.99718
41284 -2 -1.99718
41285 -2 -1.99718
41286 -2 -1.99718
41287 -1.98 -1.99718
41288 -2 -1.99718
41289 -2 -1.99718
41290 -2 -1.99718
41291 -2 -1.99718
41292 -2 -1.99718
41293 -2 -1.99718
41294 -2 -1.99718
41295 -2 -1.99718
41296 -2 -1.99718
41297 -2 -1.99718
41298 -2 -1.99718
41299 -2 -1.99718
41300 -2 -1.99718
41301 -2 -1.99718
41302 -2 -1.99718
41303 -2 -1.99718
41304 -2 -1.99718
41305 -2 -1.99718
41306 -2 -1.99718
41307 -2 -1.99718
41308 -2 -1.99718
41309 -1.97 -1.99718
41310 -1.98 -1.99718
41311 -2 -1.99718
41312 -2 -1.99718
41313 -2 -1.99718
41314 -2 -1.99718
41315 -2 -1.99718
41316 -2 -1.99718
41317 -2 -1.99718
41318 -2 -1.99718
41319 -2 -1.99718
41320 -2 -1.99718
41321 -2 -1.99718
41322 -2 -1.99718
41323 -2 -1.99718
41324 -2 -1.99718
41325 -2 -1.99718
41326 -2 -1.99718
41327 -2 -1.99718
41328 -2 -1.99718
41329 -1.98 -1.99718
41330 -2 -1.99718
41331 -2 -1.99718
41332 -2 -1.99718
41333 -2 -1.99718
41334 -2 -1.99718
41335 -2 -1.99718
41336 -2 -1.99718
41337 -2 -1.99718
41338 -2 -1.99718
41339 -2 -1.99718
41340 -2 -1.99718
41341 -2 -1.99718
41342 -2 -1.99718
41343 -2 -1.99718
41344 -2 -1.99718
41345 -2 -1.99718
41346 -2 -1.99718
41347 -2 -1.99718
41348 -2 -1.99718
41349 -2 -1.99718
41350 -2 -1.99718
41351 -2 -1.99718
41352 -2 -1.99718
41353 -2 -1.99718
41354 -2 -1.99718
41355 -2 -1.99718
41356 -2 -1.99718
41357 -2 -1.99718
41358 -2 -1.99718
41359 -2 -1.99718
41360 -2 -1.99718
41361 -2 -1.99718
41362 -2 -1.99718
41363 -2 -1.99718
41364 -2 -1.99718
41365 -2 -1.99718
41366 -2 -1.99718
41367 -2 -1.99718
41368 -2 -1.99718
41369 -2 -1.99718
41370 -2 -1.99718
41371 -2 -1.99718
41372 -2 -1.99718
41373 -1.98 -1.99718
41374 -2 -1.99718
41375 -2 -1.99718
41376 -2 -1.99718
41377 -1.98 -1.99718
41378 -2 -1.99718
41379 -2 -1.99718
41380 -2 -1.99718
41381 -2 -1.99718
41382 -2 -1.99718
41383 -2 -1.99718
41384 -1.98 -1.99718
41385 -2 -1.99718
41386 -2 -1.99718
41387 -2 -1.99718
41388 -2 -1.99718
41389 -2 -1.99718
41390 -2 -1.99718
41391 -2 -1.99718
41392 -2 -1.99718
41393 -2 -1.99718
41394 -2 -1.99718
41395 -2 -1.99718
41396 -2 -1.99718
41397 -1.98 -1.99718
41398 -2 -1.99718
41399 -1.98 -1.99718
41400 -2 -1.99718
41401 -2 -1.99718
41402 -2 -1.99718
41403 -2 -1.99718
41404 -2 -1.99718
41405 -2 -1.99718
41406 -2 -1.99718
41407 -2 -1.99718
41408 -2 -1.99718
41409 -2 -1.99718
41410 -2 -1.99718
41411 -2 -1.99718
41412 -2 -1.99718
41413 -2 -1.99718
41414 -2 -1.99718
41415 -2 -1.99718
41416 -2 -1.99718
41417 -2 -1.99718
41418 -2 -1.99718
41419 -2 -1.99718
41420 -2 -1.99718
41421 -2 -1.99718
41422 -2 -1.99718
41423 -2 -1.99718
41424 -2 -1.99718
41425 -2 -1.99718
41426 -2 -1.99718
41427 -2 -1.99718
41428 -2 -1.99718
41429 -2 -1.99718
41430 -2 -1.99718
41431 -2 -1.99718
41432 -2 -1.99718
41433 -2 -1.99718
41434 -1.98 -1.99718
41435 -1.98 -1.99718
41436 -2 -1.99718
41437 -2 -1.99718
41438 -2 -1.99718
41439 -2 -1.99718
41440 -2 -1.99718
41441 -2 -1.99718
41442 -1.98 -1.99718
41443 -2 -1.99718
41444 -2 -1.99718
41445 -1.98 -1.99718
41446 -2 -1.99718
41447 -2 -1.99718
41448 -2 -1.99718
41449 -2 -1.99718
41450 -2 -1.99718
41451 -2 -1.99718
41452 -2 -1.99718
41453 -2 -1.99718
41454 -2 -1.99718
41455 -2 -1.99718
41456 -1.98 -1.99718
41457 -2 -1.99718
41458 -2 -1.99718
41459 -2 -1.99718
41460 -2 -1.99718
41461 -2 -1.99718
41462 -2 -1.99718
41463 -2 -1.99718
41464 -2 -1.99718
41465 -2 -1.99718
41466 -2 -1.99718
41467 -2 -1.99718
41468 -2 -1.99718
41469 -2 -1.99718
41470 -2 -1.99718
41471 -2 -1.99718
41472 -1.98 -1.99718
41473 -2 -1.99718
41474 -2 -1.99718
41475 -2 -1.99718
41476 -2 -1.99718
41477 -2 -1.99718
41478 -2 -1.99718
41479 -2 -1.99718
41480 -2 -1.99718
41481 -2 -1.99718
41482 -2 -1.99718
41483 -2 -1.99718
41484 -2 -1.99718
41485 -1.98 -1.99718
41486 -2 -1.99718
41487 -2 -1.99718
41488 -2 -1.99718
41489 -2 -1.99718
41490 -2 -1.99718
41491 -2 -1.99718
41492 -2 -1.99718
41493 -2 -1.99718
41494 -2 -1.99718
41495 -2 -1.99718
41496 -2 -1.99718
41497 -2 -1.99718
41498 -2 -1.99718
41499 -1.98 -1.99718
41500 -2 -1.99718
41501 -2 -1.99718
41502 -2 -1.99718
41503 -2 -1.99718
41504 -2 -1.99718
41505 -2 -1.99718
41506 -2 -1.99718
41507 -2 -1.99718
41508 -2 -1.99718
41509 -2 -1.99719
41510 -2 -1.99719
41511 -2 -1.99719
41512 -2 -1.99719
41513 -2 -1.99719
41514 -2 -1.99719
41515 -2 -1.99719
41516 -2 -1.99719
41517 -2 -1.99719
41518 -2 -1.99719
41519 -2 -1.99719
41520 -2 -1.99719
41521 -2 -1.99719
41522 -2 -1.99719
41523 -2 -1.99719
41524 -2 -1.99719
41525 -2 -1.99719
41526 -2 -1.99719
41527 -2 -1.99719
41528 -1.98 -1.99719
41529 -2 -1.99719
41530 -1.98 -1.99719
41531 -1.98 -1.99719
41532 -1.96 -1.99718
41533 -2 -1.99718
41534 -2 -1.99718
41535 -2 -1.99718
41536 -2 -1.99718
41537 -2 -1.99718
41538 -2 -1.99718
41539 -2 -1.99718
41540 -2 -1.99718
41541 -2 -1.99718
41542 -2 -1.99718
41543 -2 -1.99718
41544 -2 -1.99718
41545 -2 -1.99719
41546 -2 -1.99719
41547 -2 -1.99719
41548 -2 -1.99719
41549 -2 -1.99719
41550 -2 -1.99719
41551 -2 -1.99719
41552 -2 -1.99719
41553 -2 -1.99719
41554 -2 -1.99719
41555 -2 -1.99719
41556 -1.98 -1.99719
41557 -1.98 -1.99718
41558 -1.96 -1.99718
41559 -2 -1.99718
41560 -2 -1.99718
41561 -2 -1.99718
41562 -2 -1.99718
41563 -1.98 -1.99718
41564 -1.98 -1.99718
41565 -2 -1.99718
41566 -2 -1.99718
41567 -2 -1.99718
41568 -2 -1.99718
41569 -2 -1.99718
41570 -2 -1.99718
41571 -2 -1.99718
41572 -2 -1.99718
41573 -2 -1.99718
41574 -2 -1.99718
41575 -1.98 -1.99718
41576 -1.98 -1.99718
41577 -1.98 -1.99718
41578 -2 -1.99718
41579 -1.98 -1.99718
41580 -1.98 -1.99718
41581 -2 -1.99718
41582 -2 -1.99718
41583 -2 -1.99718
41584 -2 -1.99718
41585 -1.98 -1.99718
41586 -2 -1.99718
41587 -2 -1.99718
41588 -2 -1.99718
41589 -2 -1.99718
41590 -2 -1.99718
41591 -2 -1.99718
41592 -2 -1.99718
41593 -1.98 -1.99718
41594 -2 -1.99718
41595 -2 -1.99718
41596 -2 -1.99718
41597 -2 -1.99718
41598 -2 -1.99718
41599 -2 -1.99718
41600 -2 -1.99718
41601 -2 -1.99718
41602 -2 -1.99718
41603 -2 -1.99718
41604 -2 -1.99718
41605 -2 -1.99718
41606 -2 -1.99718
41607 -2 -1.99718
41608 -2 -1.99718
41609 -2 -1.99718
41610 -1.98 -1.99718
41611 -1.98 -1.99718
41612 -2 -1.99718
41613 -2 -1.99718
41614 -2 -1.99718
41615 -2 -1.99718
41616 -2 -1.99718
41617 -2 -1.99718
41618 -2 -1.99718
41619 -2 -1.99718
41620 -2 -1.99718
41621 -2 -1.99718
41622 -2 -1.99718
41623 -2 -1.99718
41624 -2 -1.99718
41625 -2 -1.99718
41626 -2 -1.99718
41627 -2 -1.99718
41628 -2 -1.99718
41629 -2 -1.99718
41630 -2 -1.99718
41631 -2 -1.99718
41632 -2 -1.99718
41633 -2 -1.99718
41634 -2 -1.99718
41635 -2 -1.99718
41636 -2 -1.99718
41637 -2 -1.99718
41638 -2 -1.99718
41639 -2 -1.99718
41640 -2 -1.99718
41641 -2 -1.99718
41642 -2 -1.99718
41643 -2 -1.99718
41644 -2 -1.99718
41645 -2 -1.99718
41646 -1.98 -1.99718
41647 -1.96 -1.99718
41648 -1.98 -1.99718
41649 -2 -1.99718
41650 -1.98 -1.99718
41651 -2 -1.99718
41652 -2 -1.99718
41653 -2 -1.99718
41654 -2 -1.99718
41655 -2 -1.99718
41656 -2 -1.99718
41657 -2 -1.99718
41658 -2 -1.99718
41659 -1.98 -1.99718
41660 -1.98 -1.99718
41661 -2 -1.99718
41662 -2 -1.99718
41663 -2 -1.99718
41664 -2 -1.99718
41665 -2 -1.99718
41666 -1.98 -1.99718
41667 -1.98 -1.99718
41668 -2 -1.99718
41669 -2 -1.99718
41670 -2 -1.99718
41671 -2 -1.99718
41672 -2 -1.99718
41673 -2 -1.99718
41674 -2 -1.99718
41675 -2 -1.99718
41676 -2 -1.99718
41677 -2 -1.99718
41678 -2 -1.99718
41679 -2 -1.99718
41680 -2 -1.99718
41681 -2 -1.99718
41682 -2 -1.99718
41683 -2 -1.99718
41684 -2 -1.99718
41685 -2 -1.99718
41686 -2 -1.99718
41687 -1.98 -1.99718
41688 -1.98 -1.99718
41689 -1.98 -1.99718
41690 -1.97 -1.99718
41691 -1.96 -1.99718
41692 -1.98 -1.99718
41693 -2 -1.99718
41694 -2 -1.99718
41695 -2 -1.99718
41696 -2 -1.99718
41697 -2 -1.99718
41698 -2 -1.99718
41699 -2 -1.99718
41700 -2 -1.99718
41701 -2 -1.99718
41702 -2 -1.99718
41703 -2 -1.99718
41704 -2 -1.99718
41705 -2 -1.99718
41706 -2 -1.99718
41707 -2 -1.99718
41708 -2 -1.99718
41709 -2 -1.99718
41710 -2 -1.99718
41711 -2 -1.99718
41712 -2 -1.99718
41713 -2 -1.99718
41714 -2 -1.99718
41715 -2 -1.99718
41716 -2 -1.99718
41717 -2 -1.99718
41718 -2 -1.99718
41719 -2 -1.99718
41720 -2 -1.99718
41721 -2 -1.99718
41722 -2 -1.99718
41723 -2 -1.99718
41724 -2 -1.99718
41725 -2 -1.99718
41726 -1.98 -1.99718
41727 -1.98 -1.99718
41728 -1.98 -1.99718
41729 -2 -1.99718
41730 -2 -1.99718
41731 -2 -1.99718
41732 -2 -1.99718
41733 -2 -1.99718
41734 -2 -1.99718
41735 -2 -1.99718
41736 -2 -1.99718
41737 -2 -1.99718
41738 -2 -1.99718
41739 -2 -1.99718
41740 -2 -1.99718
41741 -2 -1.99718
41742 -2 -1.99718
41743 -2 -1.99718
41744 -2 -1.99718
41745 -2 -1.99718
41746 -2 -1.99718
41747 -2 -1.99718
41748 -2 -1.99718
41749 -2 -1.99718
41750 -2 -1.99718
41751 -2 -1.99718
41752 -1.96 -1.99718
41753 -2 -1.99718
41754 -1.98 -1.99718
41755 -1.98 -1.99718
41756 -1.96 -1.99718
41757 -1.96 -1.99718
41758 -2 -1.99718
41759 -2 -1.99718
41760 -2 -1.99718
41761 -2 -1.99718
41762 -2 -1.99718
41763 -2 -1.99718
41764 -1.98 -1.99718
41765 -2 -1.99718
41766 -2 -1.99718
41767 -2 -1.99718
41768 -2 -1.99718
41769 -2 -1.99718
41770 -2 -1.99718
41771 -2 -1.99718
41772 -2 -1.99718
41773 -2 -1.99718
41774 -2 -1.99718
41775 -2 -1.99718
41776 -2 -1.99718
41777 -2 -1.99718
41778 -2 -1.99718
41779 -2 -1.99718
41780 -2 -1.99718
41781 -2 -1.99718
41782 -2 -1.99718
41783 -2 -1.99718
41784 -2 -1.99718
41785 -2 -1.99718
41786 -2 -1.99718
41787 -2 -1.99718
41788 -2 -1.99718
41789 -2 -1.99718
41790 -2 -1.99718
41791 -2 -1.99718
41792 -2 -1.99718
41793 -2 -1.99718
41794 -2 -1.99718
41795 -2 -1.99718
41796 -2 -1.99718
41797 -2 -1.99718
41798 -2 -1.99718
41799 -2 -1.99718
41800 -2 -1.99718
41801 -2 -1.99718
41802 -2 -1.99718
41803 -2 -1.99718
41804 -2 -1.99718
41805 -2 -1.99718
41806 -2 -1.99718
41807 -2 -1.99718
41808 -2 -1.99718
41809 -2 -1.99718
41810 -2 -1.99718
41811 -2 -1.99718
41812 -2 -1.99718
41813 -2 -1.99718
41814 -2 -1.99718
41815 -2 -1.99718
41816 -2 -1.99718
41817 -2 -1.99718
41818 -2 -1.99718
41819 -2 -1.99718
41820 -2 -1.99718
41821 -2 -1.99718
41822 -2 -1.99718
41823 -2 -1.99718
41824 -2 -1.99718
41825 -2 -1.99718
41826 -2 -1.99718
41827 -2 -1.99718
41828 -2 -1.99718
41829 -2 -1.99718
41830 -2 -1.99718
41831 -2 -1.99718
41832 -2 -1.99718
41833 -2 -1.99718
41834 -2 -1.99718
41835 -2 -1.99718
41836 -2 -1.99718
41837 -2 -1.99718
41838 -2 -1.99718
41839 -2 -1.99718
41840 -2 -1.99718
41841 -2 -1.99718
41842 -2 -1.99718
41843 -1.98 -1.99718
41844 -2 -1.99718
41845 -2 -1.99718
41846 -1.98 -1.99718
41847 -1.98 -1.99718
41848 -1.98 -1.99718
41849 -2 -1.99718
41850 -2 -1.99718
41851 -2 -1.99718
41852 -2 -1.99718
41853 -2 -1.99718
41854 -2 -1.99718
41855 -2 -1.99718
41856 -2 -1.99718
41857 -1.98 -1.99718
41858 -2 -1.99718
41859 -2 -1.99718
41860 -2 -1.99718
41861 -2 -1.99718
41862 -2 -1.99718
41863 -2 -1.99718
41864 -2 -1.99718
41865 -2 -1.99718
41866 -2 -1.99718
41867 -2 -1.99718
41868 -2 -1.99718
41869 -2 -1.99718
41870 -2 -1.99718
41871 -2 -1.99718
41872 -1.98 -1.99718
41873 -2 -1.99718
41874 -2 -1.99718
41875 -2 -1.99718
41876 -2 -1.99718
41877 -2 -1.99718
41878 -2 -1.99718
41879 -1.98 -1.99718
41880 -1.97 -1.99718
41881 -1.97 -1.99718
41882 -1.98 -1.99718
41883 -2 -1.99718
41884 -2 -1.99718
41885 -2 -1.99718
41886 -2 -1.99718
41887 -2 -1.99718
41888 -2 -1.99718
41889 -2 -1.99718
41890 -2 -1.99718
41891 -2 -1.99718
41892 -2 -1.99718
41893 -2 -1.99718
41894 -2 -1.99718
41895 -2 -1.99718
41896 -2 -1.99718
41897 -2 -1.99718
41898 -2 -1.99718
41899 -2 -1.99718
41900 -2 -1.99718
41901 -1.98 -1.99718
41902 -1.98 -1.99718
41903 -2 -1.99718
41904 -2 -1.99718
41905 -2 -1.99718
41906 -2 -1.99718
41907 -2 -1.99718
41908 -2 -1.99718
41909 -2 -1.99718
41910 -2 -1.99718
41911 -2 -1.99718
41912 -2 -1.99718
41913 -2 -1.99718
41914 -2 -1.99718
41915 -2 -1.99718
41916 -2 -1.99718
41917 -2 -1.99718
41918 -2 -1.99718
41919 -2 -1.99718
41920 -2 -1.99718
41921 -2 -1.99718
41922 -2 -1.99718
41923 -2 -1.99718
41924 -2 -1.99718
41925 -2 -1.99718
41926 -2 -1.99718
41927 -2 -1.99718
41928 -2 -1.99718
41929 -2 -1.99718
41930 -2 -1.99718
41931 -2 -1.99718
41932 -1.98 -1.99718
41933 -1.96 -1.99718
41934 -1.96 -1.99718
41935 -1.98 -1.99718
41936 -2 -1.99718
41937 -2 -1.99718
41938 -2 -1.99718
41939 -2 -1.99718
41940 -2 -1.99718
41941 -2 -1.99718
41942 -2 -1.99718
41943 -2 -1.99718
41944 -2 -1.99718
41945 -2 -1.99718
41946 -2 -1.99718
41947 -2 -1.99718
41948 -2 -1.99718
41949 -2 -1.99718
41950 -2 -1.99718
41951 -1.98 -1.99718
41952 -2 -1.99718
41953 -2 -1.99718
41954 -2 -1.99718
41955 -2 -1.99718
41956 -2 -1.99718
41957 -2 -1.99718
41958 -2 -1.99718
41959 -2 -1.99718
41960 -2 -1.99718
41961 -2 -1.99718
41962 -2 -1.99718
41963 -2 -1.99718
41964 -2 -1.99718
41965 -2 -1.99718
41966 -2 -1.99718
41967 -2 -1.99718
41968 -2 -1.99718
41969 -2 -1.99718
41970 -2 -1.99718
41971 -2 -1.99718
41972 -2 -1.99718
41973 -2 -1.99718
41974 -2 -1.99718
41975 -2 -1.99718
41976 -1.98 -1.99718
41977 -2 -1.99718
41978 -2 -1.99718
41979 -2 -1.99718
41980 -2 -1.99718
41981 -2 -1.99718
41982 -1.98 -1.99718
41983 -2 -1.99718
41984 -1.97 -1.99718
41985 -1.98 -1.99718
41986 -1.96 -1.99718
41987 -1.98 -1.99718
41988 -2 -1.99718
41989 -2 -1.99718
41990 -2 -1.99718
41991 -2 -1.99718
41992 -2 -1.99718
41993 -1.98 -1.99718
41994 -1.98 -1.99718
41995 -2 -1.99718
41996 -2 -1.99718
41997 -2 -1.99718
41998 -2 -1.99718
41999 -2 -1.99718
42000 -2 -1.99718
42001 -2 -1.99718
42002 -2 -1.99718
42003 -2 -1.99718
42004 -1.98 -1.99718
42005 -2 -1.99718
42006 -2 -1.99718
42007 -1.98 -1.99718
42008 -1.98 -1.99718
42009 -2 -1.99718
42010 -2 -1.99718
42011 -2 -1.99718
42012 -1.98 -1.99718
42013 -2 -1.99718
42014 -2 -1.99718
42015 -2 -1.99718
42016 -2 -1.99718
42017 -2 -1.99718
42018 -2 -1.99718
42019 -2 -1.99718
42020 -2 -1.99718
42021 -2 -1.99718
42022 -2 -1.99718
42023 -1.98 -1.99718
42024 -2 -1.99718
42025 -2 -1.99718
42026 -2 -1.99718
42027 -2 -1.99718
42028 -2 -1.99718
42029 -2 -1.99718
42030 -2 -1.99718
42031 -2 -1.99718
42032 -2 -1.99718
42033 -2 -1.99718
42034 -2 -1.99718
42035 -2 -1.99718
42036 -2 -1.99718
42037 -2 -1.99718
42038 -2 -1.99718
42039 -2 -1.99718
42040 -2 -1.99718
42041 -2 -1.99718
42042 -2 -1.99718
42043 -2 -1.99718
42044 -2 -1.99718
42045 -2 -1.99718
42046 -2 -1.99718
42047 -2 -1.99718
42048 -2 -1.99718
42049 -2 -1.99718
42050 -2 -1.99718
42051 -2 -1.99718
42052 -2 -1.99718
42053 -2 -1.99718
42054 -2 -1.99718
42055 -2 -1.99718
42056 -1.98 -1.99718
42057 -2 -1.99718
42058 -2 -1.99718
42059 -2 -1.99718
42060 -2 -1.99718
42061 -2 -1.99718
42062 -2 -1.99718
42063 -2 -1.99718
42064 -2 -1.99718
42065 -2 -1.99718
42066 -2 -1.99718
42067 -2 -1.99718
42068 -2 -1.99718
42069 -2 -1.99718
42070 -2 -1.99718
42071 -2 -1.99718
42072 -2 -1.99718
42073 -2 -1.99718
42074 -2 -1.99718
42075 -2 -1.99718
42076 -2 -1.99718
42077 -2 -1.99718
42078 -2 -1.99718
42079 -2 -1.99718
42080 -2 -1.99718
42081 -2 -1.99718
42082 -2 -1.99718
42083 -2 -1.99718
42084 -2 -1.99718
42085 -2 -1.99718
42086 -2 -1.99718
42087 -2 -1.99718
42088 -2 -1.99718
42089 -2 -1.99718
42090 -2 -1.99718
42091 -1.98 -1.99718
42092 -1.96 -1.99718
42093 -1.98 -1.99718
42094 -2 -1.99718
42095 -2 -1.99718
42096 -2 -1.99718
42097 -2 -1.99718
42098 -2 -1.99718
42099 -2 -1.99718
42100 -2 -1.99718
42101 -2 -1.99718
42102 -2 -1.99718
42103 -2 -1.99718
42104 -2 -1.99718
42105 -2 -1.99718
42106 -1.98 -1.99718
42107 -1.98 -1.99718
42108 -2 -1.99718
42109 -2 -1.99718
42110 -2 -1.99718
42111 -2 -1.99718
42112 -2 -1.99718
42113 -2 -1.99718
42114 -2 -1.99718
42115 -2 -1.99718
42116 -2 -1.99718
42117 -2 -1.99718
42118 -1.98 -1.99718
42119 -2 -1.99718
42120 -2 -1.99718
42121 -2 -1.99718
42122 -2 -1.99718
42123 -2 -1.99718
42124 -2 -1.99718
42125 -2 -1.99718
42126 -2 -1.99718
42127 -2 -1.99718
42128 -2 -1.99718
42129 -2 -1.99718
42130 -2 -1.99718
42131 -2 -1.99718
42132 -2 -1.99718
42133 -2 -1.99718
42134 -2 -1.99718
42135 -2 -1.99718
42136 -2 -1.99718
42137 -2 -1.99718
42138 -2 -1.99718
42139 -2 -1.99718
42140 -2 -1.99718
42141 -2 -1.99718
42142 -2 -1.99718
42143 -2 -1.99718
42144 -2 -1.99718
42145 -2 -1.99718
42146 -2 -1.99718
42147 -2 -1.99718
42148 -2 -1.99718
42149 -2 -1.99718
42150 -2 -1.99718
42151 -2 -1.99718
42152 -1.98 -1.99718
42153 -2 -1.99718
42154 -2 -1.99718
42155 -2 -1.99718
42156 -2 -1.99718
42157 -2 -1.99718
42158 -2 -1.99718
42159 -2 -1.99718
42160 -2 -1.99718
42161 -2 -1.99718
42162 -2 -1.99718
42163 -2 -1.99719
42164 -2 -1.99719
42165 -2 -1.99719
42166 -2 -1.99719
42167 -2 -1.99719
42168 -2 -1.99719
42169 -1.98 -1.99718
42170 -1.98 -1.99718
42171 -2 -1.99718
42172 -2 -1.99718
42173 -2 -1.99718
42174 -2 -1.99718
42175 -2 -1.99718
42176 -2 -1.99718
42177 -2 -1.99719
42178 -2 -1.99719
42179 -2 -1.99719
42180 -2 -1.99719
42181 -2 -1.99719
42182 -2 -1.99719
42183 -2 -1.99719
42184 -2 -1.99719
42185 -2 -1.99719
42186 -2 -1.99719
42187 -2 -1.99719
42188 -2 -1.99719
42189 -1.98 -1.99719
42190 -1.98 -1.99718
42191 -2 -1.99719
42192 -2 -1.99719
42193 -2 -1.99719
42194 -2 -1.99719
42195 -2 -1.99719
42196 -2 -1.99719
42197 -2 -1.99719
42198 -2 -1.99719
42199 -2 -1.99719
42200 -2 -1.99719
42201 -1.98 -1.99719
42202 -2 -1.99719
42203 -2 -1.99719
42204 -1.98 -1.99718
42205 -2 -1.99718
42206 -2 -1.99719
42207 -2 -1.99719
42208 -2 -1.99719
42209 -2 -1.99719
42210 -1.98 -1.99718
42211 -2 -1.99718
42212 -1.98 -1.99718
42213 -2 -1.99718
42214 -2 -1.99718
42215 -2 -1.99718
42216 -2 -1.99718
42217 -2 -1.99718
42218 -1.98 -1.99718
42219 -2 -1.99718
42220 -2 -1.99718
42221 -2 -1.99718
42222 -2 -1.99718
42223 -2 -1.99718
42224 -2 -1.99718
42225 -1.98 -1.99718
42226 -2 -1.99718
42227 -2 -1.99718
42228 -2 -1.99718
42229 -2 -1.99718
42230 -1.98 -1.99718
42231 -1.98 -1.99718
42232 -1.98 -1.99718
42233 -2 -1.99718
42234 -2 -1.99718
42235 -2 -1.99718
42236 -2 -1.99718
42237 -2 -1.99718
42238 -2 -1.99718
42239 -2 -1.99718
42240 -2 -1.99718
42241 -2 -1.99718
42242 -2 -1.99718
42243 -2 -1.99718
42244 -2 -1.99718
42245 -2 -1.99718
42246 -2 -1.99718
42247 -2 -1.99718
42248 -2 -1.99718
42249 -2 -1.99718
42250 -2 -1.99718
42251 -2 -1.99718
42252 -2 -1.99718
42253 -2 -1.99718
42254 -2 -1.99718
42255 -2 -1.99719
42256 -2 -1.99719
42257 -2 -1.99719
42258 -2 -1.99719
42259 -2 -1.99719
42260 -2 -1.99719
42261 -2 -1.99719
42262 -2 -1.99719
42263 -2 -1.99719
42264 -2 -1.99719
42265 -1.98 -1.99719
42266 -1.98 -1.99718
42267 -1.98 -1.99718
42268 -2 -1.99718
42269 -2 -1.99718
42270 -2 -1.99718
42271 -2 -1.99718
42272 -2 -1.99718
42273 -1.98 -1.99718
42274 -2 -1.99718
42275 -2 -1.99718
42276 -2 -1.99718
42277 -2 -1.99718
42278 -1.98 -1.99718
42279 -2 -1.99718
42280 -2 -1.99718
42281 -2 -1.99718
42282 -2 -1.99718
42283 -2 -1.99718
42284 -2 -1.99718
42285 -2 -1.99718
42286 -2 -1.99718
42287 -2 -1.99718
42288 -2 -1.99718
42289 -2 -1.99718
42290 -2 -1.99718
42291 -2 -1.99719
42292 -2 -1.99719
42293 -2 -1.99719
42294 -2 -1.99719
42295 -2 -1.99719
42296 -2 -1.99719
42297 -2 -1.99719
42298 -2 -1.99719
42299 -1.98 -1.99719
42300 -2 -1.99719
42301 -2 -1.99719
42302 -2 -1.99719
42303 -2 -1.99719
42304 -2 -1.99719
42305 -2 -1.99719
42306 -1.98 -1.99719
42307 -1.98 -1.99718
42308 -2 -1.99718
42309 -2 -1.99718
42310 -2 -1.99718
42311 -2 -1.99718
42312 -2 -1.99719
42313 -2 -1.99719
42314 -2 -1.99719
42315 -2 -1.99719
42316 -2 -1.99719
42317 -2 -1.99719
42318 -2 -1.99719
42319 -2 -1.99719
42320 -2 -1.99719
42321 -2 -1.99719
42322 -2 -1.99719
42323 -2 -1.99719
42324 -1.98 -1.99719
42325 -2 -1.99719
42326 -2 -1.99719
42327 -2 -1.99719
42328 -2 -1.99719
42329 -2 -1.99719
42330 -2 -1.99719
42331 -2 -1.99719
42332 -2 -1.99719
42333 -2 -1.99719
42334 -2 -1.99719
42335 -2 -1.99719
42336 -2 -1.99719
42337 -2 -1.99719
42338 -2 -1.99719
42339 -2 -1.99719
42340 -2 -1.99719
42341 -2 -1.99719
42342 -2 -1.99719
42343 -1.98 -1.99719
42344 -1.98 -1.99719
42345 -2 -1.99719
42346 -2 -1.99719
42347 -2 -1.99719
42348 -2 -1.99719
42349 -2 -1.99719
42350 -2 -1.99719
42351 -2 -1.99719
42352 -2 -1.99719
42353 -2 -1.99719
42354 -2 -1.99719
42355 -2 -1.99719
42356 -2 -1.99719
42357 -2 -1.99719
42358 -2 -1.99719
42359 -2 -1.99719
42360 -2 -1.99719
42361 -1.96 -1.99719
42362 -1.98 -1.99719
42363 -2 -1.99719
42364 -2 -1.99719
42365 -2 -1.99719
42366 -2 -1.99719
42367 -2 -1.99719
42368 -2 -1.99719
42369 -2 -1.99719
42370 -2 -1.99719
42371 -2 -1.99719
42372 -1.98 -1.99719
42373 -2 -1.99719
42374 -2 -1.99719
42375 -2 -1.99719
42376 -2 -1.99719
42377 -2 -1.99719
42378 -1.98 -1.99719
42379 -1.98 -1.99719
42380 -1.98 -1.99718
42381 -1.98 -1.99718
42382 -2 -1.99718
42383 -2 -1.99718
42384 -2 -1.99718
42385 -2 -1.99718
42386 -2 -1.99718
42387 -2 -1.99718
42388 -2 -1.99718
42389 -2 -1.99718
42390 -2 -1.99719
42391 -2 -1.99719
42392 -2 -1.99719
42393 -2 -1.99719
42394 -2 -1.99719
42395 -2 -1.99719
42396 -2 -1.99719
42397 -2 -1.99719
42398 -2 -1.99719
42399 -2 -1.99719
42400 -2 -1.99719
42401 -2 -1.99719
42402 -2 -1.99719
42403 -2 -1.99719
42404 -2 -1.99719
42405 -1.98 -1.99719
42406 -2 -1.99719
42407 -2 -1.99719
42408 -2 -1.99719
42409 -2 -1.99719
42410 -2 -1.99719
42411 -1.98 -1.99719
42412 -2 -1.99719
42413 -2 -1.99719
42414 -2 -1.99719
42415 -2 -1.99719
42416 -2 -1.99719
42417 -2 -1.99719
42418 -2 -1.99719
42419 -2 -1.99719
42420 -2 -1.99719
42421 -2 -1.99719
42422 -1.98 -1.99719
42423 -1.98 -1.99719
42424 -1.98 -1.99718
42425 -2 -1.99718
42426 -2 -1.99719
42427 -2 -1.99719
42428 -2 -1.99719
42429 -2 -1.99719
42430 -2 -1.99719
42431 -2 -1.99719
42432 -2 -1.99719
42433 -2 -1.99719
42434 -2 -1.99719
42435 -2 -1.99719
42436 -2 -1.99719
42437 -2 -1.99719
42438 -2 -1.99719
42439 -2 -1.99719
42440 -2 -1.99719
42441 -2 -1.99719
42442 -2 -1.99719
42443 -2 -1.99719
42444 -2 -1.99719
42445 -2 -1.99719
42446 -2 -1.99719
42447 -2 -1.99719
42448 -2 -1.99719
42449 -2 -1.99719
42450 -2 -1.99719
42451 -2 -1.99719
42452 -2 -1.99719
42453 -2 -1.99719
42454 -2 -1.99719
42455 -2 -1.99719
42456 -2 -1.99719
42457 -2 -1.99719
42458 -2 -1.99719
42459 -2 -1.99719
42460 -2 -1.99719
42461 -2 -1.99719
42462 -2 -1.99719
42463 -2 -1.99719
42464 -2 -1.99719
42465 -2 -1.99719
42466 -2 -1.99719
42467 -2 -1.99719
42468 -2 -1.99719
42469 -2 -1.99719
42470 -2 -1.99719
42471 -2 -1.99719
42472 -2 -1.99719
42473 -2 -1.99719
42474 -2 -1.99719
42475 -2 -1.99719
42476 -2 -1.99719
42477 -2 -1.99719
42478 -2 -1.99719
42479 -2 -1.99719
42480 -2 -1.99719
42481 -2 -1.99719
42482 -2 -1.99719
42483 -2 -1.99719
42484 -2 -1.99719
42485 -2 -1.99719
42486 -2 -1.99719
42487 -1.98 -1.99719
42488 -1.98 -1.99719
42489 -1.97 -1.99719
42490 -1.96 -1.99719
42491 -2 -1.99719
42492 -2 -1.99719
42493 -1.98 -1.99719
42494 -2 -1.99719
42495 -2 -1.99719
42496 -2 -1.99719
42497 -2 -1.99719
42498 -2 -1.99719
42499 -2 -1.99719
42500 -2 -1.99719
42501 -2 -1.99719
42502 -2 -1.99719
42503 -2 -1.99719
42504 -2 -1.99719
42505 -2 -1.99719
42506 -2 -1.99719
42507 -2 -1.99719
42508 -2 -1.99719
42509 -2 -1.99719
42510 -2 -1.99719
42511 -2 -1.99719
42512 -1.98 -1.99719
42513 -2 -1.99719
42514 -2 -1.99719
42515 -1.98 -1.99719
42516 -2 -1.99719
42517 -2 -1.99719
42518 -2 -1.99719
42519 -2 -1.99719
42520 -1.98 -1.99719
42521 -2 -1.99719
42522 -2 -1.99719
42523 -2 -1.99719
42524 -1.98 -1.99719
42525 -1.98 -1.99719
42526 -1.98 -1.99719
42527 -2 -1.99719
42528 -2 -1.99719
42529 -2 -1.99719
42530 -2 -1.99719
42531 -2 -1.99719
42532 -2 -1.99719
42533 -2 -1.99719
42534 -2 -1.99719
42535 -2 -1.99719
42536 -2 -1.99719
42537 -1.98 -1.99719
42538 -2 -1.99719
42539 -2 -1.99719
42540 -2 -1.99719
42541 -2 -1.99719
42542 -2 -1.99719
42543 -2 -1.99719
42544 -1.98 -1.99719
42545 -2 -1.99719
42546 -2 -1.99719
42547 -2 -1.99719
42548 -2 -1.99719
42549 -2 -1.99719
42550 -2 -1.99719
42551 -2 -1.99719
42552 -2 -1.99719
42553 -2 -1.99719
42554 -2 -1.99719
42555 -2 -1.99719
42556 -2 -1.99719
42557 -2 -1.99719
42558 -2 -1.99719
42559 -2 -1.99719
42560 -2 -1.99719
42561 -2 -1.99719
42562 -2 -1.99719
42563 -2 -1.99719
42564 -2 -1.99719
42565 -2 -1.99719
42566 -2 -1.99719
42567 -2 -1.99719
42568 -2 -1.99719
42569 -2 -1.99719
42570 -2 -1.99719
42571 -2 -1.99719
42572 -2 -1.99719
42573 -2 -1.99719
42574 -2 -1.99719
42575 -2 -1.99719
42576 -2 -1.99719
42577 -2 -1.99719
42578 -2 -1.99719
42579 -1.98 -1.99719
42580 -2 -1.99719
42581 -2 -1.99719
42582 -2 -1.99719
42583 -2 -1.99719
42584 -2 -1.99719
42585 -2 -1.99719
42586 -2 -1.99719
42587 -2 -1.99719
42588 -2 -1.99719
42589 -2 -1.99719
42590 -2 -1.99719
42591 -2 -1.99719
42592 -2 -1.99719
42593 -2 -1.99719
42594 -2 -1.99719
42595 -2 -1.99719
42596 -2 -1.99719
42597 -2 -1.99719
42598 -2 -1.99719
42599 -2 -1.99719
42600 -2 -1.99719
42601 -2 -1.99719
42602 -2 -1.99719
42603 -2 -1.99719
42604 -2 -1.99719
42605 -2 -1.99719
42606 -2 -1.99719
42607 -2 -1.99719
42608 -2 -1.99719
42609 -2 -1.99719
42610 -1.98 -1.99719
42611 -1.98 -1.99719
42612 -2 -1.99719
42613 -2 -1.99719
42614 -1.98 -1.99719
42615 -1.98 -1.99719
42616 -1.98 -1.99719
42617 -2 -1.99719
42618 -2 -1.99719
42619 -2 -1.99719
42620 -2 -1.99719
42621 -2 -1.99719
42622 -2 -1.99719
42623 -2 -1.99719
42624 -2 -1.99719
42625 -2 -1.99719
42626 -2 -1.99719
42627 -2 -1.99719
42628 -2 -1.99719
42629 -2 -1.99719
42630 -2 -1.99719
42631 -2 -1.99719
42632 -2 -1.99719
42633 -2 -1.99719
42634 -2 -1.99719
42635 -2 -1.99719
42636 -2 -1.99719
42637 -2 -1.99719
42638 -2 -1.99719
42639 -2 -1.99719
42640 -2 -1.99719
42641 -2 -1.99719
42642 -2 -1.99719
42643 -2 -1.99719
42644 -1.98 -1.99719
42645 -1.98 -1.99719
42646 -1.98 -1.99719
42647 -1.98 -1.99719
42648 -1.98 -1.99719
42649 -1.98 -1.99719
42650 -1.98 -1.99719
42651 -2 -1.99719
42652 -2 -1.99719
42653 -2 -1.99719
42654 -2 -1.99719
42655 -2 -1.99719
42656 -2 -1.99719
42657 -2 -1.99719
42658 -2 -1.99719
42659 -2 -1.99719
42660 -2 -1.99719
42661 -2 -1.99719
42662 -2 -1.99719
42663 -2 -1.99719
42664 -2 -1.99719
42665 -2 -1.99719
42666 -2 -1.99719
42667 -2 -1.99719
42668 -2 -1.99719
42669 -2 -1.99719
42670 -2 -1.99719
42671 -2 -1.99719
42672 -2 -1.99719
42673 -2 -1.99719
42674 -2 -1.99719
42675 -1.98 -1.99719
42676 -2 -1.99719
42677 -2 -1.99719
42678 -2 -1.99719
42679 -1.97 -1.99719
42680 -2 -1.99719
42681 -2 -1.99719
42682 -2 -1.99719
42683 -2 -1.99719
42684 -2 -1.99719
42685 -2 -1.99719
42686 -2 -1.99719
42687 -2 -1.99719
42688 -2 -1.99719
42689 -2 -1.99719
42690 -1.98 -1.99719
42691 -1.98 -1.99719
42692 -1.98 -1.99719
42693 -2 -1.99719
42694 -2 -1.99719
42695 -2 -1.99719
42696 -2 -1.99719
42697 -2 -1.99719
42698 -2 -1.99719
42699 -2 -1.99719
42700 -2 -1.99719
42701 -2 -1.99719
42702 -2 -1.99719
42703 -2 -1.99719
42704 -2 -1.99719
42705 -2 -1.99719
42706 -2 -1.99719
42707 -2 -1.99719
42708 -2 -1.99719
42709 -2 -1.99719
42710 -2 -1.99719
42711 -2 -1.99719
42712 -2 -1.99719
42713 -2 -1.99719
42714 -2 -1.99719
42715 -2 -1.99719
42716 -2 -1.99719
42717 -2 -1.99719
42718 -2 -1.99719
42719 -2 -1.99719
42720 -2 -1.99719
42721 -2 -1.99719
42722 -2 -1.99719
42723 -1.98 -1.99719
42724 -2 -1.99719
42725 -2 -1.99719
42726 -2 -1.99719
42727 -2 -1.99719
42728 -2 -1.99719
42729 -2 -1.99719
42730 -2 -1.99719
42731 -2 -1.99719
42732 -2 -1.99719
42733 -1.98 -1.99719
42734 -2 -1.99719
42735 -2 -1.99719
42736 -1.98 -1.99719
42737 -1.98 -1.99719
42738 -2 -1.99719
42739 -2 -1.99719
42740 -2 -1.99719
42741 -2 -1.99719
42742 -2 -1.99719
42743 -2 -1.99719
42744 -1.98 -1.99719
42745 -1.96 -1.99719
42746 -1.98 -1.99719
42747 -2 -1.99719
42748 -2 -1.99719
42749 -2 -1.99719
42750 -2 -1.99719
42751 -2 -1.99719
42752 -2 -1.99719
42753 -2 -1.99719
42754 -2 -1.99719
42755 -2 -1.99719
42756 -2 -1.99719
42757 -2 -1.99719
42758 -2 -1.99719
42759 -2 -1.99719
42760 -2 -1.99719
42761 -2 -1.99719
42762 -2 -1.99719
42763 -2 -1.99719
42764 -2 -1.99719
42765 -2 -1.99719
42766 -1.98 -1.99719
42767 -2 -1.99719
42768 -2 -1.99719
42769 -2 -1.99719
42770 -2 -1.99719
42771 -2 -1.99719
42772 -1.98 -1.99719
42773 -1.98 -1.99719
42774 -1.98 -1.99719
42775 -1.98 -1.99719
42776 -1.98 -1.99719
42777 -1.98 -1.99719
42778 -1.98 -1.99719
42779 -2 -1.99719
42780 -1.98 -1.99718
42781 -2 -1.99719
42782 -2 -1.99719
42783 -2 -1.99719
42784 -2 -1.99719
42785 -2 -1.99719
42786 -2 -1.99719
42787 -2 -1.99719
42788 -2 -1.99719
42789 -2 -1.99719
42790 -2 -1.99719
42791 -2 -1.99719
42792 -2 -1.99719
42793 -2 -1.99719
42794 -2 -1.99719
42795 -2 -1.99719
42796 -2 -1.99719
42797 -1.98 -1.99719
42798 -1.98 -1.99719
42799 -1.98 -1.99718
42800 -2 -1.99718
42801 -2 -1.99718
42802 -2 -1.99719
42803 -2 -1.99719
42804 -2 -1.99719
42805 -2 -1.99719
42806 -2 -1.99719
42807 -2 -1.99719
42808 -2 -1.99719
42809 -2 -1.99719
42810 -2 -1.99719
42811 -2 -1.99719
42812 -1.98 -1.99719
42813 -1.98 -1.99718
42814 -1.98 -1.99718
42815 -1.98 -1.99718
42816 -2 -1.99718
42817 -2 -1.99718
42818 -2 -1.99718
42819 -2 -1.99718
42820 -2 -1.99718
42821 -2 -1.99718
42822 -2 -1.99718
42823 -2 -1.99718
42824 -2 -1.99718
42825 -2 -1.99718
42826 -2 -1.99718
42827 -2 -1.99718
42828 -2 -1.99718
42829 -1.98 -1.99718
42830 -1.98 -1.99718
42831 -2 -1.99718
42832 -2 -1.99718
42833 -2 -1.99718
42834 -1.98 -1.99718
42835 -2 -1.99718
42836 -2 -1.99718
42837 -2 -1.99718
42838 -1.98 -1.99718
42839 -2 -1.99718
42840 -2 -1.99718
42841 -2 -1.99718
42842 -2 -1.99718
42843 -2 -1.99718
42844 -2 -1.99718
42845 -2 -1.99718
42846 -2 -1.99718
42847 -2 -1.99718
42848 -2 -1.99718
42849 -2 -1.99718
42850 -2 -1.99718
42851 -2 -1.99718
42852 -2 -1.99718
42853 -2 -1.99718
42854 -2 -1.99718
42855 -2 -1.99718
42856 -2 -1.99718
42857 -2 -1.99718
42858 -2 -1.99718
42859 -2 -1.99719
42860 -2 -1.99719
42861 -2 -1.99719
42862 -2 -1.99719
42863 -2 -1.99719
42864 -2 -1.99719
42865 -2 -1.99719
42866 -2 -1.99719
42867 -2 -1.99719
42868 -2 -1.99719
42869 -2 -1.99719
42870 -2 -1.99719
42871 -2 -1.99719
42872 -2 -1.99719
42873 -2 -1.99719
42874 -2 -1.99719
42875 -2 -1.99719
42876 -2 -1.99719
42877 -2 -1.99719
42878 -2 -1.99719
42879 -2 -1.99719
42880 -2 -1.99719
42881 -2 -1.99719
42882 -2 -1.99719
42883 -2 -1.99719
42884 -2 -1.99719
42885 -2 -1.99719
42886 -2 -1.99719
42887 -1.98 -1.99719
42888 -1.98 -1.99719
42889 -2 -1.99719
42890 -2 -1.99719
42891 -2 -1.99719
42892 -2 -1.99719
42893 -2 -1.99719
42894 -2 -1.99719
42895 -2 -1.99719
42896 -1.98 -1.99719
42897 -2 -1.99719
42898 -2 -1.99719
42899 -2 -1.99719
42900 -2 -1.99719
42901 -2 -1.99719
42902 -2 -1.99719
42903 -2 -1.99719
42904 -2 -1.99719
42905 -2 -1.99719
42906 -1.96 -1.99719
42907 -1.98 -1.99719
42908 -1.96 -1.99718
42909 -1.98 -1.99718
42910 -2 -1.99718
42911 -2 -1.99718
42912 -2 -1.99718
42913 -2 -1.99718
42914 -2 -1.99718
42915 -2 -1.99718
42916 -2 -1.99718
42917 -2 -1.99718
42918 -2 -1.99718
42919 -2 -1.99718
42920 -2 -1.99718
42921 -2 -1.99718
42922 -2 -1.99718
42923 -2 -1.99719
42924 -2 -1.99719
42925 -1.98 -1.99718
42926 -1.98 -1.99718
42927 -1.98 -1.99718
42928 -1.98 -1.99718
42929 -2 -1.99718
42930 -2 -1.99718
42931 -2 -1.99718
42932 -2 -1.99718
42933 -2 -1.99718
42934 -2 -1.99718
42935 -2 -1.99718
42936 -2 -1.99718
42937 -2 -1.99718
42938 -1.98 -1.99718
42939 -1.98 -1.99718
42940 -2 -1.99718
42941 -2 -1.99718
42942 -2 -1.99718
42943 -2 -1.99718
42944 -2 -1.99718
42945 -2 -1.99718
42946 -2 -1.99718
42947 -2 -1.99718
42948 -2 -1.99718
42949 -2 -1.99718
42950 -2 -1.99718
42951 -1.98 -1.99718
42952 -2 -1.99718
42953 -2 -1.99718
42954 -2 -1.99718
42955 -2 -1.99718
42956 -2 -1.99718
42957 -2 -1.99718
42958 -2 -1.99718
42959 -2 -1.99718
42960 -2 -1.99718
42961 -2 -1.99718
42962 -1.98 -1.99718
42963 -1.98 -1.99718
42964 -2 -1.99718
42965 -2 -1.99718
42966 -2 -1.99718
42967 -1.98 -1.99718
42968 -2 -1.99718
42969 -2 -1.99718
42970 -2 -1.99718
42971 -2 -1.99718
42972 -2 -1.99718
42973 -2 -1.99718
42974 -2 -1.99718
42975 -1.98 -1.99718
42976 -1.98 -1.99718
42977 -1.98 -1.99718
42978 -2 -1.99718
42979 -2 -1.99718
42980 -2 -1.99718
42981 -2 -1.99718
42982 -2 -1.99718
42983 -2 -1.99718
42984 -2 -1.99718
42985 -2 -1.99718
42986 -2 -1.99718
42987 -2 -1.99718
42988 -2 -1.99718
42989 -2 -1.99718
42990 -2 -1.99718
42991 -2 -1.99718
42992 -1.98 -1.99718
42993 -2 -1.99718
42994 -2 -1.99718
42995 -2 -1.99718
42996 -2 -1.99718
42997 -2 -1.99718
42998 -2 -1.99718
42999 -2 -1.99718
43000 -2 -1.99718
43001 -2 -1.99718
43002 -2 -1.99718
43003 -2 -1.99718
43004 -2 -1.99718
43005 -2 -1.99718
43006 -2 -1.99718
43007 -2 -1.99718
43008 -2 -1.99718
43009 -2 -1.99718
43010 -2 -1.99718
43011 -2 -1.99718
43012 -2 -1.99718
43013 -2 -1.99718
43014 -2 -1.99718
43015 -2 -1.99718
43016 -1.98 -1.99718
43017 -1.98 -1.99718
43018 -1.96 -1.99718
43019 -1.96 -1.99718
43020 -1.96 -1.99718
43021 -2 -1.99718
43022 -2 -1.99718
43023 -2 -1.99718
43024 -2 -1.99718
43025 -1.98 -1.99718
43026 -2 -1.99718
43027 -2 -1.99718
43028 -2 -1.99718
43029 -2 -1.99718
43030 -2 -1.99718
43031 -2 -1.99718
43032 -2 -1.99718
43033 -2 -1.99718
43034 -2 -1.99718
43035 -2 -1.99718
43036 -1.98 -1.99718
43037 -2 -1.99718
43038 -2 -1.99718
43039 -2 -1.99718
43040 -2 -1.99718
43041 -2 -1.99718
43042 -2 -1.99718
43043 -2 -1.99718
43044 -2 -1.99718
43045 -2 -1.99718
43046 -2 -1.99718
43047 -2 -1.99718
43048 -2 -1.99718
43049 -2 -1.99718
43050 -1.98 -1.99718
43051 -1.98 -1.99718
43052 -2 -1.99718
43053 -2 -1.99718
43054 -2 -1.99718
43055 -2 -1.99718
43056 -2 -1.99718
43057 -2 -1.99718
43058 -2 -1.99718
43059 -2 -1.99718
43060 -2 -1.99718
43061 -2 -1.99718
43062 -2 -1.99718
43063 -2 -1.99718
43064 -2 -1.99718
43065 -2 -1.99718
43066 -2 -1.99718
43067 -2 -1.99718
43068 -2 -1.99718
43069 -2 -1.99718
43070 -2 -1.99718
43071 -2 -1.99718
43072 -2 -1.99718
43073 -2 -1.99718
43074 -2 -1.99718
43075 -2 -1.99718
43076 -2 -1.99718
43077 -2 -1.99718
43078 -1.98 -1.99718
43079 -1.98 -1.99718
43080 -1.98 -1.99718
43081 -1.96 -1.99718
43082 -2 -1.99718
43083 -2 -1.99718
43084 -2 -1.99718
43085 -1.98 -1.99718
43086 -2 -1.99718
43087 -2 -1.99718
43088 -2 -1.99718
43089 -2 -1.99718
43090 -2 -1.99718
43091 -2 -1.99718
43092 -2 -1.99718
43093 -2 -1.99718
43094 -2 -1.99718
43095 -2 -1.99718
43096 -2 -1.99718
43097 -2 -1.99718
43098 -2 -1.99718
43099 -2 -1.99718
43100 -2 -1.99718
43101 -2 -1.99718
43102 -2 -1.99718
43103 -2 -1.99718
43104 -2 -1.99718
43105 -2 -1.99718
43106 -2 -1.99718
43107 -2 -1.99718
43108 -2 -1.99718
43109 -2 -1.99718
43110 -2 -1.99718
43111 -2 -1.99718
43112 -2 -1.99718
43113 -2 -1.99718
43114 -2 -1.99718
43115 -2 -1.99718
43116 -2 -1.99718
43117 -2 -1.99718
43118 -1.98 -1.99718
43119 -1.98 -1.99718
43120 -1.98 -1.99718
43121 -2 -1.99718
43122 -2 -1.99718
43123 -2 -1.99718
43124 -1.98 -1.99718
43125 -2 -1.99718
43126 -2 -1.99718
43127 -2 -1.99718
43128 -2 -1.99718
43129 -2 -1.99718
43130 -2 -1.99718
43131 -2 -1.99718
43132 -2 -1.99718
43133 -2 -1.99718
43134 -2 -1.99718
43135 -2 -1.99718
43136 -2 -1.99718
43137 -2 -1.99718
43138 -2 -1.99718
43139 -2 -1.99718
43140 -2 -1.99718
43141 -2 -1.99718
43142 -2 -1.99718
43143 -2 -1.99718
43144 -2 -1.99718
43145 -2 -1.99718
43146 -2 -1.99718
43147 -1.98 -1.99718
43148 -2 -1.99718
43149 -2 -1.99718
43150 -2 -1.99718
43151 -2 -1.99718
43152 -2 -1.99718
43153 -2 -1.99718
43154 -2 -1.99718
43155 -2 -1.99718
43156 -1.98 -1.99718
43157 -2 -1.99718
43158 -2 -1.99718
43159 -2 -1.99718
43160 -2 -1.99718
43161 -2 -1.99718
43162 -2 -1.99718
43163 -2 -1.99718
43164 -2 -1.99718
43165 -2 -1.99718
43166 -2 -1.99718
43167 -2 -1.99718
43168 -1.98 -1.99718
43169 -2 -1.99718
43170 -2 -1.99718
43171 -2 -1.99718
43172 -2 -1.99718
43173 -2 -1.99718
43174 -2 -1.99718
43175 -2 -1.99718
43176 -2 -1.99718
43177 -2 -1.99718
43178 -2 -1.99718
43179 -2 -1.99718
43180 -1.98 -1.99718
43181 -2 -1.99718
43182 -2 -1.99718
43183 -2 -1.99718
43184 -2 -1.99718
43185 -2 -1.99718
43186 -2 -1.99718
43187 -2 -1.99718
43188 -2 -1.99718
43189 -2 -1.99718
43190 -2 -1.99718
43191 -2 -1.99718
43192 -2 -1.99718
43193 -2 -1.99718
43194 -2 -1.99718
43195 -2 -1.99718
43196 -2 -1.99718
43197 -2 -1.99718
43198 -2 -1.99718
43199 -2 -1.99718
43200 -2 -1.99718
43201 -2 -1.99718
43202 -2 -1.99718
43203 -2 -1.99718
43204 -1.98 -1.99718
43205 -1.96 -1.99718
43206 -1.98 -1.99718
43207 -2 -1.99718
43208 -2 -1.99718
43209 -2 -1.99718
43210 -2 -1.99718
43211 -2 -1.99718
43212 -2 -1.99718
43213 -2 -1.99718
43214 -2 -1.99718
43215 -2 -1.99718
43216 -2 -1.99718
43217 -2 -1.99718
43218 -2 -1.99718
43219 -2 -1.99718
43220 -2 -1.99718
43221 -2 -1.99718
43222 -2 -1.99718
43223 -2 -1.99718
43224 -2 -1.99718
43225 -2 -1.99718
43226 -2 -1.99718
43227 -2 -1.99718
43228 -2 -1.99718
43229 -2 -1.99718
43230 -2 -1.99718
43231 -2 -1.99718
43232 -1.98 -1.99718
43233 -2 -1.99718
43234 -2 -1.99718
43235 -2 -1.99718
43236 -2 -1.99718
43237 -2 -1.99718
43238 -2 -1.99718
43239 -2 -1.99718
43240 -2 -1.99718
43241 -1.98 -1.99718
43242 -1.98 -1.99718
43243 -2 -1.99718
43244 -2 -1.99718
43245 -2 -1.99718
43246 -2 -1.99718
43247 -2 -1.99718
43248 -2 -1.99718
43249 -2 -1.99718
43250 -2 -1.99718
43251 -2 -1.99718
43252 -2 -1.99718
43253 -2 -1.99718
43254 -2 -1.99718
43255 -2 -1.99718
43256 -2 -1.99718
43257 -2 -1.99719
43258 -2 -1.99719
43259 -2 -1.99719
43260 -2 -1.99719
43261 -2 -1.99719
43262 -2 -1.99719
43263 -2 -1.99719
43264 -2 -1.99719
43265 -2 -1.99719
43266 -2 -1.99719
43267 -2 -1.99719
43268 -2 -1.99719
43269 -2 -1.99719
43270 -2 -1.99719
43271 -2 -1.99719
43272 -2 -1.99719
43273 -2 -1.99719
43274 -2 -1.99719
43275 -2 -1.99719
43276 -2 -1.99719
43277 -2 -1.99719
43278 -2 -1.99719
43279 -2 -1.99719
43280 -1.98 -1.99719
43281 -2 -1.99719
43282 -2 -1.99719
43283 -2 -1.99719
43284 -2 -1.99719
43285 -1.98 -1.99719
43286 -1.98 -1.99719
43287 -1.98 -1.99719
43288 -2 -1.99719
43289 -2 -1.99719
43290 -2 -1.99719
43291 -2 -1.99719
43292 -2 -1.99719
43293 -1.98 -1.99719
43294 -2 -1.99719
43295 -2 -1.99719
43296 -2 -1.99719
43297 -2 -1.99719
43298 -2 -1.99719
43299 -2 -1.99719
43300 -2 -1.99719
43301 -2 -1.99719
43302 -2 -1.99719
43303 -2 -1.99719
43304 -2 -1.99719
43305 -2 -1.99719
43306 -2 -1.99719
43307 -2 -1.99719
43308 -2 -1.99719
43309 -2 -1.99719
43310 -2 -1.99719
43311 -2 -1.99719
43312 -2 -1.99719
43313 -1.98 -1.99719
43314 -1.95 -1.99718
43315 -1.94 -1.99718
43316 -1.98 -1.99718
43317 -2 -1.99718
43318 -2 -1.99718
43319 -1.98 -1.99718
43320 -1.98 -1.99718
43321 -2 -1.99718
43322 -2 -1.99718
43323 -2 -1.99718
43324 -2 -1.99718
43325 -2 -1.99718
43326 -2 -1.99718
43327 -2 -1.99718
43328 -2 -1.99718
43329 -1.98 -1.99718
43330 -2 -1.99718
43331 -2 -1.99718
43332 -2 -1.99718
43333 -2 -1.99718
43334 -2 -1.99718
43335 -2 -1.99718
43336 -2 -1.99718
43337 -2 -1.99718
43338 -2 -1.99718
43339 -2 -1.99718
43340 -2 -1.99718
43341 -2 -1.99718
43342 -2 -1.99718
43343 -2 -1.99718
43344 -1.98 -1.99718
43345 -2 -1.99718
43346 -2 -1.99718
43347 -2 -1.99718
43348 -2 -1.99718
43349 -2 -1.99718
43350 -2 -1.99718
43351 -2 -1.99718
43352 -2 -1.99718
43353 -2 -1.99718
43354 -2 -1.99718
43355 -2 -1.99718
43356 -2 -1.99718
43357 -2 -1.99718
43358 -2 -1.99718
43359 -2 -1.99718
43360 -2 -1.99718
43361 -2 -1.99718
43362 -2 -1.99718
43363 -2 -1.99718
43364 -2 -1.99718
43365 -2 -1.99718
43366 -2 -1.99718
43367 -2 -1.99718
43368 -2 -1.99718
43369 -2 -1.99718
43370 -2 -1.99718
43371 -2 -1.99718
43372 -2 -1.99718
43373 -2 -1.99718
43374 -2 -1.99719
43375 -2 -1.99719
43376 -2 -1.99719
43377 -2 -1.99719
43378 -2 -1.99719
43379 -2 -1.99719
43380 -2 -1.99719
43381 -2 -1.99719
43382 -2 -1.99719
43383 -2 -1.99719
43384 -2 -1.99719
43385 -2 -1.99719
43386 -2 -1.99719
43387 -2 -1.99719
43388 -2 -1.99719
43389 -2 -1.99719
43390 -2 -1.99719
43391 -2 -1.99719
43392 -2 -1.99719
43393 -2 -1.99719
43394 -2 -1.99719
43395 -2 -1.99719
43396 -2 -1.99719
43397 -2 -1.99719
43398 -2 -1.99719
43399 -1.98 -1.99719
43400 -2 -1.99719
43401 -2 -1.99719
43402 -2 -1.99719
43403 -2 -1.99719
43404 -2 -1.99719
43405 -2 -1.99719
43406 -2 -1.99719
43407 -2 -1.99719
43408 -2 -1.99719
43409 -2 -1.99719
43410 -2 -1.99719
43411 -2 -1.99719
43412 -2 -1.99719
43413 -2 -1.99719
43414 -2 -1.99719
43415 -2 -1.99719
43416 -2 -1.99719
43417 -2 -1.99719
43418 -2 -1.99719
43419 -2 -1.99719
43420 -2 -1.99719
43421 -2 -1.99719
43422 -2 -1.99719
43423 -2 -1.99719
43424 -2 -1.99719
43425 -2 -1.99719
43426 -2 -1.99719
43427 -2 -1.99719
43428 -2 -1.99719
43429 -2 -1.99719
43430 -2 -1.99719
43431 -2 -1.99719
43432 -2 -1.99719
43433 -2 -1.99719
43434 -2 -1.99719
43435 -2 -1.99719
43436 -1.98 -1.99719
43437 -1.98 -1.99719
43438 -2 -1.99719
43439 -2 -1.99719
43440 -2 -1.99719
43441 -1.98 -1.99719
43442 -2 -1.99719
43443 -2 -1.99719
43444 -2 -1.99719
43445 -2 -1.99719
43446 -2 -1.99719
43447 -2 -1.99719
43448 -2 -1.99719
43449 -2 -1.99719
43450 -2 -1.99719
43451 -2 -1.99719
43452 -2 -1.99719
43453 -2 -1.99719
43454 -2 -1.99719
43455 -2 -1.99719
43456 -2 -1.99719
43457 -2 -1.99719
43458 -2 -1.99719
43459 -2 -1.99719
43460 -2 -1.99719
43461 -2 -1.99719
43462 -1.98 -1.99719
43463 -1.98 -1.99719
43464 -2 -1.99719
43465 -2 -1.99719
43466 -2 -1.99719
43467 -2 -1.99719
43468 -2 -1.99719
43469 -2 -1.99719
43470 -2 -1.99719
43471 -1.98 -1.99719
43472 -2 -1.99719
43473 -2 -1.99719
43474 -2 -1.99719
43475 -2 -1.99719
43476 -2 -1.99719
43477 -2 -1.99719
43478 -2 -1.99719
43479 -2 -1.99719
43480 -2 -1.99719
43481 -2 -1.99719
43482 -2 -1.99719
43483 -2 -1.99719
43484 -2 -1.99719
43485 -2 -1.99719
43486 -2 -1.99719
43487 -2 -1.99719
43488 -2 -1.99719
43489 -2 -1.99719
43490 -2 -1.99719
43491 -2 -1.99719
43492 -2 -1.99719
43493 -2 -1.99719
43494 -2 -1.99719
43495 -2 -1.99719
43496 -2 -1.99719
43497 -2 -1.99719
43498 -2 -1.99719
43499 -2 -1.99719
43500 -2 -1.99719
43501 -2 -1.99719
43502 -2 -1.99719
43503 -2 -1.99719
43504 -2 -1.99719
43505 -2 -1.99719
43506 -2 -1.99719
43507 -2 -1.99719
43508 -2 -1.99719
43509 -2 -1.99719
43510 -2 -1.99719
43511 -2 -1.99719
43512 -2 -1.99719
43513 -2 -1.99719
43514 -2 -1.99719
43515 -2 -1.99719
43516 -2 -1.99719
43517 -2 -1.99719
43518 -2 -1.99719
43519 -2 -1.99719
43520 -2 -1.99719
43521 -1.98 -1.99719
43522 -1.98 -1.99719
43523 -1.98 -1.99719
43524 -1.98 -1.99719
43525 -2 -1.99719
43526 -2 -1.99719
43527 -2 -1.99719
43528 -2 -1.99719
43529 -2 -1.99719
43530 -2 -1.99719
43531 -2 -1.99719
43532 -2 -1.99719
43533 -2 -1.99719
43534 -2 -1.99719
43535 -2 -1.99719
43536 -2 -1.99719
43537 -2 -1.99719
43538 -2 -1.99719
43539 -2 -1.99719
43540 -2 -1.99719
43541 -2 -1.99719
43542 -2 -1.99719
43543 -2 -1.99719
43544 -2 -1.99719
43545 -2 -1.99719
43546 -2 -1.99719
43547 -1.98 -1.99719
43548 -2 -1.99719
43549 -2 -1.99719
43550 -2 -1.99719
43551 -2 -1.99719
43552 -2 -1.99719
43553 -2 -1.99719
43554 -2 -1.99719
43555 -2 -1.99719
43556 -2 -1.99719
43557 -2 -1.99719
43558 -2 -1.99719
43559 -2 -1.99719
43560 -2 -1.99719
43561 -2 -1.99719
43562 -2 -1.99719
43563 -2 -1.99719
43564 -2 -1.99719
43565 -2 -1.99719
43566 -2 -1.99719
43567 -2 -1.99719
43568 -2 -1.99719
43569 -2 -1.99719
43570 -1.98 -1.99719
43571 -2 -1.99719
43572 -2 -1.99719
43573 -2 -1.99719
43574 -2 -1.99719
43575 -1.98 -1.99719
43576 -2 -1.99719
43577 -2 -1.99719
43578 -2 -1.99719
43579 -2 -1.99719
43580 -2 -1.99719
43581 -2 -1.99719
43582 -2 -1.99719
43583 -2 -1.99719
43584 -2 -1.99719
43585 -2 -1.99719
43586 -2 -1.99719
43587 -1.98 -1.99719
43588 -1.97 -1.99719
43589 -1.98 -1.99719
43590 -2 -1.99719
43591 -2 -1.99719
43592 -2 -1.99719
43593 -2 -1.99719
43594 -2 -1.99719
43595 -2 -1.99719
43596 -2 -1.99719
43597 -1.98 -1.99719
43598 -1.97 -1.99719
43599 -2 -1.99719
43600 -1.98 -1.99719
43601 -1.98 -1.99719
43602 -2 -1.99719
43603 -1.98 -1.99719
43604 -2 -1.99719
43605 -2 -1.99719
43606 -2 -1.99719
43607 -2 -1.99719
43608 -2 -1.99719
43609 -2 -1.99719
43610 -2 -1.99719
43611 -2 -1.99719
43612 -1.98 -1.99719
43613 -2 -1.99719
43614 -2 -1.99719
43615 -2 -1.99719
43616 -2 -1.99719
43617 -2 -1.99719
43618 -2 -1.99719
43619 -2 -1.99719
43620 -2 -1.99719
43621 -2 -1.99719
43622 -2 -1.99719
43623 -2 -1.99719
43624 -2 -1.99719
43625 -2 -1.99719
43626 -2 -1.99719
43627 -2 -1.99719
43628 -2 -1.99719
43629 -2 -1.99719
43630 -2 -1.99719
43631 -2 -1.99719
43632 -1.98 -1.99719
43633 -2 -1.99719
43634 -1.98 -1.99719
43635 -1.98 -1.99719
43636 -2 -1.99719
43637 -2 -1.99719
43638 -2 -1.99719
43639 -2 -1.99719
43640 -2 -1.99719
43641 -2 -1.99719
43642 -2 -1.99719
43643 -2 -1.99719
43644 -2 -1.99719
43645 -2 -1.99719
43646 -2 -1.99719
43647 -2 -1.99719
43648 -2 -1.99719
43649 -2 -1.99719
43650 -2 -1.99719
43651 -1.98 -1.99719
43652 -1.98 -1.99719
43653 -1.98 -1.99719
43654 -1.98 -1.99719
43655 -2 -1.99719
43656 -2 -1.99719
43657 -2 -1.99719
43658 -2 -1.99719
43659 -2 -1.99719
43660 -2 -1.99719
43661 -2 -1.99719
43662 -2 -1.99719
43663 -2 -1.99719
43664 -2 -1.99719
43665 -2 -1.99719
43666 -2 -1.99719
43667 -2 -1.99719
43668 -2 -1.99719
43669 -2 -1.99719
43670 -2 -1.99719
43671 -2 -1.99719
43672 -2 -1.99719
43673 -2 -1.99719
43674 -2 -1.99719
43675 -2 -1.99719
43676 -2 -1.99719
43677 -1.98 -1.99719
43678 -1.98 -1.99719
43679 -2 -1.99719
43680 -2 -1.99719
43681 -2 -1.99719
43682 -2 -1.99719
43683 -2 -1.99719
43684 -2 -1.99719
43685 -2 -1.99719
43686 -2 -1.99719
43687 -1.98 -1.99719
43688 -1.96 -1.99719
43689 -2 -1.99719
43690 -2 -1.99719
43691 -2 -1.99719
43692 -2 -1.99719
43693 -2 -1.99719
43694 -2 -1.99719
43695 -2 -1.99719
43696 -2 -1.99719
43697 -2 -1.99719
43698 -2 -1.99719
43699 -2 -1.99719
43700 -2 -1.99719
43701 -2 -1.99719
43702 -2 -1.99719
43703 -2 -1.99719
43704 -2 -1.99719
43705 -2 -1.99719
43706 -2 -1.99719
43707 -2 -1.99719
43708 -2 -1.99719
43709 -2 -1.99719
43710 -2 -1.99719
43711 -2 -1.99719
43712 -2 -1.99719
43713 -2 -1.99719
43714 -2 -1.99719
43715 -2 -1.99719
43716 -2 -1.99719
43717 -2 -1.99719
43718 -2 -1.99719
43719 -2 -1.99719
43720 -2 -1.99719
43721 -2 -1.99719
43722 -2 -1.99719
43723 -2 -1.99719
43724 -2 -1.99719
43725 -2 -1.99719
43726 -2 -1.99719
43727 -2 -1.99719
43728 -2 -1.99719
43729 -2 -1.99719
43730 -2 -1.99719
43731 -2 -1.99719
43732 -2 -1.99719
43733 -2 -1.99719
43734 -2 -1.99719
43735 -2 -1.99719
43736 -2 -1.99719
43737 -2 -1.99719
43738 -2 -1.99719
43739 -2 -1.99719
43740 -2 -1.99719
43741 -2 -1.99719
43742 -2 -1.99719
43743 -2 -1.99719
43744 -2 -1.99719
43745 -2 -1.99719
43746 -2 -1.99719
43747 -2 -1.99719
43748 -2 -1.99719
43749 -2 -1.99719
43750 -2 -1.99719
43751 -2 -1.99719
43752 -2 -1.99719
43753 -2 -1.99719
43754 -2 -1.99719
43755 -2 -1.99719
43756 -2 -1.99719
43757 -2 -1.99719
43758 -2 -1.99719
43759 -2 -1.99719
43760 -2 -1.99719
43761 -2 -1.99719
43762 -2 -1.99719
43763 -2 -1.99719
43764 -2 -1.99719
43765 -1.98 -1.99719
43766 -2 -1.99719
43767 -1.98 -1.99719
43768 -2 -1.99719
43769 -2 -1.99719
43770 -2 -1.99719
43771 -2 -1.99719
43772 -2 -1.99719
43773 -2 -1.99719
43774 -2 -1.99719
43775 -2 -1.99719
43776 -2 -1.99719
43777 -1.98 -1.99719
43778 -2 -1.99719
43779 -2 -1.99719
43780 -2 -1.99719
43781 -2 -1.99719
43782 -2 -1.99719
43783 -2 -1.99719
43784 -2 -1.99719
43785 -2 -1.99719
43786 -2 -1.99719
43787 -2 -1.99719
43788 -2 -1.99719
43789 -2 -1.99719
43790 -2 -1.99719
43791 -2 -1.99719
43792 -2 -1.99719
43793 -2 -1.99719
43794 -2 -1.99719
43795 -2 -1.99719
43796 -2 -1.99719
43797 -2 -1.99719
43798 -2 -1.99719
43799 -2 -1.99719
43800 -2 -1.99719
43801 -2 -1.99719
43802 -2 -1.99719
43803 -1.98 -1.99719
43804 -2 -1.99719
43805 -2 -1.99719
43806 -2 -1.99719
43807 -2 -1.99719
43808 -2 -1.99719
43809 -1.98 -1.99719
43810 -2 -1.99719
43811 -2 -1.99719
43812 -2 -1.99719
43813 -2 -1.99719
43814 -2 -1.99719
43815 -2 -1.99719
43816 -1.98 -1.99719
43817 -1.98 -1.99719
43818 -2 -1.99719
43819 -2 -1.99719
43820 -2 -1.99719
43821 -2 -1.99719
43822 -2 -1.99719
43823 -2 -1.99719
43824 -2 -1.99719
43825 -2 -1.99719
43826 -2 -1.99719
43827 -2 -1.99719
43828 -2 -1.99719
43829 -2 -1.99719
43830 -2 -1.99719
43831 -2 -1.99719
43832 -2 -1.99719
43833 -2 -1.99719
43834 -2 -1.99719
43835 -2 -1.99719
43836 -2 -1.9972
43837 -2 -1.9972
43838 -2 -1.9972
43839 -2 -1.9972
43840 -1.98 -1.99719
43841 -1.98 -1.99719
43842 -1.98 -1.99719
43843 -2 -1.99719
43844 -2 -1.99719
43845 -2 -1.99719
43846 -2 -1.99719
43847 -2 -1.99719
43848 -2 -1.99719
43849 -2 -1.99719
43850 -2 -1.99719
43851 -2 -1.99719
43852 -2 -1.99719
43853 -2 -1.99719
43854 -2 -1.99719
43855 -2 -1.99719
43856 -2 -1.99719
43857 -2 -1.9972
43858 -2 -1.9972
43859 -2 -1.9972
43860 -2 -1.9972
43861 -2 -1.9972
43862 -2 -1.9972
43863 -1.98 -1.99719
43864 -2 -1.9972
43865 -2 -1.9972
43866 -2 -1.9972
43867 -2 -1.9972
43868 -2 -1.9972
43869 -2 -1.9972
43870 -2 -1.9972
43871 -1.98 -1.9972
43872 -2 -1.9972
43873 -2 -1.9972
43874 -1.98 -1.99719
43875 -2 -1.99719
43876 -2 -1.99719
43877 -2 -1.99719
43878 -2 -1.9972
43879 -2 -1.9972
43880 -2 -1.9972
43881 -2 -1.9972
43882 -2 -1.9972
43883 -2 -1.9972
43884 -2 -1.9972
43885 -2 -1.9972
43886 -2 -1.9972
43887 -1.98 -1.9972
43888 -2 -1.9972
43889 -2 -1.9972
43890 -2 -1.9972
43891 -2 -1.9972
43892 -2 -1.9972
43893 -2 -1.9972
43894 -2 -1.9972
43895 -2 -1.9972
43896 -2 -1.9972
43897 -2 -1.9972
43898 -2 -1.9972
43899 -2 -1.9972
43900 -2 -1.9972
43901 -1.98 -1.9972
43902 -2 -1.9972
43903 -2 -1.9972
43904 -2 -1.9972
43905 -2 -1.9972
43906 -2 -1.9972
43907 -2 -1.9972
43908 -2 -1.9972
43909 -2 -1.9972
43910 -2 -1.9972
43911 -2 -1.9972
43912 -2 -1.9972
43913 -2 -1.9972
43914 -2 -1.9972
43915 -2 -1.9972
43916 -2 -1.9972
43917 -2 -1.9972
43918 -2 -1.9972
43919 -2 -1.9972
43920 -2 -1.9972
43921 -2 -1.9972
43922 -1.98 -1.9972
43923 -2 -1.9972
43924 -2 -1.9972
43925 -2 -1.9972
43926 -1.98 -1.9972
43927 -2 -1.9972
43928 -2 -1.9972
43929 -2 -1.9972
43930 -2 -1.9972
43931 -2 -1.9972
43932 -2 -1.9972
43933 -2 -1.9972
43934 -2 -1.9972
43935 -2 -1.9972
43936 -2 -1.9972
43937 -2 -1.9972
43938 -2 -1.9972
43939 -2 -1.9972
43940 -2 -1.9972
43941 -2 -1.9972
43942 -2 -1.9972
43943 -1.98 -1.9972
43944 -2 -1.9972
43945 -2 -1.9972
43946 -2 -1.9972
43947 -2 -1.9972
43948 -2 -1.9972
43949 -2 -1.9972
43950 -2 -1.9972
43951 -2 -1.9972
43952 -2 -1.9972
43953 -2 -1.9972
43954 -2 -1.9972
43955 -2 -1.9972
43956 -2 -1.9972
43957 -2 -1.9972
43958 -2 -1.9972
43959 -2 -1.9972
43960 -2 -1.9972
43961 -2 -1.9972
43962 -2 -1.9972
43963 -2 -1.9972
43964 -2 -1.9972
43965 -2 -1.9972
43966 -2 -1.9972
43967 -2 -1.9972
43968 -2 -1.9972
43969 -2 -1.9972
43970 -2 -1.9972
43971 -2 -1.9972
43972 -2 -1.9972
43973 -2 -1.9972
43974 -2 -1.9972
43975 -2 -1.9972
43976 -1.98 -1.9972
43977 -2 -1.9972
43978 -2 -1.9972
43979 -2 -1.9972
43980 -2 -1.9972
43981 -2 -1.9972
43982 -2 -1.9972
43983 -2 -1.9972
43984 -1.98 -1.9972
43985 -1.98 -1.9972
43986 -2 -1.9972
43987 -2 -1.9972
43988 -2 -1.9972
43989 -2 -1.9972
43990 -2 -1.9972
43991 -2 -1.9972
43992 -2 -1.9972
43993 -2 -1.9972
43994 -2 -1.9972
43995 -2 -1.9972
43996 -2 -1.9972
43997 -2 -1.9972
43998 -2 -1.9972
43999 -2 -1.9972
44000 -2 -1.9972
44001 -2 -1.9972
44002 -2 -1.9972
44003 -2 -1.9972
44004 -2 -1.9972
44005 -2 -1.9972
44006 -2 -1.9972
44007 -2 -1.9972
44008 -2 -1.9972
44009 -2 -1.9972
44010 -2 -1.9972
44011 -2 -1.9972
44012 -2 -1.9972
44013 -2 -1.9972
44014 -2 -1.9972
44015 -2 -1.9972
44016 -2 -1.9972
44017 -2 -1.9972
44018 -2 -1.9972
44019 -2 -1.9972
44020 -2 -1.9972
44021 -2 -1.9972
44022 -2 -1.9972
44023 -2 -1.9972
44024 -2 -1.9972
44025 -2 -1.9972
44026 -2 -1.9972
44027 -2 -1.9972
44028 -2 -1.9972
44029 -2 -1.9972
44030 -2 -1.9972
44031 -2 -1.9972
44032 -2 -1.9972
44033 -2 -1.9972
44034 -2 -1.9972
44035 -2 -1.9972
44036 -2 -1.9972
44037 -2 -1.9972
44038 -2 -1.9972
44039 -2 -1.9972
44040 -2 -1.9972
44041 -2 -1.9972
44042 -2 -1.9972
44043 -2 -1.9972
44044 -2 -1.9972
44045 -2 -1.9972
44046 -2 -1.9972
44047 -1.98 -1.9972
44048 -1.98 -1.9972
44049 -2 -1.9972
44050 -2 -1.9972
44051 -2 -1.9972
44052 -2 -1.9972
44053 -2 -1.9972
44054 -2 -1.9972
44055 -2 -1.9972
44056 -2 -1.9972
44057 -2 -1.9972
44058 -1.98 -1.9972
44059 -2 -1.9972
44060 -2 -1.9972
44061 -2 -1.9972
44062 -2 -1.9972
44063 -2 -1.9972
44064 -2 -1.9972
44065 -1.98 -1.9972
44066 -2 -1.9972
44067 -2 -1.9972
44068 -2 -1.9972
44069 -1.98 -1.9972
44070 -2 -1.9972
44071 -1.97 -1.9972
44072 -1.98 -1.9972
44073 -2 -1.9972
44074 -2 -1.9972
44075 -2 -1.9972
44076 -2 -1.9972
44077 -2 -1.9972
44078 -1.98 -1.9972
44079 -1.96 -1.9972
44080 -1.98 -1.9972
44081 -2 -1.9972
44082 -2 -1.9972
44083 -2 -1.9972
44084 -2 -1.9972
44085 -2 -1.9972
44086 -1.98 -1.9972
44087 -2 -1.9972
44088 -2 -1.9972
44089 -2 -1.9972
44090 -2 -1.9972
44091 -2 -1.9972
44092 -2 -1.9972
44093 -2 -1.9972
44094 -2 -1.9972
44095 -2 -1.9972
44096 -2 -1.9972
44097 -2 -1.9972
44098 -2 -1.9972
44099 -1.98 -1.9972
44100 -2 -1.9972
44101 -2 -1.9972
44102 -2 -1.9972
44103 -2 -1.9972
44104 -2 -1.9972
44105 -2 -1.9972
44106 -2 -1.9972
44107 -2 -1.9972
44108 -2 -1.9972
44109 -2 -1.9972
44110 -2 -1.9972
44111 -2 -1.9972
44112 -2 -1.9972
44113 -2 -1.9972
44114 -2 -1.9972
44115 -2 -1.9972
44116 -2 -1.9972
44117 -2 -1.9972
44118 -2 -1.9972
44119 -2 -1.9972
44120 -2 -1.9972
44121 -2 -1.9972
44122 -1.98 -1.9972
44123 -2 -1.9972
44124 -2 -1.9972
44125 -2 -1.9972
44126 -2 -1.9972
44127 -2 -1.9972
44128 -2 -1.9972
44129 -2 -1.9972
44130 -2 -1.9972
44131 -2 -1.9972
44132 -2 -1.9972
44133 -1.98 -1.9972
44134 -2 -1.9972
44135 -2 -1.9972
44136 -2 -1.9972
44137 -1.98 -1.9972
44138 -1.98 -1.9972
44139 -1.98 -1.9972
44140 -2 -1.9972
44141 -2 -1.9972
44142 -2 -1.9972
44143 -2 -1.9972
44144 -2 -1.9972
44145 -2 -1.9972
44146 -2 -1.9972
44147 -2 -1.9972
44148 -2 -1.9972
44149 -2 -1.9972
44150 -2 -1.9972
44151 -2 -1.9972
44152 -2 -1.9972
44153 -2 -1.9972
44154 -2 -1.9972
44155 -2 -1.9972
44156 -2 -1.9972
44157 -2 -1.9972
44158 -1.96 -1.9972
44159 -1.98 -1.9972
44160 -2 -1.9972
44161 -2 -1.9972
44162 -2 -1.9972
44163 -2 -1.9972
44164 -2 -1.9972
44165 -2 -1.9972
44166 -2 -1.9972
44167 -2 -1.9972
44168 -2 -1.9972
44169 -2 -1.9972
44170 -1.97 -1.9972
44171 -1.98 -1.9972
44172 -1.97 -1.9972
44173 -1.96 -1.9972
44174 -1.97 -1.9972
44175 -1.98 -1.9972
44176 -2 -1.9972
44177 -2 -1.9972
44178 -2 -1.9972
44179 -2 -1.9972
44180 -1.98 -1.9972
44181 -2 -1.9972
44182 -2 -1.9972
44183 -2 -1.9972
44184 -2 -1.9972
44185 -2 -1.9972
44186 -2 -1.9972
44187 -2 -1.9972
44188 -2 -1.9972
44189 -2 -1.9972
44190 -2 -1.9972
44191 -2 -1.9972
44192 -2 -1.9972
44193 -2 -1.9972
44194 -2 -1.9972
44195 -2 -1.9972
44196 -2 -1.9972
44197 -2 -1.9972
44198 -2 -1.9972
44199 -2 -1.9972
44200 -2 -1.9972
44201 -2 -1.9972
44202 -2 -1.9972
44203 -2 -1.9972
44204 -2 -1.9972
44205 -2 -1.9972
44206 -2 -1.9972
44207 -2 -1.9972
44208 -2 -1.9972
44209 -2 -1.9972
44210 -2 -1.9972
44211 -2 -1.9972
44212 -2 -1.9972
44213 -2 -1.9972
44214 -2 -1.9972
44215 -2 -1.9972
44216 -2 -1.9972
44217 -1.98 -1.9972
44218 -2 -1.9972
44219 -2 -1.9972
44220 -2 -1.9972
44221 -2 -1.9972
44222 -2 -1.9972
44223 -2 -1.9972
44224 -2 -1.9972
44225 -2 -1.9972
44226 -2 -1.9972
44227 -2 -1.9972
44228 -2 -1.9972
44229 -2 -1.9972
44230 -2 -1.9972
44231 -2 -1.9972
44232 -2 -1.9972
44233 -2 -1.9972
44234 -2 -1.9972
44235 -2 -1.9972
44236 -2 -1.9972
44237 -2 -1.9972
44238 -2 -1.9972
44239 -2 -1.9972
44240 -2 -1.9972
44241 -2 -1.9972
44242 -2 -1.9972
44243 -1.96 -1.9972
44244 -1.98 -1.9972
44245 -2 -1.9972
44246 -2 -1.9972
44247 -2 -1.9972
44248 -2 -1.9972
44249 -2 -1.9972
44250 -2 -1.9972
44251 -1.98 -1.9972
44252 -2 -1.9972
44253 -2 -1.9972
44254 -2 -1.9972
44255 -2 -1.9972
44256 -2 -1.9972
44257 -2 -1.9972
44258 -2 -1.9972
44259 -2 -1.9972
44260 -2 -1.9972
44261 -2 -1.9972
44262 -2 -1.9972
44263 -2 -1.9972
44264 -2 -1.9972
44265 -2 -1.9972
44266 -2 -1.9972
44267 -2 -1.9972
44268 -2 -1.9972
44269 -2 -1.9972
44270 -2 -1.9972
44271 -2 -1.9972
44272 -2 -1.9972
44273 -2 -1.9972
44274 -2 -1.9972
44275 -2 -1.9972
44276 -2 -1.9972
44277 -2 -1.9972
44278 -2 -1.9972
44279 -2 -1.9972
44280 -1.98 -1.9972
44281 -2 -1.9972
44282 -2 -1.9972
44283 -2 -1.9972
44284 -2 -1.9972
44285 -2 -1.9972
44286 -2 -1.9972
44287 -2 -1.9972
44288 -1.98 -1.9972
44289 -1.98 -1.9972
44290 -2 -1.9972
44291 -2 -1.9972
44292 -2 -1.9972
44293 -2 -1.9972
44294 -2 -1.9972
44295 -2 -1.9972
44296 -2 -1.9972
44297 -2 -1.9972
44298 -2 -1.9972
44299 -2 -1.9972
44300 -2 -1.9972
44301 -2 -1.9972
44302 -2 -1.9972
44303 -2 -1.9972
44304 -2 -1.9972
44305 -2 -1.9972
44306 -2 -1.9972
44307 -2 -1.9972
44308 -2 -1.9972
44309 -2 -1.9972
44310 -2 -1.9972
44311 -2 -1.9972
44312 -2 -1.9972
44313 -2 -1.9972
44314 -2 -1.9972
44315 -2 -1.9972
44316 -1.98 -1.9972
44317 -2 -1.9972
44318 -2 -1.9972
44319 -2 -1.9972
44320 -2 -1.9972
44321 -2 -1.9972
44322 -2 -1.9972
44323 -2 -1.9972
44324 -2 -1.9972
44325 -2 -1.9972
44326 -2 -1.9972
44327 -2 -1.9972
44328 -2 -1.9972
44329 -2 -1.9972
44330 -2 -1.9972
44331 -1.98 -1.9972
44332 -2 -1.9972
44333 -1.98 -1.9972
44334 -1.98 -1.9972
44335 -2 -1.9972
44336 -2 -1.9972
44337 -2 -1.9972
44338 -2 -1.9972
44339 -2 -1.9972
44340 -2 -1.9972
44341 -2 -1.9972
44342 -1.98 -1.9972
44343 -1.98 -1.9972
44344 -1.98 -1.9972
44345 -2 -1.9972
44346 -2 -1.9972
44347 -2 -1.9972
44348 -2 -1.9972
44349 -2 -1.9972
44350 -2 -1.9972
44351 -2 -1.9972
44352 -2 -1.9972
44353 -2 -1.9972
44354 -1.96 -1.9972
44355 -1.98 -1.9972
44356 -2 -1.9972
44357 -1.98 -1.9972
44358 -1.98 -1.9972
44359 -1.98 -1.9972
44360 -1.98 -1.9972
44361 -2 -1.9972
44362 -2 -1.9972
44363 -2 -1.9972
44364 -2 -1.9972
44365 -2 -1.9972
44366 -2 -1.9972
44367 -2 -1.9972
44368 -2 -1.9972
44369 -2 -1.9972
44370 -2 -1.9972
44371 -2 -1.9972
44372 -2 -1.9972
44373 -2 -1.9972
44374 -2 -1.9972
44375 -2 -1.9972
44376 -2 -1.9972
44377 -2 -1.9972
44378 -2 -1.9972
44379 -2 -1.9972
44380 -2 -1.9972
44381 -2 -1.9972
44382 -2 -1.9972
44383 -2 -1.9972
44384 -2 -1.9972
44385 -2 -1.9972
44386 -2 -1.9972
44387 -2 -1.9972
44388 -2 -1.9972
44389 -2 -1.9972
44390 -2 -1.9972
44391 -2 -1.9972
44392 -2 -1.9972
44393 -2 -1.9972
44394 -2 -1.9972
44395 -2 -1.9972
44396 -2 -1.9972
44397 -2 -1.9972
44398 -2 -1.9972
44399 -2 -1.9972
44400 -2 -1.9972
44401 -2 -1.9972
44402 -2 -1.9972
44403 -2 -1.9972
44404 -1.98 -1.9972
44405 -2 -1.9972
44406 -2 -1.9972
44407 -2 -1.9972
44408 -2 -1.9972
44409 -2 -1.9972
44410 -2 -1.9972
44411 -2 -1.9972
44412 -2 -1.9972
44413 -2 -1.9972
44414 -2 -1.9972
44415 -1.98 -1.9972
44416 -1.97 -1.9972
44417 -2 -1.9972
44418 -2 -1.9972
44419 -2 -1.9972
44420 -2 -1.9972
44421 -2 -1.9972
44422 -2 -1.9972
44423 -1.98 -1.9972
44424 -2 -1.9972
44425 -2 -1.9972
44426 -2 -1.9972
44427 -2 -1.9972
44428 -2 -1.9972
44429 -1.98 -1.9972
44430 -1.98 -1.9972
44431 -2 -1.9972
44432 -2 -1.9972
44433 -1.98 -1.9972
44434 -1.98 -1.9972
44435 -2 -1.9972
44436 -2 -1.9972
44437 -2 -1.9972
44438 -2 -1.9972
44439 -2 -1.9972
44440 -1.98 -1.9972
44441 -1.98 -1.9972
44442 -1.98 -1.9972
44443 -1.98 -1.9972
44444 -1.98 -1.9972
44445 -1.98 -1.9972
44446 -1.98 -1.9972
44447 -2 -1.9972
44448 -2 -1.9972
44449 -2 -1.9972
44450 -2 -1.9972
44451 -1.98 -1.9972
44452 -2 -1.9972
44453 -2 -1.9972
44454 -2 -1.9972
44455 -2 -1.9972
44456 -2 -1.9972
44457 -2 -1.9972
44458 -2 -1.9972
44459 -2 -1.9972
44460 -2 -1.9972
44461 -2 -1.9972
44462 -2 -1.9972
44463 -2 -1.9972
44464 -2 -1.9972
44465 -2 -1.9972
44466 -2 -1.9972
44467 -2 -1.9972
44468 -1.98 -1.9972
44469 -2 -1.9972
44470 -2 -1.9972
44471 -2 -1.9972
44472 -2 -1.9972
44473 -2 -1.9972
44474 -1.98 -1.9972
44475 -2 -1.9972
44476 -2 -1.9972
44477 -1.98 -1.9972
44478 -2 -1.9972
44479 -2 -1.9972
44480 -1.98 -1.9972
44481 -2 -1.9972
44482 -2 -1.9972
44483 -2 -1.9972
44484 -2 -1.9972
44485 -2 -1.9972
44486 -2 -1.9972
44487 -2 -1.9972
44488 -2 -1.9972
44489 -2 -1.9972
44490 -2 -1.9972
44491 -2 -1.9972
44492 -2 -1.9972
44493 -2 -1.9972
44494 -2 -1.9972
44495 -2 -1.9972
44496 -2 -1.9972
44497 -2 -1.9972
44498 -2 -1.9972
44499 -2 -1.9972
44500 -2 -1.9972
44501 -2 -1.9972
44502 -2 -1.9972
44503 -2 -1.9972
44504 -2 -1.9972
44505 -2 -1.9972
44506 -1.98 -1.9972
44507 -1.98 -1.9972
44508 -1.98 -1.9972
44509 -2 -1.9972
44510 -2 -1.9972
44511 -2 -1.9972
44512 -2 -1.9972
44513 -2 -1.9972
44514 -1.98 -1.9972
44515 -2 -1.9972
44516 -2 -1.9972
44517 -1.98 -1.9972
44518 -1.98 -1.9972
44519 -2 -1.9972
44520 -2 -1.9972
44521 -2 -1.9972
44522 -2 -1.9972
44523 -2 -1.9972
44524 -2 -1.9972
44525 -2 -1.9972
44526 -1.98 -1.9972
44527 -2 -1.9972
44528 -2 -1.9972
44529 -2 -1.9972
44530 -2 -1.9972
44531 -2 -1.9972
44532 -2 -1.9972
44533 -2 -1.9972
44534 -2 -1.9972
44535 -2 -1.9972
44536 -2 -1.9972
44537 -2 -1.9972
44538 -2 -1.9972
44539 -2 -1.9972
44540 -2 -1.9972
44541 -1.96 -1.9972
44542 -1.98 -1.9972
44543 -1.98 -1.9972
44544 -2 -1.9972
44545 -2 -1.9972
44546 -2 -1.9972
44547 -2 -1.9972
44548 -2 -1.9972
44549 -2 -1.9972
44550 -2 -1.9972
44551 -2 -1.9972
44552 -2 -1.9972
44553 -2 -1.9972
44554 -2 -1.9972
44555 -2 -1.9972
44556 -1.98 -1.9972
44557 -2 -1.9972
44558 -2 -1.9972
44559 -2 -1.9972
44560 -2 -1.9972
44561 -1.98 -1.9972
44562 -1.98 -1.9972
44563 -1.98 -1.99719
44564 -1.98 -1.99719
44565 -1.98 -1.99719
44566 -2 -1.99719
44567 -2 -1.99719
44568 -2 -1.99719
44569 -2 -1.99719
44570 -2 -1.99719
44571 -2 -1.99719
44572 -2 -1.99719
44573 -2 -1.99719
44574 -2 -1.99719
44575 -2 -1.99719
44576 -2 -1.99719
44577 -2 -1.99719
44578 -2 -1.99719
44579 -2 -1.99719
44580 -2 -1.99719
44581 -2 -1.9972
44582 -2 -1.9972
44583 -2 -1.9972
44584 -2 -1.9972
44585 -2 -1.9972
44586 -2 -1.9972
44587 -2 -1.9972
44588 -2 -1.9972
44589 -2 -1.9972
44590 -2 -1.9972
44591 -2 -1.9972
44592 -2 -1.9972
44593 -2 -1.9972
44594 -2 -1.9972
44595 -2 -1.9972
44596 -2 -1.9972
44597 -2 -1.9972
44598 -1.98 -1.9972
44599 -2 -1.9972
44600 -2 -1.9972
44601 -1.98 -1.9972
44602 -1.98 -1.9972
44603 -1.98 -1.99719
44604 -2 -1.99719
44605 -2 -1.99719
44606 -2 -1.99719
44607 -1.98 -1.99719
44608 -2 -1.99719
44609 -2 -1.99719
44610 -2 -1.99719
44611 -2 -1.99719
44612 -2 -1.99719
44613 -2 -1.99719
44614 -2 -1.99719
44615 -2 -1.99719
44616 -2 -1.9972
44617 -2 -1.9972
44618 -1.98 -1.99719
44619 -2 -1.99719
44620 -2 -1.99719
44621 -2 -1.99719
44622 -2 -1.99719
44623 -2 -1.9972
44624 -2 -1.9972
44625 -2 -1.9972
44626 -2 -1.9972
44627 -2 -1.9972
44628 -2 -1.9972
44629 -2 -1.9972
44630 -2 -1.9972
44631 -2 -1.9972
44632 -2 -1.9972
44633 -2 -1.9972
44634 -2 -1.9972
44635 -2 -1.9972
44636 -2 -1.9972
44637 -2 -1.9972
44638 -2 -1.9972
44639 -2 -1.9972
44640 -2 -1.9972
44641 -2 -1.9972
44642 -2 -1.9972
44643 -2 -1.9972
44644 -2 -1.9972
44645 -2 -1.9972
44646 -2 -1.9972
44647 -2 -1.9972
44648 -2 -1.9972
44649 -2 -1.9972
44650 -2 -1.9972
44651 -2 -1.9972
44652 -2 -1.9972
44653 -2 -1.9972
44654 -2 -1.9972
44655 -1.98 -1.9972
44656 -2 -1.9972
44657 -2 -1.9972
44658 -2 -1.9972
44659 -2 -1.9972
44660 -2 -1.9972
44661 -2 -1.9972
44662 -2 -1.9972
44663 -2 -1.9972
44664 -2 -1.9972
44665 -2 -1.9972
44666 -2 -1.9972
44667 -2 -1.9972
44668 -2 -1.9972
44669 -1.98 -1.9972
44670 -1.98 -1.9972
44671 -1.98 -1.9972
44672 -2 -1.9972
44673 -2 -1.9972
44674 -2 -1.9972
44675 -2 -1.9972
44676 -2 -1.9972
44677 -2 -1.9972
44678 -2 -1.9972
44679 -2 -1.9972
44680 -2 -1.9972
44681 -2 -1.9972
44682 -1.98 -1.9972
44683 -1.98 -1.9972
44684 -1.98 -1.9972
44685 -1.98 -1.9972
44686 -1.98 -1.99719
44687 -2 -1.99719
44688 -1.98 -1.99719
44689 -1.98 -1.99719
44690 -2 -1.99719
44691 -2 -1.99719
44692 -2 -1.99719
44693 -2 -1.99719
44694 -1.98 -1.99719
44695 -1.98 -1.99719
44696 -1.98 -1.99719
44697 -2 -1.99719
44698 -2 -1.99719
44699 -2 -1.99719
44700 -2 -1.99719
44701 -2 -1.99719
44702 -2 -1.99719
44703 -2 -1.99719
44704 -2 -1.99719
44705 -2 -1.99719
44706 -2 -1.99719
44707 -2 -1.99719
44708 -2 -1.99719
44709 -2 -1.99719
44710 -2 -1.99719
44711 -2 -1.99719
44712 -2 -1.99719
44713 -2 -1.99719
44714 -2 -1.99719
44715 -2 -1.99719
44716 -1.98 -1.99719
44717 -2 -1.99719
44718 -2 -1.99719
44719 -2 -1.99719
44720 -2 -1.99719
44721 -2 -1.99719
44722 -2 -1.99719
44723 -2 -1.99719
44724 -2 -1.99719
44725 -2 -1.99719
44726 -2 -1.99719
44727 -2 -1.99719
44728 -2 -1.99719
44729 -2 -1.99719
44730 -2 -1.9972
44731 -2 -1.9972
44732 -2 -1.9972
44733 -2 -1.9972
44734 -2 -1.9972
44735 -2 -1.9972
44736 -2 -1.9972
44737 -2 -1.9972
44738 -2 -1.9972
44739 -2 -1.9972
44740 -2 -1.9972
44741 -2 -1.9972
44742 -2 -1.9972
44743 -1.98 -1.9972
44744 -2 -1.9972
44745 -2 -1.9972
44746 -2 -1.9972
44747 -2 -1.9972
44748 -2 -1.9972
44749 -2 -1.9972
44750 -2 -1.9972
44751 -2 -1.9972
44752 -2 -1.9972
44753 -2 -1.9972
44754 -2 -1.9972
44755 -2 -1.9972
44756 -2 -1.9972
44757 -2 -1.9972
44758 -1.98 -1.9972
44759 -2 -1.9972
44760 -1.98 -1.9972
44761 -1.98 -1.9972
44762 -2 -1.9972
44763 -2 -1.9972
44764 -2 -1.9972
44765 -2 -1.9972
44766 -2 -1.9972
44767 -2 -1.9972
44768 -2 -1.9972
44769 -2 -1.9972
44770 -2 -1.9972
44771 -2 -1.9972
44772 -2 -1.9972
44773 -2 -1.9972
44774 -2 -1.9972
44775 -2 -1.9972
44776 -2 -1.9972
44777 -2 -1.9972
44778 -2 -1.9972
44779 -2 -1.9972
44780 -2 -1.9972
44781 -2 -1.9972
44782 -2 -1.9972
44783 -2 -1.9972
44784 -2 -1.9972
44785 -2 -1.9972
44786 -2 -1.9972
44787 -2 -1.9972
44788 -2 -1.9972
44789 -2 -1.9972
44790 -2 -1.9972
44791 -2 -1.9972
44792 -2 -1.9972
44793 -2 -1.9972
44794 -2 -1.9972
44795 -1.98 -1.9972
44796 -2 -1.9972
44797 -1.98 -1.9972
44798 -2 -1.9972
44799 -2 -1.9972
44800 -2 -1.9972
44801 -2 -1.9972
44802 -2 -1.9972
44803 -2 -1.9972
44804 -2 -1.9972
44805 -2 -1.9972
44806 -2 -1.9972
44807 -2 -1.9972
44808 -2 -1.9972
44809 -2 -1.9972
44810 -2 -1.9972
44811 -2 -1.9972
44812 -2 -1.9972
44813 -2 -1.9972
44814 -2 -1.9972
44815 -2 -1.9972
44816 -2 -1.9972
44817 -2 -1.9972
44818 -2 -1.9972
44819 -2 -1.9972
44820 -2 -1.9972
44821 -2 -1.9972
44822 -2 -1.9972
44823 -2 -1.9972
44824 -2 -1.9972
44825 -2 -1.9972
44826 -2 -1.9972
44827 -2 -1.9972
44828 -2 -1.9972
44829 -2 -1.9972
44830 -2 -1.9972
44831 -2 -1.9972
44832 -2 -1.9972
44833 -2 -1.9972
44834 -2 -1.9972
44835 -2 -1.9972
44836 -2 -1.9972
44837 -2 -1.9972
44838 -2 -1.9972
44839 -2 -1.9972
44840 -2 -1.9972
44841 -2 -1.9972
44842 -2 -1.9972
44843 -2 -1.9972
44844 -2 -1.9972
44845 -2 -1.9972
44846 -2 -1.9972
44847 -2 -1.9972
44848 -2 -1.9972
44849 -2 -1.9972
44850 -2 -1.9972
44851 -2 -1.9972
44852 -2 -1.9972
44853 -2 -1.9972
44854 -2 -1.9972
44855 -2 -1.9972
44856 -1.98 -1.9972
44857 -1.98 -1.9972
44858 -1.98 -1.9972
44859 -1.98 -1.9972
44860 -2 -1.9972
44861 -2 -1.9972
44862 -2 -1.9972
44863 -2 -1.9972
44864 -2 -1.9972
44865 -2 -1.9972
44866 -2 -1.9972
44867 -2 -1.9972
44868 -2 -1.9972
44869 -2 -1.9972
44870 -2 -1.9972
44871 -2 -1.9972
44872 -2 -1.9972
44873 -2 -1.9972
44874 -2 -1.9972
44875 -2 -1.9972
44876 -2 -1.9972
44877 -1.98 -1.9972
44878 -2 -1.9972
44879 -2 -1.9972
44880 -2 -1.9972
44881 -2 -1.9972
44882 -2 -1.9972
44883 -2 -1.9972
44884 -1.98 -1.9972
44885 -2 -1.9972
44886 -2 -1.9972
44887 -2 -1.9972
44888 -2 -1.9972
44889 -2 -1.9972
44890 -2 -1.9972
44891 -2 -1.9972
44892 -2 -1.9972
44893 -2 -1.9972
44894 -2 -1.9972
44895 -2 -1.9972
44896 -2 -1.9972
44897 -2 -1.9972
44898 -2 -1.9972
44899 -2 -1.9972
44900 -2 -1.9972
44901 -2 -1.9972
44902 -2 -1.9972
44903 -2 -1.9972
44904 -2 -1.9972
44905 -2 -1.9972
44906 -2 -1.9972
44907 -1.98 -1.9972
44908 -1.98 -1.9972
44909 -1.98 -1.9972
44910 -2 -1.9972
44911 -2 -1.9972
44912 -2 -1.9972
44913 -2 -1.9972
44914 -2 -1.9972
44915 -1.98 -1.9972
44916 -1.98 -1.9972
44917 -1.98 -1.9972
44918 -2 -1.9972
44919 -2 -1.9972
44920 -2 -1.9972
44921 -2 -1.9972
44922 -2 -1.9972
44923 -2 -1.9972
44924 -1.98 -1.9972
44925 -2 -1.9972
44926 -2 -1.9972
44927 -2 -1.9972
44928 -2 -1.9972
44929 -2 -1.9972
44930 -2 -1.9972
44931 -2 -1.9972
44932 -2 -1.9972
44933 -2 -1.9972
44934 -2 -1.9972
44935 -1.98 -1.9972
44936 -1.97 -1.9972
44937 -1.98 -1.9972
44938 -1.96 -1.9972
44939 -1.97 -1.9972
44940 -1.94 -1.9972
44941 -1.98 -1.99719
44942 -2 -1.99719
44943 -2 -1.99719
44944 -2 -1.9972
44945 -2 -1.9972
44946 -2 -1.9972
44947 -2 -1.9972
44948 -2 -1.9972
44949 -1.98 -1.99719
44950 -2 -1.99719
44951 -2 -1.9972
44952 -2 -1.9972
44953 -2 -1.9972
44954 -2 -1.9972
44955 -2 -1.9972
44956 -2 -1.9972
44957 -2 -1.9972
44958 -2 -1.9972
44959 -2 -1.9972
44960 -2 -1.9972
44961 -2 -1.9972
44962 -2 -1.9972
44963 -2 -1.9972
44964 -2 -1.9972
44965 -2 -1.9972
44966 -2 -1.9972
44967 -2 -1.9972
44968 -2 -1.9972
44969 -2 -1.9972
44970 -2 -1.9972
44971 -2 -1.9972
44972 -2 -1.9972
44973 -2 -1.9972
44974 -2 -1.9972
44975 -2 -1.9972
44976 -2 -1.9972
44977 -2 -1.9972
44978 -2 -1.9972
44979 -2 -1.9972
44980 -2 -1.9972
44981 -2 -1.9972
44982 -2 -1.9972
44983 -2 -1.9972
44984 -2 -1.9972
44985 -2 -1.9972
44986 -2 -1.9972
44987 -2 -1.9972
44988 -2 -1.9972
44989 -2 -1.9972
44990 -2 -1.9972
44991 -2 -1.9972
44992 -2 -1.9972
44993 -2 -1.9972
44994 -2 -1.9972
44995 -2 -1.9972
44996 -2 -1.9972
44997 -2 -1.9972
44998 -2 -1.9972
44999 -2 -1.9972
45000 -2 -1.9972
45001 -2 -1.9972
45002 -2 -1.9972
45003 -2 -1.9972
45004 -2 -1.9972
45005 -2 -1.9972
45006 -2 -1.9972
45007 -1.98 -1.9972
45008 -1.98 -1.9972
45009 -1.98 -1.9972
45010 -2 -1.9972
45011 -2 -1.9972
45012 -2 -1.9972
45013 -2 -1.9972
45014 -2 -1.9972
45015 -2 -1.9972
45016 -2 -1.9972
45017 -2 -1.9972
45018 -1.98 -1.9972
45019 -1.98 -1.9972
45020 -2 -1.9972
45021 -2 -1.9972
45022 -2 -1.9972
45023 -2 -1.9972
45024 -2 -1.9972
45025 -2 -1.9972
45026 -2 -1.9972
45027 -2 -1.9972
45028 -2 -1.9972
45029 -2 -1.9972
45030 -2 -1.9972
45031 -2 -1.9972
45032 -2 -1.9972
45033 -2 -1.9972
45034 -2 -1.9972
45035 -2 -1.9972
45036 -2 -1.9972
45037 -2 -1.9972
45038 -2 -1.9972
45039 -2 -1.9972
45040 -2 -1.9972
45041 -2 -1.9972
45042 -2 -1.9972
45043 -2 -1.9972
45044 -2 -1.9972
45045 -2 -1.9972
45046 -2 -1.9972
45047 -2 -1.9972
45048 -2 -1.9972
45049 -2 -1.9972
45050 -2 -1.9972
45051 -2 -1.9972
45052 -2 -1.9972
45053 -2 -1.9972
45054 -2 -1.9972
45055 -2 -1.9972
45056 -2 -1.9972
45057 -2 -1.9972
45058 -2 -1.9972
45059 -2 -1.9972
45060 -2 -1.9972
45061 -2 -1.9972
45062 -2 -1.9972
45063 -2 -1.9972
45064 -2 -1.9972
45065 -2 -1.9972
45066 -2 -1.9972
45067 -2 -1.9972
45068 -2 -1.9972
45069 -2 -1.9972
45070 -2 -1.9972
45071 -2 -1.9972
45072 -2 -1.9972
45073 -2 -1.9972
45074 -2 -1.9972
45075 -2 -1.9972
45076 -1.98 -1.9972
45077 -2 -1.9972
45078 -2 -1.9972
45079 -2 -1.9972
45080 -2 -1.9972
45081 -2 -1.9972
45082 -2 -1.9972
45083 -2 -1.9972
45084 -2 -1.9972
45085 -2 -1.9972
45086 -2 -1.9972
45087 -2 -1.9972
45088 -2 -1.9972
45089 -1.98 -1.9972
45090 -2 -1.9972
45091 -2 -1.9972
45092 -2 -1.9972
45093 -2 -1.9972
45094 -2 -1.9972
45095 -2 -1.9972
45096 -2 -1.9972
45097 -2 -1.9972
45098 -1.98 -1.9972
45099 -2 -1.9972
45100 -2 -1.9972
45101 -2 -1.9972
45102 -2 -1.9972
45103 -2 -1.9972
45104 -2 -1.9972
45105 -2 -1.9972
45106 -2 -1.9972
45107 -2 -1.9972
45108 -2 -1.9972
45109 -2 -1.9972
45110 -2 -1.9972
45111 -2 -1.9972
45112 -1.98 -1.9972
45113 -1.98 -1.9972
45114 -1.98 -1.9972
45115 -1.95 -1.9972
45116 -1.95 -1.9972
45117 -2 -1.9972
45118 -2 -1.9972
45119 -2 -1.9972
45120 -2 -1.9972
45121 -2 -1.9972
45122 -2 -1.9972
45123 -2 -1.9972
45124 -2 -1.9972
45125 -2 -1.9972
45126 -2 -1.9972
45127 -2 -1.9972
45128 -2 -1.9972
45129 -2 -1.9972
45130 -2 -1.9972
45131 -2 -1.9972
45132 -2 -1.9972
45133 -2 -1.9972
45134 -2 -1.9972
45135 -2 -1.9972
45136 -2 -1.9972
45137 -2 -1.9972
45138 -1.98 -1.9972
45139 -2 -1.9972
45140 -2 -1.9972
45141 -2 -1.9972
45142 -1.98 -1.9972
45143 -2 -1.9972
45144 -2 -1.9972
45145 -2 -1.9972
45146 -2 -1.9972
45147 -2 -1.9972
45148 -2 -1.9972
45149 -2 -1.9972
45150 -2 -1.9972
45151 -2 -1.9972
45152 -2 -1.9972
45153 -2 -1.9972
45154 -2 -1.9972
45155 -2 -1.9972
45156 -1.98 -1.9972
45157 -2 -1.9972
45158 -2 -1.9972
45159 -2 -1.9972
45160 -2 -1.9972
45161 -2 -1.9972
45162 -2 -1.9972
45163 -2 -1.9972
45164 -2 -1.9972
45165 -2 -1.9972
45166 -2 -1.9972
45167 -2 -1.9972
45168 -2 -1.9972
45169 -2 -1.9972
45170 -2 -1.9972
45171 -2 -1.9972
45172 -2 -1.9972
45173 -2 -1.9972
45174 -2 -1.9972
45175 -2 -1.9972
45176 -2 -1.9972
45177 -2 -1.9972
45178 -2 -1.9972
45179 -1.98 -1.9972
45180 -2 -1.9972
45181 -2 -1.9972
45182 -2 -1.9972
45183 -2 -1.9972
45184 -1.98 -1.9972
45185 -2 -1.9972
45186 -2 -1.9972
45187 -2 -1.9972
45188 -2 -1.9972
45189 -2 -1.9972
45190 -2 -1.9972
45191 -2 -1.9972
45192 -2 -1.9972
45193 -2 -1.9972
45194 -2 -1.9972
45195 -2 -1.9972
45196 -2 -1.9972
45197 -2 -1.9972
45198 -2 -1.9972
45199 -2 -1.9972
45200 -2 -1.9972
45201 -1.98 -1.9972
45202 -2 -1.9972
45203 -2 -1.9972
45204 -1.98 -1.9972
45205 -2 -1.9972
45206 -2 -1.9972
45207 -2 -1.9972
45208 -2 -1.9972
45209 -2 -1.9972
45210 -2 -1.9972
45211 -2 -1.9972
45212 -2 -1.9972
45213 -2 -1.9972
45214 -2 -1.9972
45215 -2 -1.9972
45216 -2 -1.9972
45217 -2 -1.9972
45218 -2 -1.9972
45219 -2 -1.9972
45220 -2 -1.9972
45221 -2 -1.9972
45222 -2 -1.9972
45223 -2 -1.9972
45224 -2 -1.9972
45225 -2 -1.9972
45226 -2 -1.9972
45227 -2 -1.9972
45228 -2 -1.9972
45229 -2 -1.9972
45230 -2 -1.9972
45231 -2 -1.9972
45232 -2 -1.9972
45233 -2 -1.9972
45234 -2 -1.9972
45235 -2 -1.9972
45236 -2 -1.9972
45237 -2 -1.9972
45238 -2 -1.9972
45239 -2 -1.9972
45240 -2 -1.9972
45241 -2 -1.9972
45242 -2 -1.9972
45243 -2 -1.9972
45244 -1.98 -1.9972
45245 -1.98 -1.9972
45246 -2 -1.9972
45247 -2 -1.9972
45248 -2 -1.9972
45249 -2 -1.9972
45250 -2 -1.9972
45251 -2 -1.9972
45252 -2 -1.9972
45253 -2 -1.9972
45254 -2 -1.9972
45255 -2 -1.9972
45256 -2 -1.9972
45257 -2 -1.9972
45258 -2 -1.9972
45259 -2 -1.9972
45260 -2 -1.9972
45261 -2 -1.9972
45262 -2 -1.9972
45263 -2 -1.9972
45264 -2 -1.9972
45265 -2 -1.9972
45266 -2 -1.9972
45267 -2 -1.9972
45268 -2 -1.9972
45269 -2 -1.9972
45270 -2 -1.9972
45271 -2 -1.9972
45272 -2 -1.9972
45273 -2 -1.9972
45274 -2 -1.9972
45275 -2 -1.9972
45276 -2 -1.9972
45277 -1.98 -1.9972
45278 -1.98 -1.9972
45279 -2 -1.9972
45280 -2 -1.9972
45281 -2 -1.9972
45282 -2 -1.9972
45283 -2 -1.9972
45284 -2 -1.9972
45285 -2 -1.9972
45286 -2 -1.9972
45287 -2 -1.9972
45288 -2 -1.9972
45289 -2 -1.9972
45290 -2 -1.9972
45291 -2 -1.9972
45292 -2 -1.9972
45293 -2 -1.9972
45294 -2 -1.9972
45295 -2 -1.9972
45296 -2 -1.9972
45297 -2 -1.9972
45298 -2 -1.9972
45299 -2 -1.9972
45300 -2 -1.9972
45301 -2 -1.9972
45302 -2 -1.9972
45303 -2 -1.9972
45304 -2 -1.9972
45305 -2 -1.99721
45306 -2 -1.99721
45307 -2 -1.99721
45308 -2 -1.99721
45309 -2 -1.99721
45310 -2 -1.99721
45311 -2 -1.99721
45312 -2 -1.99721
45313 -1.98 -1.99721
45314 -2 -1.99721
45315 -2 -1.99721
45316 -2 -1.99721
45317 -1.98 -1.9972
45318 -2 -1.9972
45319 -2 -1.9972
45320 -1.98 -1.9972
45321 -1.96 -1.9972
45322 -2 -1.9972
45323 -2 -1.9972
45324 -2 -1.9972
45325 -2 -1.9972
45326 -2 -1.9972
45327 -2 -1.9972
45328 -2 -1.9972
45329 -2 -1.9972
45330 -2 -1.9972
45331 -2 -1.9972
45332 -2 -1.9972
45333 -2 -1.9972
45334 -2 -1.9972
45335 -2 -1.9972
45336 -2 -1.9972
45337 -2 -1.9972
45338 -2 -1.9972
45339 -2 -1.9972
45340 -2 -1.9972
45341 -2 -1.99721
45342 -2 -1.99721
45343 -2 -1.99721
45344 -1.98 -1.9972
45345 -2 -1.9972
45346 -2 -1.9972
45347 -2 -1.9972
45348 -2 -1.99721
45349 -2 -1.99721
45350 -2 -1.99721
45351 -2 -1.99721
45352 -2 -1.99721
45353 -2 -1.99721
45354 -2 -1.99721
45355 -2 -1.99721
45356 -2 -1.99721
45357 -2 -1.99721
45358 -1.98 -1.99721
45359 -2 -1.99721
45360 -2 -1.99721
45361 -2 -1.99721
45362 -2 -1.99721
45363 -2 -1.99721
45364 -2 -1.99721
45365 -2 -1.99721
45366 -2 -1.99721
45367 -1.98 -1.99721
45368 -1.98 -1.9972
45369 -1.98 -1.9972
45370 -2 -1.9972
45371 -2 -1.9972
45372 -2 -1.9972
45373 -2 -1.9972
45374 -1.98 -1.9972
45375 -2 -1.9972
45376 -2 -1.9972
45377 -2 -1.9972
45378 -2 -1.9972
45379 -1.96 -1.9972
45380 -1.98 -1.9972
45381 -1.98 -1.9972
45382 -1.98 -1.9972
45383 -1.96 -1.9972
45384 -1.96 -1.9972
45385 -1.98 -1.9972
45386 -2 -1.9972
45387 -2 -1.9972
45388 -2 -1.9972
45389 -2 -1.9972
45390 -2 -1.9972
45391 -1.98 -1.9972
45392 -1.98 -1.9972
45393 -1.98 -1.9972
45394 -1.98 -1.9972
45395 -1.96 -1.9972
45396 -1.98 -1.9972
45397 -2 -1.9972
45398 -2 -1.9972
45399 -2 -1.9972
45400 -2 -1.9972
45401 -2 -1.9972
45402 -2 -1.9972
45403 -2 -1.9972
45404 -1.98 -1.9972
45405 -2 -1.9972
45406 -2 -1.9972
45407 -2 -1.9972
45408 -2 -1.9972
45409 -2 -1.9972
45410 -2 -1.9972
45411 -2 -1.9972
45412 -2 -1.9972
45413 -2 -1.9972
45414 -2 -1.9972
45415 -2 -1.9972
45416 -1.98 -1.9972
45417 -2 -1.9972
45418 -2 -1.9972
45419 -2 -1.9972
45420 -2 -1.9972
45421 -2 -1.9972
45422 -2 -1.9972
45423 -2 -1.9972
45424 -2 -1.9972
45425 -2 -1.9972
45426 -2 -1.9972
45427 -2 -1.9972
45428 -2 -1.9972
45429 -2 -1.9972
45430 -2 -1.9972
45431 -2 -1.9972
45432 -2 -1.9972
45433 -2 -1.9972
45434 -2 -1.9972
45435 -2 -1.9972
45436 -2 -1.9972
45437 -2 -1.9972
45438 -2 -1.9972
45439 -2 -1.9972
45440 -2 -1.9972
45441 -2 -1.9972
45442 -2 -1.9972
45443 -2 -1.9972
45444 -2 -1.9972
45445 -1.98 -1.9972
45446 -2 -1.9972
45447 -2 -1.9972
45448 -2 -1.9972
45449 -2 -1.9972
45450 -2 -1.9972
45451 -2 -1.9972
45452 -2 -1.9972
45453 -2 -1.9972
45454 -2 -1.9972
45455 -1.98 -1.9972
45456 -2 -1.9972
45457 -2 -1.9972
45458 -2 -1.9972
45459 -2 -1.9972
45460 -2 -1.9972
45461 -2 -1.9972
45462 -2 -1.9972
45463 -2 -1.9972
45464 -2 -1.9972
45465 -1.98 -1.9972
45466 -1.98 -1.9972
45467 -1.98 -1.9972
45468 -2 -1.9972
45469 -2 -1.9972
45470 -2 -1.9972
45471 -2 -1.9972
45472 -2 -1.9972
45473 -2 -1.9972
45474 -2 -1.9972
45475 -2 -1.9972
45476 -2 -1.9972
45477 -2 -1.9972
45478 -2 -1.9972
45479 -2 -1.9972
45480 -2 -1.9972
45481 -2 -1.9972
45482 -2 -1.9972
45483 -2 -1.9972
45484 -2 -1.9972
45485 -2 -1.9972
45486 -2 -1.9972
45487 -2 -1.9972
45488 -2 -1.9972
45489 -2 -1.9972
45490 -2 -1.9972
45491 -2 -1.9972
45492 -2 -1.9972
45493 -2 -1.9972
45494 -2 -1.9972
45495 -2 -1.9972
45496 -2 -1.9972
45497 -2 -1.9972
45498 -2 -1.9972
45499 -2 -1.9972
45500 -2 -1.9972
45501 -2 -1.9972
45502 -2 -1.9972
45503 -2 -1.9972
45504 -2 -1.9972
45505 -2 -1.9972
45506 -2 -1.9972
45507 -2 -1.9972
45508 -2 -1.9972
45509 -2 -1.9972
45510 -2 -1.9972
45511 -2 -1.9972
45512 -2 -1.9972
45513 -2 -1.9972
45514 -2 -1.9972
45515 -2 -1.9972
45516 -2 -1.9972
45517 -2 -1.9972
45518 -2 -1.9972
45519 -1.98 -1.9972
45520 -2 -1.9972
45521 -2 -1.9972
45522 -2 -1.9972
45523 -2 -1.9972
45524 -2 -1.9972
45525 -2 -1.9972
45526 -2 -1.9972
45527 -2 -1.9972
45528 -2 -1.9972
45529 -1.98 -1.9972
45530 -1.98 -1.9972
45531 -2 -1.9972
45532 -2 -1.9972
45533 -2 -1.9972
45534 -2 -1.9972
45535 -2 -1.9972
45536 -2 -1.9972
45537 -2 -1.9972
45538 -2 -1.9972
45539 -2 -1.9972
45540 -2 -1.9972
45541 -2 -1.9972
45542 -2 -1.9972
45543 -2 -1.9972
45544 -1.98 -1.9972
45545 -2 -1.9972
45546 -2 -1.9972
45547 -2 -1.9972
45548 -2 -1.9972
45549 -2 -1.9972
45550 -2 -1.9972
45551 -2 -1.9972
45552 -2 -1.9972
45553 -2 -1.9972
45554 -2 -1.9972
45555 -2 -1.9972
45556 -2 -1.9972
45557 -2 -1.9972
45558 -2 -1.9972
45559 -2 -1.9972
45560 -2 -1.9972
45561 -2 -1.9972
45562 -2 -1.9972
45563 -2 -1.9972
45564 -2 -1.9972
45565 -2 -1.9972
45566 -2 -1.9972
45567 -2 -1.9972
45568 -2 -1.9972
45569 -2 -1.9972
45570 -1.97 -1.9972
45571 -1.98 -1.9972
45572 -2 -1.9972
45573 -2 -1.9972
45574 -2 -1.9972
45575 -2 -1.9972
45576 -2 -1.9972
45577 -2 -1.9972
45578 -2 -1.9972
45579 -2 -1.9972
45580 -2 -1.9972
45581 -2 -1.9972
45582 -2 -1.9972
45583 -2 -1.9972
45584 -2 -1.9972
45585 -2 -1.9972
45586 -2 -1.9972
45587 -2 -1.9972
45588 -2 -1.9972
45589 -2 -1.9972
45590 -2 -1.9972
45591 -2 -1.9972
45592 -2 -1.9972
45593 -2 -1.9972
45594 -2 -1.9972
45595 -2 -1.9972
45596 -2 -1.9972
45597 -2 -1.9972
45598 -2 -1.9972
45599 -1.98 -1.9972
45600 -2 -1.9972
45601 -2 -1.9972
45602 -2 -1.9972
45603 -2 -1.9972
45604 -2 -1.9972
45605 -2 -1.9972
45606 -2 -1.9972
45607 -2 -1.9972
45608 -2 -1.9972
45609 -2 -1.9972
45610 -2 -1.99721
45611 -2 -1.99721
45612 -2 -1.99721
45613 -2 -1.99721
45614 -1.98 -1.9972
45615 -2 -1.9972
45616 -2 -1.9972
45617 -2 -1.99721
45618 -2 -1.99721
45619 -2 -1.99721
45620 -2 -1.99721
45621 -2 -1.99721
45622 -2 -1.99721
45623 -2 -1.99721
45624 -2 -1.99721
45625 -1.97 -1.9972
45626 -1.98 -1.9972
45627 -1.97 -1.9972
45628 -1.97 -1.9972
45629 -1.98 -1.9972
45630 -1.96 -1.9972
45631 -1.97 -1.9972
45632 -1.98 -1.9972
45633 -2 -1.9972
45634 -2 -1.9972
45635 -2 -1.9972
45636 -1.96 -1.9972
45637 -1.98 -1.9972
45638 -1.98 -1.9972
45639 -1.98 -1.9972
45640 -2 -1.9972
45641 -2 -1.9972
45642 -2 -1.9972
45643 -2 -1.9972
45644 -2 -1.9972
45645 -2 -1.9972
45646 -2 -1.9972
45647 -2 -1.9972
45648 -2 -1.9972
45649 -2 -1.9972
45650 -2 -1.9972
45651 -2 -1.9972
45652 -2 -1.9972
45653 -2 -1.9972
45654 -2 -1.9972
45655 -2 -1.9972
45656 -2 -1.9972
45657 -2 -1.9972
45658 -2 -1.9972
45659 -2 -1.9972
45660 -2 -1.9972
45661 -2 -1.9972
45662 -2 -1.9972
45663 -2 -1.9972
45664 -2 -1.9972
45665 -2 -1.9972
45666 -2 -1.9972
45667 -2 -1.9972
45668 -2 -1.9972
45669 -2 -1.9972
45670 -2 -1.9972
45671 -2 -1.9972
45672 -2 -1.9972
45673 -2 -1.9972
45674 -2 -1.9972
45675 -2 -1.9972
45676 -2 -1.9972
45677 -2 -1.9972
45678 -2 -1.9972
45679 -2 -1.9972
45680 -2 -1.9972
45681 -2 -1.9972
45682 -2 -1.9972
45683 -2 -1.9972
45684 -2 -1.9972
45685 -2 -1.9972
45686 -2 -1.9972
45687 -2 -1.9972
45688 -2 -1.9972
45689 -2 -1.9972
45690 -1.98 -1.9972
45691 -1.98 -1.9972
45692 -2 -1.9972
45693 -2 -1.9972
45694 -2 -1.9972
45695 -2 -1.9972
45696 -2 -1.9972
45697 -2 -1.9972
45698 -2 -1.9972
45699 -2 -1.9972
45700 -2 -1.9972
45701 -2 -1.9972
45702 -2 -1.9972
45703 -2 -1.9972
45704 -2 -1.9972
45705 -2 -1.9972
45706 -2 -1.9972
45707 -2 -1.9972
45708 -2 -1.9972
45709 -2 -1.9972
45710 -2 -1.9972
45711 -2 -1.9972
45712 -2 -1.9972
45713 -2 -1.9972
45714 -2 -1.9972
45715 -2 -1.9972
45716 -2 -1.9972
45717 -2 -1.9972
45718 -2 -1.9972
45719 -2 -1.9972
45720 -2 -1.9972
45721 -2 -1.9972
45722 -2 -1.9972
45723 -2 -1.9972
45724 -2 -1.9972
45725 -2 -1.9972
45726 -2 -1.9972
45727 -2 -1.9972
45728 -2 -1.9972
45729 -2 -1.9972
45730 -2 -1.9972
45731 -2 -1.9972
45732 -2 -1.9972
45733 -2 -1.9972
45734 -2 -1.9972
45735 -2 -1.9972
45736 -2 -1.9972
45737 -2 -1.9972
45738 -2 -1.9972
45739 -2 -1.9972
45740 -2 -1.9972
45741 -2 -1.9972
45742 -2 -1.9972
45743 -2 -1.9972
45744 -1.98 -1.9972
45745 -1.98 -1.9972
45746 -2 -1.9972
45747 -2 -1.9972
45748 -2 -1.9972
45749 -2 -1.9972
45750 -2 -1.9972
45751 -2 -1.9972
45752 -2 -1.9972
45753 -2 -1.9972
45754 -2 -1.9972
45755 -2 -1.9972
45756 -2 -1.9972
45757 -2 -1.9972
45758 -2 -1.9972
45759 -2 -1.9972
45760 -2 -1.99721
45761 -2 -1.99721
45762 -2 -1.99721
45763 -2 -1.99721
45764 -2 -1.99721
45765 -2 -1.99721
45766 -2 -1.99721
45767 -2 -1.99721
45768 -2 -1.99721
45769 -1.98 -1.99721
45770 -1.98 -1.9972
45771 -2 -1.9972
45772 -2 -1.9972
45773 -2 -1.9972
45774 -1.96 -1.9972
45775 -2 -1.9972
45776 -2 -1.9972
45777 -2 -1.9972
45778 -1.98 -1.9972
45779 -1.98 -1.9972
45780 -1.97 -1.9972
45781 -2 -1.9972
45782 -2 -1.9972
45783 -2 -1.9972
45784 -1.98 -1.9972
45785 -2 -1.9972
45786 -2 -1.9972
45787 -2 -1.9972
45788 -2 -1.9972
45789 -2 -1.9972
45790 -2 -1.9972
45791 -2 -1.9972
45792 -2 -1.9972
45793 -2 -1.9972
45794 -2 -1.9972
45795 -2 -1.9972
45796 -2 -1.9972
45797 -2 -1.9972
45798 -2 -1.9972
45799 -2 -1.9972
45800 -2 -1.9972
45801 -2 -1.9972
45802 -2 -1.9972
45803 -2 -1.9972
45804 -2 -1.9972
45805 -2 -1.9972
45806 -1.98 -1.9972
45807 -2 -1.9972
45808 -2 -1.9972
45809 -2 -1.9972
45810 -2 -1.9972
45811 -2 -1.9972
45812 -2 -1.9972
45813 -2 -1.9972
45814 -2 -1.9972
45815 -2 -1.9972
45816 -2 -1.9972
45817 -2 -1.9972
45818 -2 -1.9972
45819 -2 -1.9972
45820 -2 -1.9972
45821 -2 -1.9972
45822 -2 -1.9972
45823 -2 -1.9972
45824 -2 -1.9972
45825 -2 -1.9972
45826 -2 -1.9972
45827 -2 -1.9972
45828 -1.98 -1.9972
45829 -2 -1.9972
45830 -2 -1.9972
45831 -2 -1.9972
45832 -2 -1.9972
45833 -2 -1.9972
45834 -2 -1.9972
45835 -2 -1.99721
45836 -2 -1.99721
45837 -2 -1.99721
45838 -2 -1.99721
45839 -2 -1.99721
45840 -2 -1.99721
45841 -2 -1.99721
45842 -2 -1.99721
45843 -2 -1.99721
45844 -2 -1.99721
45845 -2 -1.99721
45846 -2 -1.99721
45847 -2 -1.99721
45848 -2 -1.99721
45849 -2 -1.99721
45850 -2 -1.99721
45851 -2 -1.99721
45852 -2 -1.99721
45853 -2 -1.99721
45854 -2 -1.99721
45855 -2 -1.99721
45856 -2 -1.99721
45857 -2 -1.99721
45858 -2 -1.99721
45859 -2 -1.99721
45860 -2 -1.99721
45861 -1.98 -1.99721
45862 -1.98 -1.99721
45863 -1.98 -1.99721
45864 -2 -1.99721
45865 -2 -1.99721
45866 -2 -1.99721
45867 -1.98 -1.99721
45868 -1.96 -1.9972
45869 -2 -1.9972
45870 -2 -1.9972
45871 -2 -1.9972
45872 -2 -1.9972
45873 -2 -1.9972
45874 -2 -1.9972
45875 -2 -1.9972
45876 -2 -1.9972
45877 -2 -1.9972
45878 -2 -1.99721
45879 -2 -1.99721
45880 -2 -1.99721
45881 -1.98 -1.9972
45882 -1.97 -1.9972
45883 -1.98 -1.9972
45884 -2 -1.9972
45885 -2 -1.9972
45886 -2 -1.9972
45887 -2 -1.9972
45888 -2 -1.9972
45889 -1.98 -1.9972
45890 -1.96 -1.9972
45891 -2 -1.9972
45892 -2 -1.9972
45893 -2 -1.9972
45894 -2 -1.9972
45895 -2 -1.9972
45896 -2 -1.9972
45897 -2 -1.9972
45898 -2 -1.9972
45899 -2 -1.9972
45900 -2 -1.9972
45901 -2 -1.9972
45902 -2 -1.9972
45903 -2 -1.9972
45904 -2 -1.9972
45905 -2 -1.9972
45906 -2 -1.9972
45907 -2 -1.9972
45908 -2 -1.9972
45909 -2 -1.9972
45910 -2 -1.9972
45911 -2 -1.9972
45912 -2 -1.9972
45913 -2 -1.9972
45914 -2 -1.9972
45915 -2 -1.9972
45916 -2 -1.9972
45917 -2 -1.9972
45918 -2 -1.9972
45919 -2 -1.9972
45920 -2 -1.9972
45921 -2 -1.9972
45922 -2 -1.9972
45923 -2 -1.9972
45924 -2 -1.99721
45925 -2 -1.99721
45926 -2 -1.99721
45927 -2 -1.99721
45928 -2 -1.99721
45929 -2 -1.99721
45930 -2 -1.99721
45931 -2 -1.99721
45932 -1.98 -1.99721
45933 -1.98 -1.9972
45934 -1.98 -1.9972
45935 -1.98 -1.9972
45936 -2 -1.9972
45937 -2 -1.9972
45938 -2 -1.9972
45939 -2 -1.9972
45940 -2 -1.9972
45941 -2 -1.9972
45942 -2 -1.9972
45943 -2 -1.9972
45944 -2 -1.9972
45945 -1.98 -1.9972
45946 -2 -1.9972
45947 -2 -1.9972
45948 -2 -1.9972
45949 -2 -1.9972
45950 -2 -1.9972
45951 -2 -1.9972
45952 -2 -1.9972
45953 -2 -1.9972
45954 -2 -1.9972
45955 -2 -1.9972
45956 -2 -1.9972
45957 -2 -1.9972
45958 -2 -1.9972
45959 -2 -1.9972
45960 -2 -1.99721
45961 -2 -1.99721
45962 -2 -1.99721
45963 -2 -1.99721
45964 -2 -1.99721
45965 -2 -1.99721
45966 -1.98 -1.9972
45967 -1.98 -1.9972
45968 -2 -1.9972
45969 -2 -1.9972
45970 -2 -1.9972
45971 -2 -1.9972
45972 -2 -1.9972
45973 -2 -1.9972
45974 -2 -1.99721
45975 -2 -1.99721
45976 -2 -1.99721
45977 -2 -1.99721
45978 -2 -1.99721
45979 -1.98 -1.9972
45980 -2 -1.9972
45981 -1.98 -1.9972
45982 -2 -1.9972
45983 -2 -1.9972
45984 -2 -1.9972
45985 -2 -1.9972
45986 -2 -1.9972
45987 -2 -1.9972
45988 -2 -1.9972
45989 -1.98 -1.9972
45990 -1.98 -1.9972
45991 -1.98 -1.9972
45992 -2 -1.9972
45993 -2 -1.9972
45994 -2 -1.9972
45995 -2 -1.9972
45996 -1.98 -1.9972
45997 -2 -1.9972
45998 -2 -1.9972
45999 -2 -1.9972
46000 -2 -1.9972
46001 -2 -1.9972
46002 -2 -1.9972
46003 -1.97 -1.9972
46004 -1.98 -1.9972
46005 -2 -1.9972
46006 -2 -1.9972
46007 -2 -1.9972
46008 -2 -1.9972
46009 -2 -1.9972
46010 -2 -1.9972
46011 -2 -1.9972
46012 -2 -1.9972
46013 -2 -1.9972
46014 -2 -1.9972
46015 -2 -1.9972
46016 -2 -1.9972
46017 -2 -1.9972
46018 -2 -1.9972
46019 -1.98 -1.9972
46020 -2 -1.9972
46021 -2 -1.9972
46022 -2 -1.9972
46023 -2 -1.9972
46024 -2 -1.9972
46025 -2 -1.9972
46026 -2 -1.9972
46027 -1.98 -1.9972
46028 -2 -1.9972
46029 -2 -1.9972
46030 -2 -1.9972
46031 -2 -1.9972
46032 -1.98 -1.9972
46033 -2 -1.9972
46034 -2 -1.9972
46035 -2 -1.9972
46036 -2 -1.9972
46037 -1.98 -1.9972
46038 -2 -1.9972
46039 -2 -1.9972
46040 -2 -1.9972
46041 -2 -1.9972
46042 -2 -1.9972
46043 -2 -1.9972
46044 -2 -1.9972
46045 -2 -1.9972
46046 -2 -1.9972
46047 -1.98 -1.9972
46048 -1.98 -1.9972
46049 -2 -1.9972
46050 -2 -1.9972
46051 -2 -1.9972
46052 -2 -1.9972
46053 -2 -1.9972
46054 -1.98 -1.9972
46055 -2 -1.9972
46056 -2 -1.9972
46057 -2 -1.9972
46058 -1.98 -1.9972
46059 -2 -1.9972
46060 -2 -1.9972
46061 -2 -1.9972
46062 -1.98 -1.9972
46063 -1.98 -1.9972
46064 -2 -1.9972
46065 -2 -1.9972
46066 -2 -1.9972
46067 -2 -1.9972
46068 -2 -1.9972
46069 -2 -1.9972
46070 -2 -1.9972
46071 -2 -1.9972
46072 -2 -1.9972
46073 -2 -1.9972
46074 -2 -1.9972
46075 -2 -1.9972
46076 -2 -1.9972
46077 -2 -1.9972
46078 -1.98 -1.9972
46079 -2 -1.9972
46080 -2 -1.9972
46081 -2 -1.9972
46082 -2 -1.9972
46083 -2 -1.9972
46084 -2 -1.9972
46085 -1.98 -1.9972
46086 -2 -1.9972
46087 -2 -1.9972
46088 -2 -1.9972
46089 -2 -1.9972
46090 -1.98 -1.9972
46091 -2 -1.9972
46092 -2 -1.9972
46093 -2 -1.9972
46094 -2 -1.9972
46095 -2 -1.9972
46096 -2 -1.9972
46097 -2 -1.9972
46098 -1.98 -1.9972
46099 -2 -1.9972
46100 -2 -1.9972
46101 -2 -1.9972
46102 -2 -1.9972
46103 -2 -1.9972
46104 -2 -1.9972
46105 -2 -1.9972
46106 -2 -1.9972
46107 -2 -1.9972
46108 -1.97 -1.9972
46109 -1.98 -1.9972
46110 -1.98 -1.9972
46111 -1.98 -1.9972
46112 -2 -1.9972
46113 -2 -1.9972
46114 -2 -1.9972
46115 -2 -1.9972
46116 -2 -1.9972
46117 -2 -1.9972
46118 -2 -1.9972
46119 -2 -1.9972
46120 -1.98 -1.9972
46121 -2 -1.9972
46122 -2 -1.9972
46123 -2 -1.9972
46124 -2 -1.9972
46125 -2 -1.9972
46126 -1.98 -1.9972
46127 -2 -1.9972
46128 -2 -1.9972
46129 -2 -1.9972
46130 -2 -1.9972
46131 -2 -1.9972
46132 -2 -1.9972
46133 -2 -1.9972
46134 -1.98 -1.9972
46135 -1.98 -1.9972
46136 -2 -1.9972
46137 -2 -1.9972
46138 -2 -1.9972
46139 -2 -1.9972
46140 -2 -1.9972
46141 -2 -1.9972
46142 -2 -1.9972
46143 -2 -1.9972
46144 -2 -1.9972
46145 -2 -1.9972
46146 -2 -1.9972
46147 -2 -1.9972
46148 -2 -1.9972
46149 -2 -1.9972
46150 -2 -1.9972
46151 -1.98 -1.9972
46152 -2 -1.9972
46153 -1.96 -1.9972
46154 -1.96 -1.9972
46155 -2 -1.9972
46156 -1.98 -1.9972
46157 -2 -1.9972
46158 -2 -1.9972
46159 -2 -1.9972
46160 -2 -1.9972
46161 -2 -1.9972
46162 -1.98 -1.9972
46163 -2 -1.9972
46164 -2 -1.9972
46165 -2 -1.9972
46166 -2 -1.9972
46167 -2 -1.9972
46168 -2 -1.9972
46169 -2 -1.9972
46170 -2 -1.9972
46171 -2 -1.9972
46172 -2 -1.9972
46173 -2 -1.9972
46174 -2 -1.9972
46175 -1.98 -1.9972
46176 -1.98 -1.9972
46177 -2 -1.9972
46178 -2 -1.9972
46179 -2 -1.9972
46180 -2 -1.9972
46181 -2 -1.9972
46182 -2 -1.9972
46183 -2 -1.9972
46184 -2 -1.9972
46185 -2 -1.9972
46186 -2 -1.9972
46187 -2 -1.9972
46188 -2 -1.9972
46189 -1.98 -1.9972
46190 -2 -1.9972
46191 -2 -1.9972
46192 -2 -1.9972
46193 -1.98 -1.9972
46194 -2 -1.9972
46195 -2 -1.9972
46196 -2 -1.9972
46197 -2 -1.9972
46198 -2 -1.9972
46199 -2 -1.9972
46200 -2 -1.9972
46201 -1.98 -1.9972
46202 -1.98 -1.9972
46203 -2 -1.9972
46204 -2 -1.9972
46205 -2 -1.9972
46206 -2 -1.9972
46207 -2 -1.9972
46208 -2 -1.9972
46209 -2 -1.9972
46210 -2 -1.9972
46211 -2 -1.9972
46212 -2 -1.9972
46213 -2 -1.9972
46214 -2 -1.9972
46215 -2 -1.9972
46216 -2 -1.9972
46217 -2 -1.9972
46218 -2 -1.9972
46219 -2 -1.9972
46220 -1.98 -1.9972
46221 -2 -1.9972
46222 -1.98 -1.9972
46223 -2 -1.9972
46224 -2 -1.9972
46225 -2 -1.9972
46226 -2 -1.9972
46227 -2 -1.9972
46228 -2 -1.9972
46229 -2 -1.9972
46230 -2 -1.9972
46231 -2 -1.9972
46232 -2 -1.9972
46233 -2 -1.9972
46234 -2 -1.9972
46235 -2 -1.9972
46236 -2 -1.9972
46237 -2 -1.9972
46238 -2 -1.9972
46239 -2 -1.9972
46240 -2 -1.9972
46241 -2 -1.9972
46242 -2 -1.9972
46243 -2 -1.9972
46244 -2 -1.9972
46245 -2 -1.9972
46246 -2 -1.9972
46247 -2 -1.9972
46248 -2 -1.9972
46249 -2 -1.9972
46250 -2 -1.9972
46251 -2 -1.9972
46252 -2 -1.9972
46253 -2 -1.9972
46254 -2 -1.9972
46255 -2 -1.9972
46256 -2 -1.9972
46257 -2 -1.9972
46258 -2 -1.9972
46259 -2 -1.9972
46260 -2 -1.9972
46261 -2 -1.9972
46262 -2 -1.9972
46263 -2 -1.9972
46264 -2 -1.9972
46265 -2 -1.9972
46266 -2 -1.9972
46267 -2 -1.9972
46268 -2 -1.9972
46269 -2 -1.9972
46270 -1.98 -1.9972
46271 -2 -1.9972
46272 -2 -1.9972
46273 -2 -1.9972
46274 -2 -1.9972
46275 -2 -1.9972
46276 -2 -1.9972
46277 -2 -1.9972
46278 -2 -1.9972
46279 -2 -1.9972
46280 -2 -1.9972
46281 -2 -1.9972
46282 -2 -1.9972
46283 -2 -1.9972
46284 -2 -1.9972
46285 -2 -1.9972
46286 -2 -1.9972
46287 -2 -1.9972
46288 -2 -1.9972
46289 -2 -1.9972
46290 -2 -1.9972
46291 -2 -1.9972
46292 -1.98 -1.9972
46293 -1.98 -1.9972
46294 -2 -1.9972
46295 -2 -1.9972
46296 -2 -1.9972
46297 -2 -1.9972
46298 -2 -1.9972
46299 -2 -1.9972
46300 -2 -1.9972
46301 -2 -1.9972
46302 -2 -1.9972
46303 -2 -1.9972
46304 -2 -1.9972
46305 -2 -1.9972
46306 -2 -1.9972
46307 -2 -1.9972
46308 -2 -1.9972
46309 -2 -1.9972
46310 -2 -1.9972
46311 -2 -1.9972
46312 -2 -1.9972
46313 -2 -1.9972
46314 -2 -1.9972
46315 -2 -1.9972
46316 -2 -1.9972
46317 -2 -1.9972
46318 -2 -1.9972
46319 -2 -1.9972
46320 -2 -1.9972
46321 -2 -1.9972
46322 -2 -1.9972
46323 -2 -1.9972
46324 -2 -1.9972
46325 -2 -1.99721
46326 -2 -1.99721
46327 -2 -1.99721
46328 -2 -1.99721
46329 -2 -1.99721
46330 -2 -1.99721
46331 -2 -1.99721
46332 -1.98 -1.99721
46333 -2 -1.99721
46334 -2 -1.99721
46335 -2 -1.99721
46336 -2 -1.99721
46337 -2 -1.99721
46338 -2 -1.99721
46339 -2 -1.99721
46340 -2 -1.99721
46341 -2 -1.99721
46342 -2 -1.99721
46343 -2 -1.99721
46344 -2 -1.99721
46345 -2 -1.99721
46346 -2 -1.99721
46347 -2 -1.99721
46348 -2 -1.99721
46349 -2 -1.99721
46350 -2 -1.99721
46351 -1.98 -1.99721
46352 -2 -1.99721
46353 -2 -1.99721
46354 -2 -1.99721
46355 -2 -1.99721
46356 -2 -1.99721
46357 -2 -1.99721
46358 -2 -1.99721
46359 -2 -1.99721
46360 -2 -1.99721
46361 -2 -1.99721
46362 -2 -1.99721
46363 -2 -1.99721
46364 -2 -1.99721
46365 -2 -1.99721
46366 -1.98 -1.99721
46367 -2 -1.99721
46368 -2 -1.99721
46369 -2 -1.99721
46370 -2 -1.99721
46371 -2 -1.99721
46372 -2 -1.99721
46373 -2 -1.99721
46374 -2 -1.99721
46375 -2 -1.99721
46376 -1.98 -1.99721
46377 -1.98 -1.99721
46378 -2 -1.99721
46379 -1.98 -1.99721
46380 -1.98 -1.99721
46381 -1.98 -1.9972
46382 -2 -1.99721
46383 -2 -1.99721
46384 -2 -1.99721
46385 -2 -1.99721
46386 -2 -1.99721
46387 -2 -1.99721
46388 -2 -1.99721
46389 -2 -1.99721
46390 -1.98 -1.99721
46391 -1.98 -1.9972
46392 -2 -1.9972
46393 -2 -1.9972
46394 -2 -1.9972
46395 -2 -1.9972
46396 -2 -1.9972
46397 -2 -1.99721
46398 -1.98 -1.9972
46399 -1.98 -1.9972
46400 -2 -1.9972
46401 -2 -1.9972
46402 -2 -1.9972
46403 -2 -1.9972
46404 -2 -1.9972
46405 -2 -1.9972
46406 -2 -1.9972
46407 -2 -1.9972
46408 -1.98 -1.9972
46409 -2 -1.9972
46410 -2 -1.9972
46411 -2 -1.9972
46412 -2 -1.9972
46413 -2 -1.9972
46414 -2 -1.9972
46415 -2 -1.9972
46416 -2 -1.9972
46417 -1.98 -1.9972
46418 -2 -1.9972
46419 -2 -1.9972
46420 -2 -1.9972
46421 -2 -1.9972
46422 -2 -1.9972
46423 -2 -1.9972
46424 -2 -1.9972
46425 -2 -1.99721
46426 -1.98 -1.9972
46427 -1.98 -1.9972
46428 -2 -1.9972
46429 -2 -1.9972
46430 -2 -1.9972
46431 -2 -1.9972
46432 -2 -1.9972
46433 -2 -1.9972
46434 -2 -1.9972
46435 -2 -1.9972
46436 -2 -1.9972
46437 -2 -1.9972
46438 -2 -1.9972
46439 -1.98 -1.9972
46440 -2 -1.9972
46441 -2 -1.9972
46442 -2 -1.9972
46443 -2 -1.9972
46444 -1.97 -1.9972
46445 -1.98 -1.9972
46446 -2 -1.9972
46447 -2 -1.9972
46448 -2 -1.9972
46449 -2 -1.9972
46450 -2 -1.9972
46451 -2 -1.9972
46452 -2 -1.9972
46453 -2 -1.9972
46454 -2 -1.9972
46455 -2 -1.9972
46456 -2 -1.9972
46457 -2 -1.9972
46458 -1.98 -1.9972
46459 -1.96 -1.9972
46460 -1.98 -1.9972
46461 -1.98 -1.9972
46462 -2 -1.9972
46463 -2 -1.9972
46464 -2 -1.9972
46465 -1.98 -1.9972
46466 -2 -1.9972
46467 -2 -1.9972
46468 -2 -1.9972
46469 -2 -1.9972
46470 -2 -1.9972
46471 -2 -1.9972
46472 -2 -1.9972
46473 -2 -1.9972
46474 -2 -1.9972
46475 -2 -1.9972
46476 -2 -1.9972
46477 -2 -1.9972
46478 -2 -1.9972
46479 -2 -1.9972
46480 -2 -1.9972
46481 -2 -1.9972
46482 -2 -1.9972
46483 -2 -1.9972
46484 -2 -1.9972
46485 -2 -1.9972
46486 -1.98 -1.9972
46487 -2 -1.9972
46488 -2 -1.9972
46489 -2 -1.9972
46490 -2 -1.9972
46491 -2 -1.9972
46492 -2 -1.9972
46493 -2 -1.9972
46494 -2 -1.9972
46495 -1.98 -1.9972
46496 -1.98 -1.9972
46497 -1.98 -1.9972
46498 -2 -1.9972
46499 -2 -1.9972
46500 -1.98 -1.9972
46501 -2 -1.9972
46502 -2 -1.9972
46503 -1.98 -1.9972
46504 -2 -1.9972
46505 -2 -1.9972
46506 -2 -1.9972
46507 -2 -1.9972
46508 -2 -1.9972
46509 -2 -1.9972
46510 -2 -1.9972
46511 -2 -1.9972
46512 -2 -1.9972
46513 -2 -1.9972
46514 -2 -1.9972
46515 -2 -1.9972
46516 -2 -1.9972
46517 -2 -1.9972
46518 -2 -1.9972
46519 -2 -1.9972
46520 -2 -1.9972
46521 -2 -1.9972
46522 -2 -1.9972
46523 -2 -1.9972
46524 -2 -1.9972
46525 -2 -1.9972
46526 -2 -1.9972
46527 -2 -1.9972
46528 -2 -1.9972
46529 -2 -1.9972
46530 -2 -1.9972
46531 -2 -1.9972
46532 -2 -1.9972
46533 -2 -1.9972
46534 -2 -1.9972
46535 -2 -1.9972
46536 -2 -1.9972
46537 -2 -1.9972
46538 -2 -1.9972
46539 -2 -1.9972
46540 -2 -1.9972
46541 -2 -1.9972
46542 -2 -1.9972
46543 -1.98 -1.9972
46544 -1.96 -1.9972
46545 -1.98 -1.9972
46546 -2 -1.9972
46547 -2 -1.9972
46548 -1.98 -1.9972
46549 -2 -1.9972
46550 -2 -1.9972
46551 -2 -1.9972
46552 -2 -1.9972
46553 -2 -1.9972
46554 -2 -1.9972
46555 -2 -1.9972
46556 -2 -1.9972
46557 -2 -1.9972
46558 -2 -1.9972
46559 -2 -1.9972
46560 -2 -1.9972
46561 -2 -1.9972
46562 -2 -1.9972
46563 -2 -1.9972
46564 -2 -1.9972
46565 -2 -1.9972
46566 -2 -1.9972
46567 -2 -1.9972
46568 -2 -1.9972
46569 -2 -1.9972
46570 -2 -1.9972
46571 -2 -1.9972
46572 -2 -1.9972
46573 -2 -1.9972
46574 -1.98 -1.9972
46575 -1.98 -1.9972
46576 -1.98 -1.9972
46577 -2 -1.9972
46578 -2 -1.9972
46579 -2 -1.9972
46580 -2 -1.9972
46581 -2 -1.9972
46582 -2 -1.9972
46583 -2 -1.9972
46584 -2 -1.9972
46585 -2 -1.9972
46586 -2 -1.9972
46587 -2 -1.9972
46588 -1.97 -1.9972
46589 -1.97 -1.9972
46590 -1.98 -1.9972
46591 -2 -1.9972
46592 -2 -1.9972
46593 -2 -1.9972
46594 -2 -1.9972
46595 -2 -1.9972
46596 -2 -1.9972
46597 -2 -1.9972
46598 -1.98 -1.9972
46599 -1.98 -1.9972
46600 -1.98 -1.9972
46601 -1.98 -1.9972
46602 -1.96 -1.9972
46603 -2 -1.9972
46604 -2 -1.9972
46605 -2 -1.9972
46606 -2 -1.9972
46607 -2 -1.9972
46608 -2 -1.9972
46609 -1.98 -1.9972
46610 -2 -1.9972
46611 -2 -1.9972
46612 -2 -1.9972
46613 -2 -1.9972
46614 -2 -1.9972
46615 -2 -1.9972
46616 -2 -1.9972
46617 -2 -1.9972
46618 -2 -1.9972
46619 -2 -1.9972
46620 -2 -1.9972
46621 -2 -1.9972
46622 -2 -1.9972
46623 -2 -1.9972
46624 -2 -1.9972
46625 -2 -1.9972
46626 -2 -1.9972
46627 -2 -1.9972
46628 -2 -1.9972
46629 -2 -1.9972
46630 -2 -1.9972
46631 -2 -1.9972
46632 -2 -1.9972
46633 -2 -1.9972
46634 -2 -1.9972
46635 -2 -1.9972
46636 -2 -1.9972
46637 -2 -1.9972
46638 -2 -1.9972
46639 -2 -1.9972
46640 -2 -1.9972
46641 -2 -1.9972
46642 -2 -1.9972
46643 -2 -1.9972
46644 -2 -1.9972
46645 -2 -1.9972
46646 -2 -1.9972
46647 -2 -1.9972
46648 -2 -1.9972
46649 -2 -1.9972
46650 -2 -1.9972
46651 -2 -1.9972
46652 -2 -1.9972
46653 -2 -1.9972
46654 -2 -1.9972
46655 -2 -1.9972
46656 -2 -1.9972
46657 -2 -1.9972
46658 -2 -1.9972
46659 -2 -1.9972
46660 -2 -1.9972
46661 -1.98 -1.9972
46662 -2 -1.9972
46663 -2 -1.9972
46664 -2 -1.9972
46665 -2 -1.9972
46666 -2 -1.9972
46667 -2 -1.9972
46668 -1.98 -1.9972
46669 -1.98 -1.9972
46670 -1.98 -1.9972
46671 -2 -1.9972
46672 -2 -1.9972
46673 -2 -1.9972
46674 -2 -1.9972
46675 -2 -1.9972
46676 -1.98 -1.9972
46677 -2 -1.9972
46678 -2 -1.9972
46679 -2 -1.9972
46680 -2 -1.9972
46681 -2 -1.9972
46682 -2 -1.9972
46683 -2 -1.9972
46684 -2 -1.9972
46685 -2 -1.9972
46686 -2 -1.9972
46687 -2 -1.9972
46688 -2 -1.9972
46689 -2 -1.9972
46690 -2 -1.9972
46691 -2 -1.9972
46692 -2 -1.9972
46693 -1.98 -1.9972
46694 -1.98 -1.9972
46695 -2 -1.9972
46696 -2 -1.9972
46697 -1.98 -1.9972
46698 -1.98 -1.9972
46699 -2 -1.9972
46700 -2 -1.9972
46701 -2 -1.9972
46702 -2 -1.9972
46703 -2 -1.9972
46704 -2 -1.9972
46705 -2 -1.9972
46706 -1.98 -1.9972
46707 -1.98 -1.9972
46708 -2 -1.9972
46709 -2 -1.9972
46710 -2 -1.9972
46711 -2 -1.9972
46712 -2 -1.9972
46713 -2 -1.9972
46714 -2 -1.9972
46715 -1.95 -1.9972
46716 -1.96 -1.9972
46717 -1.96 -1.9972
46718 -2 -1.9972
46719 -2 -1.9972
46720 -1.98 -1.9972
46721 -2 -1.9972
46722 -2 -1.9972
46723 -2 -1.9972
46724 -2 -1.9972
46725 -2 -1.9972
46726 -2 -1.9972
46727 -1.98 -1.9972
46728 -2 -1.9972
46729 -2 -1.9972
46730 -2 -1.9972
46731 -2 -1.9972
46732 -2 -1.9972
46733 -2 -1.9972
46734 -2 -1.9972
46735 -2 -1.9972
46736 -2 -1.9972
46737 -2 -1.9972
46738 -2 -1.9972
46739 -2 -1.9972
46740 -2 -1.9972
46741 -2 -1.9972
46742 -2 -1.9972
46743 -2 -1.9972
46744 -2 -1.9972
46745 -2 -1.9972
46746 -2 -1.9972
46747 -2 -1.9972
46748 -2 -1.9972
46749 -2 -1.9972
46750 -1.98 -1.9972
46751 -2 -1.9972
46752 -2 -1.9972
46753 -2 -1.9972
46754 -2 -1.9972
46755 -2 -1.9972
46756 -2 -1.9972
46757 -2 -1.9972
46758 -2 -1.9972
46759 -2 -1.9972
46760 -2 -1.9972
46761 -2 -1.9972
46762 -2 -1.9972
46763 -2 -1.9972
46764 -2 -1.9972
46765 -2 -1.9972
46766 -2 -1.9972
46767 -1.98 -1.9972
46768 -1.98 -1.9972
46769 -2 -1.9972
46770 -2 -1.9972
46771 -2 -1.9972
46772 -2 -1.9972
46773 -2 -1.9972
46774 -2 -1.9972
46775 -2 -1.9972
46776 -2 -1.9972
46777 -2 -1.9972
46778 -2 -1.9972
46779 -2 -1.9972
46780 -2 -1.9972
46781 -2 -1.9972
46782 -2 -1.9972
46783 -2 -1.9972
46784 -2 -1.9972
46785 -2 -1.9972
46786 -2 -1.9972
46787 -2 -1.9972
46788 -2 -1.9972
46789 -2 -1.9972
46790 -2 -1.9972
46791 -2 -1.9972
46792 -2 -1.9972
46793 -2 -1.9972
46794 -2 -1.9972
46795 -2 -1.9972
46796 -2 -1.9972
46797 -2 -1.9972
46798 -1.98 -1.9972
46799 -2 -1.9972
46800 -2 -1.9972
46801 -2 -1.9972
46802 -2 -1.9972
46803 -2 -1.9972
46804 -2 -1.9972
46805 -2 -1.9972
46806 -2 -1.9972
46807 -2 -1.9972
46808 -2 -1.9972
46809 -2 -1.9972
46810 -2 -1.9972
46811 -2 -1.9972
46812 -2 -1.9972
46813 -2 -1.9972
46814 -2 -1.9972
46815 -2 -1.9972
46816 -1.98 -1.9972
46817 -1.98 -1.9972
46818 -1.98 -1.9972
46819 -2 -1.9972
46820 -2 -1.9972
46821 -2 -1.9972
46822 -2 -1.9972
46823 -2 -1.9972
46824 -2 -1.9972
46825 -2 -1.9972
46826 -2 -1.9972
46827 -2 -1.9972
46828 -2 -1.9972
46829 -2 -1.9972
46830 -2 -1.9972
46831 -2 -1.9972
46832 -2 -1.9972
46833 -2 -1.9972
46834 -2 -1.9972
46835 -2 -1.9972
46836 -2 -1.9972
46837 -2 -1.9972
46838 -2 -1.9972
46839 -2 -1.9972
46840 -2 -1.9972
46841 -2 -1.9972
46842 -2 -1.9972
46843 -2 -1.9972
46844 -2 -1.9972
46845 -2 -1.9972
46846 -2 -1.9972
46847 -2 -1.9972
46848 -2 -1.9972
46849 -2 -1.9972
46850 -2 -1.9972
46851 -2 -1.9972
46852 -2 -1.9972
46853 -2 -1.9972
46854 -2 -1.9972
46855 -2 -1.9972
46856 -2 -1.9972
46857 -2 -1.9972
46858 -2 -1.9972
46859 -2 -1.9972
46860 -1.98 -1.9972
46861 -2 -1.9972
46862 -2 -1.9972
46863 -2 -1.9972
46864 -2 -1.9972
46865 -1.98 -1.9972
46866 -1.98 -1.9972
46867 -1.98 -1.9972
46868 -2 -1.9972
46869 -2 -1.9972
46870 -2 -1.9972
46871 -2 -1.9972
46872 -2 -1.9972
46873 -2 -1.9972
46874 -2 -1.9972
46875 -2 -1.9972
46876 -2 -1.9972
46877 -2 -1.9972
46878 -2 -1.9972
46879 -2 -1.9972
46880 -2 -1.9972
46881 -2 -1.9972
46882 -1.98 -1.9972
46883 -2 -1.9972
46884 -2 -1.9972
46885 -2 -1.9972
46886 -2 -1.9972
46887 -2 -1.9972
46888 -2 -1.9972
46889 -2 -1.9972
46890 -2 -1.9972
46891 -2 -1.9972
46892 -2 -1.9972
46893 -2 -1.9972
46894 -2 -1.9972
46895 -2 -1.9972
46896 -1.98 -1.9972
46897 -2 -1.9972
46898 -2 -1.9972
46899 -2 -1.9972
46900 -2 -1.9972
46901 -2 -1.9972
46902 -2 -1.9972
46903 -2 -1.9972
46904 -2 -1.9972
46905 -2 -1.9972
46906 -2 -1.9972
46907 -2 -1.9972
46908 -2 -1.9972
46909 -2 -1.9972
46910 -2 -1.9972
46911 -2 -1.9972
46912 -2 -1.9972
46913 -2 -1.9972
46914 -2 -1.9972
46915 -2 -1.9972
46916 -2 -1.9972
46917 -2 -1.9972
46918 -2 -1.9972
46919 -2 -1.99721
46920 -2 -1.99721
46921 -2 -1.99721
46922 -2 -1.99721
46923 -2 -1.99721
46924 -1.98 -1.9972
46925 -2 -1.9972
46926 -2 -1.99721
46927 -2 -1.99721
46928 -2 -1.99721
46929 -2 -1.99721
46930 -2 -1.99721
46931 -1.98 -1.9972
46932 -1.98 -1.9972
46933 -1.96 -1.9972
46934 -2 -1.9972
46935 -2 -1.9972
46936 -2 -1.9972
46937 -2 -1.9972
46938 -2 -1.9972
46939 -2 -1.9972
46940 -2 -1.9972
46941 -2 -1.9972
46942 -2 -1.9972
46943 -2 -1.9972
46944 -2 -1.9972
46945 -2 -1.9972
46946 -2 -1.9972
46947 -2 -1.9972
46948 -2 -1.9972
46949 -2 -1.9972
46950 -2 -1.9972
46951 -2 -1.9972
46952 -2 -1.9972
46953 -2 -1.9972
46954 -2 -1.9972
46955 -2 -1.99721
46956 -2 -1.99721
46957 -2 -1.99721
46958 -2 -1.99721
46959 -2 -1.99721
46960 -2 -1.99721
46961 -1.98 -1.9972
46962 -2 -1.99721
46963 -2 -1.99721
46964 -1.98 -1.9972
46965 -2 -1.9972
46966 -2 -1.9972
46967 -2 -1.9972
46968 -2 -1.9972
46969 -2 -1.99721
46970 -2 -1.99721
46971 -2 -1.99721
46972 -2 -1.99721
46973 -2 -1.99721
46974 -1.98 -1.9972
46975 -2 -1.9972
46976 -2 -1.99721
46977 -2 -1.99721
46978 -2 -1.99721
46979 -1.98 -1.9972
46980 -2 -1.9972
46981 -2 -1.9972
46982 -2 -1.9972
46983 -2 -1.99721
46984 -2 -1.99721
46985 -2 -1.99721
46986 -2 -1.99721
46987 -2 -1.99721
46988 -2 -1.99721
46989 -2 -1.99721
46990 -1.98 -1.9972
46991 -2 -1.99721
46992 -2 -1.99721
46993 -2 -1.99721
46994 -2 -1.99721
46995 -2 -1.99721
46996 -2 -1.99721
46997 -2 -1.99721
46998 -2 -1.99721
46999 -2 -1.99721
47000 -2 -1.99721
47001 -2 -1.99721
47002 -2 -1.99721
47003 -2 -1.99721
47004 -2 -1.99721
47005 -2 -1.99721
47006 -2 -1.99721
47007 -2 -1.99721
47008 -2 -1.99721
47009 -2 -1.99721
47010 -2 -1.99721
47011 -2 -1.99721
47012 -2 -1.99721
47013 -2 -1.99721
47014 -2 -1.99721
47015 -2 -1.99721
47016 -2 -1.99721
47017 -2 -1.99721
47018 -2 -1.99721
47019 -2 -1.99721
47020 -2 -1.99721
47021 -2 -1.99721
47022 -2 -1.99721
47023 -2 -1.99721
47024 -2 -1.99721
47025 -2 -1.99721
47026 -2 -1.99721
47027 -1.98 -1.99721
47028 -1.98 -1.99721
47029 -2 -1.99721
47030 -2 -1.99721
47031 -2 -1.99721
47032 -2 -1.99721
47033 -2 -1.99721
47034 -2 -1.99721
47035 -2 -1.99721
47036 -1.98 -1.99721
47037 -2 -1.99721
47038 -2 -1.99721
47039 -2 -1.99721
47040 -2 -1.99721
47041 -2 -1.99721
47042 -2 -1.99721
47043 -2 -1.99721
47044 -2 -1.99721
47045 -2 -1.99721
47046 -2 -1.99721
47047 -2 -1.99721
47048 -2 -1.99721
47049 -2 -1.99721
47050 -2 -1.99721
47051 -2 -1.99721
47052 -1.98 -1.99721
47053 -2 -1.99721
47054 -2 -1.99721
47055 -2 -1.99721
47056 -2 -1.99721
47057 -2 -1.99721
47058 -2 -1.99721
47059 -2 -1.99721
47060 -2 -1.99721
47061 -2 -1.99721
47062 -2 -1.99721
47063 -2 -1.99721
47064 -2 -1.99721
47065 -2 -1.99721
47066 -2 -1.99721
47067 -2 -1.99721
47068 -1.98 -1.99721
47069 -2 -1.99721
47070 -2 -1.99721
47071 -2 -1.99721
47072 -2 -1.99721
47073 -2 -1.99721
47074 -2 -1.99721
47075 -2 -1.99721
47076 -2 -1.99721
47077 -2 -1.99721
47078 -2 -1.99721
47079 -2 -1.99721
47080 -2 -1.99721
47081 -2 -1.99721
47082 -2 -1.99721
47083 -2 -1.99721
47084 -2 -1.99721
47085 -2 -1.99721
47086 -2 -1.99721
47087 -2 -1.99721
47088 -2 -1.99721
47089 -2 -1.99721
47090 -2 -1.99721
47091 -2 -1.99721
47092 -2 -1.99721
47093 -2 -1.99721
47094 -2 -1.99721
47095 -2 -1.99721
47096 -2 -1.99721
47097 -2 -1.99721
47098 -2 -1.99721
47099 -2 -1.99721
47100 -2 -1.99721
47101 -2 -1.99721
47102 -2 -1.99721
47103 -2 -1.99721
47104 -2 -1.99721
47105 -2 -1.99721
47106 -2 -1.99721
47107 -2 -1.99721
47108 -2 -1.99721
47109 -2 -1.99721
47110 -2 -1.99721
47111 -2 -1.99721
47112 -2 -1.99721
47113 -2 -1.99721
47114 -2 -1.99721
47115 -2 -1.99721
47116 -1.98 -1.99721
47117 -2 -1.99721
47118 -2 -1.99721
47119 -2 -1.99721
47120 -2 -1.99721
47121 -2 -1.99721
47122 -2 -1.99721
47123 -2 -1.99721
47124 -2 -1.99721
47125 -2 -1.99721
47126 -2 -1.99721
47127 -1.98 -1.99721
47128 -1.98 -1.99721
47129 -1.98 -1.99721
47130 -1.98 -1.99721
47131 -2 -1.99721
47132 -2 -1.99721
47133 -2 -1.99721
47134 -2 -1.99721
47135 -2 -1.99721
47136 -1.98 -1.99721
47137 -2 -1.99721
47138 -1.96 -1.99721
47139 -1.96 -1.99721
47140 -1.96 -1.99721
47141 -2 -1.99721
47142 -2 -1.99721
47143 -2 -1.99721
47144 -2 -1.99721
47145 -2 -1.99721
47146 -2 -1.99721
47147 -2 -1.99721
47148 -2 -1.99721
47149 -2 -1.99721
47150 -2 -1.99721
47151 -2 -1.99721
47152 -2 -1.99721
47153 -2 -1.99721
47154 -2 -1.99721
47155 -2 -1.99721
47156 -2 -1.99721
47157 -2 -1.99721
47158 -1.98 -1.99721
47159 -1.98 -1.99721
47160 -2 -1.99721
47161 -2 -1.99721
47162 -2 -1.99721
47163 -2 -1.99721
47164 -2 -1.99721
47165 -2 -1.99721
47166 -2 -1.99721
47167 -2 -1.99721
47168 -2 -1.99721
47169 -2 -1.99721
47170 -2 -1.99721
47171 -1.98 -1.99721
47172 -2 -1.99721
47173 -2 -1.99721
47174 -2 -1.99721
47175 -2 -1.99721
47176 -2 -1.99721
47177 -1.98 -1.99721
47178 -2 -1.99721
47179 -2 -1.99721
47180 -2 -1.99721
47181 -2 -1.99721
47182 -2 -1.99721
47183 -2 -1.99721
47184 -2 -1.99721
47185 -1.98 -1.99721
47186 -2 -1.99721
47187 -2 -1.99721
47188 -2 -1.99721
47189 -2 -1.99721
47190 -2 -1.99721
47191 -2 -1.99721
47192 -2 -1.99721
47193 -2 -1.99721
47194 -2 -1.99721
47195 -2 -1.99721
47196 -2 -1.99721
47197 -2 -1.99721
47198 -2 -1.99721
47199 -2 -1.99721
47200 -2 -1.99721
47201 -2 -1.99721
47202 -2 -1.99721
47203 -2 -1.99721
47204 -2 -1.99721
47205 -2 -1.99721
47206 -1.98 -1.99721
47207 -2 -1.99721
47208 -2 -1.99721
47209 -2 -1.99721
47210 -2 -1.99721
47211 -1.98 -1.99721
47212 -2 -1.99721
47213 -2 -1.99721
47214 -2 -1.99721
47215 -2 -1.99721
47216 -2 -1.99721
47217 -2 -1.99721
47218 -2 -1.99721
47219 -1.98 -1.99721
47220 -1.98 -1.99721
47221 -2 -1.99721
47222 -2 -1.99721
47223 -1.98 -1.99721
47224 -1.98 -1.99721
47225 -1.98 -1.99721
47226 -1.98 -1.99721
47227 -2 -1.99721
47228 -2 -1.99721
47229 -2 -1.99721
47230 -2 -1.99721
47231 -2 -1.99721
47232 -2 -1.99721
47233 -2 -1.99721
47234 -2 -1.99721
47235 -2 -1.99721
47236 -2 -1.99721
47237 -2 -1.99721
47238 -2 -1.99721
47239 -2 -1.99721
47240 -2 -1.99721
47241 -2 -1.99721
47242 -2 -1.99721
47243 -2 -1.99721
47244 -2 -1.99721
47245 -2 -1.99721
47246 -2 -1.99721
47247 -2 -1.99721
47248 -2 -1.99721
47249 -2 -1.99721
47250 -2 -1.99721
47251 -2 -1.99721
47252 -2 -1.99721
47253 -2 -1.99721
47254 -2 -1.99721
47255 -2 -1.99721
47256 -2 -1.99721
47257 -2 -1.99721
47258 -2 -1.99721
47259 -2 -1.99721
47260 -2 -1.99721
47261 -2 -1.99721
47262 -2 -1.99721
47263 -2 -1.99721
47264 -2 -1.99721
47265 -2 -1.99721
47266 -2 -1.99721
47267 -2 -1.99721
47268 -2 -1.99721
47269 -2 -1.99721
47270 -1.98 -1.99721
47271 -2 -1.99721
47272 -2 -1.99721
47273 -2 -1.99721
47274 -2 -1.99721
47275 -2 -1.99721
47276 -2 -1.99721
47277 -2 -1.99721
47278 -1.98 -1.99721
47279 -2 -1.99721
47280 -2 -1.99721
47281 -2 -1.99721
47282 -2 -1.99721
47283 -2 -1.99721
47284 -2 -1.99721
47285 -2 -1.99721
47286 -2 -1.99721
47287 -2 -1.99721
47288 -2 -1.99721
47289 -2 -1.99721
47290 -2 -1.99721
47291 -2 -1.99721
47292 -2 -1.99721
47293 -2 -1.99721
47294 -2 -1.99721
47295 -2 -1.99721
47296 -2 -1.99721
47297 -2 -1.99721
47298 -1.98 -1.99721
47299 -2 -1.99721
47300 -2 -1.99721
47301 -2 -1.99721
47302 -2 -1.99721
47303 -2 -1.99721
47304 -2 -1.99721
47305 -2 -1.99721
47306 -2 -1.99721
47307 -2 -1.99721
47308 -2 -1.99721
47309 -2 -1.99721
47310 -2 -1.99721
47311 -2 -1.99721
47312 -2 -1.99721
47313 -2 -1.99721
47314 -2 -1.99721
47315 -2 -1.99721
47316 -2 -1.99721
47317 -2 -1.99721
47318 -2 -1.99721
47319 -2 -1.99721
47320 -2 -1.99721
47321 -2 -1.99721
47322 -2 -1.99721
47323 -2 -1.99721
47324 -2 -1.99721
47325 -2 -1.99721
47326 -1.98 -1.99721
47327 -1.98 -1.99721
47328 -1.97 -1.99721
47329 -1.98 -1.99721
47330 -2 -1.99721
47331 -2 -1.99721
47332 -2 -1.99721
47333 -1.98 -1.99721
47334 -2 -1.99721
47335 -2 -1.99721
47336 -2 -1.99721
47337 -2 -1.99721
47338 -2 -1.99721
47339 -2 -1.99721
47340 -2 -1.99721
47341 -2 -1.99721
47342 -2 -1.99721
47343 -2 -1.99721
47344 -2 -1.99721
47345 -2 -1.99721
47346 -2 -1.99721
47347 -2 -1.99721
47348 -2 -1.99721
47349 -2 -1.99721
47350 -2 -1.99721
47351 -2 -1.99721
47352 -2 -1.99721
47353 -2 -1.99721
47354 -2 -1.99721
47355 -2 -1.99721
47356 -2 -1.99721
47357 -2 -1.99721
47358 -2 -1.99721
47359 -2 -1.99721
47360 -2 -1.99721
47361 -2 -1.99721
47362 -2 -1.99721
47363 -2 -1.99721
47364 -2 -1.99721
47365 -2 -1.99721
47366 -2 -1.99721
47367 -2 -1.99721
47368 -2 -1.99721
47369 -2 -1.99721
47370 -1.98 -1.99721
47371 -2 -1.99721
47372 -2 -1.99721
47373 -2 -1.99721
47374 -2 -1.99721
47375 -2 -1.99721
47376 -2 -1.99721
47377 -2 -1.99721
47378 -2 -1.99721
47379 -2 -1.99721
47380 -2 -1.99721
47381 -2 -1.99721
47382 -2 -1.99721
47383 -2 -1.99721
47384 -1.98 -1.99721
47385 -2 -1.99721
47386 -2 -1.99721
47387 -2 -1.99721
47388 -2 -1.99721
47389 -2 -1.99721
47390 -2 -1.99721
47391 -2 -1.99721
47392 -2 -1.99721
47393 -1.98 -1.99721
47394 -2 -1.99721
47395 -2 -1.99721
47396 -2 -1.99721
47397 -2 -1.99721
47398 -2 -1.99721
47399 -2 -1.99721
47400 -2 -1.99721
47401 -2 -1.99721
47402 -2 -1.99721
47403 -2 -1.99721
47404 -1.98 -1.99721
47405 -1.98 -1.99721
47406 -2 -1.99721
47407 -2 -1.99721
47408 -2 -1.99721
47409 -2 -1.99721
47410 -1.98 -1.99721
47411 -1.98 -1.99721
47412 -1.98 -1.99721
47413 -2 -1.99721
47414 -2 -1.99721
47415 -2 -1.99721
47416 -2 -1.99721
47417 -2 -1.99721
47418 -2 -1.99721
47419 -2 -1.99721
47420 -2 -1.99721
47421 -2 -1.99721
47422 -1.98 -1.99721
47423 -2 -1.99721
47424 -2 -1.99721
47425 -2 -1.99721
47426 -2 -1.99721
47427 -1.98 -1.99721
47428 -1.98 -1.99721
47429 -1.98 -1.99721
47430 -2 -1.99721
47431 -2 -1.99721
47432 -2 -1.99721
47433 -2 -1.99721
47434 -2 -1.99721
47435 -2 -1.99721
47436 -2 -1.99721
47437 -2 -1.99721
47438 -1.98 -1.99721
47439 -2 -1.99721
47440 -1.98 -1.99721
47441 -2 -1.99721
47442 -2 -1.99721
47443 -2 -1.99721
47444 -2 -1.99721
47445 -2 -1.99721
47446 -2 -1.99721
47447 -2 -1.99721
47448 -2 -1.99721
47449 -2 -1.99721
47450 -2 -1.99721
47451 -2 -1.99721
47452 -2 -1.99721
47453 -2 -1.99721
47454 -2 -1.99721
47455 -2 -1.99721
47456 -2 -1.99721
47457 -2 -1.99721
47458 -2 -1.99721
47459 -1.98 -1.99721
47460 -2 -1.99721
47461 -2 -1.99721
47462 -2 -1.99721
47463 -2 -1.99721
47464 -1.98 -1.99721
47465 -2 -1.99721
47466 -2 -1.99721
47467 -2 -1.99721
47468 -2 -1.99721
47469 -2 -1.99721
47470 -2 -1.99721
47471 -2 -1.99721
47472 -2 -1.99721
47473 -2 -1.99721
47474 -2 -1.99721
47475 -2 -1.99721
47476 -2 -1.99721
47477 -2 -1.99721
47478 -2 -1.99721
47479 -2 -1.99721
47480 -2 -1.99721
47481 -2 -1.99721
47482 -2 -1.99721
47483 -2 -1.99721
47484 -2 -1.99721
47485 -2 -1.99721
47486 -2 -1.99721
47487 -2 -1.99721
47488 -2 -1.99721
47489 -2 -1.99721
47490 -2 -1.99721
47491 -2 -1.99721
47492 -2 -1.99721
47493 -2 -1.99721
47494 -2 -1.99721
47495 -2 -1.99721
47496 -2 -1.99721
47497 -2 -1.99721
47498 -2 -1.99721
47499 -2 -1.99721
47500 -2 -1.99721
47501 -1.98 -1.99721
47502 -1.98 -1.99721
47503 -1.98 -1.99721
47504 -1.98 -1.99721
47505 -1.98 -1.99721
47506 -2 -1.99721
47507 -2 -1.99721
47508 -2 -1.99721
47509 -2 -1.99721
47510 -2 -1.99721
47511 -1.98 -1.99721
47512 -2 -1.99721
47513 -2 -1.99721
47514 -2 -1.99721
47515 -2 -1.99721
47516 -2 -1.99721
47517 -2 -1.99721
47518 -2 -1.99721
47519 -2 -1.99721
47520 -2 -1.99721
47521 -2 -1.99721
47522 -2 -1.99721
47523 -1.98 -1.99721
47524 -1.98 -1.99721
47525 -2 -1.99721
47526 -2 -1.99721
47527 -2 -1.99721
47528 -2 -1.99721
47529 -2 -1.99721
47530 -2 -1.99721
47531 -2 -1.99721
47532 -2 -1.99721
47533 -2 -1.99721
47534 -2 -1.99721
47535 -2 -1.99721
47536 -2 -1.99721
47537 -2 -1.99721
47538 -2 -1.99721
47539 -2 -1.99721
47540 -2 -1.99721
47541 -2 -1.99721
47542 -2 -1.99721
47543 -2 -1.99721
47544 -2 -1.99721
47545 -2 -1.99721
47546 -2 -1.99721
47547 -1.98 -1.99721
47548 -2 -1.99721
47549 -2 -1.99721
47550 -2 -1.99721
47551 -2 -1.99721
47552 -2 -1.99721
47553 -2 -1.99721
47554 -2 -1.99721
47555 -2 -1.99721
47556 -2 -1.99721
47557 -2 -1.99721
47558 -2 -1.99721
47559 -2 -1.99721
47560 -2 -1.99721
47561 -2 -1.99721
47562 -2 -1.99721
47563 -2 -1.99721
47564 -2 -1.99721
47565 -2 -1.99721
47566 -2 -1.99721
47567 -2 -1.99721
47568 -2 -1.99721
47569 -2 -1.99721
47570 -2 -1.99721
47571 -2 -1.99721
47572 -2 -1.99721
47573 -2 -1.99721
47574 -2 -1.99721
47575 -2 -1.99721
47576 -2 -1.99721
47577 -2 -1.99721
47578 -2 -1.99721
47579 -2 -1.99721
47580 -2 -1.99721
47581 -2 -1.99721
47582 -2 -1.99721
47583 -2 -1.99721
47584 -2 -1.99721
47585 -2 -1.99721
47586 -2 -1.99721
47587 -2 -1.99721
47588 -2 -1.99721
47589 -2 -1.99721
47590 -2 -1.99721
47591 -2 -1.99721
47592 -2 -1.99721
47593 -1.98 -1.99721
47594 -2 -1.99721
47595 -2 -1.99721
47596 -1.98 -1.99721
47597 -2 -1.99721
47598 -2 -1.99721
47599 -2 -1.99721
47600 -2 -1.99721
47601 -2 -1.99721
47602 -2 -1.99721
47603 -2 -1.99721
47604 -2 -1.99721
47605 -2 -1.99721
47606 -2 -1.99721
47607 -2 -1.99721
47608 -2 -1.99721
47609 -2 -1.99721
47610 -2 -1.99721
47611 -1.98 -1.99721
47612 -1.98 -1.99721
47613 -2 -1.99721
47614 -2 -1.99721
47615 -2 -1.99721
47616 -1.98 -1.99721
47617 -2 -1.99721
47618 -1.98 -1.99721
47619 -2 -1.99721
47620 -2 -1.99721
47621 -2 -1.99721
47622 -2 -1.99721
47623 -2 -1.99721
47624 -2 -1.99721
47625 -2 -1.99721
47626 -2 -1.99721
47627 -2 -1.99721
47628 -2 -1.99721
47629 -2 -1.99721
47630 -2 -1.99721
47631 -2 -1.99721
47632 -2 -1.99721
47633 -2 -1.99721
47634 -2 -1.99721
47635 -2 -1.99721
47636 -2 -1.99721
47637 -2 -1.99721
47638 -2 -1.99721
47639 -2 -1.99721
47640 -2 -1.99721
47641 -2 -1.99721
47642 -2 -1.99721
47643 -2 -1.99721
47644 -2 -1.99721
47645 -2 -1.99721
47646 -2 -1.99721
47647 -2 -1.99721
47648 -2 -1.99721
47649 -2 -1.99721
47650 -2 -1.99721
47651 -2 -1.99721
47652 -2 -1.99721
47653 -2 -1.99721
47654 -2 -1.99721
47655 -2 -1.99721
47656 -2 -1.99721
47657 -2 -1.99721
47658 -2 -1.99722
47659 -2 -1.99722
47660 -2 -1.99722
47661 -2 -1.99722
47662 -2 -1.99722
47663 -2 -1.99722
47664 -2 -1.99722
47665 -2 -1.99722
47666 -1.98 -1.99722
47667 -2 -1.99722
47668 -2 -1.99722
47669 -2 -1.99722
47670 -1.98 -1.99721
47671 -2 -1.99721
47672 -2 -1.99721
47673 -2 -1.99722
47674 -2 -1.99722
47675 -2 -1.99722
47676 -2 -1.99722
47677 -2 -1.99722
47678 -1.98 -1.99721
47679 -1.98 -1.99721
47680 -2 -1.99721
47681 -2 -1.99721
47682 -2 -1.99721
47683 -2 -1.99721
47684 -2 -1.99721
47685 -2 -1.99721
47686 -2 -1.99721
47687 -2 -1.99722
47688 -2 -1.99722
47689 -2 -1.99722
47690 -2 -1.99722
47691 -2 -1.99722
47692 -2 -1.99722
47693 -2 -1.99722
47694 -2 -1.99722
47695 -2 -1.99722
47696 -2 -1.99722
47697 -1.98 -1.99722
47698 -2 -1.99722
47699 -2 -1.99722
47700 -2 -1.99722
47701 -2 -1.99722
47702 -2 -1.99722
47703 -2 -1.99722
47704 -2 -1.99722
47705 -2 -1.99722
47706 -2 -1.99722
47707 -1.98 -1.99722
47708 -2 -1.99722
47709 -2 -1.99722
47710 -2 -1.99722
47711 -2 -1.99722
47712 -2 -1.99722
47713 -2 -1.99722
47714 -2 -1.99722
47715 -2 -1.99722
47716 -2 -1.99722
47717 -2 -1.99722
47718 -2 -1.99722
47719 -2 -1.99722
47720 -2 -1.99722
47721 -2 -1.99722
47722 -2 -1.99722
47723 -2 -1.99722
47724 -2 -1.99722
47725 -2 -1.99722
47726 -2 -1.99722
47727 -2 -1.99722
47728 -2 -1.99722
47729 -2 -1.99722
47730 -2 -1.99722
47731 -2 -1.99722
47732 -2 -1.99722
47733 -2 -1.99722
47734 -2 -1.99722
47735 -2 -1.99722
47736 -2 -1.99722
47737 -2 -1.99722
47738 -1.98 -1.99722
47739 -2 -1.99722
47740 -2 -1.99722
47741 -2 -1.99722
47742 -2 -1.99722
47743 -2 -1.99722
47744 -2 -1.99722
47745 -1.98 -1.99722
47746 -1.98 -1.99722
47747 -2 -1.99722
47748 -2 -1.99722
47749 -2 -1.99722
47750 -2 -1.99722
47751 -2 -1.99722
47752 -1.98 -1.99722
47753 -1.98 -1.99722
47754 -1.98 -1.99722
47755 -2 -1.99722
47756 -2 -1.99722
47757 -2 -1.99722
47758 -2 -1.99722
47759 -2 -1.99722
47760 -2 -1.99722
47761 -2 -1.99722
47762 -2 -1.99722
47763 -2 -1.99722
47764 -2 -1.99722
47765 -1.98 -1.99722
47766 -2 -1.99722
47767 -2 -1.99722
47768 -2 -1.99722
47769 -2 -1.99722
47770 -2 -1.99722
47771 -2 -1.99722
47772 -2 -1.99722
47773 -2 -1.99722
47774 -2 -1.99722
47775 -2 -1.99722
47776 -2 -1.99722
47777 -2 -1.99722
47778 -2 -1.99722
47779 -2 -1.99722
47780 -2 -1.99722
47781 -2 -1.99722
47782 -2 -1.99722
47783 -2 -1.99722
47784 -2 -1.99722
47785 -2 -1.99722
47786 -2 -1.99722
47787 -2 -1.99722
47788 -2 -1.99722
47789 -2 -1.99722
47790 -2 -1.99722
47791 -2 -1.99722
47792 -2 -1.99722
47793 -2 -1.99722
47794 -2 -1.99722
47795 -1.98 -1.99722
47796 -1.98 -1.99722
47797 -1.98 -1.99722
47798 -1.98 -1.99722
47799 -2 -1.99722
47800 -2 -1.99722
47801 -2 -1.99722
47802 -2 -1.99722
47803 -2 -1.99722
47804 -2 -1.99722
47805 -2 -1.99722
47806 -2 -1.99722
47807 -2 -1.99722
47808 -2 -1.99722
47809 -2 -1.99722
47810 -2 -1.99722
47811 -2 -1.99722
47812 -2 -1.99722
47813 -2 -1.99722
47814 -2 -1.99722
47815 -2 -1.99722
47816 -2 -1.99722
47817 -2 -1.99722
47818 -2 -1.99722
47819 -1.98 -1.99722
47820 -2 -1.99722
47821 -2 -1.99722
47822 -1.98 -1.99722
47823 -1.98 -1.99722
47824 -1.98 -1.99722
47825 -1.98 -1.99722
47826 -2 -1.99722
47827 -2 -1.99722
47828 -2 -1.99722
47829 -2 -1.99722
47830 -2 -1.99722
47831 -2 -1.99722
47832 -2 -1.99722
47833 -2 -1.99722
47834 -2 -1.99722
47835 -2 -1.99722
47836 -2 -1.99722
47837 -2 -1.99722
47838 -2 -1.99722
47839 -2 -1.99722
47840 -2 -1.99722
47841 -2 -1.99722
47842 -2 -1.99722
47843 -2 -1.99722
47844 -1.98 -1.99722
47845 -2 -1.99722
47846 -2 -1.99722
47847 -2 -1.99722
47848 -2 -1.99722
47849 -2 -1.99722
47850 -2 -1.99722
47851 -2 -1.99722
47852 -2 -1.99722
47853 -2 -1.99722
47854 -2 -1.99722
47855 -1.98 -1.99722
47856 -2 -1.99722
47857 -2 -1.99722
47858 -2 -1.99722
47859 -2 -1.99722
47860 -2 -1.99722
47861 -2 -1.99722
47862 -2 -1.99722
47863 -2 -1.99722
47864 -1.98 -1.99722
47865 -2 -1.99722
47866 -2 -1.99722
47867 -2 -1.99722
47868 -2 -1.99722
47869 -2 -1.99722
47870 -2 -1.99722
47871 -2 -1.99722
47872 -2 -1.99722
47873 -1.98 -1.99722
47874 -2 -1.99722
47875 -2 -1.99722
47876 -2 -1.99722
47877 -2 -1.99722
47878 -2 -1.99722
47879 -2 -1.99722
47880 -2 -1.99722
47881 -2 -1.99722
47882 -2 -1.99722
47883 -2 -1.99722
47884 -2 -1.99722
47885 -2 -1.99722
47886 -2 -1.99722
47887 -2 -1.99722
47888 -2 -1.99722
47889 -2 -1.99722
47890 -2 -1.99722
47891 -2 -1.99722
47892 -2 -1.99722
47893 -2 -1.99722
47894 -2 -1.99722
47895 -2 -1.99722
47896 -2 -1.99722
47897 -2 -1.99722
47898 -2 -1.99722
47899 -2 -1.99722
47900 -2 -1.99722
47901 -2 -1.99722
47902 -2 -1.99722
47903 -2 -1.99722
47904 -2 -1.99722
47905 -2 -1.99722
47906 -2 -1.99722
47907 -2 -1.99722
47908 -2 -1.99722
47909 -2 -1.99722
47910 -2 -1.99722
47911 -2 -1.99722
47912 -2 -1.99722
47913 -2 -1.99722
47914 -2 -1.99722
47915 -2 -1.99722
47916 -2 -1.99722
47917 -2 -1.99722
47918 -2 -1.99722
47919 -2 -1.99722
47920 -2 -1.99722
47921 -2 -1.99722
47922 -2 -1.99722
47923 -2 -1.99722
47924 -2 -1.99722
47925 -2 -1.99722
47926 -2 -1.99722
47927 -2 -1.99722
47928 -2 -1.99722
47929 -2 -1.99722
47930 -2 -1.99722
47931 -2 -1.99722
47932 -2 -1.99722
47933 -2 -1.99722
47934 -2 -1.99722
47935 -2 -1.99722
47936 -2 -1.99722
47937 -2 -1.99722
47938 -2 -1.99722
47939 -2 -1.99722
47940 -1.98 -1.99722
47941 -1.96 -1.99722
47942 -1.98 -1.99722
47943 -2 -1.99722
47944 -2 -1.99722
47945 -2 -1.99722
47946 -2 -1.99722
47947 -2 -1.99722
47948 -2 -1.99722
47949 -2 -1.99722
47950 -2 -1.99722
47951 -2 -1.99722
47952 -2 -1.99722
47953 -2 -1.99722
47954 -2 -1.99722
47955 -2 -1.99722
47956 -2 -1.99722
47957 -2 -1.99722
47958 -2 -1.99722
47959 -2 -1.99722
47960 -2 -1.99722
47961 -2 -1.99722
47962 -2 -1.99722
47963 -2 -1.99722
47964 -2 -1.99722
47965 -2 -1.99722
47966 -2 -1.99722
47967 -1.98 -1.99722
47968 -2 -1.99722
47969 -2 -1.99722
47970 -2 -1.99722
47971 -2 -1.99722
47972 -2 -1.99722
47973 -2 -1.99722
47974 -2 -1.99722
47975 -2 -1.99722
47976 -2 -1.99722
47977 -2 -1.99722
47978 -2 -1.99722
47979 -2 -1.99722
47980 -2 -1.99722
47981 -2 -1.99722
47982 -1.98 -1.99722
47983 -2 -1.99722
47984 -2 -1.99722
47985 -2 -1.99722
47986 -2 -1.99722
47987 -2 -1.99722
47988 -2 -1.99722
47989 -2 -1.99722
47990 -2 -1.99722
47991 -2 -1.99722
47992 -2 -1.99722
47993 -2 -1.99722
47994 -2 -1.99722
47995 -2 -1.99722
47996 -2 -1.99722
47997 -2 -1.99722
47998 -2 -1.99722
47999 -2 -1.99722
48000 -2 -1.99722
48001 -1.98 -1.99722
48002 -1.98 -1.99722
48003 -2 -1.99722
48004 -2 -1.99722
48005 -2 -1.99722
48006 -2 -1.99722
48007 -2 -1.99722
48008 -2 -1.99722
48009 -2 -1.99722
48010 -2 -1.99722
48011 -2 -1.99722
48012 -2 -1.99722
48013 -2 -1.99722
48014 -2 -1.99722
48015 -2 -1.99722
48016 -2 -1.99722
48017 -2 -1.99722
48018 -2 -1.99722
48019 -2 -1.99722
48020 -2 -1.99722
48021 -2 -1.99722
48022 -2 -1.99722
48023 -2 -1.99722
48024 -2 -1.99722
48025 -2 -1.99722
48026 -2 -1.99722
48027 -1.98 -1.99722
48028 -1.98 -1.99722
48029 -1.98 -1.99722
48030 -2 -1.99722
48031 -2 -1.99722
48032 -2 -1.99722
48033 -2 -1.99722
48034 -1.98 -1.99722
48035 -2 -1.99722
48036 -2 -1.99722
48037 -2 -1.99722
48038 -2 -1.99722
48039 -1.98 -1.99722
48040 -2 -1.99722
48041 -2 -1.99722
48042 -2 -1.99722
48043 -2 -1.99722
48044 -2 -1.99722
48045 -2 -1.99722
48046 -2 -1.99722
48047 -2 -1.99722
48048 -2 -1.99722
48049 -2 -1.99722
48050 -2 -1.99722
48051 -2 -1.99722
48052 -2 -1.99722
48053 -2 -1.99722
48054 -2 -1.99722
48055 -2 -1.99722
48056 -2 -1.99722
48057 -2 -1.99722
48058 -2 -1.99722
48059 -2 -1.99722
48060 -2 -1.99722
48061 -2 -1.99722
48062 -2 -1.99722
48063 -2 -1.99722
48064 -2 -1.99722
48065 -2 -1.99722
48066 -2 -1.99722
48067 -2 -1.99722
48068 -2 -1.99722
48069 -2 -1.99722
48070 -2 -1.99722
48071 -2 -1.99722
48072 -2 -1.99722
48073 -2 -1.99722
48074 -2 -1.99722
48075 -2 -1.99722
48076 -2 -1.99722
48077 -2 -1.99722
48078 -2 -1.99722
48079 -2 -1.99722
48080 -2 -1.99722
48081 -2 -1.99722
48082 -2 -1.99722
48083 -2 -1.99722
48084 -2 -1.99722
48085 -2 -1.99722
48086 -2 -1.99722
48087 -2 -1.99722
48088 -2 -1.99722
48089 -2 -1.99722
48090 -2 -1.99722
48091 -2 -1.99722
48092 -2 -1.99722
48093 -2 -1.99722
48094 -2 -1.99722
48095 -2 -1.99722
48096 -2 -1.99722
48097 -1.98 -1.99722
48098 -2 -1.99722
48099 -2 -1.99722
48100 -2 -1.99722
48101 -2 -1.99722
48102 -2 -1.99722
48103 -2 -1.99722
48104 -2 -1.99722
48105 -1.98 -1.99722
48106 -2 -1.99722
48107 -2 -1.99722
48108 -2 -1.99722
48109 -2 -1.99722
48110 -2 -1.99722
48111 -2 -1.99722
48112 -2 -1.99722
48113 -2 -1.99722
48114 -2 -1.99722
48115 -2 -1.99722
48116 -2 -1.99722
48117 -2 -1.99722
48118 -2 -1.99722
48119 -2 -1.99722
48120 -2 -1.99722
48121 -2 -1.99722
48122 -2 -1.99722
48123 -1.98 -1.99722
48124 -2 -1.99722
48125 -2 -1.99722
48126 -2 -1.99722
48127 -2 -1.99722
48128 -2 -1.99722
48129 -2 -1.99722
48130 -2 -1.99722
48131 -2 -1.99722
48132 -2 -1.99722
48133 -2 -1.99723
48134 -2 -1.99723
48135 -2 -1.99723
48136 -2 -1.99723
48137 -2 -1.99723
48138 -2 -1.99723
48139 -2 -1.99723
48140 -2 -1.99723
48141 -2 -1.99723
48142 -2 -1.99723
48143 -1.98 -1.99723
48144 -1.97 -1.99722
48145 -1.97 -1.99722
48146 -1.98 -1.99722
48147 -1.98 -1.99722
48148 -2 -1.99722
48149 -2 -1.99722
48150 -2 -1.99722
48151 -2 -1.99722
48152 -2 -1.99722
48153 -2 -1.99722
48154 -2 -1.99722
48155 -2 -1.99722
48156 -2 -1.99722
48157 -2 -1.99722
48158 -2 -1.99722
48159 -2 -1.99722
48160 -2 -1.99722
48161 -2 -1.99722
48162 -2 -1.99722
48163 -2 -1.99722
48164 -2 -1.99722
48165 -2 -1.99722
48166 -2 -1.99722
48167 -2 -1.99722
48168 -2 -1.99722
48169 -2 -1.99722
48170 -2 -1.99722
48171 -1.98 -1.99722
48172 -1.98 -1.99722
48173 -1.98 -1.99722
48174 -2 -1.99722
48175 -2 -1.99722
48176 -1.98 -1.99722
48177 -1.98 -1.99722
48178 -2 -1.99722
48179 -1.98 -1.99722
48180 -2 -1.99722
48181 -2 -1.99722
48182 -2 -1.99722
48183 -2 -1.99722
48184 -2 -1.99722
48185 -2 -1.99722
48186 -2 -1.99722
48187 -2 -1.99722
48188 -2 -1.99722
48189 -2 -1.99722
48190 -2 -1.99722
48191 -2 -1.99722
48192 -2 -1.99722
48193 -2 -1.99722
48194 -2 -1.99722
48195 -2 -1.99722
48196 -2 -1.99722
48197 -2 -1.99722
48198 -2 -1.99722
48199 -1.98 -1.99722
48200 -1.98 -1.99722
48201 -2 -1.99722
48202 -2 -1.99722
48203 -2 -1.99722
48204 -2 -1.99722
48205 -2 -1.99722
48206 -2 -1.99722
48207 -2 -1.99722
48208 -2 -1.99722
48209 -2 -1.99722
48210 -2 -1.99722
48211 -2 -1.99722
48212 -2 -1.99722
48213 -2 -1.99722
48214 -2 -1.99722
48215 -1.98 -1.99722
48216 -2 -1.99722
48217 -1.98 -1.99722
48218 -2 -1.99722
48219 -2 -1.99722
48220 -2 -1.99722
48221 -2 -1.99722
48222 -1.98 -1.99722
48223 -2 -1.99722
48224 -2 -1.99722
48225 -2 -1.99722
48226 -2 -1.99722
48227 -2 -1.99722
48228 -1.98 -1.99722
48229 -2 -1.99722
48230 -2 -1.99722
48231 -2 -1.99722
48232 -2 -1.99722
48233 -2 -1.99722
48234 -2 -1.99722
48235 -2 -1.99722
48236 -2 -1.99722
48237 -2 -1.99722
48238 -2 -1.99722
48239 -2 -1.99722
48240 -2 -1.99722
48241 -2 -1.99722
48242 -2 -1.99722
48243 -2 -1.99722
48244 -2 -1.99722
48245 -2 -1.99722
48246 -2 -1.99722
48247 -2 -1.99722
48248 -2 -1.99722
48249 -2 -1.99722
48250 -2 -1.99722
48251 -1.98 -1.99722
48252 -2 -1.99722
48253 -2 -1.99722
48254 -2 -1.99722
48255 -2 -1.99722
48256 -1.98 -1.99722
48257 -2 -1.99722
48258 -2 -1.99722
48259 -2 -1.99722
48260 -2 -1.99722
48261 -2 -1.99722
48262 -2 -1.99722
48263 -2 -1.99722
48264 -2 -1.99722
48265 -2 -1.99722
48266 -2 -1.99722
48267 -2 -1.99722
48268 -2 -1.99722
48269 -1.98 -1.99722
48270 -1.98 -1.99722
48271 -1.98 -1.99722
48272 -1.97 -1.99722
48273 -2 -1.99722
48274 -2 -1.99722
48275 -2 -1.99722
48276 -2 -1.99722
48277 -2 -1.99722
48278 -2 -1.99722
48279 -2 -1.99722
48280 -2 -1.99722
48281 -2 -1.99722
48282 -2 -1.99722
48283 -2 -1.99722
48284 -2 -1.99722
48285 -2 -1.99722
48286 -2 -1.99722
48287 -2 -1.99722
48288 -2 -1.99722
48289 -2 -1.99722
48290 -2 -1.99722
48291 -1.98 -1.99722
48292 -2 -1.99722
48293 -2 -1.99722
48294 -2 -1.99722
48295 -2 -1.99722
48296 -2 -1.99722
48297 -1.98 -1.99722
48298 -1.98 -1.99722
48299 -2 -1.99722
48300 -2 -1.99722
48301 -2 -1.99722
48302 -2 -1.99722
48303 -2 -1.99722
48304 -2 -1.99722
48305 -2 -1.99722
48306 -2 -1.99722
48307 -2 -1.99722
48308 -2 -1.99722
48309 -2 -1.99722
48310 -2 -1.99722
48311 -2 -1.99722
48312 -2 -1.99722
48313 -2 -1.99722
48314 -2 -1.99722
48315 -2 -1.99722
48316 -2 -1.99722
48317 -2 -1.99722
48318 -2 -1.99722
48319 -2 -1.99722
48320 -2 -1.99722
48321 -2 -1.99722
48322 -1.98 -1.99722
48323 -1.96 -1.99722
48324 -1.98 -1.99722
48325 -2 -1.99722
48326 -2 -1.99722
48327 -2 -1.99722
48328 -1.98 -1.99722
48329 -2 -1.99722
48330 -2 -1.99722
48331 -2 -1.99722
48332 -1.98 -1.99722
48333 -1.98 -1.99722
48334 -1.98 -1.99722
48335 -2 -1.99722
48336 -2 -1.99722
48337 -2 -1.99722
48338 -1.98 -1.99722
48339 -1.98 -1.99722
48340 -2 -1.99722
48341 -2 -1.99722
48342 -2 -1.99722
48343 -2 -1.99722
48344 -2 -1.99722
48345 -2 -1.99722
48346 -2 -1.99722
48347 -2 -1.99722
48348 -1.98 -1.99722
48349 -1.98 -1.99722
48350 -1.98 -1.99722
48351 -2 -1.99722
48352 -2 -1.99722
48353 -2 -1.99722
48354 -2 -1.99722
48355 -2 -1.99722
48356 -2 -1.99722
48357 -2 -1.99722
48358 -2 -1.99722
48359 -2 -1.99722
48360 -2 -1.99722
48361 -2 -1.99722
48362 -2 -1.99722
48363 -2 -1.99722
48364 -2 -1.99722
48365 -2 -1.99722
48366 -2 -1.99722
48367 -2 -1.99722
48368 -2 -1.99722
48369 -2 -1.99722
48370 -2 -1.99722
48371 -2 -1.99722
48372 -2 -1.99722
48373 -2 -1.99722
48374 -2 -1.99722
48375 -2 -1.99722
48376 -2 -1.99722
48377 -2 -1.99722
48378 -2 -1.99722
48379 -1.98 -1.99722
48380 -1.98 -1.99722
48381 -1.98 -1.99722
48382 -2 -1.99722
48383 -2 -1.99722
48384 -2 -1.99722
48385 -2 -1.99722
48386 -2 -1.99722
48387 -2 -1.99722
48388 -2 -1.99722
48389 -2 -1.99722
48390 -1.98 -1.99722
48391 -2 -1.99722
48392 -2 -1.99722
48393 -2 -1.99722
48394 -1.98 -1.99722
48395 -2 -1.99722
48396 -2 -1.99722
48397 -2 -1.99722
48398 -2 -1.99722
48399 -2 -1.99722
48400 -2 -1.99722
48401 -2 -1.99722
48402 -2 -1.99722
48403 -2 -1.99722
48404 -2 -1.99722
48405 -2 -1.99722
48406 -2 -1.99722
48407 -2 -1.99722
48408 -2 -1.99722
48409 -2 -1.99722
48410 -2 -1.99722
48411 -2 -1.99722
48412 -2 -1.99722
48413 -2 -1.99722
48414 -2 -1.99722
48415 -1.98 -1.99722
48416 -2 -1.99722
48417 -2 -1.99722
48418 -2 -1.99722
48419 -2 -1.99722
48420 -1.98 -1.99722
48421 -2 -1.99722
48422 -2 -1.99722
48423 -2 -1.99722
48424 -2 -1.99722
48425 -2 -1.99722
48426 -2 -1.99722
48427 -2 -1.99722
48428 -2 -1.99722
48429 -2 -1.99722
48430 -2 -1.99722
48431 -2 -1.99722
48432 -2 -1.99722
48433 -2 -1.99722
48434 -2 -1.99722
48435 -2 -1.99722
48436 -1.96 -1.99722
48437 -1.98 -1.99722
48438 -2 -1.99722
48439 -2 -1.99722
48440 -2 -1.99722
48441 -2 -1.99722
48442 -2 -1.99722
48443 -2 -1.99722
48444 -2 -1.99722
48445 -2 -1.99722
48446 -2 -1.99722
48447 -2 -1.99722
48448 -2 -1.99722
48449 -2 -1.99722
48450 -2 -1.99722
48451 -2 -1.99722
48452 -2 -1.99722
48453 -2 -1.99722
48454 -2 -1.99722
48455 -2 -1.99722
48456 -2 -1.99722
48457 -2 -1.99722
48458 -2 -1.99722
48459 -2 -1.99722
48460 -2 -1.99722
48461 -2 -1.99722
48462 -2 -1.99722
48463 -2 -1.99722
48464 -2 -1.99722
48465 -2 -1.99722
48466 -1.98 -1.99722
48467 -2 -1.99722
48468 -2 -1.99722
48469 -2 -1.99722
48470 -2 -1.99722
48471 -2 -1.99722
48472 -2 -1.99722
48473 -2 -1.99722
48474 -2 -1.99722
48475 -2 -1.99722
48476 -2 -1.99722
48477 -2 -1.99722
48478 -2 -1.99722
48479 -2 -1.99722
48480 -1.98 -1.99722
48481 -2 -1.99722
48482 -2 -1.99722
48483 -2 -1.99722
48484 -2 -1.99722
48485 -2 -1.99722
48486 -2 -1.99722
48487 -2 -1.99722
48488 -2 -1.99722
48489 -2 -1.99722
48490 -1.98 -1.99722
48491 -1.98 -1.99722
48492 -1.98 -1.99722
48493 -1.98 -1.99722
48494 -2 -1.99722
48495 -2 -1.99722
48496 -2 -1.99722
48497 -2 -1.99722
48498 -2 -1.99722
48499 -2 -1.99722
48500 -2 -1.99722
48501 -2 -1.99722
48502 -1.98 -1.99722
48503 -2 -1.99722
48504 -2 -1.99722
48505 -2 -1.99722
48506 -2 -1.99722
48507 -2 -1.99722
48508 -2 -1.99722
48509 -2 -1.99722
48510 -2 -1.99722
48511 -2 -1.99722
48512 -2 -1.99722
48513 -1.98 -1.99722
48514 -1.98 -1.99722
48515 -1.96 -1.99722
48516 -1.98 -1.99722
48517 -1.98 -1.99722
48518 -1.98 -1.99722
48519 -2 -1.99722
48520 -2 -1.99722
48521 -2 -1.99722
48522 -2 -1.99722
48523 -2 -1.99722
48524 -2 -1.99722
48525 -1.98 -1.99722
48526 -1.98 -1.99722
48527 -2 -1.99722
48528 -2 -1.99722
48529 -1.98 -1.99722
48530 -1.98 -1.99722
48531 -2 -1.99722
48532 -2 -1.99722
48533 -2 -1.99722
48534 -2 -1.99722
48535 -2 -1.99722
48536 -2 -1.99722
48537 -2 -1.99722
48538 -2 -1.99722
48539 -2 -1.99722
48540 -2 -1.99722
48541 -2 -1.99722
48542 -2 -1.99722
48543 -2 -1.99722
48544 -2 -1.99722
48545 -2 -1.99722
48546 -2 -1.99722
48547 -2 -1.99722
48548 -2 -1.99722
48549 -2 -1.99722
48550 -2 -1.99722
48551 -2 -1.99722
48552 -2 -1.99722
48553 -2 -1.99722
48554 -2 -1.99722
48555 -2 -1.99722
48556 -2 -1.99722
48557 -2 -1.99722
48558 -2 -1.99722
48559 -2 -1.99722
48560 -2 -1.99722
48561 -2 -1.99722
48562 -1.98 -1.99722
48563 -2 -1.99722
48564 -2 -1.99722
48565 -2 -1.99722
48566 -2 -1.99722
48567 -2 -1.99722
48568 -2 -1.99722
48569 -2 -1.99722
48570 -2 -1.99722
48571 -2 -1.99722
48572 -2 -1.99722
48573 -2 -1.99722
48574 -2 -1.99722
48575 -2 -1.99722
48576 -2 -1.99722
48577 -2 -1.99722
48578 -2 -1.99722
48579 -1.98 -1.99722
48580 -2 -1.99722
48581 -2 -1.99722
48582 -2 -1.99722
48583 -2 -1.99722
48584 -2 -1.99722
48585 -2 -1.99722
48586 -1.98 -1.99722
48587 -2 -1.99722
48588 -2 -1.99722
48589 -2 -1.99722
48590 -2 -1.99722
48591 -2 -1.99722
48592 -2 -1.99722
48593 -2 -1.99722
48594 -2 -1.99722
48595 -2 -1.99722
48596 -1.98 -1.99722
48597 -1.98 -1.99722
48598 -2 -1.99722
48599 -1.98 -1.99722
48600 -1.98 -1.99722
48601 -1.98 -1.99722
48602 -1.98 -1.99722
48603 -1.97 -1.99722
48604 -2 -1.99722
48605 -2 -1.99722
48606 -2 -1.99722
48607 -2 -1.99722
48608 -2 -1.99722
48609 -2 -1.99722
48610 -2 -1.99722
48611 -2 -1.99722
48612 -2 -1.99722
48613 -2 -1.99722
48614 -2 -1.99722
48615 -2 -1.99722
48616 -2 -1.99722
48617 -2 -1.99722
48618 -2 -1.99722
48619 -2 -1.99722
48620 -2 -1.99722
48621 -1.98 -1.99722
48622 -1.98 -1.99722
48623 -1.98 -1.99722
48624 -1.98 -1.99722
48625 -1.96 -1.99722
48626 -1.98 -1.99722
48627 -2 -1.99722
48628 -1.98 -1.99722
48629 -2 -1.99722
48630 -2 -1.99722
48631 -2 -1.99722
48632 -2 -1.99722
48633 -2 -1.99722
48634 -2 -1.99722
48635 -2 -1.99722
48636 -2 -1.99722
48637 -2 -1.99722
48638 -2 -1.99722
48639 -2 -1.99722
48640 -2 -1.99722
48641 -1.98 -1.99722
48642 -1.96 -1.99722
48643 -2 -1.99722
48644 -2 -1.99722
48645 -2 -1.99722
48646 -2 -1.99722
48647 -2 -1.99722
48648 -2 -1.99722
48649 -2 -1.99722
48650 -2 -1.99722
48651 -1.98 -1.99722
48652 -1.98 -1.99722
48653 -2 -1.99722
48654 -2 -1.99722
48655 -2 -1.99722
48656 -2 -1.99722
48657 -2 -1.99722
48658 -2 -1.99722
48659 -2 -1.99722
48660 -2 -1.99722
48661 -2 -1.99722
48662 -2 -1.99722
48663 -2 -1.99722
48664 -2 -1.99722
48665 -2 -1.99722
48666 -2 -1.99722
48667 -2 -1.99722
48668 -2 -1.99722
48669 -2 -1.99722
48670 -1.98 -1.99722
48671 -1.98 -1.99722
48672 -2 -1.99722
48673 -2 -1.99722
48674 -1.96 -1.99722
48675 -1.96 -1.99722
48676 -2 -1.99722
48677 -2 -1.99722
48678 -2 -1.99722
48679 -2 -1.99722
48680 -1.98 -1.99722
48681 -1.98 -1.99722
48682 -1.98 -1.99721
48683 -1.96 -1.99721
48684 -1.98 -1.99721
48685 -2 -1.99721
48686 -2 -1.99721
48687 -2 -1.99721
48688 -2 -1.99721
48689 -1.98 -1.99721
48690 -2 -1.99721
48691 -2 -1.99721
48692 -2 -1.99721
48693 -2 -1.99721
48694 -2 -1.99721
48695 -2 -1.99721
48696 -2 -1.99721
48697 -2 -1.99721
48698 -1.98 -1.99721
48699 -1.98 -1.99721
48700 -2 -1.99721
48701 -2 -1.99721
48702 -2 -1.99721
48703 -2 -1.99721
48704 -2 -1.99721
48705 -2 -1.99721
48706 -2 -1.99721
48707 -2 -1.99721
48708 -2 -1.99721
48709 -2 -1.99721
48710 -2 -1.99721
48711 -1.98 -1.99721
48712 -1.98 -1.99721
48713 -2 -1.99721
48714 -2 -1.99721
48715 -2 -1.99721
48716 -2 -1.99721
48717 -2 -1.99721
48718 -2 -1.99721
48719 -2 -1.99721
48720 -2 -1.99721
48721 -2 -1.99721
48722 -2 -1.99721
48723 -2 -1.99721
48724 -1.97 -1.99721
48725 -1.98 -1.99721
48726 -2 -1.99721
48727 -2 -1.99721
48728 -2 -1.99721
48729 -1.98 -1.99721
48730 -2 -1.99721
48731 -2 -1.99721
48732 -2 -1.99721
48733 -2 -1.99721
48734 -2 -1.99721
48735 -2 -1.99721
48736 -2 -1.99721
48737 -2 -1.99721
48738 -1.98 -1.99721
48739 -1.98 -1.99721
48740 -1.98 -1.99721
48741 -1.98 -1.99721
48742 -2 -1.99721
48743 -2 -1.99721
48744 -2 -1.99721
48745 -2 -1.99721
48746 -2 -1.99721
48747 -2 -1.99721
48748 -2 -1.99721
48749 -2 -1.99721
48750 -2 -1.99721
48751 -2 -1.99721
48752 -2 -1.99721
48753 -2 -1.99721
48754 -2 -1.99721
48755 -1.98 -1.99721
48756 -2 -1.99721
48757 -2 -1.99721
48758 -1.98 -1.99721
48759 -2 -1.99721
48760 -2 -1.99721
48761 -2 -1.99721
48762 -2 -1.99721
48763 -1.98 -1.99721
48764 -2 -1.99721
48765 -2 -1.99721
48766 -2 -1.99721
48767 -2 -1.99721
48768 -2 -1.99721
48769 -2 -1.99721
48770 -2 -1.99721
48771 -1.98 -1.99721
48772 -1.98 -1.99721
48773 -2 -1.99721
48774 -2 -1.99721
48775 -2 -1.99721
48776 -2 -1.99721
48777 -2 -1.99721
48778 -2 -1.99721
48779 -2 -1.99721
48780 -2 -1.99721
48781 -2 -1.99721
48782 -2 -1.99721
48783 -2 -1.99721
48784 -2 -1.99721
48785 -2 -1.99721
48786 -2 -1.99721
48787 -2 -1.99721
48788 -2 -1.99721
48789 -2 -1.99721
48790 -2 -1.99721
48791 -2 -1.99721
48792 -2 -1.99721
48793 -2 -1.99721
48794 -2 -1.99721
48795 -2 -1.99721
48796 -1.96 -1.99721
48797 -2 -1.99721
48798 -2 -1.99721
48799 -2 -1.99721
48800 -2 -1.99721
48801 -2 -1.99721
48802 -2 -1.99721
48803 -2 -1.99721
48804 -2 -1.99721
48805 -2 -1.99721
48806 -2 -1.99721
48807 -2 -1.99721
48808 -2 -1.99721
48809 -1.98 -1.99721
48810 -2 -1.99721
48811 -2 -1.99721
48812 -2 -1.99721
48813 -2 -1.99721
48814 -2 -1.99721
48815 -2 -1.99721
48816 -2 -1.99721
48817 -2 -1.99721
48818 -2 -1.99721
48819 -2 -1.99721
48820 -2 -1.99721
48821 -2 -1.99721
48822 -2 -1.99721
48823 -2 -1.99721
48824 -2 -1.99721
48825 -2 -1.99721
48826 -2 -1.99721
48827 -2 -1.99721
48828 -2 -1.99721
48829 -2 -1.99721
48830 -1.98 -1.99721
48831 -1.98 -1.99721
48832 -2 -1.99721
48833 -2 -1.99721
48834 -2 -1.99721
48835 -2 -1.99721
48836 -2 -1.99721
48837 -2 -1.99721
48838 -2 -1.99721
48839 -2 -1.99721
48840 -2 -1.99721
48841 -2 -1.99721
48842 -2 -1.99721
48843 -2 -1.99721
48844 -2 -1.99721
48845 -2 -1.99721
48846 -2 -1.99721
48847 -2 -1.99721
48848 -2 -1.99721
48849 -1.98 -1.99721
48850 -1.98 -1.99721
48851 -2 -1.99721
48852 -2 -1.99721
48853 -1.98 -1.99721
48854 -2 -1.99721
48855 -2 -1.99721
48856 -2 -1.99721
48857 -2 -1.99721
48858 -2 -1.99721
48859 -2 -1.99721
48860 -2 -1.99721
48861 -2 -1.99721
48862 -2 -1.99721
48863 -2 -1.99721
48864 -2 -1.99721
48865 -1.98 -1.99721
48866 -2 -1.99721
48867 -2 -1.99721
48868 -2 -1.99721
48869 -2 -1.99721
48870 -2 -1.99721
48871 -2 -1.99721
48872 -2 -1.99721
48873 -2 -1.99721
48874 -2 -1.99721
48875 -2 -1.99721
48876 -2 -1.99721
48877 -2 -1.99721
48878 -2 -1.99721
48879 -2 -1.99721
48880 -2 -1.99721
48881 -2 -1.99721
48882 -2 -1.99721
48883 -2 -1.99721
48884 -2 -1.99721
48885 -2 -1.99721
48886 -2 -1.99721
48887 -2 -1.99721
48888 -2 -1.99721
48889 -2 -1.99721
48890 -2 -1.99721
48891 -1.98 -1.99721
48892 -2 -1.99721
48893 -2 -1.99721
48894 -2 -1.99721
48895 -2 -1.99721
48896 -2 -1.99721
48897 -2 -1.99721
48898 -2 -1.99721
48899 -2 -1.99721
48900 -2 -1.99721
48901 -2 -1.99721
48902 -2 -1.99721
48903 -2 -1.99721
48904 -2 -1.99722
48905 -1.96 -1.99721
48906 -1.98 -1.99721
48907 -2 -1.99721
48908 -2 -1.99721
48909 -2 -1.99721
48910 -2 -1.99721
48911 -2 -1.99721
48912 -2 -1.99721
48913 -2 -1.99721
48914 -2 -1.99721
48915 -2 -1.99721
48916 -2 -1.99721
48917 -2 -1.99721
48918 -2 -1.99721
48919 -2 -1.99721
48920 -2 -1.99721
48921 -2 -1.99721
48922 -2 -1.99721
48923 -2 -1.99721
48924 -2 -1.99721
48925 -2 -1.99721
48926 -1.98 -1.99721
48927 -2 -1.99721
48928 -2 -1.99721
48929 -2 -1.99721
48930 -2 -1.99721
48931 -2 -1.99721
48932 -2 -1.99721
48933 -1.98 -1.99721
48934 -1.96 -1.99721
48935 -2 -1.99721
48936 -2 -1.99721
48937 -2 -1.99721
48938 -2 -1.99721
48939 -2 -1.99721
48940 -2 -1.99721
48941 -2 -1.99721
48942 -2 -1.99721
48943 -2 -1.99721
48944 -1.98 -1.99721
48945 -1.98 -1.99721
48946 -2 -1.99721
48947 -2 -1.99721
48948 -2 -1.99721
48949 -2 -1.99721
48950 -2 -1.99721
48951 -1.98 -1.99721
48952 -2 -1.99721
48953 -2 -1.99721
48954 -2 -1.99721
48955 -2 -1.99721
48956 -2 -1.99721
48957 -2 -1.99721
48958 -2 -1.99721
48959 -2 -1.99721
48960 -2 -1.99721
48961 -2 -1.99721
48962 -2 -1.99721
48963 -2 -1.99721
48964 -2 -1.99721
48965 -2 -1.99721
48966 -2 -1.99721
48967 -2 -1.99721
48968 -2 -1.99721
48969 -2 -1.99721
48970 -2 -1.99721
48971 -2 -1.99721
48972 -2 -1.99721
48973 -1.98 -1.99721
48974 -1.98 -1.99721
48975 -1.98 -1.99721
48976 -2 -1.99721
48977 -2 -1.99721
48978 -2 -1.99721
48979 -2 -1.99721
48980 -2 -1.99721
48981 -2 -1.99721
48982 -2 -1.99721
48983 -2 -1.99721
48984 -2 -1.99721
48985 -2 -1.99721
48986 -2 -1.99721
48987 -2 -1.99721
48988 -2 -1.99721
48989 -2 -1.99721
48990 -2 -1.99721
48991 -2 -1.99721
48992 -2 -1.99721
48993 -1.98 -1.99721
48994 -1.96 -1.99721
48995 -1.96 -1.99721
48996 -1.98 -1.99721
48997 -2 -1.99721
48998 -2 -1.99721
48999 -2 -1.99721
49000 -2 -1.99721
49001 -2 -1.99721
49002 -2 -1.99721
49003 -2 -1.99721
49004 -2 -1.99721
49005 -2 -1.99721
49006 -2 -1.99721
49007 -2 -1.99721
49008 -2 -1.99721
49009 -1.98 -1.99721
49010 -2 -1.99721
49011 -2 -1.99721
49012 -2 -1.99721
49013 -2 -1.99721
49014 -2 -1.99721
49015 -2 -1.99721
49016 -2 -1.99721
49017 -2 -1.99721
49018 -2 -1.99721
49019 -2 -1.99721
49020 -2 -1.99721
49021 -2 -1.99721
49022 -2 -1.99721
49023 -2 -1.99721
49024 -2 -1.99721
49025 -2 -1.99721
49026 -2 -1.99721
49027 -1.98 -1.99721
49028 -2 -1.99721
49029 -2 -1.99721
49030 -2 -1.99721
49031 -2 -1.99721
49032 -2 -1.99721
49033 -2 -1.99721
49034 -2 -1.99721
49035 -2 -1.99721
49036 -2 -1.99721
49037 -2 -1.99721
49038 -2 -1.99721
49039 -2 -1.99721
49040 -2 -1.99721
49041 -1.98 -1.99721
49042 -1.98 -1.99721
49043 -2 -1.99721
49044 -2 -1.99721
49045 -2 -1.99721
49046 -2 -1.99721
49047 -2 -1.99721
49048 -2 -1.99721
49049 -2 -1.99721
49050 -2 -1.99721
49051 -2 -1.99721
49052 -2 -1.99721
49053 -2 -1.99721
49054 -2 -1.99721
49055 -2 -1.99721
49056 -2 -1.99721
49057 -2 -1.99721
49058 -2 -1.99721
49059 -2 -1.99721
49060 -2 -1.99721
49061 -2 -1.99721
49062 -1.98 -1.99721
49063 -2 -1.99721
49064 -1.98 -1.99721
49065 -2 -1.99721
49066 -2 -1.99721
49067 -2 -1.99721
49068 -2 -1.99721
49069 -2 -1.99721
49070 -2 -1.99721
49071 -2 -1.99721
49072 -2 -1.99721
49073 -2 -1.99721
49074 -2 -1.99721
49075 -2 -1.99721
49076 -2 -1.99721
49077 -2 -1.99721
49078 -2 -1.99721
49079 -2 -1.99721
49080 -2 -1.99721
49081 -2 -1.99721
49082 -2 -1.99721
49083 -1.98 -1.99721
49084 -1.98 -1.99721
49085 -1.98 -1.99721
49086 -1.98 -1.99721
49087 -2 -1.99721
49088 -2 -1.99721
49089 -2 -1.99721
49090 -2 -1.99721
49091 -2 -1.99721
49092 -2 -1.99721
49093 -2 -1.99721
49094 -2 -1.99721
49095 -2 -1.99721
49096 -2 -1.99721
49097 -2 -1.99721
49098 -2 -1.99721
49099 -2 -1.99721
49100 -2 -1.99721
49101 -2 -1.99721
49102 -2 -1.99721
49103 -2 -1.99721
49104 -2 -1.99721
49105 -2 -1.99721
49106 -2 -1.99721
49107 -2 -1.99721
49108 -2 -1.99721
49109 -2 -1.99721
49110 -2 -1.99721
49111 -2 -1.99721
49112 -2 -1.99721
49113 -2 -1.99722
49114 -2 -1.99722
49115 -2 -1.99722
49116 -2 -1.99722
49117 -2 -1.99722
49118 -2 -1.99722
49119 -1.98 -1.99721
49120 -2 -1.99722
49121 -1.98 -1.99721
49122 -1.97 -1.99721
49123 -1.97 -1.99721
49124 -2 -1.99721
49125 -2 -1.99721
49126 -2 -1.99721
49127 -1.98 -1.99721
49128 -2 -1.99721
49129 -2 -1.99721
49130 -2 -1.99721
49131 -2 -1.99721
49132 -2 -1.99721
49133 -1.98 -1.99721
49134 -2 -1.99721
49135 -2 -1.99721
49136 -1.98 -1.99721
49137 -2 -1.99721
49138 -2 -1.99721
49139 -2 -1.99721
49140 -2 -1.99721
49141 -2 -1.99721
49142 -2 -1.99721
49143 -2 -1.99721
49144 -2 -1.99721
49145 -2 -1.99721
49146 -2 -1.99721
49147 -2 -1.99721
49148 -2 -1.99721
49149 -2 -1.99721
49150 -2 -1.99721
49151 -2 -1.99721
49152 -2 -1.99721
49153 -2 -1.99721
49154 -2 -1.99721
49155 -2 -1.99721
49156 -2 -1.99721
49157 -2 -1.99721
49158 -2 -1.99721
49159 -2 -1.99721
49160 -2 -1.99721
49161 -2 -1.99721
49162 -2 -1.99721
49163 -2 -1.99721
49164 -1.98 -1.99721
49165 -2 -1.99721
49166 -2 -1.99721
49167 -2 -1.99721
49168 -2 -1.99721
49169 -2 -1.99721
49170 -2 -1.99721
49171 -2 -1.99721
49172 -1.98 -1.99721
49173 -2 -1.99721
49174 -2 -1.99721
49175 -2 -1.99721
49176 -2 -1.99721
49177 -2 -1.99721
49178 -2 -1.99721
49179 -2 -1.99721
49180 -1.98 -1.99721
49181 -2 -1.99721
49182 -2 -1.99721
49183 -2 -1.99721
49184 -2 -1.99721
49185 -2 -1.99721
49186 -2 -1.99721
49187 -2 -1.99721
49188 -2 -1.99721
49189 -2 -1.99721
49190 -2 -1.99721
49191 -2 -1.99721
49192 -2 -1.99722
49193 -2 -1.99722
49194 -2 -1.99722
49195 -2 -1.99722
49196 -2 -1.99722
49197 -2 -1.99722
49198 -1.98 -1.99721
49199 -1.98 -1.99721
49200 -1.98 -1.99721
49201 -1.98 -1.99721
49202 -2 -1.99721
49203 -1.98 -1.99721
49204 -2 -1.99721
49205 -2 -1.99721
49206 -2 -1.99721
49207 -2 -1.99721
49208 -2 -1.99721
49209 -2 -1.99721
49210 -2 -1.99721
49211 -2 -1.99721
49212 -2 -1.99721
49213 -2 -1.99721
49214 -2 -1.99721
49215 -2 -1.99721
49216 -2 -1.99721
49217 -2 -1.99721
49218 -2 -1.99721
49219 -2 -1.99721
49220 -2 -1.99721
49221 -2 -1.99721
49222 -2 -1.99721
49223 -2 -1.99721
49224 -2 -1.99721
49225 -2 -1.99721
49226 -2 -1.99721
49227 -2 -1.99721
49228 -2 -1.99722
49229 -2 -1.99722
49230 -2 -1.99722
49231 -1.98 -1.99721
49232 -1.98 -1.99721
49233 -2 -1.99721
49234 -1.98 -1.99721
49235 -2 -1.99721
49236 -2 -1.99721
49237 -2 -1.99721
49238 -2 -1.99721
49239 -2 -1.99721
49240 -2 -1.99721
49241 -2 -1.99721
49242 -2 -1.99721
49243 -2 -1.99721
49244 -2 -1.99721
49245 -2 -1.99721
49246 -2 -1.99721
49247 -2 -1.99721
49248 -2 -1.99721
49249 -2 -1.99722
49250 -2 -1.99722
49251 -2 -1.99722
49252 -2 -1.99722
49253 -2 -1.99722
49254 -2 -1.99722
49255 -2 -1.99722
49256 -2 -1.99722
49257 -2 -1.99722
49258 -1.98 -1.99722
49259 -1.95 -1.99721
49260 -2 -1.99721
49261 -2 -1.99721
49262 -2 -1.99721
49263 -2 -1.99721
49264 -2 -1.99721
49265 -2 -1.99721
49266 -2 -1.99721
49267 -2 -1.99721
49268 -2 -1.99721
49269 -2 -1.99721
49270 -2 -1.99721
49271 -2 -1.99721
49272 -1.98 -1.99721
49273 -2 -1.99721
49274 -2 -1.99721
49275 -2 -1.99721
49276 -1.98 -1.99721
49277 -2 -1.99721
49278 -2 -1.99721
49279 -2 -1.99721
49280 -2 -1.99721
49281 -2 -1.99721
49282 -2 -1.99721
49283 -2 -1.99721
49284 -2 -1.99721
49285 -2 -1.99721
49286 -2 -1.99721
49287 -2 -1.99721
49288 -2 -1.99721
49289 -2 -1.99722
49290 -2 -1.99722
49291 -2 -1.99722
49292 -2 -1.99722
49293 -2 -1.99722
49294 -2 -1.99722
49295 -2 -1.99722
49296 -2 -1.99722
49297 -2 -1.99722
49298 -2 -1.99722
49299 -2 -1.99722
49300 -2 -1.99722
49301 -2 -1.99722
49302 -2 -1.99722
49303 -2 -1.99722
49304 -2 -1.99722
49305 -1.97 -1.99722
49306 -2 -1.99722
49307 -2 -1.99722
49308 -2 -1.99722
49309 -2 -1.99722
49310 -2 -1.99722
49311 -2 -1.99722
49312 -2 -1.99722
49313 -2 -1.99722
49314 -2 -1.99722
49315 -1.98 -1.99722
49316 -2 -1.99722
49317 -2 -1.99722
49318 -2 -1.99722
49319 -2 -1.99722
49320 -2 -1.99722
49321 -2 -1.99722
49322 -2 -1.99722
49323 -2 -1.99722
49324 -2 -1.99722
49325 -1.98 -1.99722
49326 -1.98 -1.99722
49327 -2 -1.99722
49328 -2 -1.99722
49329 -2 -1.99722
49330 -2 -1.99722
49331 -2 -1.99722
49332 -2 -1.99722
49333 -2 -1.99722
49334 -2 -1.99722
49335 -2 -1.99722
49336 -2 -1.99722
49337 -2 -1.99722
49338 -2 -1.99722
49339 -2 -1.99722
49340 -2 -1.99722
49341 -2 -1.99722
49342 -2 -1.99722
49343 -2 -1.99722
49344 -2 -1.99722
49345 -2 -1.99722
49346 -2 -1.99722
49347 -2 -1.99722
49348 -2 -1.99722
49349 -2 -1.99722
49350 -2 -1.99722
49351 -2 -1.99722
49352 -2 -1.99722
49353 -2 -1.99722
49354 -2 -1.99722
49355 -2 -1.99722
49356 -2 -1.99722
49357 -2 -1.99722
49358 -1.98 -1.99722
49359 -2 -1.99722
49360 -2 -1.99722
49361 -2 -1.99722
49362 -2 -1.99722
49363 -2 -1.99722
49364 -2 -1.99722
49365 -2 -1.99722
49366 -2 -1.99722
49367 -2 -1.99722
49368 -2 -1.99722
49369 -2 -1.99722
49370 -2 -1.99722
49371 -2 -1.99722
49372 -2 -1.99722
49373 -2 -1.99722
49374 -2 -1.99722
49375 -2 -1.99722
49376 -2 -1.99722
49377 -2 -1.99722
49378 -2 -1.99722
49379 -2 -1.99722
49380 -2 -1.99722
49381 -1.98 -1.99722
49382 -2 -1.99722
49383 -1.98 -1.99722
49384 -2 -1.99722
49385 -1.98 -1.99722
49386 -2 -1.99722
49387 -2 -1.99722
49388 -2 -1.99722
49389 -2 -1.99722
49390 -2 -1.99722
49391 -2 -1.99722
49392 -2 -1.99722
49393 -2 -1.99722
49394 -2 -1.99722
49395 -2 -1.99722
49396 -2 -1.99722
49397 -2 -1.99722
49398 -2 -1.99722
49399 -2 -1.99722
49400 -2 -1.99722
49401 -2 -1.99722
49402 -2 -1.99722
49403 -2 -1.99722
49404 -2 -1.99722
49405 -2 -1.99722
49406 -2 -1.99722
49407 -2 -1.99722
49408 -2 -1.99722
49409 -2 -1.99722
49410 -2 -1.99722
49411 -2 -1.99722
49412 -2 -1.99722
49413 -1.98 -1.99722
49414 -2 -1.99722
49415 -2 -1.99722
49416 -2 -1.99722
49417 -2 -1.99722
49418 -2 -1.99722
49419 -2 -1.99722
49420 -2 -1.99722
49421 -2 -1.99722
49422 -2 -1.99722
49423 -2 -1.99722
49424 -2 -1.99722
49425 -2 -1.99722
49426 -2 -1.99722
49427 -2 -1.99722
49428 -2 -1.99722
49429 -2 -1.99722
49430 -2 -1.99722
49431 -1.96 -1.99722
49432 -1.96 -1.99722
49433 -2 -1.99722
49434 -2 -1.99722
49435 -2 -1.99722
49436 -2 -1.99722
49437 -2 -1.99722
49438 -1.98 -1.99722
49439 -2 -1.99722
49440 -2 -1.99722
49441 -2 -1.99722
49442 -2 -1.99722
49443 -2 -1.99722
49444 -2 -1.99722
49445 -2 -1.99722
49446 -2 -1.99722
49447 -2 -1.99722
49448 -2 -1.99722
49449 -2 -1.99722
49450 -2 -1.99722
49451 -2 -1.99722
49452 -2 -1.99722
49453 -2 -1.99722
49454 -2 -1.99722
49455 -2 -1.99722
49456 -2 -1.99722
49457 -2 -1.99722
49458 -2 -1.99722
49459 -2 -1.99722
49460 -2 -1.99722
49461 -2 -1.99722
49462 -2 -1.99722
49463 -2 -1.99722
49464 -2 -1.99722
49465 -2 -1.99722
49466 -2 -1.99722
49467 -2 -1.99722
49468 -2 -1.99722
49469 -2 -1.99722
49470 -2 -1.99722
49471 -2 -1.99722
49472 -2 -1.99722
49473 -2 -1.99722
49474 -2 -1.99722
49475 -2 -1.99722
49476 -2 -1.99722
49477 -2 -1.99722
49478 -2 -1.99722
49479 -2 -1.99722
49480 -2 -1.99722
49481 -2 -1.99722
49482 -2 -1.99722
49483 -2 -1.99722
49484 -2 -1.99722
49485 -2 -1.99722
49486 -2 -1.99722
49487 -2 -1.99722
49488 -2 -1.99722
49489 -2 -1.99722
49490 -2 -1.99722
49491 -2 -1.99722
49492 -2 -1.99722
49493 -2 -1.99722
49494 -2 -1.99722
49495 -2 -1.99722
49496 -2 -1.99722
49497 -2 -1.99722
49498 -2 -1.99722
49499 -2 -1.99722
49500 -2 -1.99722
49501 -2 -1.99722
49502 -2 -1.99722
49503 -2 -1.99722
49504 -2 -1.99722
49505 -2 -1.99722
49506 -2 -1.99722
49507 -2 -1.99722
49508 -2 -1.99722
49509 -2 -1.99722
49510 -2 -1.99722
49511 -2 -1.99722
49512 -2 -1.99722
49513 -2 -1.99722
49514 -2 -1.99722
49515 -2 -1.99722
49516 -2 -1.99722
49517 -2 -1.99722
49518 -1.98 -1.99722
49519 -1.98 -1.99722
49520 -2 -1.99722
49521 -1.98 -1.99722
49522 -1.98 -1.99722
49523 -2 -1.99722
49524 -2 -1.99722
49525 -2 -1.99722
49526 -2 -1.99722
49527 -2 -1.99722
49528 -2 -1.99722
49529 -2 -1.99722
49530 -2 -1.99722
49531 -2 -1.99722
49532 -2 -1.99722
49533 -2 -1.99722
49534 -2 -1.99722
49535 -2 -1.99722
49536 -2 -1.99722
49537 -1.98 -1.99722
49538 -1.98 -1.99722
49539 -1.98 -1.99722
49540 -2 -1.99722
49541 -2 -1.99722
49542 -2 -1.99722
49543 -2 -1.99722
49544 -2 -1.99722
49545 -2 -1.99722
49546 -2 -1.99722
49547 -1.98 -1.99722
49548 -1.98 -1.99722
49549 -1.96 -1.99722
49550 -1.94 -1.99722
49551 -1.96 -1.99722
49552 -1.98 -1.99722
49553 -1.98 -1.99722
49554 -2 -1.99722
49555 -2 -1.99722
49556 -2 -1.99722
49557 -2 -1.99722
49558 -2 -1.99722
49559 -2 -1.99722
49560 -2 -1.99722
49561 -2 -1.99722
49562 -2 -1.99722
49563 -2 -1.99722
49564 -2 -1.99722
49565 -2 -1.99722
49566 -2 -1.99722
49567 -2 -1.99722
49568 -2 -1.99722
49569 -2 -1.99722
49570 -2 -1.99722
49571 -1.98 -1.99722
49572 -2 -1.99722
49573 -2 -1.99722
49574 -2 -1.99722
49575 -2 -1.99722
49576 -2 -1.99722
49577 -2 -1.99722
49578 -2 -1.99722
49579 -2 -1.99722
49580 -2 -1.99722
49581 -2 -1.99722
49582 -2 -1.99722
49583 -2 -1.99722
49584 -1.98 -1.99722
49585 -1.98 -1.99722
49586 -2 -1.99722
49587 -2 -1.99722
49588 -2 -1.99722
49589 -2 -1.99722
49590 -2 -1.99722
49591 -2 -1.99722
49592 -2 -1.99722
49593 -2 -1.99722
49594 -1.98 -1.99722
49595 -2 -1.99722
49596 -2 -1.99722
49597 -2 -1.99722
49598 -2 -1.99722
49599 -2 -1.99722
49600 -2 -1.99722
49601 -2 -1.99722
49602 -1.98 -1.99722
49603 -2 -1.99722
49604 -2 -1.99722
49605 -2 -1.99722
49606 -2 -1.99722
49607 -2 -1.99722
49608 -2 -1.99722
49609 -2 -1.99722
49610 -2 -1.99722
49611 -1.96 -1.99722
49612 -2 -1.99722
49613 -2 -1.99722
49614 -2 -1.99722
49615 -2 -1.99722
49616 -2 -1.99722
49617 -2 -1.99722
49618 -2 -1.99722
49619 -2 -1.99722
49620 -2 -1.99722
49621 -2 -1.99722
49622 -2 -1.99722
49623 -2 -1.99722
49624 -2 -1.99722
49625 -1.98 -1.99722
49626 -2 -1.99722
49627 -2 -1.99722
49628 -2 -1.99722
49629 -2 -1.99722
49630 -2 -1.99722
49631 -2 -1.99722
49632 -2 -1.99722
49633 -2 -1.99722
49634 -2 -1.99722
49635 -2 -1.99722
49636 -2 -1.99722
49637 -2 -1.99722
49638 -2 -1.99722
49639 -2 -1.99722
49640 -2 -1.99722
49641 -2 -1.99722
49642 -2 -1.99722
49643 -1.98 -1.99722
49644 -2 -1.99722
49645 -2 -1.99722
49646 -2 -1.99722
49647 -2 -1.99722
49648 -2 -1.99722
49649 -2 -1.99722
49650 -2 -1.99722
49651 -1.98 -1.99722
49652 -1.98 -1.99722
49653 -1.98 -1.99722
49654 -2 -1.99722
49655 -2 -1.99722
49656 -2 -1.99722
49657 -2 -1.99722
49658 -2 -1.99722
49659 -2 -1.99722
49660 -2 -1.99722
49661 -2 -1.99722
49662 -2 -1.99722
49663 -2 -1.99722
49664 -2 -1.99722
49665 -2 -1.99722
49666 -2 -1.99722
49667 -2 -1.99722
49668 -2 -1.99722
49669 -2 -1.99722
49670 -2 -1.99722
49671 -2 -1.99722
49672 -2 -1.99722
49673 -2 -1.99722
49674 -2 -1.99722
49675 -2 -1.99722
49676 -2 -1.99722
49677 -2 -1.99722
49678 -2 -1.99722
49679 -2 -1.99722
49680 -2 -1.99722
49681 -2 -1.99722
49682 -2 -1.99722
49683 -2 -1.99722
49684 -2 -1.99722
49685 -2 -1.99722
49686 -2 -1.99722
49687 -2 -1.99722
49688 -2 -1.99722
49689 -2 -1.99722
49690 -2 -1.99722
49691 -2 -1.99722
49692 -2 -1.99722
49693 -2 -1.99722
49694 -2 -1.99722
49695 -2 -1.99722
49696 -2 -1.99722
49697 -2 -1.99722
49698 -2 -1.99722
49699 -2 -1.99722
49700 -2 -1.99722
49701 -2 -1.99722
49702 -2 -1.99722
49703 -2 -1.99722
49704 -2 -1.99722
49705 -2 -1.99722
49706 -2 -1.99722
49707 -2 -1.99722
49708 -2 -1.99722
49709 -2 -1.99722
49710 -2 -1.99722
49711 -2 -1.99722
49712 -2 -1.99722
49713 -2 -1.99722
49714 -2 -1.99722
49715 -2 -1.99722
49716 -2 -1.99722
49717 -2 -1.99722
49718 -2 -1.99722
49719 -2 -1.99722
49720 -2 -1.99722
49721 -2 -1.99722
49722 -2 -1.99722
49723 -2 -1.99722
49724 -2 -1.99722
49725 -2 -1.99722
49726 -2 -1.99722
49727 -2 -1.99722
49728 -2 -1.99722
49729 -2 -1.99722
49730 -2 -1.99722
49731 -1.98 -1.99722
49732 -1.98 -1.99722
49733 -1.96 -1.99722
49734 -1.98 -1.99722
49735 -1.98 -1.99722
49736 -1.98 -1.99722
49737 -1.98 -1.99722
49738 -2 -1.99722
49739 -2 -1.99722
49740 -2 -1.99722
49741 -2 -1.99722
49742 -2 -1.99722
49743 -2 -1.99722
49744 -2 -1.99722
49745 -2 -1.99722
49746 -2 -1.99722
49747 -2 -1.99722
49748 -1.98 -1.99722
49749 -2 -1.99722
49750 -2 -1.99722
49751 -2 -1.99722
49752 -2 -1.99722
49753 -2 -1.99722
49754 -2 -1.99722
49755 -2 -1.99722
49756 -2 -1.99722
49757 -2 -1.99722
49758 -2 -1.99722
49759 -2 -1.99722
49760 -2 -1.99722
49761 -2 -1.99722
49762 -2 -1.99722
49763 -2 -1.99722
49764 -2 -1.99722
49765 -2 -1.99722
49766 -2 -1.99722
49767 -2 -1.99722
49768 -1.98 -1.99722
49769 -1.98 -1.99722
49770 -1.98 -1.99722
49771 -1.98 -1.99722
49772 -2 -1.99722
49773 -2 -1.99722
49774 -2 -1.99722
49775 -2 -1.99722
49776 -2 -1.99722
49777 -2 -1.99722
49778 -2 -1.99722
49779 -2 -1.99722
49780 -2 -1.99722
49781 -2 -1.99722
49782 -2 -1.99722
49783 -2 -1.99722
49784 -2 -1.99722
49785 -2 -1.99722
49786 -2 -1.99722
49787 -2 -1.99722
49788 -2 -1.99722
49789 -2 -1.99722
49790 -2 -1.99722
49791 -2 -1.99722
49792 -2 -1.99722
49793 -2 -1.99722
49794 -2 -1.99722
49795 -2 -1.99722
49796 -2 -1.99722
49797 -2 -1.99722
49798 -1.98 -1.99722
49799 -2 -1.99722
49800 -1.98 -1.99722
49801 -1.96 -1.99722
49802 -1.98 -1.99722
49803 -2 -1.99722
49804 -2 -1.99722
49805 -2 -1.99722
49806 -2 -1.99722
49807 -2 -1.99722
49808 -2 -1.99722
49809 -2 -1.99722
49810 -2 -1.99722
49811 -2 -1.99722
49812 -2 -1.99722
49813 -2 -1.99722
49814 -2 -1.99722
49815 -1.98 -1.99722
49816 -1.96 -1.99722
49817 -1.97 -1.99722
49818 -1.97 -1.99722
49819 -1.98 -1.99722
49820 -2 -1.99722
49821 -2 -1.99722
49822 -2 -1.99722
49823 -2 -1.99722
49824 -2 -1.99722
49825 -2 -1.99722
49826 -2 -1.99722
49827 -2 -1.99722
49828 -2 -1.99722
49829 -2 -1.99722
49830 -2 -1.99722
49831 -2 -1.99722
49832 -2 -1.99722
49833 -2 -1.99722
49834 -2 -1.99722
49835 -2 -1.99722
49836 -2 -1.99722
49837 -2 -1.99722
49838 -2 -1.99722
49839 -2 -1.99722
49840 -2 -1.99722
49841 -1.98 -1.99722
49842 -2 -1.99722
49843 -2 -1.99722
49844 -2 -1.99722
49845 -2 -1.99722
49846 -2 -1.99722
49847 -2 -1.99722
49848 -2 -1.99722
49849 -2 -1.99722
49850 -2 -1.99722
49851 -2 -1.99722
49852 -2 -1.99722
49853 -2 -1.99722
49854 -2 -1.99722
49855 -2 -1.99722
49856 -2 -1.99722
49857 -2 -1.99722
49858 -2 -1.99722
49859 -2 -1.99722
49860 -2 -1.99722
49861 -1.98 -1.99722
49862 -1.96 -1.99722
49863 -1.98 -1.99722
49864 -2 -1.99722
49865 -2 -1.99722
49866 -2 -1.99722
49867 -2 -1.99722
49868 -2 -1.99722
49869 -2 -1.99722
49870 -2 -1.99722
49871 -2 -1.99722
49872 -2 -1.99722
49873 -1.98 -1.99722
49874 -1.98 -1.99722
49875 -2 -1.99722
49876 -2 -1.99722
49877 -2 -1.99722
49878 -2 -1.99722
49879 -2 -1.99722
49880 -2 -1.99722
49881 -2 -1.99722
49882 -2 -1.99722
49883 -2 -1.99722
49884 -2 -1.99722
49885 -1.98 -1.99722
49886 -2 -1.99722
49887 -2 -1.99722
49888 -2 -1.99722
49889 -2 -1.99722
49890 -2 -1.99722
49891 -2 -1.99722
49892 -2 -1.99722
49893 -2 -1.99722
49894 -2 -1.99722
49895 -1.98 -1.99722
49896 -1.98 -1.99722
49897 -2 -1.99722
49898 -2 -1.99722
49899 -2 -1.99722
49900 -2 -1.99722
49901 -2 -1.99722
49902 -2 -1.99722
49903 -1.98 -1.99722
49904 -2 -1.99722
49905 -2 -1.99722
49906 -2 -1.99722
49907 -2 -1.99722
49908 -2 -1.99722
49909 -2 -1.99722
49910 -2 -1.99722
49911 -2 -1.99722
49912 -2 -1.99722
49913 -2 -1.99722
49914 -2 -1.99722
49915 -2 -1.99722
49916 -2 -1.99722
49917 -2 -1.99722
49918 -2 -1.99722
49919 -2 -1.99722
49920 -2 -1.99722
49921 -2 -1.99722
49922 -2 -1.99722
49923 -2 -1.99722
49924 -2 -1.99722
49925 -2 -1.99722
49926 -2 -1.99722
49927 -2 -1.99722
49928 -2 -1.99722
49929 -2 -1.99722
49930 -2 -1.99722
49931 -2 -1.99722
49932 -2 -1.99722
49933 -2 -1.99722
49934 -1.98 -1.99722
49935 -2 -1.99722
49936 -2 -1.99722
49937 -1.97 -1.99722
49938 -1.98 -1.99722
49939 -2 -1.99722
49940 -2 -1.99722
49941 -2 -1.99722
49942 -2 -1.99722
49943 -2 -1.99722
49944 -2 -1.99722
49945 -2 -1.99722
49946 -1.98 -1.99722
49947 -2 -1.99722
49948 -2 -1.99722
49949 -2 -1.99722
49950 -2 -1.99722
49951 -2 -1.99722
49952 -2 -1.99722
49953 -2 -1.99722
49954 -2 -1.99722
49955 -2 -1.99722
49956 -2 -1.99722
49957 -2 -1.99722
49958 -2 -1.99722
49959 -2 -1.99722
49960 -2 -1.99722
49961 -2 -1.99722
49962 -2 -1.99722
49963 -2 -1.99722
49964 -2 -1.99722
49965 -2 -1.99722
49966 -2 -1.99722
49967 -2 -1.99722
49968 -2 -1.99722
49969 -2 -1.99722
49970 -2 -1.99722
49971 -2 -1.99722
49972 -2 -1.99722
49973 -2 -1.99722
49974 -2 -1.99722
49975 -2 -1.99722
49976 -2 -1.99722
49977 -2 -1.99722
49978 -1.98 -1.99722
49979 -2 -1.99722
49980 -2 -1.99722
49981 -2 -1.99722
49982 -2 -1.99722
49983 -2 -1.99722
49984 -1.98 -1.99722
49985 -2 -1.99722
49986 -2 -1.99722
49987 -2 -1.99722
49988 -2 -1.99722
49989 -2 -1.99722
49990 -2 -1.99722
49991 -2 -1.99722
49992 -2 -1.99722
49993 -2 -1.99722
49994 -1.98 -1.99722
49995 -2 -1.99722
49996 -2 -1.99722
49997 -1.98 -1.99722
49998 -2 -1.99722
49999 -2 -1.99722
