0 -0.79 -0.79
1 -1.04 -0.915
2 -1.27 -1.03333
3 -1.33 -1.1075
4 -1.38 -1.162
5 -1.41 -1.20333
6 -1.43 -1.23571
7 -1.46 -1.26375
8 -1.5 -1.29
9 -1.51 -1.312
10 -1.51 -1.33
11 -1.53 -1.34667
12 -1.56 -1.36308
13 -1.55 -1.37643
14 -1.58 -1.39
15 -1.59 -1.4025
16 -1.59 -1.41353
17 -1.59 -1.42333
18 -1.58 -1.43158
19 -1.58 -1.439
20 -1.59 -1.44619
21 -1.61 -1.45364
22 -1.59 -1.45957
23 -1.64 -1.46708
24 -1.65 -1.4744
25 -1.61 -1.47962
26 -1.65 -1.48593
27 -1.65 -1.49179
28 -1.66 -1.49759
29 -1.66 -1.503
30 -1.66 -1.50806
31 -1.66 -1.51281
32 -1.65 -1.51697
33 -1.67 -1.52147
34 -1.67 -1.52571
35 -1.67 -1.52972
36 -1.67 -1.53351
37 -1.67 -1.53711
38 -1.67 -1.54051
39 -1.67 -1.54375
40 -1.71 -1.5478
41 -1.71 -1.55167
42 -1.71 -1.55535
43 -1.68 -1.55818
44 -1.71 -1.56156
45 -1.7 -1.56457
46 -1.71 -1.56766
47 -1.73 -1.57104
48 -1.75 -1.57469
49 -1.75 -1.5782
50 -1.75 -1.58157
51 -1.75 -1.58481
52 -1.75 -1.58792
53 -1.76 -1.59111
54 -1.77 -1.59436
55 -1.77 -1.5975
56 -1.78 -1.6007
57 -1.79 -1.60397
58 -1.79 -1.60712
59 -1.82 -1.61067
60 -1.81 -1.61393
61 -1.85 -1.61774
62 -1.87 -1.62175
63 -1.86 -1.62547
64 -1.88 -1.62938
65 -1.88 -1.63318
66 -1.89 -1.63701
67 -1.91 -1.64103
68 -1.93 -1.64522
69 -1.93 -1.64929
70 -1.95 -1.65352
71 -2 -1.65833
72 -1.98 -1.66274
73 -2 -1.6673
74 -2 -1.67173
75 -2 -1.67605
76 -2 -1.68026
77 -2 -1.68436
78 -2 -1.68835
79 -2 -1.69225
80 -2 -1.69605
81 -2 -1.69976
82 -2 -1.70337
83 -1.98 -1.70667
84 -2 -1.71012
85 -2 -1.71349
86 -2 -1.71678
87 -1.98 -1.71977
88 -2 -1.72292
89 -2 -1.726
90 -2 -1.72901
91 -2 -1.73196
92 -2 -1.73484
93 -2 -1.73766
94 -2 -1.74042
95 -2 -1.74312
96 -2 -1.74577
97 -2 -1.74837
98 -2 -1.75091
99 -2 -1.7534
100 -1.98 -1.75564
101 -2 -1.75804
102 -2 -1.76039
103 -2 -1.76269
104 -2 -1.76495
105 -2 -1.76717
106 -2 -1.76935
107 -1.98 -1.7713
108 -1.98 -1.77321
109 -1.98 -1.77509
110 -2 -1.77712
111 -2 -1.77911
112 -2 -1.78106
113 -2 -1.78298
114 -2 -1.78487
115 -2 -1.78672
116 -2 -1.78855
117 -2 -1.79034
118 -2 -1.7921
119 -2 -1.79383
120 -2 -1.79554
121 -2 -1.79721
122 -2 -1.79886
123 -2 -1.80048
124 -2 -1.80208
125 -2 -1.80365
126 -2 -1.8052
127 -2 -1.80672
128 -2 -1.80822
129 -1.98 -1.80954
130 -1.96 -1.81069
131 -1.98 -1.81197
132 -1.98 -1.81323
133 -2 -1.81463
134 -2 -1.816
135 -2 -1.81735
136 -2 -1.81869
137 -2 -1.82
138 -2 -1.82129
139 -2 -1.82257
140 -2 -1.82383
141 -2 -1.82507
142 -2 -1.82629
143 -1.98 -1.82736
144 -2 -1.82855
145 -2 -1.82973
146 -2 -1.83088
147 -1.98 -1.83189
148 -2 -1.83302
149 -2 -1.83413
150 -1.98 -1.8351
151 -2 -1.83618
152 -2 -1.83725
153 -2 -1.83831
154 -2 -1.83935
155 -2 -1.84038
156 -2 -1.8414
157 -2 -1.84241
158 -2 -1.8434
159 -2 -1.84437
160 -2 -1.84534
161 -2 -1.8463
162 -1.98 -1.84712
163 -2 -1.84805
164 -2 -1.84897
165 -2 -1.84988
166 -2 -1.85078
167 -2 -1.85167
168 -2 -1.85254
169 -2 -1.85341
170 -2 -1.85427
171 -2 -1.85512
172 -2 -1.85595
173 -2 -1.85678
174 -2 -1.8576
175 -1.98 -1.8583
176 -2 -1.8591
177 -2 -1.85989
178 -2 -1.86067
179 -2 -1.86144
180 -2 -1.86221
181 -2 -1.86297
182 -2 -1.86372
183 -2 -1.86446
184 -2 -1.86519
185 -2 -1.86591
186 -2 -1.86663
187 -2 -1.86734
188 -2 -1.86804
189 -2 -1.86874
190 -2 -1.86942
191 -2 -1.8701
192 -2 -1.87078
193 -2 -1.87144
194 -2 -1.8721
195 -2 -1.87276
196 -2 -1.8734
197 -2 -1.87404
198 -2 -1.87467
199 -2 -1.8753
200 -2 -1.87592
201 -2 -1.87653
202 -2 -1.87714
203 -2 -1.87775
204 -2 -1.87834
205 -2 -1.87893
206 -1.97 -1.87937
207 -2 -1.87995
208 -2 -1.88053
209 -2 -1.8811
210 -1.98 -1.88156
211 -1.98 -1.88203
212 -2 -1.88258
213 -2 -1.88313
214 -2 -1.88367
215 -2 -1.88421
216 -2 -1.88475
217 -2 -1.88528
218 -2 -1.8858
219 -1.98 -1.88623
220 -1.98 -1.88665
221 -1.98 -1.88707
222 -1.98 -1.88749
223 -1.98 -1.8879
224 -2 -1.8884
225 -2 -1.88889
226 -2 -1.88938
227 -2 -1.88987
228 -2 -1.89035
229 -1.98 -1.89074
230 -2 -1.89121
231 -2 -1.89168
232 -2 -1.89215
233 -2 -1.89261
234 -2 -1.89306
235 -2 -1.89352
236 -1.98 -1.89388
237 -2 -1.89433
238 -2 -1.89477
239 -2 -1.89521
240 -2 -1.89564
241 -2 -1.89607
242 -2 -1.8965
243 -2 -1.89693
244 -2 -1.89735
245 -2 -1.89776
246 -2 -1.89818
247 -2 -1.89859
248 -1.98 -1.89892
249 -2 -1.89932
250 -2 -1.89972
251 -2 -1.90012
252 -2 -1.90051
253 -2 -1.90091
254 -2 -1.90129
255 -2 -1.90168
256 -2 -1.90206
257 -2 -1.90244
258 -2 -1.90282
259 -2 -1.90319
260 -2 -1.90356
261 -2 -1.90393
262 -2 -1.9043
263 -2 -1.90466
264 -2 -1.90502
265 -2 -1.90538
266 -2 -1.90573
267 -2 -1.90608
268 -2 -1.90643
269 -2 -1.90678
270 -2 -1.90712
271 -2 -1.90746
272 -2 -1.9078
273 -2 -1.90814
274 -2 -1.90847
275 -2 -1.9088
276 -2 -1.90913
277 -2 -1.90946
278 -2 -1.90978
279 -2 -1.91011
280 -2 -1.91043
281 -2 -1.91074
282 -2 -1.91106
283 -2 -1.91137
284 -2 -1.91168
285 -2 -1.91199
286 -1.97 -1.9122
287 -1.95 -1.91233
288 -1.96 -1.91249
289 -1.98 -1.91272
290 -2 -1.91302
291 -2 -1.91332
292 -2 -1.91362
293 -2 -1.91391
294 -2 -1.9142
295 -2 -1.91449
296 -2 -1.91478
297 -2 -1.91507
298 -2 -1.91535
299 -1.98 -1.91557
300 -1.98 -1.91578
301 -2 -1.91606
302 -2 -1.91634
303 -1.98 -1.91655
304 -2 -1.91682
305 -2 -1.91709
306 -2 -1.91736
307 -1.98 -1.91756
308 -2 -1.91783
309 -2 -1.9181
310 -2 -1.91836
311 -1.98 -1.91856
312 -1.98 -1.91875
313 -1.98 -1.91895
314 -2 -1.91921
315 -2 -1.91946
316 -2 -1.91972
317 -2 -1.91997
318 -2 -1.92022
319 -2 -1.92047
320 -1.98 -1.92065
321 -2 -1.9209
322 -2 -1.92115
323 -2 -1.92139
324 -2 -1.92163
325 -2 -1.92187
326 -2 -1.92211
327 -2 -1.92235
328 -2 -1.92258
329 -2 -1.92282
330 -2 -1.92305
331 -2 -1.92328
332 -2 -1.92351
333 -2 -1.92374
334 -2 -1.92397
335 -2 -1.9242
336 -2 -1.92442
337 -2 -1.92464
338 -2 -1.92487
339 -2 -1.92509
340 -2 -1.92531
341 -2 -1.92553
342 -2 -1.92574
343 -2 -1.92596
344 -2 -1.92617
345 -2 -1.92639
346 -1.98 -1.92654
347 -2 -1.92675
348 -2 -1.92696
349 -2 -1.92717
350 -2 -1.92738
351 -2 -1.92759
352 -1.98 -1.92773
353 -2 -1.92794
354 -2 -1.92814
355 -2 -1.92834
356 -2 -1.92854
357 -2 -1.92874
358 -2 -1.92894
359 -2 -1.92914
360 -2 -1.92934
361 -1.98 -1.92948
362 -1.96 -1.92956
363 -1.95 -1.92962
364 -2 -1.92981
365 -2 -1.93
366 -2 -1.93019
367 -2 -1.93038
368 -2 -1.93057
369 -2 -1.93076
370 -2 -1.93094
371 -2 -1.93113
372 -2 -1.93131
373 -2 -1.9315
374 -1.98 -1.93163
375 -2 -1.93181
376 -2 -1.93199
377 -2 -1.93217
378 -2 -1.93235
379 -2 -1.93253
380 -2 -1.9327
381 -2 -1.93288
382 -2 -1.93305
383 -2 -1.93323
384 -2 -1.9334
385 -2 -1.93358
386 -2 -1.93375
387 -2 -1.93392
388 -2 -1.93409
389 -2 -1.93426
390 -2 -1.93442
391 -2 -1.93459
392 -2 -1.93476
393 -2 -1.93492
394 -2 -1.93509
395 -1.98 -1.9352
396 -2 -1.93537
397 -1.98 -1.93548
398 -2 -1.93564
399 -2 -1.9358
400 -2 -1.93596
401 -2 -1.93612
402 -1.98 -1.93623
403 -1.98 -1.93634
404 -2 -1.93649
405 -2 -1.93665
406 -2 -1.93681
407 -1.98 -1.93691
408 -2 -1.93707
409 -2 -1.93722
410 -1.98 -1.93732
411 -2 -1.93748
412 -2 -1.93763
413 -2 -1.93778
414 -2 -1.93793
415 -2 -1.93808
416 -2 -1.93823
417 -2 -1.93837
418 -2 -1.93852
419 -2 -1.93867
420 -2 -1.93881
421 -2 -1.93896
422 -2 -1.9391
423 -2 -1.93925
424 -2 -1.93939
425 -2 -1.93953
426 -2 -1.93967
427 -2 -1.93981
428 -1.98 -1.93991
429 -2 -1.94005
430 -2 -1.94019
431 -2 -1.94032
432 -2 -1.94046
433 -2 -1.9406
434 -2 -1.94074
435 -2 -1.94087
436 -2 -1.94101
437 -2 -1.94114
438 -2 -1.94128
439 -2 -1.94141
440 -2 -1.94154
441 -1.98 -1.94163
442 -2 -1.94176
443 -2 -1.94189
444 -2 -1.94202
445 -2 -1.94215
446 -2 -1.94228
447 -2 -1.94241
448 -2 -1.94254
449 -2 -1.94267
450 -2 -1.94279
451 -2 -1.94292
452 -2 -1.94305
453 -2 -1.94317
454 -2 -1.9433
455 -2 -1.94342
456 -2 -1.94354
457 -2 -1.94367
458 -2 -1.94379
459 -2 -1.94391
460 -2 -1.94403
461 -2 -1.94416
462 -2 -1.94428
463 -2 -1.9444
464 -2 -1.94452
465 -1.98 -1.94459
466 -2 -1.94471
467 -2 -1.94483
468 -1.98 -1.9449
469 -1.98 -1.94498
470 -2 -1.9451
471 -2 -1.94521
472 -2 -1.94533
473 -2 -1.94544
474 -2 -1.94556
475 -2 -1.94567
476 -2 -1.94579
477 -2 -1.9459
478 -2 -1.94601
479 -2 -1.94613
480 -2 -1.94624
481 -2 -1.94635
482 -2 -1.94646
483 -2 -1.94657
484 -2 -1.94668
485 -2 -1.94679
486 -2 -1.9469
487 -2 -1.94701
488 -2 -1.94712
489 -2 -1.94722
490 -2 -1.94733
491 -2 -1.94744
492 -2 -1.94755
493 -2 -1.94765
494 -2 -1.94776
495 -2 -1.94786
496 -2 -1.94797
497 -2 -1.94807
498 -2 -1.94818
499 -2 -1.94828
500 -2 -1.94838
501 -2 -1.94849
502 -2 -1.94859
503 -2 -1.94869
504 -2 -1.94879
505 -2 -1.94889
506 -1.98 -1.94895
507 -2 -1.94906
508 -2 -1.94916
509 -2 -1.94925
510 -2 -1.94935
511 -2 -1.94945
512 -2 -1.94955
513 -2 -1.94965
514 -2 -1.94975
515 -2 -1.94984
516 -2 -1.94994
517 -2 -1.95004
518 -2 -1.95013
519 -2 -1.95023
520 -2 -1.95033
521 -2 -1.95042
522 -2 -1.95052
523 -2 -1.95061
524 -2 -1.9507
525 -2 -1.9508
526 -2 -1.95089
527 -2 -1.95098
528 -2 -1.95108
529 -2 -1.95117
530 -2 -1.95126
531 -2 -1.95135
532 -2 -1.95144
533 -1.98 -1.9515
534 -1.98 -1.95155
535 -1.96 -1.95157
536 -2 -1.95166
537 -2 -1.95175
538 -2 -1.95184
539 -2 -1.95193
540 -2 -1.95201
541 -2 -1.9521
542 -2 -1.95219
543 -2 -1.95228
544 -2 -1.95237
545 -1.98 -1.95242
546 -1.98 -1.95247
547 -1.98 -1.95252
548 -2 -1.9526
549 -1.98 -1.95265
550 -1.98 -1.9527
551 -1.98 -1.95275
552 -1.98 -1.9528
553 -2 -1.95289
554 -2 -1.95297
555 -2 -1.95306
556 -2 -1.95314
557 -2 -1.95323
558 -2 -1.95331
559 -2 -1.95339
560 -2 -1.95348
561 -2 -1.95356
562 -2 -1.95364
563 -2 -1.95372
564 -2 -1.95381
565 -2 -1.95389
566 -2 -1.95397
567 -2 -1.95405
568 -2 -1.95413
569 -2 -1.95421
570 -2 -1.95429
571 -2 -1.95437
572 -2 -1.95445
573 -2 -1.95453
574 -1.98 -1.95457
575 -2 -1.95465
576 -2 -1.95473
577 -2 -1.95481
578 -2 -1.95489
579 -2 -1.95497
580 -1.98 -1.95501
581 -2 -1.95509
582 -2 -1.95516
583 -1.97 -1.95519
584 -1.98 -1.95523
585 -1.98 -1.95527
586 -2 -1.95535
587 -2 -1.95543
588 -2 -1.9555
589 -2 -1.95558
590 -2 -1.95565
591 -2 -1.95573
592 -1.98 -1.95577
593 -2 -1.95584
594 -2 -1.95592
595 -2 -1.95599
596 -2 -1.95606
597 -1.98 -1.9561
598 -2 -1.95618
599 -2 -1.95625
600 -2 -1.95632
601 -2 -1.9564
602 -2 -1.95647
603 -2 -1.95654
604 -2 -1.95661
605 -2 -1.95668
606 -2 -1.95675
607 -2 -1.95683
608 -2 -1.9569
609 -2 -1.95697
610 -2 -1.95704
611 -2 -1.95711
612 -2 -1.95718
613 -2 -1.95725
614 -1.98 -1.95728
615 -2 -1.95735
616 -2 -1.95742
617 -1.98 -1.95746
618 -1.97 -1.95748
619 -1.98 -1.95752
620 -2 -1.95758
621 -2 -1.95765
622 -2 -1.95772
623 -2 -1.95779
624 -2 -1.95786
625 -2 -1.95792
626 -2 -1.95799
627 -2 -1.95806
628 -2 -1.95812
629 -1.97 -1.95814
630 -1.98 -1.95818
631 -1.98 -1.95821
632 -1.97 -1.95823
633 -1.97 -1.95825
634 -1.96 -1.95825
635 -1.98 -1.95829
636 -2 -1.95835
637 -2 -1.95842
638 -2 -1.95848
639 -2 -1.95855
640 -2 -1.95861
641 -2 -1.95868
642 -2 -1.95874
643 -2 -1.9588
644 -2 -1.95887
645 -2 -1.95893
646 -2 -1.959
647 -2 -1.95906
648 -2 -1.95912
649 -2 -1.95918
650 -1.98 -1.95922
651 -1.98 -1.95925
652 -1.98 -1.95928
653 -2 -1.95934
654 -2 -1.9594
655 -2 -1.95947
656 -2 -1.95953
657 -2 -1.95959
658 -2 -1.95965
659 -1.98 -1.95968
660 -1.98 -1.95971
661 -1.98 -1.95974
662 -1.98 -1.95977
663 -1.98 -1.9598
664 -2 -1.95986
665 -2 -1.95992
666 -2 -1.95999
667 -2 -1.96004
668 -2 -1.9601
669 -2 -1.96016
670 -2 -1.96022
671 -2 -1.96028
672 -2 -1.96034
673 -2 -1.9604
674 -2 -1.96046
675 -2 -1.96052
676 -2 -1.96058
677 -2 -1.96063
678 -1.98 -1.96066
679 -2 -1.96072
680 -2 -1.96078
681 -2 -1.96084
682 -2 -1.96089
683 -2 -1.96095
684 -2 -1.96101
685 -2 -1.96106
686 -2 -1.96112
687 -2 -1.96118
688 -2 -1.96123
689 -2 -1.96129
690 -2 -1.96135
691 -2 -1.9614
692 -2 -1.96146
693 -2 -1.96151
694 -2 -1.96157
695 -2 -1.96162
696 -2 -1.96168
697 -2 -1.96173
698 -2 -1.96179
699 -2 -1.96184
700 -2 -1.9619
701 -2 -1.96195
702 -2 -1.96201
703 -1.98 -1.96203
704 -2 -1.96209
705 -2 -1.96214
706 -2 -1.96219
707 -2 -1.96225
708 -2 -1.9623
709 -2 -1.96235
710 -2 -1.96241
711 -2 -1.96246
712 -2 -1.96251
713 -2 -1.96256
714 -2 -1.96262
715 -2 -1.96267
716 -2 -1.96272
717 -2 -1.96277
718 -2 -1.96282
719 -1.98 -1.96285
720 -2 -1.9629
721 -2 -1.96295
722 -2 -1.963
723 -2 -1.96305
724 -2 -1.9631
725 -1.98 -1.96313
726 -1.98 -1.96315
727 -1.97 -1.96316
728 -1.98 -1.96318
729 -2 -1.96323
730 -2 -1.96328
731 -2 -1.96333
732 -2 -1.96338
733 -2 -1.96343
734 -2 -1.96348
735 -2 -1.96353
736 -2 -1.96358
737 -2 -1.96363
738 -2 -1.96368
739 -2 -1.96373
740 -2 -1.96378
741 -2 -1.96383
742 -2 -1.96388
743 -2 -1.96392
744 -2 -1.96397
745 -1.98 -1.96399
746 -2 -1.96404
747 -2 -1.96409
748 -2 -1.96414
749 -2 -1.96419
750 -1.98 -1.96421
751 -2 -1.96426
752 -2 -1.9643
753 -2 -1.96435
754 -2 -1.9644
755 -2 -1.96444
756 -2 -1.96449
757 -2 -1.96454
758 -2 -1.96458
759 -2 -1.96463
760 -2 -1.96468
761 -2 -1.96472
762 -2 -1.96477
763 -1.98 -1.96479
764 -2 -1.96484
765 -2 -1.96488
766 -2 -1.96493
767 -2 -1.96497
768 -2 -1.96502
769 -2 -1.96506
770 -2 -1.96511
771 -2 -1.96516
772 -2 -1.9652
773 -2 -1.96525
774 -2 -1.96529
775 -2 -1.96534
776 -2 -1.96538
777 -2 -1.96542
778 -2 -1.96547
779 -2 -1.96551
780 -2 -1.96556
781 -2 -1.9656
782 -2 -1.96564
783 -2 -1.96569
784 -2 -1.96573
785 -2 -1.96578
786 -2 -1.96582
787 -2 -1.96586
788 -2 -1.96591
789 -2 -1.96595
790 -2 -1.96599
791 -2 -1.96604
792 -2 -1.96608
793 -2 -1.96612
794 -2 -1.96616
795 -2 -1.96621
796 -2 -1.96625
797 -2 -1.96629
798 -2 -1.96633
799 -2 -1.96638
800 -2 -1.96642
801 -2 -1.96646
802 -2 -1.9665
803 -2 -1.96654
804 -1.95 -1.96652
805 -2 -1.96656
806 -2 -1.9666
807 -2 -1.96665
808 -2 -1.96669
809 -2 -1.96673
810 -2 -1.96677
811 -2 -1.96681
812 -1.97 -1.96681
813 -1.97 -1.96682
814 -1.98 -1.96683
815 -1.98 -1.96685
816 -2 -1.96689
817 -2 -1.96693
818 -2 -1.96697
819 -2 -1.96701
820 -2 -1.96705
821 -2 -1.96709
822 -2 -1.96713
823 -2 -1.96717
824 -2 -1.96721
825 -1.98 -1.96723
826 -2 -1.96727
827 -2 -1.96731
828 -2 -1.96735
829 -2 -1.96739
830 -2 -1.96742
831 -2 -1.96746
832 -2 -1.9675
833 -1.98 -1.96752
834 -2 -1.96756
835 -2 -1.9676
836 -2 -1.96763
837 -2 -1.96767
838 -2 -1.96771
839 -1.98 -1.96773
840 -2 -1.96776
841 -2 -1.9678
842 -2 -1.96784
843 -2 -1.96788
844 -2 -1.96792
845 -2 -1.96796
846 -2 -1.96799
847 -2 -1.96803
848 -2 -1.96807
849 -2 -1.96811
850 -2 -1.96814
851 -2 -1.96818
852 -2 -1.96822
853 -2 -1.96826
854 -2 -1.96829
855 -2 -1.96833
856 -2 -1.96837
857 -2 -1.9684
858 -2 -1.96844
859 -2 -1.96848
860 -2 -1.96851
861 -2 -1.96855
862 -2 -1.96859
863 -2 -1.96862
864 -2 -1.96866
865 -2 -1.9687
866 -2 -1.96873
867 -2 -1.96877
868 -2 -1.9688
869 -2 -1.96884
870 -2 -1.96887
871 -2 -1.96891
872 -2 -1.96895
873 -2 -1.96898
874 -2 -1.96902
875 -2 -1.96905
876 -2 -1.96909
877 -2 -1.96912
878 -2 -1.96916
879 -2 -1.96919
880 -2 -1.96923
881 -1.98 -1.96924
882 -2 -1.96928
883 -1.98 -1.96929
884 -1.98 -1.9693
885 -2 -1.96933
886 -2 -1.96937
887 -2 -1.9694
888 -2 -1.96944
889 -2 -1.96947
890 -2 -1.96951
891 -2 -1.96954
892 -2 -1.96957
893 -2 -1.96961
894 -2 -1.96964
895 -2 -1.96968
896 -2 -1.96971
897 -2 -1.96974
898 -2 -1.96978
899 -2 -1.96981
900 -1.98 -1.96982
901 -2 -1.96986
902 -2 -1.96989
903 -2 -1.96992
904 -2 -1.96996
905 -2 -1.96999
906 -2 -1.97002
907 -2 -1.97006
908 -2 -1.97009
909 -2 -1.97012
910 -2 -1.97015
911 -2 -1.97019
912 -2 -1.97022
913 -2 -1.97025
914 -1.98 -1.97026
915 -1.98 -1.97027
916 -1.98 -1.97028
917 -2 -1.97032
918 -2 -1.97035
919 -2 -1.97038
920 -2 -1.97041
921 -2 -1.97044
922 -1.98 -1.97046
923 -2 -1.97049
924 -2 -1.97052
925 -2 -1.97055
926 -2 -1.97058
927 -2 -1.97061
928 -1.98 -1.97062
929 -2 -1.97066
930 -2 -1.97069
931 -2 -1.97072
932 -2 -1.97075
933 -2 -1.97078
934 -2 -1.97081
935 -2 -1.97084
936 -2 -1.97088
937 -2 -1.97091
938 -2 -1.97094
939 -2 -1.97097
940 -2 -1.971
941 -2 -1.97103
942 -2 -1.97106
943 -2 -1.97109
944 -1.98 -1.9711
945 -2 -1.97113
946 -2 -1.97116
947 -2 -1.97119
948 -2 -1.97122
949 -2 -1.97125
950 -2 -1.97128
951 -2 -1.97131
952 -2 -1.97134
953 -2 -1.97137
954 -2 -1.9714
955 -2 -1.97143
956 -2 -1.97146
957 -2 -1.97149
958 -2 -1.97152
959 -2 -1.97155
960 -2 -1.97158
961 -2 -1.97161
962 -2 -1.97164
963 -2 -1.97167
964 -2 -1.9717
965 -2 -1.97173
966 -2 -1.97176
967 -1.94 -1.97173
968 -1.98 -1.97173
969 -2 -1.97176
970 -2 -1.97179
971 -2 -1.97182
972 -2 -1.97185
973 -2 -1.97188
974 -2 -1.97191
975 -2 -1.97194
976 -2 -1.97197
977 -2 -1.97199
978 -2 -1.97202
979 -2 -1.97205
980 -2 -1.97208
981 -2 -1.97211
982 -2 -1.97214
983 -2 -1.97216
984 -2 -1.97219
985 -2 -1.97222
986 -2 -1.97225
987 -2 -1.97228
988 -1.98 -1.97229
989 -2 -1.97231
990 -2 -1.97234
991 -2 -1.97237
992 -2 -1.9724
993 -2 -1.97242
994 -2 -1.97245
995 -1.98 -1.97246
996 -1.98 -1.97247
997 -2 -1.97249
998 -2 -1.97252
999 -2 -1.97255
1000 -1.98 -1.97256
1001 -1.98 -1.97256
1002 -1.98 -1.97257
1003 -1.98 -1.97258
1004 -1.98 -1.97259
1005 -2 -1.97261
1006 -2 -1.97264
1007 -2 -1.97267
1008 -2 -1.9727
1009 -2 -1.97272
1010 -2 -1.97275
1011 -2 -1.97278
1012 -2 -1.9728
1013 -2 -1.97283
1014 -2 -1.97286
1015 -2 -1.97288
1016 -2 -1.97291
1017 -2 -1.97294
1018 -2 -1.97296
1019 -2 -1.97299
1020 -1.98 -1.973
1021 -2 -1.97302
1022 -2 -1.97305
1023 -2 -1.97308
1024 -2 -1.9731
1025 -2 -1.97313
1026 -2 -1.97315
1027 -2 -1.97318
1028 -2 -1.97321
1029 -2 -1.97323
1030 -2 -1.97326
1031 -2 -1.97328
1032 -2 -1.97331
1033 -2 -1.97334
1034 -2 -1.97336
1035 -2 -1.97339
1036 -2 -1.97341
1037 -2 -1.97344
1038 -1.98 -1.97345
1039 -2 -1.97347
1040 -2 -1.9735
1041 -2 -1.97352
1042 -2 -1.97355
1043 -2 -1.97357
1044 -2 -1.9736
1045 -2 -1.97362
1046 -2 -1.97365
1047 -2 -1.97367
1048 -2 -1.9737
1049 -1.98 -1.9737
1050 -2 -1.97373
1051 -2 -1.97375
1052 -2 -1.97378
1053 -2 -1.9738
1054 -2 -1.97383
1055 -1.98 -1.97384
1056 -1.98 -1.97384
1057 -1.98 -1.97385
1058 -2 -1.97387
1059 -2 -1.9739
1060 -2 -1.97392
1061 -2 -1.97395
1062 -2 -1.97397
1063 -2 -1.97399
1064 -2 -1.97402
1065 -2 -1.97404
1066 -2 -1.97407
1067 -2 -1.97409
1068 -2 -1.97412
1069 -2 -1.97414
1070 -1.98 -1.97415
1071 -1.98 -1.97415
1072 -2 -1.97418
1073 -2 -1.9742
1074 -2 -1.97422
1075 -2 -1.97425
1076 -2 -1.97427
1077 -2 -1.97429
1078 -2 -1.97432
1079 -1.98 -1.97432
1080 -2 -1.97435
1081 -2 -1.97437
1082 -2 -1.9744
1083 -2 -1.97442
1084 -2 -1.97444
1085 -2 -1.97447
1086 -2 -1.97449
1087 -2 -1.97451
1088 -2 -1.97454
1089 -2 -1.97456
1090 -2 -1.97458
1091 -2 -1.97461
1092 -1.98 -1.97461
1093 -2 -1.97463
1094 -2 -1.97466
1095 -2 -1.97468
1096 -2 -1.9747
1097 -1.98 -1.97471
1098 -1.98 -1.97471
1099 -2 -1.97474
1100 -1.98 -1.97474
1101 -1.98 -1.97475
1102 -1.98 -1.97475
1103 -2 -1.97477
1104 -2 -1.9748
1105 -2 -1.97482
1106 -2 -1.97484
1107 -2 -1.97486
1108 -1.98 -1.97487
1109 -1.98 -1.97487
1110 -2 -1.9749
1111 -2 -1.97492
1112 -2 -1.97494
1113 -2 -1.97496
1114 -2 -1.97499
1115 -2 -1.97501
1116 -2 -1.97503
1117 -2 -1.97505
1118 -2 -1.97508
1119 -2 -1.9751
1120 -2 -1.97512
1121 -2 -1.97514
1122 -2 -1.97516
1123 -2 -1.97519
1124 -2 -1.97521
1125 -2 -1.97523
1126 -2 -1.97525
1127 -2 -1.97527
1128 -2 -1.9753
1129 -2 -1.97532
1130 -2 -1.97534
1131 -2 -1.97536
1132 -2 -1.97538
1133 -2 -1.97541
1134 -2 -1.97543
1135 -1.98 -1.97543
1136 -2 -1.97545
1137 -2 -1.97547
1138 -2 -1.9755
1139 -2 -1.97552
1140 -2 -1.97554
1141 -2 -1.97556
1142 -2 -1.97558
1143 -2 -1.9756
1144 -1.98 -1.97561
1145 -2 -1.97563
1146 -2 -1.97565
1147 -1.98 -1.97565
1148 -1.98 -1.97566
1149 -2 -1.97568
1150 -2 -1.9757
1151 -2 -1.97572
1152 -1.98 -1.97572
1153 -1.98 -1.97573
1154 -1.98 -1.97573
1155 -1.98 -1.97574
1156 -1.98 -1.97574
1157 -2 -1.97576
1158 -2 -1.97578
1159 -2 -1.9758
1160 -2 -1.97582
1161 -1.98 -1.97583
1162 -2 -1.97585
1163 -2 -1.97587
1164 -1.98 -1.97587
1165 -2 -1.97589
1166 -2 -1.97591
1167 -2 -1.97593
1168 -2 -1.97595
1169 -2 -1.97597
1170 -1.98 -1.97598
1171 -2 -1.976
1172 -2 -1.97602
1173 -2 -1.97604
1174 -1.98 -1.97604
1175 -2 -1.97606
1176 -2 -1.97608
1177 -2 -1.9761
1178 -2 -1.97612
1179 -2 -1.97614
1180 -2 -1.97616
1181 -2 -1.97618
1182 -2 -1.9762
1183 -2 -1.97622
1184 -2 -1.97624
1185 -2 -1.97626
1186 -2 -1.97628
1187 -2 -1.9763
1188 -2 -1.97632
1189 -2 -1.97634
1190 -2 -1.97636
1191 -2 -1.97638
1192 -2 -1.9764
1193 -2 -1.97642
1194 -2 -1.97644
1195 -2 -1.97646
1196 -2 -1.97648
1197 -2 -1.9765
1198 -2 -1.97652
1199 -2 -1.97654
1200 -2 -1.97656
1201 -2 -1.97658
1202 -2 -1.9766
1203 -2 -1.97662
1204 -2 -1.97664
1205 -2 -1.97666
1206 -2 -1.97668
1207 -1.98 -1.97668
1208 -1.98 -1.97668
1209 -1.98 -1.97669
1210 -1.98 -1.97669
1211 -2 -1.97671
1212 -2 -1.97673
1213 -2 -1.97675
1214 -1.98 -1.97675
1215 -2 -1.97677
1216 -1.98 -1.97677
1217 -1.98 -1.97677
1218 -1.96 -1.97676
1219 -1.94 -1.97673
1220 -1.98 -1.97673
1221 -2 -1.97675
1222 -2 -1.97677
1223 -2 -1.97679
1224 -2 -1.97681
1225 -2 -1.97683
1226 -2 -1.97685
1227 -2 -1.97686
1228 -2 -1.97688
1229 -2 -1.9769
1230 -2 -1.97692
1231 -2 -1.97694
1232 -2 -1.97696
1233 -2 -1.97698
1234 -2 -1.977
1235 -2 -1.97701
1236 -1.98 -1.97702
1237 -1.98 -1.97702
1238 -1.98 -1.97702
1239 -2 -1.97704
1240 -2 -1.97706
1241 -2 -1.97708
1242 -2 -1.9771
1243 -2 -1.97711
1244 -2 -1.97713
1245 -2 -1.97715
1246 -2 -1.97717
1247 -2 -1.97719
1248 -2 -1.97721
1249 -2 -1.97722
1250 -2 -1.97724
1251 -2 -1.97726
1252 -1.98 -1.97726
1253 -2 -1.97728
1254 -2 -1.9773
1255 -2 -1.97732
1256 -1.98 -1.97732
1257 -2 -1.97734
1258 -2 -1.97736
1259 -2 -1.97737
1260 -2 -1.97739
1261 -2 -1.97741
1262 -2 -1.97743
1263 -2 -1.97744
1264 -2 -1.97746
1265 -2 -1.97748
1266 -2 -1.9775
1267 -2 -1.97752
1268 -2 -1.97753
1269 -2 -1.97755
1270 -2 -1.97757
1271 -2 -1.97759
1272 -1.98 -1.97759
1273 -1.98 -1.97759
1274 -2 -1.97761
1275 -2 -1.97763
1276 -2 -1.97764
1277 -2 -1.97766
1278 -2 -1.97768
1279 -2 -1.9777
1280 -2 -1.97771
1281 -2 -1.97773
1282 -2 -1.97775
1283 -2 -1.97776
1284 -2 -1.97778
1285 -2 -1.9778
1286 -2 -1.97782
1287 -2 -1.97783
1288 -2 -1.97785
1289 -1.98 -1.97785
1290 -2 -1.97787
1291 -2 -1.97789
1292 -2 -1.9779
1293 -2 -1.97792
1294 -2 -1.97794
1295 -2 -1.97796
1296 -2 -1.97797
1297 -2 -1.97799
1298 -2 -1.97801
1299 -2 -1.97802
1300 -2 -1.97804
1301 -2 -1.97806
1302 -2 -1.97807
1303 -2 -1.97809
1304 -2 -1.97811
1305 -2 -1.97812
1306 -2 -1.97814
1307 -2 -1.97816
1308 -2 -1.97817
1309 -2 -1.97819
1310 -2 -1.97821
1311 -2 -1.97822
1312 -2 -1.97824
1313 -2 -1.97826
1314 -2 -1.97827
1315 -2 -1.97829
1316 -2 -1.97831
1317 -2 -1.97832
1318 -2 -1.97834
1319 -2 -1.97836
1320 -2 -1.97837
1321 -2 -1.97839
1322 -2 -1.97841
1323 -2 -1.97842
1324 -2 -1.97844
1325 -2 -1.97845
1326 -2 -1.97847
1327 -2 -1.97849
1328 -2 -1.9785
1329 -2 -1.97852
1330 -2 -1.97853
1331 -2 -1.97855
1332 -2 -1.97857
1333 -2 -1.97858
1334 -1.98 -1.97858
1335 -2 -1.9786
1336 -2 -1.97862
1337 -2 -1.97863
1338 -1.98 -1.97863
1339 -2 -1.97865
1340 -2 -1.97867
1341 -2 -1.97868
1342 -2 -1.9787
1343 -2 -1.97871
1344 -2 -1.97873
1345 -2 -1.97874
1346 -2 -1.97876
1347 -2 -1.97878
1348 -2 -1.97879
1349 -2 -1.97881
1350 -2 -1.97882
1351 -2 -1.97884
1352 -2 -1.97885
1353 -2 -1.97887
1354 -2 -1.97889
1355 -2 -1.9789
1356 -2 -1.97892
1357 -2 -1.97893
1358 -2 -1.97895
1359 -2 -1.97896
1360 -1.98 -1.97896
1361 -2 -1.97898
1362 -2 -1.97899
1363 -2 -1.97901
1364 -2 -1.97903
1365 -2 -1.97904
1366 -2 -1.97906
1367 -2 -1.97907
1368 -2 -1.97909
1369 -2 -1.9791
1370 -2 -1.97912
1371 -2 -1.97913
1372 -2 -1.97915
1373 -2 -1.97916
1374 -2 -1.97918
1375 -2 -1.97919
1376 -1.98 -1.97919
1377 -2 -1.97921
1378 -2 -1.97922
1379 -2 -1.97924
1380 -2 -1.97925
1381 -2 -1.97927
1382 -2 -1.97928
1383 -2 -1.9793
1384 -2 -1.97931
1385 -2 -1.97933
1386 -2 -1.97934
1387 -2 -1.97936
1388 -2 -1.97937
1389 -2 -1.97939
1390 -1.98 -1.97939
1391 -1.98 -1.97939
1392 -1.98 -1.97939
1393 -2 -1.9794
1394 -2 -1.97942
1395 -2 -1.97943
1396 -2 -1.97945
1397 -2 -1.97946
1398 -2 -1.97948
1399 -1.98 -1.97948
1400 -2 -1.97949
1401 -2 -1.97951
1402 -2 -1.97952
1403 -2 -1.97954
1404 -2 -1.97955
1405 -1.98 -1.97955
1406 -2 -1.97957
1407 -2 -1.97958
1408 -2 -1.9796
1409 -1.98 -1.9796
1410 -2 -1.97961
1411 -2 -1.97962
1412 -2 -1.97964
1413 -2 -1.97965
1414 -2 -1.97967
1415 -2 -1.97968
1416 -2 -1.9797
1417 -1.98 -1.9797
1418 -1.98 -1.9797
1419 -2 -1.97971
1420 -2 -1.97973
1421 -2 -1.97974
1422 -2 -1.97975
1423 -2 -1.97977
1424 -2 -1.97978
1425 -2 -1.9798
1426 -2 -1.97981
1427 -2 -1.97982
1428 -2 -1.97984
1429 -2 -1.97985
1430 -2 -1.97987
1431 -2 -1.97988
1432 -2 -1.9799
1433 -2 -1.97991
1434 -2 -1.97992
1435 -2 -1.97994
1436 -2 -1.97995
1437 -2 -1.97997
1438 -2 -1.97998
1439 -2 -1.97999
1440 -2 -1.98001
1441 -2 -1.98002
1442 -2 -1.98003
1443 -2 -1.98005
1444 -2 -1.98006
1445 -2 -1.98008
1446 -2 -1.98009
1447 -1.98 -1.98009
1448 -2 -1.9801
1449 -2 -1.98012
1450 -2 -1.98013
1451 -2 -1.98014
1452 -2 -1.98016
1453 -2 -1.98017
1454 -2 -1.98019
1455 -2 -1.9802
1456 -2 -1.98021
1457 -2 -1.98023
1458 -2 -1.98024
1459 -2 -1.98025
1460 -2 -1.98027
1461 -2 -1.98028
1462 -2 -1.98029
1463 -2 -1.98031
1464 -2 -1.98032
1465 -2 -1.98033
1466 -2 -1.98035
1467 -2 -1.98036
1468 -2 -1.98037
1469 -2 -1.98039
1470 -1.98 -1.98039
1471 -1.98 -1.98039
1472 -2 -1.9804
1473 -2 -1.98041
1474 -2 -1.98043
1475 -2 -1.98044
1476 -2 -1.98045
1477 -2 -1.98047
1478 -2 -1.98048
1479 -2 -1.98049
1480 -2 -1.98051
1481 -2 -1.98052
1482 -2 -1.98053
1483 -2 -1.98055
1484 -2 -1.98056
1485 -2 -1.98057
1486 -2 -1.98059
1487 -1.98 -1.98058
1488 -1.97 -1.98058
1489 -1.96 -1.98056
1490 -1.95 -1.98054
1491 -1.98 -1.98054
1492 -2 -1.98056
1493 -2 -1.98057
1494 -2 -1.98058
1495 -2 -1.98059
1496 -2 -1.98061
1497 -2 -1.98062
1498 -2 -1.98063
1499 -1.98 -1.98063
1500 -1.98 -1.98063
1501 -2 -1.98065
1502 -2 -1.98066
1503 -2 -1.98067
1504 -1.98 -1.98067
1505 -2 -1.98068
1506 -1.98 -1.98068
1507 -1.98 -1.98068
1508 -1.96 -1.98067
1509 -1.98 -1.98067
1510 -2 -1.98068
1511 -2 -1.98069
1512 -2 -1.98071
1513 -2 -1.98072
1514 -2 -1.98073
1515 -2 -1.98075
1516 -2 -1.98076
1517 -1.98 -1.98076
1518 -2 -1.98077
1519 -1.98 -1.98077
1520 -1.98 -1.98077
1521 -2 -1.98078
1522 -1.98 -1.98078
1523 -1.98 -1.98078
1524 -2 -1.98079
1525 -2 -1.98081
1526 -2 -1.98082
1527 -2 -1.98083
1528 -2 -1.98084
1529 -2 -1.98086
1530 -2 -1.98087
1531 -2 -1.98088
1532 -2 -1.98089
1533 -2 -1.98091
1534 -2 -1.98092
1535 -2 -1.98093
1536 -2 -1.98094
1537 -2 -1.98096
1538 -2 -1.98097
1539 -2 -1.98098
1540 -2 -1.98099
1541 -2 -1.98101
1542 -2 -1.98102
1543 -2 -1.98103
1544 -2 -1.98104
1545 -2 -1.98105
1546 -2 -1.98107
1547 -2 -1.98108
1548 -2 -1.98109
1549 -2 -1.9811
1550 -2 -1.98112
1551 -1.98 -1.98111
1552 -1.98 -1.98111
1553 -2 -1.98113
1554 -2 -1.98114
1555 -2 -1.98115
1556 -2 -1.98116
1557 -2 -1.98117
1558 -2 -1.98119
1559 -2 -1.9812
1560 -2 -1.98121
1561 -2 -1.98122
1562 -2 -1.98123
1563 -2 -1.98125
1564 -2 -1.98126
1565 -2 -1.98127
1566 -2 -1.98128
1567 -2 -1.98129
1568 -2 -1.98131
1569 -2 -1.98132
1570 -2 -1.98133
1571 -1.98 -1.98133
1572 -2 -1.98134
1573 -2 -1.98135
1574 -2 -1.98137
1575 -2 -1.98138
1576 -2 -1.98139
1577 -2 -1.9814
1578 -2 -1.98141
1579 -2 -1.98142
1580 -2 -1.98144
1581 -2 -1.98145
1582 -2 -1.98146
1583 -2 -1.98147
1584 -2 -1.98148
1585 -2 -1.98149
1586 -1.98 -1.98149
1587 -1.96 -1.98148
1588 -1.98 -1.98148
1589 -1.98 -1.98148
1590 -2 -1.98149
1591 -2 -1.9815
1592 -2 -1.98151
1593 -2 -1.98152
1594 -2 -1.98154
1595 -2 -1.98155
1596 -2 -1.98156
1597 -2 -1.98157
1598 -2 -1.98158
1599 -2 -1.98159
1600 -2 -1.98161
1601 -2 -1.98162
1602 -2 -1.98163
1603 -2 -1.98164
1604 -2 -1.98165
1605 -2 -1.98166
1606 -2 -1.98167
1607 -2 -1.98169
1608 -2 -1.9817
1609 -2 -1.98171
1610 -2 -1.98172
1611 -2 -1.98173
1612 -2 -1.98174
1613 -2 -1.98175
1614 -2 -1.98176
1615 -2 -1.98178
1616 -1.98 -1.98177
1617 -1.98 -1.98177
1618 -2 -1.98179
1619 -2 -1.9818
1620 -2 -1.98181
1621 -2 -1.98182
1622 -2 -1.98183
1623 -2 -1.98184
1624 -2 -1.98185
1625 -2 -1.98186
1626 -2 -1.98187
1627 -2 -1.98189
1628 -2 -1.9819
1629 -2 -1.98191
1630 -2 -1.98192
1631 -2 -1.98193
1632 -2 -1.98194
1633 -2 -1.98195
1634 -2 -1.98196
1635 -2 -1.98197
1636 -2 -1.98199
1637 -2 -1.982
1638 -2 -1.98201
1639 -1.98 -1.98201
1640 -1.98 -1.982
1641 -1.98 -1.982
1642 -1.98 -1.982
1643 -2 -1.98201
1644 -2 -1.98202
1645 -2 -1.98204
1646 -2 -1.98205
1647 -2 -1.98206
1648 -2 -1.98207
1649 -2 -1.98208
1650 -1.98 -1.98208
1651 -2 -1.98209
1652 -2 -1.9821
1653 -2 -1.98211
1654 -2 -1.98212
1655 -1.98 -1.98212
1656 -2 -1.98213
1657 -2 -1.98214
1658 -2 -1.98215
1659 -2 -1.98216
1660 -2 -1.98217
1661 -2 -1.98218
1662 -1.98 -1.98218
1663 -2 -1.98219
1664 -2 -1.9822
1665 -2 -1.98221
1666 -2 -1.98223
1667 -2 -1.98224
1668 -2 -1.98225
1669 -1.96 -1.98223
1670 -2 -1.98224
1671 -2 -1.98225
1672 -2 -1.98227
1673 -2 -1.98228
1674 -2 -1.98229
1675 -2 -1.9823
1676 -1.98 -1.9823
1677 -1.98 -1.98229
1678 -2 -1.9823
1679 -2 -1.98232
1680 -2 -1.98233
1681 -2 -1.98234
1682 -2 -1.98235
1683 -2 -1.98236
1684 -2 -1.98237
1685 -2 -1.98238
1686 -2 -1.98239
1687 -2 -1.9824
1688 -2 -1.98241
1689 -2 -1.98242
1690 -2 -1.98243
1691 -2 -1.98244
1692 -2 -1.98245
1693 -2 -1.98246
1694 -2 -1.98247
1695 -2 -1.98248
1696 -2 -1.98249
1697 -2 -1.9825
1698 -2 -1.98251
1699 -2 -1.98252
1700 -2 -1.98253
1701 -2 -1.98254
1702 -2 -1.98255
1703 -2 -1.98256
1704 -2 -1.98257
1705 -2 -1.98258
1706 -2 -1.9826
1707 -2 -1.98261
1708 -2 -1.98262
1709 -2 -1.98263
1710 -2 -1.98264
1711 -1.98 -1.98263
1712 -2 -1.98264
1713 -1.98 -1.98264
1714 -2 -1.98265
1715 -2 -1.98266
1716 -2 -1.98267
1717 -2 -1.98268
1718 -2 -1.98269
1719 -2 -1.9827
1720 -2 -1.98271
1721 -2 -1.98272
1722 -1.98 -1.98272
1723 -1.98 -1.98272
1724 -1.98 -1.98272
1725 -2 -1.98273
1726 -2 -1.98274
1727 -2 -1.98275
1728 -2 -1.98276
1729 -2 -1.98277
1730 -1.98 -1.98277
1731 -1.98 -1.98277
1732 -1.98 -1.98276
1733 -2 -1.98277
1734 -1.98 -1.98277
1735 -2 -1.98278
1736 -2 -1.98279
1737 -2 -1.9828
1738 -2 -1.98281
1739 -2 -1.98282
1740 -2 -1.98283
1741 -2 -1.98284
1742 -2 -1.98285
1743 -2 -1.98286
1744 -2 -1.98287
1745 -2 -1.98288
1746 -2 -1.98289
1747 -2 -1.9829
1748 -2 -1.98291
1749 -2 -1.98292
1750 -2 -1.98293
1751 -2 -1.98294
1752 -2 -1.98295
1753 -2 -1.98296
1754 -2 -1.98297
1755 -1.98 -1.98297
1756 -2 -1.98298
1757 -2 -1.98299
1758 -2 -1.983
1759 -2 -1.98301
1760 -2 -1.98302
1761 -1.98 -1.98301
1762 -2 -1.98302
1763 -2 -1.98303
1764 -2 -1.98304
1765 -2 -1.98305
1766 -2 -1.98306
1767 -2 -1.98307
1768 -2 -1.98308
1769 -2 -1.98309
1770 -1.98 -1.98309
1771 -2 -1.9831
1772 -2 -1.98311
1773 -2 -1.98312
1774 -2 -1.98313
1775 -2 -1.98314
1776 -2 -1.98315
1777 -2 -1.98316
1778 -2 -1.98316
1779 -2 -1.98317
1780 -2 -1.98318
1781 -2 -1.98319
1782 -1.98 -1.98319
1783 -2 -1.9832
1784 -2 -1.98321
1785 -2 -1.98322
1786 -2 -1.98323
1787 -2 -1.98324
1788 -2 -1.98325
1789 -2 -1.98326
1790 -2 -1.98327
1791 -2 -1.98328
1792 -2 -1.98328
1793 -2 -1.98329
1794 -2 -1.9833
1795 -2 -1.98331
1796 -2 -1.98332
1797 -2 -1.98333
1798 -2 -1.98334
1799 -2 -1.98335
1800 -2 -1.98336
1801 -2 -1.98337
1802 -2 -1.98338
1803 -2 -1.98339
1804 -2 -1.9834
1805 -2 -1.98341
1806 -2 -1.98341
1807 -2 -1.98342
1808 -2 -1.98343
1809 -2 -1.98344
1810 -2 -1.98345
1811 -2 -1.98346
1812 -2 -1.98347
1813 -2 -1.98348
1814 -2 -1.98349
1815 -2 -1.9835
1816 -1.98 -1.98349
1817 -2 -1.9835
1818 -2 -1.98351
1819 -2 -1.98352
1820 -2 -1.98353
1821 -2 -1.98354
1822 -2 -1.98355
1823 -1.98 -1.98355
1824 -1.98 -1.98355
1825 -1.98 -1.98354
1826 -2 -1.98355
1827 -2 -1.98356
1828 -2 -1.98357
1829 -2 -1.98358
1830 -2 -1.98359
1831 -2 -1.9836
1832 -2 -1.98361
1833 -1.98 -1.9836
1834 -2 -1.98361
1835 -2 -1.98362
1836 -2 -1.98363
1837 -2 -1.98364
1838 -2 -1.98365
1839 -2 -1.98366
1840 -2 -1.98367
1841 -2 -1.98368
1842 -2 -1.98368
1843 -2 -1.98369
1844 -2 -1.9837
1845 -2 -1.98371
1846 -2 -1.98372
1847 -2 -1.98373
1848 -2 -1.98374
1849 -2 -1.98375
1850 -2 -1.98375
1851 -2 -1.98376
1852 -2 -1.98377
1853 -2 -1.98378
1854 -2 -1.98379
1855 -2 -1.9838
1856 -1.98 -1.9838
1857 -2 -1.98381
1858 -2 -1.98381
1859 -2 -1.98382
1860 -2 -1.98383
1861 -2 -1.98384
1862 -1.98 -1.98384
1863 -1.98 -1.98384
1864 -2 -1.98384
1865 -2 -1.98385
1866 -2 -1.98386
1867 -2 -1.98387
1868 -2 -1.98388
1869 -2 -1.98389
1870 -2 -1.9839
1871 -2 -1.9839
1872 -2 -1.98391
1873 -2 -1.98392
1874 -2 -1.98393
1875 -2 -1.98394
1876 -2 -1.98395
1877 -2 -1.98396
1878 -2 -1.98396
1879 -2 -1.98397
1880 -2 -1.98398
1881 -2 -1.98399
1882 -2 -1.984
1883 -2 -1.98401
1884 -1.98 -1.98401
1885 -2 -1.98401
1886 -2 -1.98402
1887 -2 -1.98403
1888 -2 -1.98404
1889 -2 -1.98405
1890 -2 -1.98406
1891 -2 -1.98406
1892 -2 -1.98407
1893 -2 -1.98408
1894 -2 -1.98409
1895 -2 -1.9841
1896 -2 -1.98411
1897 -2 -1.98411
1898 -2 -1.98412
1899 -1.98 -1.98412
1900 -2 -1.98413
1901 -1.98 -1.98413
1902 -2 -1.98414
1903 -2 -1.98414
1904 -2 -1.98415
1905 -2 -1.98416
1906 -1.98 -1.98416
1907 -1.98 -1.98416
1908 -2 -1.98416
1909 -2 -1.98417
1910 -2 -1.98418
1911 -2 -1.98419
1912 -2 -1.9842
1913 -2 -1.98421
1914 -2 -1.98421
1915 -2 -1.98422
1916 -2 -1.98423
1917 -2 -1.98424
1918 -1.98 -1.98424
1919 -1.98 -1.98423
1920 -2 -1.98424
1921 -2 -1.98425
1922 -2 -1.98426
1923 -2 -1.98427
1924 -2 -1.98428
1925 -2 -1.98428
1926 -2 -1.98429
1927 -2 -1.9843
1928 -2 -1.98431
1929 -2 -1.98432
1930 -2 -1.98432
1931 -1.98 -1.98432
1932 -2 -1.98433
1933 -2 -1.98434
1934 -2 -1.98435
1935 -2 -1.98435
1936 -2 -1.98436
1937 -2 -1.98437
1938 -2 -1.98438
1939 -2 -1.98439
1940 -2 -1.98439
1941 -2 -1.9844
1942 -2 -1.98441
1943 -2 -1.98442
1944 -2 -1.98443
1945 -2 -1.98443
1946 -2 -1.98444
1947 -1.98 -1.98444
1948 -2 -1.98445
1949 -2 -1.98446
1950 -2 -1.98446
1951 -2 -1.98447
1952 -2 -1.98448
1953 -2 -1.98449
1954 -2 -1.9845
1955 -2 -1.9845
1956 -2 -1.98451
1957 -2 -1.98452
1958 -2 -1.98453
1959 -2 -1.98454
1960 -2 -1.98454
1961 -2 -1.98455
1962 -2 -1.98456
1963 -2 -1.98457
1964 -2 -1.98458
1965 -2 -1.98458
1966 -1.98 -1.98458
1967 -1.98 -1.98458
1968 -2 -1.98459
1969 -2 -1.98459
1970 -2 -1.9846
1971 -2 -1.98461
1972 -2 -1.98462
1973 -2 -1.98463
1974 -2 -1.98463
1975 -2 -1.98464
1976 -2 -1.98465
1977 -2 -1.98466
1978 -2 -1.98466
1979 -2 -1.98467
1980 -2 -1.98468
1981 -2 -1.98469
1982 -2 -1.98469
1983 -2 -1.9847
1984 -2 -1.98471
1985 -2 -1.98472
1986 -1.98 -1.98472
1987 -1.98 -1.98471
1988 -2 -1.98472
1989 -2 -1.98473
1990 -2 -1.98474
1991 -2 -1.98474
1992 -2 -1.98475
1993 -2 -1.98476
1994 -2 -1.98477
1995 -2 -1.98477
1996 -2 -1.98478
1997 -2 -1.98479
1998 -2 -1.9848
1999 -2 -1.98481
2000 -2 -1.98481
2001 -2 -1.98482
2002 -2 -1.98483
2003 -2 -1.98484
2004 -2 -1.98484
2005 -2 -1.98485
2006 -2 -1.98486
2007 -2 -1.98487
2008 -2 -1.98487
2009 -2 -1.98488
2010 -2 -1.98489
2011 -2 -1.9849
2012 -2 -1.9849
2013 -2 -1.98491
2014 -1.98 -1.98491
2015 -2 -1.98492
2016 -2 -1.98492
2017 -2 -1.98493
2018 -2 -1.98494
2019 -2 -1.98495
2020 -2 -1.98495
2021 -2 -1.98496
2022 -1.96 -1.98495
2023 -2 -1.98496
2024 -2 -1.98496
2025 -2 -1.98497
2026 -2 -1.98498
2027 -2 -1.98499
2028 -2 -1.98499
2029 -2 -1.985
2030 -2 -1.98501
2031 -2 -1.98501
2032 -2 -1.98502
2033 -2 -1.98503
2034 -2 -1.98504
2035 -2 -1.98504
2036 -2 -1.98505
2037 -2 -1.98506
2038 -2 -1.98507
2039 -2 -1.98507
2040 -2 -1.98508
2041 -2 -1.98509
2042 -2 -1.9851
2043 -2 -1.9851
2044 -2 -1.98511
2045 -2 -1.98512
2046 -2 -1.98512
2047 -2 -1.98513
2048 -2 -1.98514
2049 -1.98 -1.98514
2050 -1.98 -1.98513
2051 -2 -1.98514
2052 -2 -1.98515
2053 -2 -1.98516
2054 -2 -1.98516
2055 -2 -1.98517
2056 -2 -1.98518
2057 -2 -1.98518
2058 -2 -1.98519
2059 -2 -1.9852
2060 -2 -1.98521
2061 -2 -1.98521
2062 -2 -1.98522
2063 -2 -1.98523
2064 -1.98 -1.98523
2065 -2 -1.98523
2066 -2 -1.98524
2067 -1.98 -1.98524
2068 -1.98 -1.98523
2069 -2 -1.98524
2070 -2 -1.98525
2071 -2 -1.98526
2072 -2 -1.98526
2073 -2 -1.98527
2074 -2 -1.98528
2075 -2 -1.98528
2076 -2 -1.98529
2077 -1.98 -1.98529
2078 -2 -1.9853
2079 -2 -1.9853
2080 -2 -1.98531
2081 -2 -1.98532
2082 -2 -1.98532
2083 -2 -1.98533
2084 -2 -1.98534
2085 -2 -1.98535
2086 -2 -1.98535
2087 -2 -1.98536
2088 -2 -1.98537
2089 -1.98 -1.98536
2090 -2 -1.98537
2091 -1.98 -1.98537
2092 -2 -1.98538
2093 -2 -1.98538
2094 -2 -1.98539
2095 -2 -1.9854
2096 -2 -1.9854
2097 -2 -1.98541
2098 -2 -1.98542
2099 -2 -1.98542
2100 -2 -1.98543
2101 -2 -1.98544
2102 -2 -1.98544
2103 -2 -1.98545
2104 -2 -1.98546
2105 -2 -1.98547
2106 -2 -1.98547
2107 -1.98 -1.98547
2108 -2 -1.98548
2109 -2 -1.98548
2110 -2 -1.98549
2111 -2 -1.9855
2112 -2 -1.9855
2113 -2 -1.98551
2114 -1.98 -1.98551
2115 -2 -1.98552
2116 -2 -1.98552
2117 -2 -1.98553
2118 -2 -1.98554
2119 -2 -1.98554
2120 -1.98 -1.98554
2121 -1.98 -1.98554
2122 -2 -1.98554
2123 -1.98 -1.98554
2124 -1.98 -1.98554
2125 -2 -1.98555
2126 -2 -1.98555
2127 -2 -1.98556
2128 -1.98 -1.98556
2129 -2 -1.98556
2130 -1.97 -1.98556
2131 -1.98 -1.98555
2132 -1.98 -1.98555
2133 -1.98 -1.98555
2134 -2 -1.98556
2135 -2 -1.98556
2136 -2 -1.98557
2137 -2 -1.98558
2138 -2 -1.98558
2139 -2 -1.98559
2140 -2 -1.9856
2141 -2 -1.9856
2142 -1.98 -1.9856
2143 -1.98 -1.9856
2144 -2 -1.9856
2145 -2 -1.98561
2146 -2 -1.98562
2147 -2 -1.98562
2148 -2 -1.98563
2149 -1.98 -1.98563
2150 -2 -1.98563
2151 -2 -1.98564
2152 -2 -1.98565
2153 -2 -1.98565
2154 -2 -1.98566
2155 -2 -1.98567
2156 -2 -1.98567
2157 -2 -1.98568
2158 -2 -1.98569
2159 -2 -1.98569
2160 -2 -1.9857
2161 -2 -1.98571
2162 -2 -1.98571
2163 -2 -1.98572
2164 -2 -1.98573
2165 -2 -1.98573
2166 -2 -1.98574
2167 -2 -1.98575
2168 -1.98 -1.98574
2169 -2 -1.98575
2170 -2 -1.98576
2171 -2 -1.98576
2172 -2 -1.98577
2173 -2 -1.98578
2174 -2 -1.98578
2175 -2 -1.98579
2176 -2 -1.9858
2177 -2 -1.9858
2178 -2 -1.98581
2179 -2 -1.98582
2180 -2 -1.98582
2181 -2 -1.98583
2182 -2 -1.98584
2183 -2 -1.98584
2184 -2 -1.98585
2185 -2 -1.98586
2186 -2 -1.98586
2187 -2 -1.98587
2188 -2 -1.98587
2189 -2 -1.98588
2190 -2 -1.98589
2191 -2 -1.98589
2192 -2 -1.9859
2193 -2 -1.98591
2194 -2 -1.98591
2195 -2 -1.98592
2196 -2 -1.98593
2197 -2 -1.98593
2198 -2 -1.98594
2199 -2 -1.98595
2200 -2 -1.98595
2201 -2 -1.98596
2202 -2 -1.98596
2203 -2 -1.98597
2204 -2 -1.98598
2205 -2 -1.98598
2206 -2 -1.98599
2207 -2 -1.986
2208 -2 -1.986
2209 -2 -1.98601
2210 -1.98 -1.98601
2211 -2 -1.98601
2212 -2 -1.98602
2213 -2 -1.98603
2214 -2 -1.98603
2215 -2 -1.98604
2216 -2 -1.98604
2217 -1.98 -1.98604
2218 -1.96 -1.98603
2219 -2 -1.98604
2220 -2 -1.98604
2221 -2 -1.98605
2222 -2 -1.98605
2223 -2 -1.98606
2224 -2 -1.98607
2225 -2 -1.98607
2226 -2 -1.98608
2227 -2 -1.98609
2228 -2 -1.98609
2229 -2 -1.9861
2230 -2 -1.9861
2231 -2 -1.98611
2232 -2 -1.98612
2233 -2 -1.98612
2234 -2 -1.98613
2235 -2 -1.98614
2236 -2 -1.98614
2237 -2 -1.98615
2238 -2 -1.98615
2239 -2 -1.98616
2240 -2 -1.98617
2241 -2 -1.98617
2242 -2 -1.98618
2243 -1.98 -1.98618
2244 -2 -1.98618
2245 -2 -1.98619
2246 -2 -1.98619
2247 -2 -1.9862
2248 -2 -1.98621
2249 -2 -1.98621
2250 -2 -1.98622
2251 -2 -1.98623
2252 -2 -1.98623
2253 -1.98 -1.98623
2254 -1.98 -1.98623
2255 -2 -1.98623
2256 -2 -1.98624
2257 -2 -1.98624
2258 -2 -1.98625
2259 -2 -1.98626
2260 -2 -1.98626
2261 -2 -1.98627
2262 -2 -1.98627
2263 -2 -1.98628
2264 -2 -1.98629
2265 -2 -1.98629
2266 -2 -1.9863
2267 -2 -1.98631
2268 -1.98 -1.9863
2269 -1.98 -1.9863
2270 -1.98 -1.9863
2271 -2 -1.9863
2272 -2 -1.98631
2273 -2 -1.98631
2274 -2 -1.98632
2275 -2 -1.98633
2276 -2 -1.98633
2277 -2 -1.98634
2278 -2 -1.98634
2279 -2 -1.98635
2280 -2 -1.98636
2281 -2 -1.98636
2282 -2 -1.98637
2283 -2 -1.98637
2284 -2 -1.98638
2285 -2 -1.98639
2286 -2 -1.98639
2287 -2 -1.9864
2288 -2 -1.9864
2289 -1.98 -1.9864
2290 -1.98 -1.9864
2291 -1.98 -1.9864
2292 -1.98 -1.98639
2293 -2 -1.9864
2294 -2 -1.98641
2295 -2 -1.98641
2296 -2 -1.98642
2297 -2 -1.98642
2298 -2 -1.98643
2299 -2 -1.98643
2300 -2 -1.98644
2301 -2 -1.98645
2302 -2 -1.98645
2303 -2 -1.98646
2304 -2 -1.98646
2305 -2 -1.98647
2306 -2 -1.98648
2307 -2 -1.98648
2308 -2 -1.98649
2309 -2 -1.98649
2310 -2 -1.9865
2311 -2 -1.98651
2312 -1.98 -1.9865
2313 -2 -1.98651
2314 -2 -1.98651
2315 -2 -1.98652
2316 -1.98 -1.98652
2317 -2 -1.98652
2318 -2 -1.98653
2319 -2 -1.98653
2320 -2 -1.98654
2321 -2 -1.98655
2322 -2 -1.98655
2323 -2 -1.98656
2324 -2 -1.98656
2325 -2 -1.98657
2326 -2 -1.98657
2327 -2 -1.98658
2328 -2 -1.98659
2329 -2 -1.98659
2330 -2 -1.9866
2331 -2 -1.9866
2332 -2 -1.98661
2333 -2 -1.98662
2334 -2 -1.98662
2335 -1.98 -1.98662
2336 -1.98 -1.98662
2337 -2 -1.98662
2338 -2 -1.98663
2339 -2 -1.98663
2340 -2 -1.98664
2341 -2 -1.98664
2342 -2 -1.98665
2343 -2 -1.98666
2344 -2 -1.98666
2345 -2 -1.98667
2346 -2 -1.98667
2347 -2 -1.98668
2348 -2 -1.98668
2349 -1.98 -1.98668
2350 -2 -1.98669
2351 -2 -1.98669
2352 -2 -1.9867
2353 -2 -1.9867
2354 -2 -1.98671
2355 -2 -1.98671
2356 -2 -1.98672
2357 -2 -1.98673
2358 -2 -1.98673
2359 -2 -1.98674
2360 -2 -1.98674
2361 -1.98 -1.98674
2362 -2 -1.98675
2363 -1.98 -1.98674
2364 -2 -1.98675
2365 -2 -1.98675
2366 -2 -1.98676
2367 -2 -1.98677
2368 -2 -1.98677
2369 -2 -1.98678
2370 -2 -1.98678
2371 -2 -1.98679
2372 -2 -1.98679
2373 -2 -1.9868
2374 -2 -1.9868
2375 -2 -1.98681
2376 -1.98 -1.98681
2377 -2 -1.98681
2378 -2 -1.98682
2379 -2 -1.98682
2380 -2 -1.98683
2381 -2 -1.98683
2382 -2 -1.98684
2383 -2 -1.98685
2384 -2 -1.98685
2385 -2 -1.98686
2386 -2 -1.98686
2387 -2 -1.98687
2388 -1.98 -1.98686
2389 -1.98 -1.98686
2390 -1.98 -1.98686
2391 -2 -1.98686
2392 -2 -1.98687
2393 -2 -1.98688
2394 -2 -1.98688
2395 -2 -1.98689
2396 -2 -1.98689
2397 -2 -1.9869
2398 -1.98 -1.98689
2399 -2 -1.9869
2400 -2 -1.98691
2401 -2 -1.98691
2402 -2 -1.98692
2403 -2 -1.98692
2404 -2 -1.98693
2405 -2 -1.98693
2406 -2 -1.98694
2407 -2 -1.98694
2408 -2 -1.98695
2409 -2 -1.98695
2410 -2 -1.98696
2411 -2 -1.98697
2412 -2 -1.98697
2413 -2 -1.98698
2414 -2 -1.98698
2415 -2 -1.98699
2416 -2 -1.98699
2417 -2 -1.987
2418 -2 -1.987
2419 -2 -1.98701
2420 -2 -1.98701
2421 -2 -1.98702
2422 -2 -1.98702
2423 -2 -1.98703
2424 -2 -1.98704
2425 -1.98 -1.98703
2426 -2 -1.98704
2427 -2 -1.98704
2428 -1.97 -1.98704
2429 -2 -1.98704
2430 -2 -1.98705
2431 -2 -1.98705
2432 -2 -1.98706
2433 -1.98 -1.98705
2434 -2 -1.98706
2435 -2 -1.98706
2436 -1.98 -1.98706
2437 -1.98 -1.98706
2438 -2 -1.98706
2439 -2 -1.98707
2440 -2 -1.98707
2441 -2 -1.98708
2442 -2 -1.98709
2443 -2 -1.98709
2444 -2 -1.9871
2445 -2 -1.9871
2446 -2 -1.98711
2447 -2 -1.98711
2448 -2 -1.98712
2449 -2 -1.98712
2450 -2 -1.98713
2451 -1.98 -1.98712
2452 -2 -1.98713
2453 -2 -1.98714
2454 -2 -1.98714
2455 -2 -1.98715
2456 -2 -1.98715
2457 -2 -1.98716
2458 -1.98 -1.98715
2459 -2 -1.98716
2460 -2 -1.98716
2461 -2 -1.98717
2462 -2 -1.98717
2463 -2 -1.98718
2464 -2 -1.98718
2465 -2 -1.98719
2466 -2 -1.98719
2467 -1.98 -1.98719
2468 -2 -1.9872
2469 -2 -1.9872
2470 -1.98 -1.9872
2471 -1.98 -1.9872
2472 -2 -1.9872
2473 -2 -1.98721
2474 -2 -1.98721
2475 -2 -1.98722
2476 -2 -1.98722
2477 -2 -1.98723
2478 -2 -1.98723
2479 -2 -1.98724
2480 -2 -1.98724
2481 -2 -1.98725
2482 -2 -1.98725
2483 -2 -1.98726
2484 -2 -1.98726
2485 -2 -1.98727
2486 -2 -1.98727
2487 -2 -1.98728
2488 -2 -1.98728
2489 -2 -1.98729
2490 -2 -1.98729
2491 -2 -1.9873
2492 -2 -1.9873
2493 -2 -1.98731
2494 -2 -1.98731
2495 -2 -1.98732
2496 -2 -1.98732
2497 -2 -1.98733
2498 -2 -1.98733
2499 -2 -1.98734
2500 -1.98 -1.98734
2501 -1.98 -1.98733
2502 -2 -1.98734
2503 -2 -1.98734
2504 -2 -1.98735
2505 -2 -1.98735
2506 -2 -1.98736
2507 -2 -1.98736
2508 -2 -1.98737
2509 -2 -1.98737
2510 -2 -1.98738
2511 -2 -1.98738
2512 -2 -1.98739
2513 -2 -1.98739
2514 -2 -1.9874
2515 -2 -1.9874
2516 -2 -1.98741
2517 -1.98 -1.98741
2518 -2 -1.98741
2519 -2 -1.98742
2520 -2 -1.98742
2521 -2 -1.98743
2522 -2 -1.98743
2523 -2 -1.98744
2524 -2 -1.98744
2525 -2 -1.98745
2526 -2 -1.98745
2527 -2 -1.98746
2528 -2 -1.98746
2529 -2 -1.98747
2530 -2 -1.98747
2531 -2 -1.98748
2532 -2 -1.98748
2533 -2 -1.98749
2534 -2 -1.98749
2535 -2 -1.9875
2536 -2 -1.9875
2537 -1.98 -1.9875
2538 -2 -1.9875
2539 -2 -1.98751
2540 -2 -1.98751
2541 -2 -1.98752
2542 -1.98 -1.98751
2543 -2 -1.98752
2544 -2 -1.98752
2545 -2 -1.98753
2546 -2 -1.98753
2547 -2 -1.98754
2548 -2 -1.98754
2549 -2 -1.98755
2550 -2 -1.98755
2551 -2 -1.98756
2552 -2 -1.98756
2553 -2 -1.98757
2554 -2 -1.98757
2555 -2 -1.98758
2556 -1.98 -1.98758
2557 -1.98 -1.98757
2558 -1.98 -1.98757
2559 -1.98 -1.98757
2560 -2 -1.98757
2561 -2 -1.98758
2562 -2 -1.98758
2563 -2 -1.98759
2564 -2 -1.98759
2565 -2 -1.9876
2566 -2 -1.9876
2567 -2 -1.98761
2568 -2 -1.98761
2569 -2 -1.98761
2570 -2 -1.98762
2571 -2 -1.98762
2572 -2 -1.98763
2573 -1.98 -1.98763
2574 -2 -1.98763
2575 -2 -1.98764
2576 -2 -1.98764
2577 -2 -1.98765
2578 -2 -1.98765
2579 -2 -1.98766
2580 -2 -1.98766
2581 -2 -1.98766
2582 -2 -1.98767
2583 -2 -1.98767
2584 -1.98 -1.98767
2585 -2 -1.98768
2586 -2 -1.98768
2587 -2 -1.98769
2588 -2 -1.98769
2589 -2 -1.98769
2590 -1.98 -1.98769
2591 -1.96 -1.98768
2592 -2 -1.98769
2593 -1.98 -1.98768
2594 -1.98 -1.98768
2595 -1.98 -1.98768
2596 -2 -1.98768
2597 -2 -1.98769
2598 -2 -1.98769
2599 -2 -1.9877
2600 -2 -1.9877
2601 -2 -1.98771
2602 -2 -1.98771
2603 -2 -1.98772
2604 -2 -1.98772
2605 -2 -1.98772
2606 -2 -1.98773
2607 -2 -1.98773
2608 -2 -1.98774
2609 -2 -1.98774
2610 -2 -1.98775
2611 -2 -1.98775
2612 -2 -1.98776
2613 -2 -1.98776
2614 -2 -1.98777
2615 -2 -1.98777
2616 -2 -1.98778
2617 -1.98 -1.98777
2618 -1.98 -1.98777
2619 -1.98 -1.98777
2620 -1.98 -1.98776
2621 -1.98 -1.98776
2622 -1.98 -1.98776
2623 -2 -1.98776
2624 -2 -1.98777
2625 -2 -1.98777
2626 -2 -1.98778
2627 -2 -1.98778
2628 -2 -1.98779
2629 -2 -1.98779
2630 -1.98 -1.98779
2631 -1.98 -1.98778
2632 -1.98 -1.98778
2633 -1.97 -1.98778
2634 -1.97 -1.98777
2635 -2 -1.98777
2636 -2 -1.98778
2637 -2 -1.98778
2638 -2 -1.98779
2639 -2 -1.98779
2640 -2 -1.9878
2641 -2 -1.9878
2642 -2 -1.98781
2643 -2 -1.98781
2644 -2 -1.98781
2645 -2 -1.98782
2646 -2 -1.98782
2647 -2 -1.98783
2648 -1.98 -1.98783
2649 -1.98 -1.98782
2650 -2 -1.98783
2651 -1.98 -1.98782
2652 -2 -1.98783
2653 -2 -1.98783
2654 -1.98 -1.98783
2655 -2 -1.98784
2656 -2 -1.98784
2657 -2 -1.98784
2658 -2 -1.98785
2659 -2 -1.98785
2660 -2 -1.98786
2661 -2 -1.98786
2662 -2 -1.98787
2663 -2 -1.98787
2664 -2 -1.98788
2665 -2 -1.98788
2666 -2 -1.98789
2667 -2 -1.98789
2668 -2 -1.98789
2669 -2 -1.9879
2670 -2 -1.9879
2671 -2 -1.98791
2672 -2 -1.98791
2673 -2 -1.98792
2674 -2 -1.98792
2675 -2 -1.98793
2676 -2 -1.98793
2677 -2 -1.98794
2678 -2 -1.98794
2679 -2 -1.98794
2680 -2 -1.98795
2681 -1.98 -1.98795
2682 -2 -1.98795
2683 -1.98 -1.98795
2684 -2 -1.98795
2685 -2 -1.98796
2686 -2 -1.98796
2687 -2 -1.98797
2688 -2 -1.98797
2689 -2 -1.98797
2690 -1.98 -1.98797
2691 -2 -1.98798
2692 -2 -1.98798
2693 -2 -1.98798
2694 -2 -1.98799
2695 -2 -1.98799
2696 -2 -1.988
2697 -2 -1.988
2698 -2 -1.98801
2699 -2 -1.98801
2700 -2 -1.98802
2701 -2 -1.98802
2702 -2 -1.98802
2703 -2 -1.98803
2704 -2 -1.98803
2705 -2 -1.98804
2706 -2 -1.98804
2707 -2 -1.98805
2708 -2 -1.98805
2709 -2 -1.98806
2710 -2 -1.98806
2711 -2 -1.98806
2712 -2 -1.98807
2713 -2 -1.98807
2714 -2 -1.98808
2715 -2 -1.98808
2716 -2 -1.98809
2717 -2 -1.98809
2718 -1.98 -1.98809
2719 -2 -1.98809
2720 -2 -1.9881
2721 -2 -1.9881
2722 -2 -1.98811
2723 -2 -1.98811
2724 -2 -1.98811
2725 -2 -1.98812
2726 -2 -1.98812
2727 -2 -1.98813
2728 -2 -1.98813
2729 -2 -1.98814
2730 -1.98 -1.98813
2731 -2 -1.98814
2732 -2 -1.98814
2733 -2 -1.98815
2734 -2 -1.98815
2735 -1.98 -1.98815
2736 -2 -1.98815
2737 -2 -1.98816
2738 -2 -1.98816
2739 -2 -1.98816
2740 -2 -1.98817
2741 -1.98 -1.98817
2742 -1.98 -1.98816
2743 -2 -1.98817
2744 -2 -1.98817
2745 -2 -1.98818
2746 -2 -1.98818
2747 -2 -1.98818
2748 -1.98 -1.98818
2749 -2 -1.98819
2750 -2 -1.98819
2751 -2 -1.98819
2752 -2 -1.9882
2753 -2 -1.9882
2754 -2 -1.98821
2755 -2 -1.98821
2756 -2 -1.98822
2757 -2 -1.98822
2758 -2 -1.98822
2759 -2 -1.98823
2760 -2 -1.98823
2761 -2 -1.98824
2762 -2 -1.98824
2763 -2 -1.98825
2764 -2 -1.98825
2765 -2 -1.98825
2766 -2 -1.98826
2767 -2 -1.98826
2768 -2 -1.98827
2769 -2 -1.98827
2770 -2 -1.98827
2771 -2 -1.98828
2772 -2 -1.98828
2773 -2 -1.98829
2774 -2 -1.98829
2775 -2 -1.9883
2776 -2 -1.9883
2777 -2 -1.9883
2778 -1.98 -1.9883
2779 -2 -1.98831
2780 -2 -1.98831
2781 -2 -1.98831
2782 -2 -1.98832
2783 -2 -1.98832
2784 -1.98 -1.98832
2785 -1.98 -1.98832
2786 -2 -1.98832
2787 -2 -1.98832
2788 -2 -1.98833
2789 -2 -1.98833
2790 -2 -1.98834
2791 -2 -1.98834
2792 -2 -1.98835
2793 -2 -1.98835
2794 -2 -1.98835
2795 -2 -1.98836
2796 -2 -1.98836
2797 -2 -1.98837
2798 -2 -1.98837
2799 -1.98 -1.98837
2800 -1.98 -1.98836
2801 -2 -1.98837
2802 -2 -1.98837
2803 -2 -1.98838
2804 -2 -1.98838
2805 -2 -1.98839
2806 -2 -1.98839
2807 -2 -1.98839
2808 -2 -1.9884
2809 -2 -1.9884
2810 -2 -1.98841
2811 -2 -1.98841
2812 -2 -1.98841
2813 -2 -1.98842
2814 -2 -1.98842
2815 -2 -1.98843
2816 -2 -1.98843
2817 -2 -1.98844
2818 -2 -1.98844
2819 -2 -1.98844
2820 -2 -1.98845
2821 -1.98 -1.98844
2822 -1.98 -1.98844
2823 -2 -1.98845
2824 -2 -1.98845
2825 -1.98 -1.98845
2826 -2 -1.98845
2827 -2 -1.98845
2828 -2 -1.98846
2829 -1.98 -1.98846
2830 -1.98 -1.98845
2831 -2 -1.98846
2832 -2 -1.98846
2833 -2 -1.98847
2834 -2 -1.98847
2835 -2 -1.98847
2836 -2 -1.98848
2837 -2 -1.98848
2838 -1.96 -1.98847
2839 -1.96 -1.98846
2840 -1.98 -1.98846
2841 -1.98 -1.98846
2842 -2 -1.98846
2843 -2 -1.98846
2844 -2 -1.98847
2845 -2 -1.98847
2846 -2 -1.98848
2847 -2 -1.98848
2848 -2 -1.98848
2849 -2 -1.98849
2850 -1.98 -1.98848
2851 -2 -1.98849
2852 -2 -1.98849
2853 -2 -1.9885
2854 -2 -1.9885
2855 -2 -1.9885
2856 -2 -1.98851
2857 -1.98 -1.98851
2858 -2 -1.98851
2859 -2 -1.98851
2860 -2 -1.98852
2861 -2 -1.98852
2862 -2 -1.98853
2863 -2 -1.98853
2864 -2 -1.98853
2865 -2 -1.98854
2866 -2 -1.98854
2867 -2 -1.98855
2868 -1.98 -1.98854
2869 -2 -1.98855
2870 -2 -1.98855
2871 -2 -1.98856
2872 -2 -1.98856
2873 -2 -1.98856
2874 -2 -1.98857
2875 -2 -1.98857
2876 -2 -1.98857
2877 -2 -1.98858
2878 -2 -1.98858
2879 -2 -1.98859
2880 -2 -1.98859
2881 -2 -1.98859
2882 -2 -1.9886
2883 -2 -1.9886
2884 -2 -1.98861
2885 -2 -1.98861
2886 -2 -1.98861
2887 -2 -1.98862
2888 -2 -1.98862
2889 -2 -1.98863
2890 -2 -1.98863
2891 -2 -1.98863
2892 -2 -1.98864
2893 -2 -1.98864
2894 -2 -1.98865
2895 -2 -1.98865
2896 -2 -1.98865
2897 -2 -1.98866
2898 -2 -1.98866
2899 -2 -1.98867
2900 -2 -1.98867
2901 -2 -1.98867
2902 -2 -1.98868
2903 -2 -1.98868
2904 -2 -1.98869
2905 -2 -1.98869
2906 -2 -1.98869
2907 -2 -1.9887
2908 -2 -1.9887
2909 -2 -1.9887
2910 -2 -1.98871
2911 -1.98 -1.98871
2912 -1.98 -1.9887
2913 -2 -1.98871
2914 -2 -1.98871
2915 -2 -1.98871
2916 -1.98 -1.98871
2917 -2 -1.98871
2918 -2 -1.98872
2919 -2 -1.98872
2920 -2 -1.98873
2921 -2 -1.98873
2922 -2 -1.98873
2923 -2 -1.98874
2924 -2 -1.98874
2925 -2 -1.98875
2926 -2 -1.98875
2927 -2 -1.98875
2928 -2 -1.98876
2929 -2 -1.98876
2930 -2 -1.98876
2931 -2 -1.98877
2932 -2 -1.98877
2933 -2 -1.98878
2934 -2 -1.98878
2935 -2 -1.98878
2936 -2 -1.98879
2937 -2 -1.98879
2938 -2 -1.9888
2939 -2 -1.9888
2940 -2 -1.9888
2941 -2 -1.98881
2942 -2 -1.98881
2943 -2 -1.98881
2944 -2 -1.98882
2945 -2 -1.98882
2946 -2 -1.98883
2947 -1.98 -1.98882
2948 -2 -1.98883
2949 -2 -1.98883
2950 -1.96 -1.98882
2951 -1.98 -1.98882
2952 -2 -1.98882
2953 -2 -1.98883
2954 -2 -1.98883
2955 -2 -1.98883
2956 -2 -1.98884
2957 -2 -1.98884
2958 -2 -1.98884
2959 -2 -1.98885
2960 -2 -1.98885
2961 -2 -1.98886
2962 -2 -1.98886
2963 -2 -1.98886
2964 -1.98 -1.98886
2965 -1.98 -1.98886
2966 -2 -1.98886
2967 -2 -1.98886
2968 -2 -1.98887
2969 -1.98 -1.98887
2970 -2 -1.98887
2971 -2 -1.98887
2972 -1.98 -1.98887
2973 -2 -1.98887
2974 -2 -1.98888
2975 -2 -1.98888
2976 -2 -1.98888
2977 -2 -1.98889
2978 -2 -1.98889
2979 -2 -1.9889
2980 -2 -1.9889
2981 -1.98 -1.9889
2982 -2 -1.9889
2983 -2 -1.9889
2984 -2 -1.98891
2985 -2 -1.98891
2986 -1.98 -1.98891
2987 -2 -1.98891
2988 -2 -1.98892
2989 -2 -1.98892
2990 -2 -1.98892
2991 -2 -1.98893
2992 -2 -1.98893
2993 -1.98 -1.98893
2994 -2 -1.98893
2995 -1.98 -1.98893
2996 -1.98 -1.98893
2997 -2 -1.98893
2998 -2 -1.98893
2999 -1.98 -1.98893
3000 -2 -1.98893
3001 -1.98 -1.98893
3002 -1.98 -1.98893
3003 -1.98 -1.98892
3004 -2 -1.98893
3005 -2 -1.98893
3006 -1.96 -1.98892
3007 -1.98 -1.98892
3008 -1.98 -1.98892
3009 -2 -1.98892
3010 -2 -1.98892
3011 -2 -1.98893
3012 -2 -1.98893
3013 -2 -1.98893
3014 -2 -1.98894
3015 -1.98 -1.98894
3016 -2 -1.98894
3017 -2 -1.98894
3018 -1.98 -1.98894
3019 -1.98 -1.98894
3020 -1.98 -1.98893
3021 -2 -1.98894
3022 -2 -1.98894
3023 -2 -1.98895
3024 -2 -1.98895
3025 -1.98 -1.98895
3026 -2 -1.98895
3027 -2 -1.98895
3028 -2 -1.98896
3029 -2 -1.98896
3030 -2 -1.98896
3031 -2 -1.98897
3032 -2 -1.98897
3033 -2 -1.98897
3034 -2 -1.98898
3035 -2 -1.98898
3036 -2 -1.98899
3037 -2 -1.98899
3038 -2 -1.98899
3039 -2 -1.989
3040 -2 -1.989
3041 -2 -1.989
3042 -2 -1.98901
3043 -2 -1.98901
3044 -2 -1.98901
3045 -2 -1.98902
3046 -2 -1.98902
3047 -2 -1.98903
3048 -2 -1.98903
3049 -2 -1.98903
3050 -2 -1.98904
3051 -2 -1.98904
3052 -2 -1.98904
3053 -2 -1.98905
3054 -2 -1.98905
3055 -2 -1.98905
3056 -1.98 -1.98905
3057 -1.98 -1.98905
3058 -2 -1.98905
3059 -2 -1.98906
3060 -2 -1.98906
3061 -2 -1.98906
3062 -2 -1.98907
3063 -2 -1.98907
3064 -2 -1.98907
3065 -2 -1.98908
3066 -2 -1.98908
3067 -2 -1.98908
3068 -2 -1.98909
3069 -2 -1.98909
3070 -1.98 -1.98909
3071 -1.95 -1.98908
3072 -1.98 -1.98907
3073 -1.98 -1.98907
3074 -2 -1.98907
3075 -2 -1.98908
3076 -2 -1.98908
3077 -2 -1.98908
3078 -2 -1.98909
3079 -1.98 -1.98908
3080 -2 -1.98909
3081 -2 -1.98909
3082 -2 -1.9891
3083 -2 -1.9891
3084 -2 -1.9891
3085 -2 -1.98911
3086 -2 -1.98911
3087 -2 -1.98911
3088 -2 -1.98912
3089 -2 -1.98912
3090 -2 -1.98912
3091 -2 -1.98913
3092 -2 -1.98913
3093 -2 -1.98913
3094 -2 -1.98914
3095 -1.98 -1.98913
3096 -1.98 -1.98913
3097 -2 -1.98913
3098 -2 -1.98914
3099 -2 -1.98914
3100 -2 -1.98915
3101 -2 -1.98915
3102 -2 -1.98915
3103 -2 -1.98916
3104 -2 -1.98916
3105 -2 -1.98916
3106 -2 -1.98917
3107 -2 -1.98917
3108 -2 -1.98917
3109 -2 -1.98918
3110 -2 -1.98918
3111 -2 -1.98918
3112 -2 -1.98919
3113 -2 -1.98919
3114 -1.98 -1.98919
3115 -2 -1.98919
3116 -2 -1.98919
3117 -1.98 -1.98919
3118 -2 -1.9892
3119 -2 -1.9892
3120 -2 -1.9892
3121 -2 -1.98921
3122 -2 -1.98921
3123 -2 -1.98921
3124 -2 -1.98922
3125 -2 -1.98922
3126 -2 -1.98922
3127 -2 -1.98923
3128 -2 -1.98923
3129 -2 -1.98923
3130 -2 -1.98924
3131 -2 -1.98924
3132 -2 -1.98924
3133 -2 -1.98925
3134 -2 -1.98925
3135 -2 -1.98925
3136 -2 -1.98926
3137 -1.98 -1.98925
3138 -2 -1.98926
3139 -2 -1.98926
3140 -2 -1.98926
3141 -2 -1.98927
3142 -2 -1.98927
3143 -2 -1.98927
3144 -2 -1.98928
3145 -1.98 -1.98928
3146 -1.98 -1.98927
3147 -2 -1.98928
3148 -2 -1.98928
3149 -2 -1.98928
3150 -1.98 -1.98928
3151 -1.98 -1.98928
3152 -2 -1.98928
3153 -2 -1.98928
3154 -2 -1.98929
3155 -2 -1.98929
3156 -2 -1.98929
3157 -2 -1.9893
3158 -2 -1.9893
3159 -2 -1.9893
3160 -2 -1.98931
3161 -1.98 -1.9893
3162 -2 -1.98931
3163 -2 -1.98931
3164 -2 -1.98931
3165 -2 -1.98932
3166 -2 -1.98932
3167 -2 -1.98932
3168 -2 -1.98933
3169 -2 -1.98933
3170 -2 -1.98933
3171 -2 -1.98934
3172 -2 -1.98934
3173 -2 -1.98934
3174 -2 -1.98935
3175 -2 -1.98935
3176 -2 -1.98935
3177 -2 -1.98936
3178 -2 -1.98936
3179 -2 -1.98936
3180 -2 -1.98937
3181 -2 -1.98937
3182 -2 -1.98937
3183 -2 -1.98938
3184 -2 -1.98938
3185 -2 -1.98938
3186 -2 -1.98939
3187 -2 -1.98939
3188 -2 -1.98939
3189 -2 -1.9894
3190 -2 -1.9894
3191 -2 -1.9894
3192 -2 -1.98941
3193 -2 -1.98941
3194 -2 -1.98941
3195 -2 -1.98942
3196 -2 -1.98942
3197 -2 -1.98942
3198 -2 -1.98943
3199 -2 -1.98943
3200 -2 -1.98943
3201 -2 -1.98944
3202 -2 -1.98944
3203 -2 -1.98944
3204 -2 -1.98945
3205 -2 -1.98945
3206 -2 -1.98945
3207 -2 -1.98946
3208 -2 -1.98946
3209 -2 -1.98946
3210 -1.98 -1.98946
3211 -1.97 -1.98946
3212 -2 -1.98946
3213 -2 -1.98946
3214 -2 -1.98947
3215 -2 -1.98947
3216 -2 -1.98947
3217 -1.98 -1.98947
3218 -1.98 -1.98947
3219 -1.98 -1.98946
3220 -2 -1.98947
3221 -2 -1.98947
3222 -2 -1.98947
3223 -2 -1.98948
3224 -2 -1.98948
3225 -2 -1.98948
3226 -2 -1.98949
3227 -2 -1.98949
3228 -2 -1.98949
3229 -2 -1.9895
3230 -2 -1.9895
3231 -2 -1.9895
3232 -2 -1.98951
3233 -2 -1.98951
3234 -2 -1.98951
3235 -2 -1.98951
3236 -2 -1.98952
3237 -2 -1.98952
3238 -2 -1.98952
3239 -2 -1.98953
3240 -2 -1.98953
3241 -2 -1.98953
3242 -2 -1.98954
3243 -2 -1.98954
3244 -1.98 -1.98954
3245 -1.98 -1.98953
3246 -2 -1.98954
3247 -2 -1.98954
3248 -2 -1.98954
3249 -2 -1.98955
3250 -2 -1.98955
3251 -2 -1.98955
3252 -1.98 -1.98955
3253 -2 -1.98955
3254 -2 -1.98956
3255 -2 -1.98956
3256 -2 -1.98956
3257 -2 -1.98957
3258 -2 -1.98957
3259 -2 -1.98957
3260 -2 -1.98958
3261 -2 -1.98958
3262 -2 -1.98958
3263 -2 -1.98959
3264 -2 -1.98959
3265 -2 -1.98959
3266 -2 -1.9896
3267 -2 -1.9896
3268 -2 -1.9896
3269 -2 -1.98961
3270 -2 -1.98961
3271 -1.98 -1.98961
3272 -2 -1.98961
3273 -2 -1.98961
3274 -2 -1.98962
3275 -2 -1.98962
3276 -2 -1.98962
3277 -2 -1.98962
3278 -1.98 -1.98962
3279 -2 -1.98962
3280 -2 -1.98963
3281 -2 -1.98963
3282 -2 -1.98963
3283 -2 -1.98964
3284 -2 -1.98964
3285 -2 -1.98964
3286 -2 -1.98965
3287 -2 -1.98965
3288 -2 -1.98965
3289 -2 -1.98966
3290 -2 -1.98966
3291 -2 -1.98966
3292 -2 -1.98967
3293 -2 -1.98967
3294 -2 -1.98967
3295 -2 -1.98968
3296 -2 -1.98968
3297 -2 -1.98968
3298 -2 -1.98968
3299 -2 -1.98969
3300 -2 -1.98969
3301 -2 -1.98969
3302 -2 -1.9897
3303 -2 -1.9897
3304 -2 -1.9897
3305 -2 -1.98971
3306 -2 -1.98971
3307 -2 -1.98971
3308 -2 -1.98972
3309 -2 -1.98972
3310 -2 -1.98972
3311 -2 -1.98973
3312 -2 -1.98973
3313 -2 -1.98973
3314 -2 -1.98973
3315 -2 -1.98974
3316 -1.98 -1.98973
3317 -1.98 -1.98973
3318 -2 -1.98973
3319 -1.98 -1.98973
3320 -1.98 -1.98973
3321 -2 -1.98973
3322 -2 -1.98974
3323 -2 -1.98974
3324 -2 -1.98974
3325 -2 -1.98974
3326 -2 -1.98975
3327 -2 -1.98975
3328 -2 -1.98975
3329 -2 -1.98976
3330 -2 -1.98976
3331 -2 -1.98976
3332 -1.98 -1.98976
3333 -1.98 -1.98976
3334 -2 -1.98976
3335 -1.98 -1.98976
3336 -2 -1.98976
3337 -2 -1.98976
3338 -2 -1.98977
3339 -2 -1.98977
3340 -2 -1.98977
3341 -2 -1.98978
3342 -2 -1.98978
3343 -2 -1.98978
3344 -2 -1.98978
3345 -2 -1.98979
3346 -2 -1.98979
3347 -2 -1.98979
3348 -2 -1.9898
3349 -2 -1.9898
3350 -2 -1.9898
3351 -2 -1.98981
3352 -2 -1.98981
3353 -2 -1.98981
3354 -2 -1.98982
3355 -2 -1.98982
3356 -2 -1.98982
3357 -2 -1.98982
3358 -2 -1.98983
3359 -2 -1.98983
3360 -1.98 -1.98983
3361 -2 -1.98983
3362 -2 -1.98983
3363 -2 -1.98984
3364 -2 -1.98984
3365 -2 -1.98984
3366 -2 -1.98985
3367 -2 -1.98985
3368 -2 -1.98985
3369 -2 -1.98985
3370 -2 -1.98986
3371 -2 -1.98986
3372 -2 -1.98986
3373 -2 -1.98987
3374 -2 -1.98987
3375 -2 -1.98987
3376 -2 -1.98988
3377 -2 -1.98988
3378 -2 -1.98988
3379 -2 -1.98988
3380 -2 -1.98989
3381 -2 -1.98989
3382 -1.98 -1.98989
3383 -2 -1.98989
3384 -2 -1.98989
3385 -2 -1.9899
3386 -2 -1.9899
3387 -2 -1.9899
3388 -2 -1.98991
3389 -2 -1.98991
3390 -1.98 -1.98991
3391 -2 -1.98991
3392 -1.98 -1.98991
3393 -1.96 -1.9899
3394 -2 -1.9899
3395 -2 -1.9899
3396 -2 -1.98991
3397 -2 -1.98991
3398 -2 -1.98991
3399 -2 -1.98991
3400 -2 -1.98992
3401 -2 -1.98992
3402 -2 -1.98992
3403 -2 -1.98993
3404 -2 -1.98993
3405 -2 -1.98993
3406 -2 -1.98994
3407 -1.98 -1.98993
3408 -2 -1.98994
3409 -2 -1.98994
3410 -2 -1.98994
3411 -2 -1.98994
3412 -2 -1.98995
3413 -2 -1.98995
3414 -2 -1.98995
3415 -2 -1.98996
3416 -2 -1.98996
3417 -2 -1.98996
3418 -2 -1.98996
3419 -2 -1.98997
3420 -2 -1.98997
3421 -2 -1.98997
3422 -2 -1.98998
3423 -2 -1.98998
3424 -2 -1.98998
3425 -2 -1.98999
3426 -2 -1.98999
3427 -2 -1.98999
3428 -2 -1.98999
3429 -2 -1.99
3430 -2 -1.99
3431 -2 -1.99
3432 -2 -1.99001
3433 -2 -1.99001
3434 -2 -1.99001
3435 -1.96 -1.99
3436 -1.98 -1.99
3437 -2 -1.99
3438 -2 -1.99001
3439 -1.98 -1.99
3440 -2 -1.99001
3441 -2 -1.99001
3442 -2 -1.99001
3443 -2 -1.99001
3444 -2 -1.99002
3445 -2 -1.99002
3446 -2 -1.99002
3447 -2 -1.99003
3448 -1.98 -1.99002
3449 -2 -1.99003
3450 -2 -1.99003
3451 -2 -1.99003
3452 -2 -1.99003
3453 -2 -1.99004
3454 -2 -1.99004
3455 -2 -1.99004
3456 -2 -1.99005
3457 -2 -1.99005
3458 -2 -1.99005
3459 -2 -1.99005
3460 -2 -1.99006
3461 -2 -1.99006
3462 -2 -1.99006
3463 -2 -1.99007
3464 -2 -1.99007
3465 -2 -1.99007
3466 -2 -1.99007
3467 -2 -1.99008
3468 -2 -1.99008
3469 -2 -1.99008
3470 -2 -1.99009
3471 -2 -1.99009
3472 -2 -1.99009
3473 -2 -1.99009
3474 -2 -1.9901
3475 -1.98 -1.99009
3476 -1.98 -1.99009
3477 -2 -1.99009
3478 -1.98 -1.99009
3479 -2 -1.99009
3480 -2 -1.9901
3481 -2 -1.9901
3482 -2 -1.9901
3483 -2 -1.99011
3484 -2 -1.99011
3485 -2 -1.99011
3486 -1.98 -1.99011
3487 -2 -1.99011
3488 -2 -1.99011
3489 -2 -1.99012
3490 -1.98 -1.99011
3491 -2 -1.99012
3492 -2 -1.99012
3493 -2 -1.99012
3494 -2 -1.99013
3495 -2 -1.99013
3496 -2 -1.99013
3497 -2 -1.99013
3498 -2 -1.99014
3499 -2 -1.99014
3500 -1.98 -1.99014
3501 -2 -1.99014
3502 -2 -1.99014
3503 -2 -1.99015
3504 -2 -1.99015
3505 -2 -1.99015
3506 -2 -1.99015
3507 -1.98 -1.99015
3508 -1.98 -1.99015
3509 -2 -1.99015
3510 -2 -1.99015
3511 -2 -1.99016
3512 -2 -1.99016
3513 -2 -1.99016
3514 -2 -1.99017
3515 -2 -1.99017
3516 -2 -1.99017
3517 -2 -1.99017
3518 -2 -1.99018
3519 -2 -1.99018
3520 -2 -1.99018
3521 -2 -1.99018
3522 -2 -1.99019
3523 -1.98 -1.99018
3524 -2 -1.99019
3525 -2 -1.99019
3526 -2 -1.99019
3527 -2 -1.9902
3528 -2 -1.9902
3529 -1.98 -1.9902
3530 -2 -1.9902
3531 -2 -1.9902
3532 -2 -1.9902
3533 -2 -1.99021
3534 -2 -1.99021
3535 -2 -1.99021
3536 -2 -1.99021
3537 -2 -1.99022
3538 -2 -1.99022
3539 -1.98 -1.99022
3540 -2 -1.99022
3541 -2 -1.99022
3542 -2 -1.99023
3543 -2 -1.99023
3544 -2 -1.99023
3545 -2 -1.99023
3546 -2 -1.99024
3547 -2 -1.99024
3548 -2 -1.99024
3549 -2 -1.99025
3550 -1.98 -1.99024
3551 -1.98 -1.99024
3552 -2 -1.99024
3553 -2 -1.99024
3554 -2 -1.99025
3555 -2 -1.99025
3556 -2 -1.99025
3557 -2 -1.99026
3558 -2 -1.99026
3559 -2 -1.99026
3560 -2 -1.99026
3561 -2 -1.99027
3562 -2 -1.99027
3563 -2 -1.99027
3564 -2 -1.99027
3565 -2 -1.99028
3566 -2 -1.99028
3567 -2 -1.99028
3568 -2 -1.99029
3569 -2 -1.99029
3570 -2 -1.99029
3571 -2 -1.99029
3572 -2 -1.9903
3573 -2 -1.9903
3574 -2 -1.9903
3575 -2 -1.9903
3576 -2 -1.99031
3577 -2 -1.99031
3578 -2 -1.99031
3579 -2 -1.99032
3580 -2 -1.99032
3581 -2 -1.99032
3582 -2 -1.99032
3583 -2 -1.99033
3584 -2 -1.99033
3585 -2 -1.99033
3586 -2 -1.99033
3587 -2 -1.99034
3588 -2 -1.99034
3589 -2 -1.99034
3590 -2 -1.99035
3591 -2 -1.99035
3592 -2 -1.99035
3593 -2 -1.99035
3594 -2 -1.99036
3595 -2 -1.99036
3596 -2 -1.99036
3597 -2 -1.99036
3598 -2 -1.99037
3599 -2 -1.99037
3600 -2 -1.99037
3601 -1.98 -1.99037
3602 -1.98 -1.99037
3603 -1.98 -1.99036
3604 -1.98 -1.99036
3605 -2 -1.99036
3606 -2 -1.99037
3607 -2 -1.99037
3608 -2 -1.99037
3609 -2 -1.99037
3610 -2 -1.99038
3611 -2 -1.99038
3612 -2 -1.99038
3613 -2 -1.99038
3614 -2 -1.99039
3615 -2 -1.99039
3616 -2 -1.99039
3617 -2 -1.9904
3618 -2 -1.9904
3619 -2 -1.9904
3620 -2 -1.9904
3621 -2 -1.99041
3622 -2 -1.99041
3623 -2 -1.99041
3624 -2 -1.99041
3625 -2 -1.99042
3626 -2 -1.99042
3627 -2 -1.99042
3628 -2 -1.99042
3629 -1.98 -1.99042
3630 -2 -1.99042
3631 -2 -1.99043
3632 -2 -1.99043
3633 -2 -1.99043
3634 -2 -1.99043
3635 -2 -1.99044
3636 -2 -1.99044
3637 -2 -1.99044
3638 -2 -1.99045
3639 -2 -1.99045
3640 -2 -1.99045
3641 -2 -1.99045
3642 -2 -1.99046
3643 -2 -1.99046
3644 -2 -1.99046
3645 -2 -1.99046
3646 -2 -1.99047
3647 -2 -1.99047
3648 -2 -1.99047
3649 -2 -1.99047
3650 -2 -1.99048
3651 -2 -1.99048
3652 -2 -1.99048
3653 -2 -1.99048
3654 -2 -1.99049
3655 -2 -1.99049
3656 -2 -1.99049
3657 -2 -1.99049
3658 -2 -1.9905
3659 -2 -1.9905
3660 -2 -1.9905
3661 -2 -1.99051
3662 -2 -1.99051
3663 -2 -1.99051
3664 -2 -1.99051
3665 -2 -1.99052
3666 -2 -1.99052
3667 -2 -1.99052
3668 -2 -1.99052
3669 -2 -1.99053
3670 -2 -1.99053
3671 -2 -1.99053
3672 -1.98 -1.99053
3673 -2 -1.99053
3674 -2 -1.99053
3675 -2 -1.99054
3676 -2 -1.99054
3677 -2 -1.99054
3678 -2 -1.99054
3679 -2 -1.99055
3680 -2 -1.99055
3681 -2 -1.99055
3682 -2 -1.99055
3683 -2 -1.99056
3684 -2 -1.99056
3685 -2 -1.99056
3686 -2 -1.99056
3687 -2 -1.99057
3688 -2 -1.99057
3689 -2 -1.99057
3690 -2 -1.99057
3691 -2 -1.99058
3692 -2 -1.99058
3693 -2 -1.99058
3694 -2 -1.99058
3695 -2 -1.99059
3696 -2 -1.99059
3697 -2 -1.99059
3698 -2 -1.99059
3699 -2 -1.9906
3700 -2 -1.9906
3701 -2 -1.9906
3702 -2 -1.9906
3703 -2 -1.99061
3704 -2 -1.99061
3705 -2 -1.99061
3706 -2 -1.99062
3707 -2 -1.99062
3708 -2 -1.99062
3709 -2 -1.99062
3710 -2 -1.99063
3711 -2 -1.99063
3712 -2 -1.99063
3713 -2 -1.99063
3714 -2 -1.99064
3715 -2 -1.99064
3716 -1.98 -1.99063
3717 -2 -1.99064
3718 -2 -1.99064
3719 -1.98 -1.99064
3720 -1.98 -1.99063
3721 -1.98 -1.99063
3722 -2 -1.99063
3723 -2 -1.99064
3724 -2 -1.99064
3725 -2 -1.99064
3726 -2 -1.99064
3727 -2 -1.99065
3728 -2 -1.99065
3729 -2 -1.99065
3730 -2 -1.99065
3731 -2 -1.99066
3732 -2 -1.99066
3733 -2 -1.99066
3734 -2 -1.99066
3735 -1.98 -1.99066
3736 -1.98 -1.99066
3737 -1.98 -1.99066
3738 -1.98 -1.99065
3739 -2 -1.99066
3740 -2 -1.99066
3741 -2 -1.99066
3742 -2 -1.99066
3743 -2 -1.99067
3744 -2 -1.99067
3745 -2 -1.99067
3746 -2 -1.99067
3747 -2 -1.99068
3748 -2 -1.99068
3749 -2 -1.99068
3750 -2 -1.99068
3751 -2 -1.99068
3752 -2 -1.99069
3753 -2 -1.99069
3754 -2 -1.99069
3755 -2 -1.99069
3756 -2 -1.9907
3757 -2 -1.9907
3758 -2 -1.9907
3759 -2 -1.9907
3760 -2 -1.99071
3761 -2 -1.99071
3762 -2 -1.99071
3763 -1.98 -1.99071
3764 -1.98 -1.99071
3765 -1.98 -1.9907
3766 -2 -1.99071
3767 -2 -1.99071
3768 -1.98 -1.99071
3769 -2 -1.99071
3770 -2 -1.99071
3771 -2 -1.99071
3772 -2 -1.99072
3773 -2 -1.99072
3774 -2 -1.99072
3775 -2 -1.99072
3776 -2 -1.99073
3777 -2 -1.99073
3778 -2 -1.99073
3779 -2 -1.99073
3780 -2 -1.99074
3781 -2 -1.99074
3782 -2 -1.99074
3783 -2 -1.99074
3784 -2 -1.99075
3785 -2 -1.99075
3786 -2 -1.99075
3787 -2 -1.99075
3788 -2 -1.99075
3789 -2 -1.99076
3790 -2 -1.99076
3791 -2 -1.99076
3792 -2 -1.99076
3793 -2 -1.99077
3794 -1.98 -1.99076
3795 -2 -1.99077
3796 -2 -1.99077
3797 -2 -1.99077
3798 -1.98 -1.99077
3799 -1.98 -1.99077
3800 -2 -1.99077
3801 -2 -1.99077
3802 -2 -1.99077
3803 -2 -1.99078
3804 -2 -1.99078
3805 -1.98 -1.99078
3806 -2 -1.99078
3807 -2 -1.99078
3808 -2 -1.99078
3809 -2 -1.99078
3810 -2 -1.99079
3811 -2 -1.99079
3812 -1.98 -1.99079
3813 -2 -1.99079
3814 -2 -1.99079
3815 -2 -1.99079
3816 -1.98 -1.99079
3817 -1.98 -1.99079
3818 -2 -1.99079
3819 -2 -1.99079
3820 -2 -1.9908
3821 -2 -1.9908
3822 -2 -1.9908
3823 -2 -1.9908
3824 -2 -1.99081
3825 -2 -1.99081
3826 -2 -1.99081
3827 -2 -1.99081
3828 -2 -1.99081
3829 -2 -1.99082
3830 -2 -1.99082
3831 -2 -1.99082
3832 -2 -1.99082
3833 -2 -1.99083
3834 -1.98 -1.99082
3835 -2 -1.99083
3836 -2 -1.99083
3837 -2 -1.99083
3838 -2 -1.99083
3839 -2 -1.99084
3840 -2 -1.99084
3841 -2 -1.99084
3842 -2 -1.99084
3843 -2 -1.99085
3844 -2 -1.99085
3845 -2 -1.99085
3846 -2 -1.99085
3847 -2 -1.99085
3848 -2 -1.99086
3849 -2 -1.99086
3850 -2 -1.99086
3851 -2 -1.99086
3852 -2 -1.99087
3853 -2 -1.99087
3854 -2 -1.99087
3855 -2 -1.99087
3856 -2 -1.99088
3857 -2 -1.99088
3858 -2 -1.99088
3859 -2 -1.99088
3860 -2 -1.99089
3861 -2 -1.99089
3862 -2 -1.99089
3863 -2 -1.99089
3864 -2 -1.9909
3865 -2 -1.9909
3866 -2 -1.9909
3867 -2 -1.9909
3868 -2 -1.9909
3869 -2 -1.99091
3870 -2 -1.99091
3871 -2 -1.99091
3872 -2 -1.99091
3873 -2 -1.99092
3874 -2 -1.99092
3875 -2 -1.99092
3876 -2 -1.99092
3877 -2 -1.99093
3878 -2 -1.99093
3879 -2 -1.99093
3880 -2 -1.99093
3881 -2 -1.99094
3882 -2 -1.99094
3883 -2 -1.99094
3884 -2 -1.99094
3885 -2 -1.99094
3886 -2 -1.99095
3887 -2 -1.99095
3888 -2 -1.99095
3889 -2 -1.99095
3890 -2 -1.99096
3891 -2 -1.99096
3892 -1.98 -1.99096
3893 -2 -1.99096
3894 -2 -1.99096
3895 -2 -1.99096
3896 -2 -1.99096
3897 -2 -1.99097
3898 -2 -1.99097
3899 -2 -1.99097
3900 -2 -1.99097
3901 -2 -1.99098
3902 -2 -1.99098
3903 -2 -1.99098
3904 -2 -1.99098
3905 -2 -1.99099
3906 -2 -1.99099
3907 -2 -1.99099
3908 -2 -1.99099
3909 -2 -1.99099
3910 -2 -1.991
3911 -2 -1.991
3912 -1.98 -1.991
3913 -1.98 -1.99099
3914 -1.98 -1.99099
3915 -1.98 -1.99099
3916 -1.98 -1.99099
3917 -1.96 -1.99098
3918 -1.98 -1.99097
3919 -2 -1.99098
3920 -2 -1.99098
3921 -2 -1.99098
3922 -2 -1.99098
3923 -2 -1.99099
3924 -2 -1.99099
3925 -2 -1.99099
3926 -2 -1.99099
3927 -2 -1.991
3928 -2 -1.991
3929 -2 -1.991
3930 -2 -1.991
3931 -2 -1.991
3932 -2 -1.99101
3933 -2 -1.99101
3934 -2 -1.99101
3935 -2 -1.99101
3936 -2 -1.99102
3937 -2 -1.99102
3938 -2 -1.99102
3939 -2 -1.99102
3940 -2 -1.99103
3941 -2 -1.99103
3942 -2 -1.99103
3943 -2 -1.99103
3944 -1.98 -1.99103
3945 -1.98 -1.99103
3946 -2 -1.99103
3947 -2 -1.99103
3948 -2 -1.99103
3949 -2 -1.99104
3950 -2 -1.99104
3951 -2 -1.99104
3952 -2 -1.99104
3953 -2 -1.99104
3954 -2 -1.99105
3955 -2 -1.99105
3956 -2 -1.99105
3957 -2 -1.99105
3958 -2 -1.99106
3959 -2 -1.99106
3960 -2 -1.99106
3961 -2 -1.99106
3962 -2 -1.99106
3963 -2 -1.99107
3964 -2 -1.99107
3965 -2 -1.99107
3966 -2 -1.99107
3967 -2 -1.99108
3968 -2 -1.99108
3969 -2 -1.99108
3970 -2 -1.99108
3971 -2 -1.99109
3972 -2 -1.99109
3973 -1.98 -1.99108
3974 -1.96 -1.99108
3975 -2 -1.99108
3976 -2 -1.99108
3977 -2 -1.99108
3978 -2 -1.99109
3979 -2 -1.99109
3980 -2 -1.99109
3981 -2 -1.99109
3982 -2 -1.99109
3983 -2 -1.9911
3984 -2 -1.9911
3985 -2 -1.9911
3986 -2 -1.9911
3987 -2 -1.99111
3988 -2 -1.99111
3989 -2 -1.99111
3990 -2 -1.99111
3991 -2 -1.99111
3992 -2 -1.99112
3993 -2 -1.99112
3994 -2 -1.99112
3995 -1.98 -1.99112
3996 -1.98 -1.99112
3997 -1.98 -1.99111
3998 -2 -1.99112
3999 -2 -1.99112
4000 -2 -1.99112
4001 -2 -1.99112
4002 -2 -1.99112
4003 -2 -1.99113
4004 -2 -1.99113
4005 -2 -1.99113
4006 -2 -1.99113
4007 -2 -1.99114
4008 -1.98 -1.99113
4009 -1.98 -1.99113
4010 -1.98 -1.99113
4011 -2 -1.99113
4012 -2 -1.99113
4013 -2 -1.99113
4014 -2 -1.99114
4015 -2 -1.99114
4016 -2 -1.99114
4017 -2 -1.99114
4018 -2 -1.99114
4019 -2 -1.99115
4020 -2 -1.99115
4021 -1.98 -1.99115
4022 -2 -1.99115
4023 -2 -1.99115
4024 -2 -1.99115
4025 -2 -1.99115
4026 -2 -1.99116
4027 -2 -1.99116
4028 -2 -1.99116
4029 -2 -1.99116
4030 -2 -1.99117
4031 -1.98 -1.99116
4032 -1.96 -1.99116
4033 -1.96 -1.99115
4034 -2 -1.99115
4035 -2 -1.99115
4036 -2 -1.99115
4037 -2 -1.99116
4038 -2 -1.99116
4039 -2 -1.99116
4040 -2 -1.99116
4041 -2 -1.99117
4042 -2 -1.99117
4043 -2 -1.99117
4044 -2 -1.99117
4045 -2 -1.99117
4046 -2 -1.99118
4047 -2 -1.99118
4048 -2 -1.99118
4049 -1.98 -1.99118
4050 -2 -1.99118
4051 -2 -1.99118
4052 -2 -1.99118
4053 -1.98 -1.99118
4054 -1.98 -1.99118
4055 -1.96 -1.99117
4056 -1.98 -1.99117
4057 -2 -1.99117
4058 -2 -1.99117
4059 -2 -1.99117
4060 -2 -1.99118
4061 -1.98 -1.99117
4062 -2 -1.99118
4063 -2 -1.99118
4064 -2 -1.99118
4065 -2 -1.99118
4066 -2 -1.99119
4067 -2 -1.99119
4068 -1.98 -1.99118
4069 -2 -1.99119
4070 -2 -1.99119
4071 -2 -1.99119
4072 -2 -1.99119
4073 -2 -1.9912
4074 -2 -1.9912
4075 -2 -1.9912
4076 -2 -1.9912
4077 -2 -1.9912
4078 -2 -1.99121
4079 -2 -1.99121
4080 -2 -1.99121
4081 -2 -1.99121
4082 -2 -1.99121
4083 -2 -1.99122
4084 -2 -1.99122
4085 -2 -1.99122
4086 -2 -1.99122
4087 -2 -1.99123
4088 -1.98 -1.99122
4089 -2 -1.99122
4090 -2 -1.99123
4091 -1.98 -1.99122
4092 -1.97 -1.99122
4093 -1.98 -1.99122
4094 -1.98 -1.99121
4095 -2 -1.99122
4096 -2 -1.99122
4097 -2 -1.99122
4098 -2 -1.99122
4099 -2 -1.99122
4100 -2 -1.99123
4101 -2 -1.99123
4102 -2 -1.99123
4103 -2 -1.99123
4104 -2 -1.99124
4105 -2 -1.99124
4106 -2 -1.99124
4107 -2 -1.99124
4108 -2 -1.99124
4109 -2 -1.99125
4110 -2 -1.99125
4111 -2 -1.99125
4112 -2 -1.99125
4113 -2 -1.99125
4114 -2 -1.99126
4115 -2 -1.99126
4116 -2 -1.99126
4117 -2 -1.99126
4118 -2 -1.99126
4119 -2 -1.99127
4120 -2 -1.99127
4121 -2 -1.99127
4122 -2 -1.99127
4123 -2 -1.99128
4124 -2 -1.99128
4125 -2 -1.99128
4126 -2 -1.99128
4127 -2 -1.99128
4128 -1.98 -1.99128
4129 -1.98 -1.99128
4130 -1.96 -1.99127
4131 -1.98 -1.99127
4132 -1.98 -1.99127
4133 -1.98 -1.99126
4134 -1.98 -1.99126
4135 -1.98 -1.99126
4136 -1.98 -1.99125
4137 -1.98 -1.99125
4138 -1.98 -1.99125
4139 -2 -1.99125
4140 -2 -1.99125
4141 -1.98 -1.99125
4142 -2 -1.99125
4143 -2 -1.99125
4144 -2 -1.99126
4145 -2 -1.99126
4146 -2 -1.99126
4147 -2 -1.99126
4148 -2 -1.99127
4149 -2 -1.99127
4150 -1.98 -1.99126
4151 -2 -1.99127
4152 -2 -1.99127
4153 -2 -1.99127
4154 -2 -1.99127
4155 -2 -1.99128
4156 -2 -1.99128
4157 -2 -1.99128
4158 -2 -1.99128
4159 -2 -1.99128
4160 -2 -1.99129
4161 -2 -1.99129
4162 -2 -1.99129
4163 -2 -1.99129
4164 -2 -1.99129
4165 -1.98 -1.99129
4166 -1.96 -1.99128
4167 -2 -1.99129
4168 -2 -1.99129
4169 -2 -1.99129
4170 -2 -1.99129
4171 -2 -1.99129
4172 -2 -1.9913
4173 -2 -1.9913
4174 -2 -1.9913
4175 -2 -1.9913
4176 -2 -1.9913
4177 -2 -1.99131
4178 -2 -1.99131
4179 -2 -1.99131
4180 -2 -1.99131
4181 -2 -1.99132
4182 -1.98 -1.99131
4183 -2 -1.99131
4184 -2 -1.99132
4185 -2 -1.99132
4186 -2 -1.99132
4187 -2 -1.99132
4188 -1.98 -1.99132
4189 -1.98 -1.99132
4190 -1.96 -1.99131
4191 -1.98 -1.99131
4192 -2 -1.99131
4193 -2 -1.99131
4194 -2 -1.99131
4195 -2 -1.99132
4196 -2 -1.99132
4197 -1.98 -1.99131
4198 -2 -1.99132
4199 -1.98 -1.99131
4200 -1.98 -1.99131
4201 -2 -1.99131
4202 -2 -1.99132
4203 -2 -1.99132
4204 -2 -1.99132
4205 -2 -1.99132
4206 -2 -1.99132
4207 -2 -1.99133
4208 -2 -1.99133
4209 -2 -1.99133
4210 -2 -1.99133
4211 -1.98 -1.99133
4212 -2 -1.99133
4213 -2 -1.99133
4214 -2 -1.99134
4215 -2 -1.99134
4216 -2 -1.99134
4217 -2 -1.99134
4218 -2 -1.99134
4219 -2 -1.99135
4220 -2 -1.99135
4221 -2 -1.99135
4222 -2 -1.99135
4223 -2 -1.99135
4224 -2 -1.99136
4225 -2 -1.99136
4226 -2 -1.99136
4227 -2 -1.99136
4228 -2 -1.99136
4229 -2 -1.99137
4230 -1.98 -1.99136
4231 -2 -1.99137
4232 -2 -1.99137
4233 -2 -1.99137
4234 -2 -1.99137
4235 -2 -1.99137
4236 -2 -1.99138
4237 -2 -1.99138
4238 -2 -1.99138
4239 -2 -1.99138
4240 -2 -1.99138
4241 -1.98 -1.99138
4242 -1.98 -1.99138
4243 -1.98 -1.99138
4244 -2 -1.99138
4245 -2 -1.99138
4246 -2 -1.99138
4247 -2 -1.99138
4248 -2 -1.99139
4249 -2 -1.99139
4250 -2 -1.99139
4251 -2 -1.99139
4252 -2 -1.99139
4253 -2 -1.9914
4254 -2 -1.9914
4255 -1.98 -1.9914
4256 -1.98 -1.99139
4257 -2 -1.9914
4258 -2 -1.9914
4259 -2 -1.9914
4260 -2 -1.9914
4261 -2 -1.9914
4262 -2 -1.99141
4263 -2 -1.99141
4264 -2 -1.99141
4265 -2 -1.99141
4266 -2 -1.99141
4267 -2 -1.99142
4268 -1.98 -1.99141
4269 -2 -1.99141
4270 -2 -1.99142
4271 -2 -1.99142
4272 -2 -1.99142
4273 -2 -1.99142
4274 -1.98 -1.99142
4275 -1.98 -1.99142
4276 -1.98 -1.99141
4277 -2 -1.99142
4278 -2 -1.99142
4279 -2 -1.99142
4280 -2 -1.99142
4281 -2 -1.99142
4282 -2 -1.99143
4283 -2 -1.99143
4284 -2 -1.99143
4285 -2 -1.99143
4286 -1.98 -1.99143
4287 -2 -1.99143
4288 -2 -1.99143
4289 -1.98 -1.99143
4290 -1.98 -1.99143
4291 -1.98 -1.99143
4292 -2 -1.99143
4293 -2 -1.99143
4294 -2 -1.99143
4295 -2 -1.99143
4296 -2 -1.99144
4297 -1.98 -1.99143
4298 -2 -1.99144
4299 -2 -1.99144
4300 -2 -1.99144
4301 -2 -1.99144
4302 -2 -1.99144
4303 -1.98 -1.99144
4304 -1.98 -1.99144
4305 -2 -1.99144
4306 -2 -1.99144
4307 -2 -1.99144
4308 -2 -1.99145
4309 -2 -1.99145
4310 -2 -1.99145
4311 -2 -1.99145
4312 -2 -1.99145
4313 -2 -1.99146
4314 -2 -1.99146
4315 -2 -1.99146
4316 -1.98 -1.99146
4317 -1.98 -1.99145
4318 -2 -1.99146
4319 -2 -1.99146
4320 -2 -1.99146
4321 -1.98 -1.99146
4322 -1.98 -1.99146
4323 -2 -1.99146
4324 -2 -1.99146
4325 -2 -1.99146
4326 -2 -1.99146
4327 -2 -1.99146
4328 -2 -1.99147
4329 -2 -1.99147
4330 -2 -1.99147
4331 -2 -1.99147
4332 -2 -1.99147
4333 -2 -1.99148
4334 -1.98 -1.99147
4335 -1.98 -1.99147
4336 -1.98 -1.99147
4337 -2 -1.99147
4338 -2 -1.99147
4339 -2 -1.99147
4340 -2 -1.99148
4341 -2 -1.99148
4342 -2 -1.99148
4343 -2 -1.99148
4344 -2 -1.99148
4345 -2 -1.99149
4346 -2 -1.99149
4347 -2 -1.99149
4348 -2 -1.99149
4349 -2 -1.99149
4350 -2 -1.9915
4351 -2 -1.9915
4352 -2 -1.9915
4353 -2 -1.9915
4354 -1.98 -1.9915
4355 -1.94 -1.99149
4356 -1.96 -1.99148
4357 -1.98 -1.99148
4358 -2 -1.99148
4359 -2 -1.99148
4360 -2 -1.99148
4361 -1.96 -1.99148
4362 -2 -1.99148
4363 -2 -1.99148
4364 -2 -1.99148
4365 -2 -1.99148
4366 -2 -1.99149
4367 -2 -1.99149
4368 -2 -1.99149
4369 -1.98 -1.99149
4370 -2 -1.99149
4371 -2 -1.99149
4372 -2 -1.99149
4373 -2 -1.9915
4374 -2 -1.9915
4375 -2 -1.9915
4376 -2 -1.9915
4377 -2 -1.9915
4378 -2 -1.9915
4379 -2 -1.99151
4380 -2 -1.99151
4381 -2 -1.99151
4382 -2 -1.99151
4383 -2 -1.99151
4384 -2 -1.99152
4385 -2 -1.99152
4386 -2 -1.99152
4387 -2 -1.99152
4388 -1.98 -1.99152
4389 -2 -1.99152
4390 -1.98 -1.99152
4391 -2 -1.99152
4392 -2 -1.99152
4393 -2 -1.99152
4394 -1.98 -1.99152
4395 -1.98 -1.99152
4396 -2 -1.99152
4397 -1.98 -1.99152
4398 -2 -1.99152
4399 -2 -1.99152
4400 -2 -1.99152
4401 -2 -1.99153
4402 -2 -1.99153
4403 -2 -1.99153
4404 -2 -1.99153
4405 -2 -1.99153
4406 -2 -1.99154
4407 -2 -1.99154
4408 -2 -1.99154
4409 -2 -1.99154
4410 -2 -1.99154
4411 -2 -1.99155
4412 -2 -1.99155
4413 -2 -1.99155
4414 -2 -1.99155
4415 -2 -1.99155
4416 -2 -1.99156
4417 -2 -1.99156
4418 -2 -1.99156
4419 -2 -1.99156
4420 -2 -1.99156
4421 -1.98 -1.99156
4422 -1.98 -1.99156
4423 -2 -1.99156
4424 -2 -1.99156
4425 -2 -1.99156
4426 -2 -1.99157
4427 -2 -1.99157
4428 -2 -1.99157
4429 -2 -1.99157
4430 -2 -1.99157
4431 -2 -1.99157
4432 -2 -1.99158
4433 -2 -1.99158
4434 -2 -1.99158
4435 -2 -1.99158
4436 -2 -1.99158
4437 -2 -1.99159
4438 -2 -1.99159
4439 -2 -1.99159
4440 -2 -1.99159
4441 -1.98 -1.99159
4442 -2 -1.99159
4443 -2 -1.99159
4444 -2 -1.9916
4445 -2 -1.9916
4446 -2 -1.9916
4447 -2 -1.9916
4448 -2 -1.9916
4449 -2 -1.9916
4450 -2 -1.99161
4451 -2 -1.99161
4452 -2 -1.99161
4453 -2 -1.99161
4454 -2 -1.99161
4455 -2 -1.99162
4456 -2 -1.99162
4457 -2 -1.99162
4458 -2 -1.99162
4459 -1.98 -1.99162
4460 -2 -1.99162
4461 -2 -1.99162
4462 -1.98 -1.99162
4463 -1.98 -1.99162
4464 -2 -1.99162
4465 -2 -1.99162
4466 -2 -1.99162
4467 -2 -1.99162
4468 -2 -1.99163
4469 -2 -1.99163
4470 -2 -1.99163
4471 -2 -1.99163
4472 -2 -1.99163
4473 -2 -1.99164
4474 -1.98 -1.99163
4475 -2 -1.99164
4476 -2 -1.99164
4477 -2 -1.99164
4478 -2 -1.99164
4479 -2 -1.99164
4480 -1.98 -1.99164
4481 -1.98 -1.99164
4482 -2 -1.99164
4483 -2 -1.99164
4484 -2 -1.99164
4485 -2 -1.99165
4486 -2 -1.99165
4487 -2 -1.99165
4488 -2 -1.99165
4489 -2 -1.99165
4490 -2 -1.99165
4491 -2 -1.99166
4492 -2 -1.99166
4493 -2 -1.99166
4494 -2 -1.99166
4495 -2 -1.99166
4496 -2 -1.99167
4497 -2 -1.99167
4498 -2 -1.99167
4499 -2 -1.99167
4500 -2 -1.99167
4501 -2 -1.99167
4502 -2 -1.99168
4503 -2 -1.99168
4504 -2 -1.99168
4505 -2 -1.99168
4506 -2 -1.99168
4507 -2 -1.99169
4508 -2 -1.99169
4509 -2 -1.99169
4510 -1.98 -1.99169
4511 -2 -1.99169
4512 -1.98 -1.99169
4513 -1.98 -1.99168
4514 -1.98 -1.99168
4515 -2 -1.99168
4516 -2 -1.99168
4517 -2 -1.99169
4518 -2 -1.99169
4519 -2 -1.99169
4520 -2 -1.99169
4521 -2 -1.99169
4522 -2 -1.9917
4523 -1.98 -1.99169
4524 -2 -1.9917
4525 -2 -1.9917
4526 -2 -1.9917
4527 -2 -1.9917
4528 -1.98 -1.9917
4529 -1.98 -1.9917
4530 -2 -1.9917
4531 -2 -1.9917
4532 -2 -1.9917
4533 -2 -1.9917
4534 -2 -1.9917
4535 -2 -1.99171
4536 -2 -1.99171
4537 -2 -1.99171
4538 -2 -1.99171
4539 -2 -1.99171
4540 -1.98 -1.99171
4541 -2 -1.99171
4542 -1.98 -1.99171
4543 -1.98 -1.99171
4544 -2 -1.99171
4545 -2 -1.99171
4546 -2 -1.99171
4547 -2 -1.99172
4548 -2 -1.99172
4549 -2 -1.99172
4550 -2 -1.99172
4551 -2 -1.99172
4552 -2 -1.99172
4553 -2 -1.99173
4554 -2 -1.99173
4555 -2 -1.99173
4556 -2 -1.99173
4557 -2 -1.99173
4558 -2 -1.99174
4559 -2 -1.99174
4560 -2 -1.99174
4561 -2 -1.99174
4562 -2 -1.99174
4563 -2 -1.99174
4564 -2 -1.99175
4565 -2 -1.99175
4566 -1.98 -1.99175
4567 -1.98 -1.99174
4568 -1.98 -1.99174
4569 -1.98 -1.99174
4570 -2 -1.99174
4571 -2 -1.99174
4572 -2 -1.99174
4573 -2 -1.99174
4574 -2 -1.99175
4575 -2 -1.99175
4576 -2 -1.99175
4577 -2 -1.99175
4578 -1.98 -1.99175
4579 -1.97 -1.99174
4580 -1.98 -1.99174
4581 -2 -1.99174
4582 -2 -1.99175
4583 -2 -1.99175
4584 -2 -1.99175
4585 -2 -1.99175
4586 -2 -1.99175
4587 -2 -1.99175
4588 -2 -1.99176
4589 -2 -1.99176
4590 -2 -1.99176
4591 -2 -1.99176
4592 -1.98 -1.99176
4593 -2 -1.99176
4594 -2 -1.99176
4595 -1.98 -1.99176
4596 -2 -1.99176
4597 -2 -1.99176
4598 -2 -1.99177
4599 -2 -1.99177
4600 -2 -1.99177
4601 -2 -1.99177
4602 -2 -1.99177
4603 -2 -1.99177
4604 -2 -1.99178
4605 -2 -1.99178
4606 -2 -1.99178
4607 -1.98 -1.99178
4608 -2 -1.99178
4609 -2 -1.99178
4610 -2 -1.99178
4611 -2 -1.99178
4612 -1.98 -1.99178
4613 -1.98 -1.99178
4614 -2 -1.99178
4615 -2 -1.99178
4616 -2 -1.99178
4617 -2 -1.99179
4618 -1.98 -1.99178
4619 -1.98 -1.99178
4620 -1.98 -1.99178
4621 -2 -1.99178
4622 -2 -1.99178
4623 -2 -1.99178
4624 -2 -1.99179
4625 -2 -1.99179
4626 -2 -1.99179
4627 -2 -1.99179
4628 -2 -1.99179
4629 -2 -1.99179
4630 -2 -1.9918
4631 -2 -1.9918
4632 -2 -1.9918
4633 -2 -1.9918
4634 -2 -1.9918
4635 -2 -1.99181
4636 -2 -1.99181
4637 -1.98 -1.9918
4638 -2 -1.99181
4639 -2 -1.99181
4640 -2 -1.99181
4641 -2 -1.99181
4642 -2 -1.99181
4643 -2 -1.99182
4644 -2 -1.99182
4645 -2 -1.99182
4646 -2 -1.99182
4647 -1.98 -1.99182
4648 -2 -1.99182
4649 -2 -1.99182
4650 -2 -1.99182
4651 -2 -1.99183
4652 -2 -1.99183
4653 -2 -1.99183
4654 -2 -1.99183
4655 -2 -1.99183
4656 -2 -1.99183
4657 -2 -1.99184
4658 -2 -1.99184
4659 -2 -1.99184
4660 -2 -1.99184
4661 -2 -1.99184
4662 -2 -1.99184
4663 -2 -1.99185
4664 -2 -1.99185
4665 -1.98 -1.99185
4666 -2 -1.99185
4667 -2 -1.99185
4668 -2 -1.99185
4669 -2 -1.99185
4670 -2 -1.99185
4671 -2 -1.99186
4672 -2 -1.99186
4673 -2 -1.99186
4674 -2 -1.99186
4675 -2 -1.99186
4676 -2 -1.99186
4677 -2 -1.99187
4678 -2 -1.99187
4679 -2 -1.99187
4680 -2 -1.99187
4681 -2 -1.99187
4682 -1.97 -1.99187
4683 -1.98 -1.99187
4684 -2 -1.99187
4685 -2 -1.99187
4686 -2 -1.99187
4687 -2 -1.99187
4688 -2 -1.99187
4689 -2 -1.99188
4690 -2 -1.99188
4691 -2 -1.99188
4692 -2 -1.99188
4693 -1.98 -1.99188
4694 -2 -1.99188
4695 -2 -1.99188
4696 -2 -1.99188
4697 -2 -1.99189
4698 -2 -1.99189
4699 -2 -1.99189
4700 -2 -1.99189
4701 -2 -1.99189
4702 -2 -1.99189
4703 -2 -1.9919
4704 -2 -1.9919
4705 -2 -1.9919
4706 -2 -1.9919
4707 -2 -1.9919
4708 -2 -1.9919
4709 -2 -1.99191
4710 -2 -1.99191
4711 -2 -1.99191
4712 -2 -1.99191
4713 -2 -1.99191
4714 -2 -1.99192
4715 -2 -1.99192
4716 -2 -1.99192
4717 -2 -1.99192
4718 -2 -1.99192
4719 -1.98 -1.99192
4720 -2 -1.99192
4721 -2 -1.99192
4722 -2 -1.99192
4723 -2 -1.99193
4724 -1.98 -1.99192
4725 -2 -1.99193
4726 -2 -1.99193
4727 -2 -1.99193
4728 -2 -1.99193
4729 -2 -1.99193
4730 -2 -1.99193
4731 -2 -1.99194
4732 -2 -1.99194
4733 -2 -1.99194
4734 -2 -1.99194
4735 -2 -1.99194
4736 -2 -1.99194
4737 -2 -1.99195
4738 -2 -1.99195
4739 -2 -1.99195
4740 -2 -1.99195
4741 -2 -1.99195
4742 -2 -1.99195
4743 -2 -1.99196
4744 -2 -1.99196
4745 -2 -1.99196
4746 -2 -1.99196
4747 -2 -1.99196
4748 -2 -1.99196
4749 -2 -1.99197
4750 -1.98 -1.99196
4751 -2 -1.99197
4752 -1.98 -1.99196
4753 -2 -1.99196
4754 -2 -1.99197
4755 -2 -1.99197
4756 -2 -1.99197
4757 -2 -1.99197
4758 -2 -1.99197
4759 -1.98 -1.99197
4760 -1.98 -1.99197
4761 -1.98 -1.99197
4762 -2 -1.99197
4763 -2 -1.99197
4764 -1.98 -1.99197
4765 -2 -1.99197
4766 -2 -1.99197
4767 -2 -1.99197
4768 -2 -1.99197
4769 -2 -1.99197
4770 -2 -1.99198
4771 -2 -1.99198
4772 -2 -1.99198
4773 -2 -1.99198
4774 -2 -1.99198
4775 -2 -1.99198
4776 -2 -1.99199
4777 -2 -1.99199
4778 -2 -1.99199
4779 -2 -1.99199
4780 -2 -1.99199
4781 -2 -1.99199
4782 -1.98 -1.99199
4783 -2 -1.99199
4784 -2 -1.992
4785 -2 -1.992
4786 -2 -1.992
4787 -2 -1.992
4788 -2 -1.992
4789 -2 -1.992
4790 -2 -1.99201
4791 -1.98 -1.992
4792 -1.98 -1.992
4793 -2 -1.992
4794 -2 -1.992
4795 -2 -1.99201
4796 -2 -1.99201
4797 -2 -1.99201
4798 -2 -1.99201
4799 -2 -1.99201
4800 -2 -1.99201
4801 -2 -1.99202
4802 -2 -1.99202
4803 -2 -1.99202
4804 -2 -1.99202
4805 -2 -1.99202
4806 -2 -1.99202
4807 -2 -1.99203
4808 -2 -1.99203
4809 -2 -1.99203
4810 -2 -1.99203
4811 -2 -1.99203
4812 -2 -1.99203
4813 -2 -1.99204
4814 -2 -1.99204
4815 -1.96 -1.99203
4816 -2 -1.99203
4817 -2 -1.99203
4818 -1.98 -1.99203
4819 -2 -1.99203
4820 -2 -1.99203
4821 -2 -1.99204
4822 -2 -1.99204
4823 -2 -1.99204
4824 -1.98 -1.99204
4825 -2 -1.99204
4826 -2 -1.99204
4827 -1.98 -1.99204
4828 -2 -1.99204
4829 -2 -1.99204
4830 -1.98 -1.99204
4831 -2 -1.99204
4832 -2 -1.99204
4833 -2 -1.99204
4834 -2 -1.99205
4835 -2 -1.99205
4836 -2 -1.99205
4837 -2 -1.99205
4838 -2 -1.99205
4839 -2 -1.99205
4840 -2 -1.99206
4841 -2 -1.99206
4842 -2 -1.99206
4843 -2 -1.99206
4844 -2 -1.99206
4845 -2 -1.99206
4846 -2 -1.99207
4847 -2 -1.99207
4848 -2 -1.99207
4849 -2 -1.99207
4850 -2 -1.99207
4851 -2 -1.99207
4852 -2 -1.99208
4853 -1.98 -1.99207
4854 -1.98 -1.99207
4855 -2 -1.99207
4856 -2 -1.99207
4857 -2 -1.99207
4858 -2 -1.99208
4859 -2 -1.99208
4860 -2 -1.99208
4861 -2 -1.99208
4862 -2 -1.99208
4863 -1.98 -1.99208
4864 -1.98 -1.99208
4865 -1.98 -1.99208
4866 -2 -1.99208
4867 -2 -1.99208
4868 -2 -1.99208
4869 -2 -1.99208
4870 -2 -1.99208
4871 -2 -1.99209
4872 -2 -1.99209
4873 -2 -1.99209
4874 -2 -1.99209
4875 -2 -1.99209
4876 -2 -1.99209
4877 -2 -1.9921
4878 -2 -1.9921
4879 -2 -1.9921
4880 -2 -1.9921
4881 -2 -1.9921
4882 -1.98 -1.9921
4883 -2 -1.9921
4884 -2 -1.9921
4885 -2 -1.9921
4886 -2 -1.99211
4887 -2 -1.99211
4888 -2 -1.99211
4889 -2 -1.99211
4890 -2 -1.99211
4891 -2 -1.99211
4892 -2 -1.99212
4893 -2 -1.99212
4894 -2 -1.99212
4895 -2 -1.99212
4896 -2 -1.99212
4897 -2 -1.99212
4898 -2 -1.99212
4899 -2 -1.99213
4900 -2 -1.99213
4901 -2 -1.99213
4902 -2 -1.99213
4903 -1.98 -1.99213
4904 -1.98 -1.99213
4905 -2 -1.99213
4906 -2 -1.99213
4907 -2 -1.99213
4908 -2 -1.99213
4909 -2 -1.99213
4910 -2 -1.99214
4911 -2 -1.99214
4912 -2 -1.99214
4913 -1.98 -1.99214
4914 -2 -1.99214
4915 -2 -1.99214
4916 -2 -1.99214
4917 -2 -1.99214
4918 -2 -1.99214
4919 -2 -1.99215
4920 -2 -1.99215
4921 -2 -1.99215
4922 -2 -1.99215
4923 -2 -1.99215
4924 -2 -1.99215
4925 -2 -1.99216
4926 -2 -1.99216
4927 -2 -1.99216
4928 -2 -1.99216
4929 -2 -1.99216
4930 -2 -1.99216
4931 -2 -1.99217
4932 -2 -1.99217
4933 -2 -1.99217
4934 -2 -1.99217
4935 -2 -1.99217
4936 -2 -1.99217
4937 -2 -1.99217
4938 -2 -1.99218
4939 -2 -1.99218
4940 -2 -1.99218
4941 -2 -1.99218
4942 -1.98 -1.99218
4943 -1.96 -1.99217
4944 -1.94 -1.99216
4945 -1.94 -1.99215
4946 -1.98 -1.99215
4947 -1.98 -1.99215
4948 -1.98 -1.99214
4949 -1.98 -1.99214
4950 -1.98 -1.99214
4951 -1.94 -1.99213
4952 -1.98 -1.99213
4953 -2 -1.99213
4954 -2 -1.99213
4955 -2 -1.99213
4956 -2 -1.99213
4957 -2 -1.99213
4958 -2 -1.99214
4959 -2 -1.99214
4960 -2 -1.99214
4961 -2 -1.99214
4962 -2 -1.99214
4963 -2 -1.99214
4964 -2 -1.99215
4965 -1.98 -1.99214
4966 -2 -1.99214
4967 -2 -1.99215
4968 -2 -1.99215
4969 -1.98 -1.99214
4970 -1.98 -1.99214
4971 -2 -1.99214
4972 -2 -1.99215
4973 -2 -1.99215
4974 -2 -1.99215
4975 -2 -1.99215
4976 -2 -1.99215
4977 -2 -1.99215
4978 -2 -1.99216
4979 -2 -1.99216
4980 -2 -1.99216
4981 -2 -1.99216
4982 -1.98 -1.99216
4983 -1.98 -1.99215
4984 -2 -1.99216
4985 -2 -1.99216
4986 -1.98 -1.99216
4987 -2 -1.99216
4988 -1.98 -1.99215
4989 -2 -1.99216
4990 -2 -1.99216
4991 -1.98 -1.99216
4992 -1.98 -1.99215
4993 -2 -1.99215
4994 -2 -1.99216
4995 -2 -1.99216
4996 -2 -1.99216
4997 -2 -1.99216
4998 -2 -1.99216
4999 -2 -1.99216
5000 -2 -1.99217
5001 -2 -1.99217
5002 -1.98 -1.99216
5003 -1.98 -1.99216
5004 -1.98 -1.99216
5005 -1.98 -1.99216
5006 -1.98 -1.99215
5007 -2 -1.99216
5008 -2 -1.99216
5009 -2 -1.99216
5010 -2 -1.99216
5011 -2 -1.99216
5012 -2 -1.99216
5013 -2 -1.99217
5014 -2 -1.99217
5015 -2 -1.99217
5016 -1.98 -1.99217
5017 -2 -1.99217
5018 -1.98 -1.99217
5019 -1.98 -1.99216
5020 -1.98 -1.99216
5021 -2 -1.99216
5022 -2 -1.99216
5023 -1.98 -1.99216
5024 -2 -1.99216
5025 -2 -1.99216
5026 -2 -1.99217
5027 -2 -1.99217
5028 -2 -1.99217
5029 -1.98 -1.99217
5030 -1.98 -1.99216
5031 -1.98 -1.99216
5032 -2 -1.99216
5033 -2 -1.99217
5034 -2 -1.99217
5035 -1.98 -1.99216
5036 -1.98 -1.99216
5037 -2 -1.99216
5038 -2 -1.99217
5039 -2 -1.99217
5040 -2 -1.99217
5041 -2 -1.99217
5042 -2 -1.99217
5043 -2 -1.99217
5044 -2 -1.99217
5045 -2 -1.99218
5046 -2 -1.99218
5047 -2 -1.99218
5048 -2 -1.99218
5049 -2 -1.99218
5050 -2 -1.99218
5051 -2 -1.99219
5052 -2 -1.99219
5053 -2 -1.99219
5054 -2 -1.99219
5055 -2 -1.99219
5056 -2 -1.99219
5057 -1.98 -1.99219
5058 -2 -1.99219
5059 -2 -1.99219
5060 -2 -1.9922
5061 -2 -1.9922
5062 -2 -1.9922
5063 -2 -1.9922
5064 -2 -1.9922
5065 -2 -1.9922
5066 -2 -1.9922
5067 -2 -1.99221
5068 -2 -1.99221
5069 -2 -1.99221
5070 -2 -1.99221
5071 -1.98 -1.99221
5072 -1.98 -1.99221
5073 -2 -1.99221
5074 -2 -1.99221
5075 -2 -1.99221
5076 -2 -1.99221
5077 -2 -1.99221
5078 -2 -1.99222
5079 -2 -1.99222
5080 -2 -1.99222
5081 -2 -1.99222
5082 -2 -1.99222
5083 -2 -1.99222
5084 -2 -1.99222
5085 -2 -1.99223
5086 -2 -1.99223
5087 -2 -1.99223
5088 -2 -1.99223
5089 -2 -1.99223
5090 -1.98 -1.99223
5091 -1.98 -1.99223
5092 -2 -1.99223
5093 -2 -1.99223
5094 -2 -1.99223
5095 -2 -1.99223
5096 -2 -1.99223
5097 -2 -1.99224
5098 -2 -1.99224
5099 -2 -1.99224
5100 -2 -1.99224
5101 -2 -1.99224
5102 -2 -1.99224
5103 -2 -1.99225
5104 -2 -1.99225
5105 -2 -1.99225
5106 -2 -1.99225
5107 -2 -1.99225
5108 -1.98 -1.99225
5109 -1.98 -1.99225
5110 -1.98 -1.99224
5111 -2 -1.99225
5112 -2 -1.99225
5113 -2 -1.99225
5114 -2 -1.99225
5115 -2 -1.99225
5116 -2 -1.99225
5117 -2 -1.99225
5118 -1.98 -1.99225
5119 -2 -1.99225
5120 -2 -1.99226
5121 -2 -1.99226
5122 -2 -1.99226
5123 -2 -1.99226
5124 -2 -1.99226
5125 -2 -1.99226
5126 -2 -1.99226
5127 -2 -1.99227
5128 -2 -1.99227
5129 -2 -1.99227
5130 -2 -1.99227
5131 -2 -1.99227
5132 -2 -1.99227
5133 -2 -1.99228
5134 -2 -1.99228
5135 -2 -1.99228
5136 -1.98 -1.99228
5137 -2 -1.99228
5138 -2 -1.99228
5139 -2 -1.99228
5140 -2 -1.99228
5141 -2 -1.99228
5142 -1.98 -1.99228
5143 -2 -1.99228
5144 -2 -1.99228
5145 -2 -1.99229
5146 -2 -1.99229
5147 -2 -1.99229
5148 -2 -1.99229
5149 -2 -1.99229
5150 -2 -1.99229
5151 -2 -1.99229
5152 -2 -1.9923
5153 -2 -1.9923
5154 -2 -1.9923
5155 -2 -1.9923
5156 -2 -1.9923
5157 -2 -1.9923
5158 -2 -1.9923
5159 -2 -1.99231
5160 -2 -1.99231
5161 -2 -1.99231
5162 -1.96 -1.9923
5163 -1.98 -1.9923
5164 -1.98 -1.9923
5165 -1.97 -1.99229
5166 -2 -1.9923
5167 -2 -1.9923
5168 -2 -1.9923
5169 -2 -1.9923
5170 -2 -1.9923
5171 -2 -1.9923
5172 -2 -1.9923
5173 -2 -1.99231
5174 -2 -1.99231
5175 -2 -1.99231
5176 -1.98 -1.99231
5177 -2 -1.99231
5178 -2 -1.99231
5179 -2 -1.99231
5180 -2 -1.99231
5181 -2 -1.99231
5182 -2 -1.99232
5183 -2 -1.99232
5184 -2 -1.99232
5185 -2 -1.99232
5186 -2 -1.99232
5187 -2 -1.99232
5188 -2 -1.99232
5189 -2 -1.99233
5190 -2 -1.99233
5191 -2 -1.99233
5192 -2 -1.99233
5193 -2 -1.99233
5194 -2 -1.99233
5195 -2 -1.99233
5196 -2 -1.99234
5197 -2 -1.99234
5198 -2 -1.99234
5199 -2 -1.99234
5200 -1.98 -1.99234
5201 -2 -1.99234
5202 -2 -1.99234
5203 -2 -1.99234
5204 -2 -1.99234
5205 -2 -1.99235
5206 -2 -1.99235
5207 -2 -1.99235
5208 -2 -1.99235
5209 -2 -1.99235
5210 -2 -1.99235
5211 -2 -1.99235
5212 -2 -1.99236
5213 -1.98 -1.99235
5214 -1.98 -1.99235
5215 -2 -1.99235
5216 -2 -1.99235
5217 -2 -1.99236
5218 -2 -1.99236
5219 -2 -1.99236
5220 -2 -1.99236
5221 -2 -1.99236
5222 -2 -1.99236
5223 -2 -1.99236
5224 -2 -1.99237
5225 -1.98 -1.99236
5226 -1.98 -1.99236
5227 -2 -1.99236
5228 -2 -1.99236
5229 -2 -1.99237
5230 -2 -1.99237
5231 -2 -1.99237
5232 -2 -1.99237
5233 -2 -1.99237
5234 -2 -1.99237
5235 -2 -1.99237
5236 -2 -1.99238
5237 -2 -1.99238
5238 -1.98 -1.99237
5239 -1.98 -1.99237
5240 -1.98 -1.99237
5241 -2 -1.99237
5242 -2 -1.99237
5243 -2 -1.99237
5244 -2 -1.99238
5245 -2 -1.99238
5246 -2 -1.99238
5247 -2 -1.99238
5248 -2 -1.99238
5249 -2 -1.99238
5250 -2 -1.99238
5251 -2 -1.99239
5252 -2 -1.99239
5253 -2 -1.99239
5254 -1.98 -1.99239
5255 -2 -1.99239
5256 -2 -1.99239
5257 -2 -1.99239
5258 -2 -1.99239
5259 -2 -1.99239
5260 -1.98 -1.99239
5261 -2 -1.99239
5262 -1.98 -1.99239
5263 -2 -1.99239
5264 -2 -1.99239
5265 -2 -1.99239
5266 -2 -1.9924
5267 -2 -1.9924
5268 -2 -1.9924
5269 -2 -1.9924
5270 -2 -1.9924
5271 -2 -1.9924
5272 -2 -1.9924
5273 -2 -1.99241
5274 -2 -1.99241
5275 -2 -1.99241
5276 -2 -1.99241
5277 -2 -1.99241
5278 -2 -1.99241
5279 -2 -1.99241
5280 -2 -1.99242
5281 -1.98 -1.99241
5282 -2 -1.99242
5283 -2 -1.99242
5284 -2 -1.99242
5285 -2 -1.99242
5286 -2 -1.99242
5287 -2 -1.99242
5288 -2 -1.99242
5289 -2 -1.99243
5290 -2 -1.99243
5291 -2 -1.99243
5292 -2 -1.99243
5293 -2 -1.99243
5294 -2 -1.99243
5295 -2 -1.99243
5296 -2 -1.99244
5297 -2 -1.99244
5298 -2 -1.99244
5299 -1.98 -1.99244
5300 -1.98 -1.99243
5301 -1.98 -1.99243
5302 -2 -1.99243
5303 -2 -1.99243
5304 -2 -1.99244
5305 -2 -1.99244
5306 -2 -1.99244
5307 -2 -1.99244
5308 -2 -1.99244
5309 -2 -1.99244
5310 -2 -1.99244
5311 -2 -1.99245
5312 -2 -1.99245
5313 -2 -1.99245
5314 -2 -1.99245
5315 -2 -1.99245
5316 -2 -1.99245
5317 -2 -1.99245
5318 -2 -1.99246
5319 -1.98 -1.99245
5320 -2 -1.99245
5321 -2 -1.99246
5322 -2 -1.99246
5323 -2 -1.99246
5324 -2 -1.99246
5325 -2 -1.99246
5326 -2 -1.99246
5327 -2 -1.99246
5328 -2 -1.99247
5329 -2 -1.99247
5330 -2 -1.99247
5331 -2 -1.99247
5332 -2 -1.99247
5333 -2 -1.99247
5334 -2 -1.99247
5335 -2 -1.99248
5336 -2 -1.99248
5337 -2 -1.99248
5338 -1.98 -1.99248
5339 -2 -1.99248
5340 -2 -1.99248
5341 -1.98 -1.99248
5342 -1.98 -1.99247
5343 -2 -1.99248
5344 -2 -1.99248
5345 -2 -1.99248
5346 -2 -1.99248
5347 -2 -1.99248
5348 -2 -1.99248
5349 -2 -1.99248
5350 -2 -1.99249
5351 -2 -1.99249
5352 -2 -1.99249
5353 -2 -1.99249
5354 -2 -1.99249
5355 -2 -1.99249
5356 -2 -1.99249
5357 -2 -1.9925
5358 -1.98 -1.99249
5359 -2 -1.99249
5360 -2 -1.9925
5361 -2 -1.9925
5362 -2 -1.9925
5363 -2 -1.9925
5364 -2 -1.9925
5365 -2 -1.9925
5366 -2 -1.9925
5367 -2 -1.99251
5368 -2 -1.99251
5369 -2 -1.99251
5370 -2 -1.99251
5371 -2 -1.99251
5372 -2 -1.99251
5373 -2 -1.99251
5374 -2 -1.99252
5375 -2 -1.99252
5376 -2 -1.99252
5377 -1.98 -1.99252
5378 -2 -1.99252
5379 -2 -1.99252
5380 -1.98 -1.99252
5381 -2 -1.99252
5382 -2 -1.99252
5383 -2 -1.99252
5384 -2 -1.99252
5385 -2 -1.99252
5386 -2 -1.99252
5387 -2 -1.99253
5388 -2 -1.99253
5389 -2 -1.99253
5390 -1.98 -1.99253
5391 -1.98 -1.99252
5392 -2 -1.99253
5393 -2 -1.99253
5394 -2 -1.99253
5395 -2 -1.99253
5396 -2 -1.99253
5397 -2 -1.99253
5398 -2 -1.99253
5399 -1.98 -1.99253
5400 -1.98 -1.99253
5401 -1.98 -1.99253
5402 -2 -1.99253
5403 -2 -1.99253
5404 -2 -1.99253
5405 -2 -1.99253
5406 -2 -1.99253
5407 -2 -1.99254
5408 -2 -1.99254
5409 -2 -1.99254
5410 -2 -1.99254
5411 -2 -1.99254
5412 -2 -1.99254
5413 -2 -1.99254
5414 -2 -1.99254
5415 -2 -1.99255
5416 -1.98 -1.99254
5417 -2 -1.99255
5418 -2 -1.99255
5419 -2 -1.99255
5420 -2 -1.99255
5421 -2 -1.99255
5422 -2 -1.99255
5423 -2 -1.99255
5424 -2 -1.99255
5425 -2 -1.99256
5426 -2 -1.99256
5427 -2 -1.99256
5428 -2 -1.99256
5429 -2 -1.99256
5430 -2 -1.99256
5431 -2 -1.99256
5432 -2 -1.99257
5433 -2 -1.99257
5434 -2 -1.99257
5435 -2 -1.99257
5436 -2 -1.99257
5437 -2 -1.99257
5438 -1.98 -1.99257
5439 -2 -1.99257
5440 -2 -1.99257
5441 -2 -1.99257
5442 -1.98 -1.99257
5443 -2 -1.99257
5444 -2 -1.99257
5445 -2 -1.99258
5446 -2 -1.99258
5447 -2 -1.99258
5448 -2 -1.99258
5449 -2 -1.99258
5450 -2 -1.99258
5451 -2 -1.99258
5452 -2 -1.99259
5453 -2 -1.99259
5454 -2 -1.99259
5455 -2 -1.99259
5456 -2 -1.99259
5457 -2 -1.99259
5458 -2 -1.99259
5459 -2 -1.9926
5460 -2 -1.9926
5461 -2 -1.9926
5462 -2 -1.9926
5463 -1.98 -1.9926
5464 -2 -1.9926
5465 -2 -1.9926
5466 -1.98 -1.9926
5467 -2 -1.9926
5468 -2 -1.9926
5469 -2 -1.9926
5470 -2 -1.9926
5471 -2 -1.9926
5472 -2 -1.99261
5473 -2 -1.99261
5474 -2 -1.99261
5475 -2 -1.99261
5476 -2 -1.99261
5477 -2 -1.99261
5478 -2 -1.99261
5479 -2 -1.99261
5480 -2 -1.99262
5481 -1.98 -1.99261
5482 -2 -1.99262
5483 -2 -1.99262
5484 -2 -1.99262
5485 -2 -1.99262
5486 -2 -1.99262
5487 -2 -1.99262
5488 -2 -1.99262
5489 -2 -1.99262
5490 -2 -1.99263
5491 -2 -1.99263
5492 -2 -1.99263
5493 -2 -1.99263
5494 -2 -1.99263
5495 -2 -1.99263
5496 -2 -1.99263
5497 -2 -1.99264
5498 -2 -1.99264
5499 -2 -1.99264
5500 -2 -1.99264
5501 -2 -1.99264
5502 -2 -1.99264
5503 -2 -1.99264
5504 -2 -1.99264
5505 -2 -1.99265
5506 -2 -1.99265
5507 -2 -1.99265
5508 -2 -1.99265
5509 -2 -1.99265
5510 -2 -1.99265
5511 -2 -1.99265
5512 -2 -1.99266
5513 -2 -1.99266
5514 -2 -1.99266
5515 -2 -1.99266
5516 -2 -1.99266
5517 -2 -1.99266
5518 -2 -1.99266
5519 -1.98 -1.99266
5520 -2 -1.99266
5521 -2 -1.99266
5522 -2 -1.99267
5523 -2 -1.99267
5524 -2 -1.99267
5525 -2 -1.99267
5526 -2 -1.99267
5527 -2 -1.99267
5528 -2 -1.99267
5529 -1.98 -1.99267
5530 -1.98 -1.99267
5531 -2 -1.99267
5532 -2 -1.99267
5533 -2 -1.99267
5534 -2 -1.99267
5535 -2 -1.99268
5536 -2 -1.99268
5537 -2 -1.99268
5538 -2 -1.99268
5539 -2 -1.99268
5540 -2 -1.99268
5541 -2 -1.99268
5542 -2 -1.99268
5543 -2 -1.99269
5544 -2 -1.99269
5545 -2 -1.99269
5546 -2 -1.99269
5547 -2 -1.99269
5548 -1.98 -1.99269
5549 -2 -1.99269
5550 -2 -1.99269
5551 -2 -1.99269
5552 -2 -1.99269
5553 -2 -1.9927
5554 -2 -1.9927
5555 -2 -1.9927
5556 -2 -1.9927
5557 -2 -1.9927
5558 -2 -1.9927
5559 -2 -1.9927
5560 -2 -1.9927
5561 -2 -1.99271
5562 -2 -1.99271
5563 -2 -1.99271
5564 -2 -1.99271
5565 -2 -1.99271
5566 -2 -1.99271
5567 -2 -1.99271
5568 -2 -1.99272
5569 -2 -1.99272
5570 -1.98 -1.99271
5571 -2 -1.99272
5572 -2 -1.99272
5573 -2 -1.99272
5574 -2 -1.99272
5575 -2 -1.99272
5576 -2 -1.99272
5577 -2 -1.99272
5578 -1.98 -1.99272
5579 -2 -1.99272
5580 -2 -1.99272
5581 -2 -1.99272
5582 -2 -1.99273
5583 -2 -1.99273
5584 -2 -1.99273
5585 -2 -1.99273
5586 -2 -1.99273
5587 -2 -1.99273
5588 -2 -1.99273
5589 -2 -1.99274
5590 -1.98 -1.99273
5591 -1.98 -1.99273
5592 -2 -1.99273
5593 -2 -1.99273
5594 -2 -1.99273
5595 -2 -1.99274
5596 -2 -1.99274
5597 -1.98 -1.99273
5598 -1.98 -1.99273
5599 -1.98 -1.99273
5600 -2 -1.99273
5601 -2 -1.99273
5602 -2 -1.99273
5603 -2 -1.99274
5604 -2 -1.99274
5605 -2 -1.99274
5606 -2 -1.99274
5607 -2 -1.99274
5608 -2 -1.99274
5609 -2 -1.99274
5610 -2 -1.99274
5611 -2 -1.99275
5612 -2 -1.99275
5613 -2 -1.99275
5614 -2 -1.99275
5615 -2 -1.99275
5616 -2 -1.99275
5617 -2 -1.99275
5618 -2 -1.99275
5619 -2 -1.99276
5620 -2 -1.99276
5621 -2 -1.99276
5622 -2 -1.99276
5623 -2 -1.99276
5624 -1.96 -1.99276
5625 -1.98 -1.99275
5626 -2 -1.99275
5627 -1.98 -1.99275
5628 -2 -1.99275
5629 -2 -1.99275
5630 -1.98 -1.99275
5631 -2 -1.99275
5632 -2 -1.99276
5633 -2 -1.99276
5634 -2 -1.99276
5635 -2 -1.99276
5636 -2 -1.99276
5637 -2 -1.99276
5638 -2 -1.99276
5639 -1.98 -1.99276
5640 -2 -1.99276
5641 -2 -1.99276
5642 -2 -1.99276
5643 -2 -1.99277
5644 -2 -1.99277
5645 -1.98 -1.99276
5646 -1.98 -1.99276
5647 -1.98 -1.99276
5648 -1.98 -1.99276
5649 -2 -1.99276
5650 -2 -1.99276
5651 -2 -1.99276
5652 -1.98 -1.99276
5653 -1.98 -1.99276
5654 -1.98 -1.99276
5655 -2 -1.99276
5656 -2 -1.99276
5657 -2 -1.99276
5658 -2 -1.99276
5659 -2 -1.99276
5660 -2 -1.99276
5661 -2 -1.99276
5662 -2 -1.99277
5663 -2 -1.99277
5664 -2 -1.99277
5665 -2 -1.99277
5666 -1.98 -1.99277
5667 -2 -1.99277
5668 -2 -1.99277
5669 -2 -1.99277
5670 -1.98 -1.99277
5671 -2 -1.99277
5672 -2 -1.99277
5673 -2 -1.99277
5674 -2 -1.99277
5675 -2 -1.99277
5676 -2 -1.99278
5677 -2 -1.99278
5678 -2 -1.99278
5679 -2 -1.99278
5680 -2 -1.99278
5681 -2 -1.99278
5682 -2 -1.99278
5683 -2 -1.99279
5684 -2 -1.99279
5685 -2 -1.99279
5686 -2 -1.99279
5687 -1.98 -1.99279
5688 -1.98 -1.99278
5689 -1.98 -1.99278
5690 -1.98 -1.99278
5691 -1.96 -1.99277
5692 -1.98 -1.99277
5693 -2 -1.99277
5694 -2 -1.99277
5695 -2 -1.99278
5696 -2 -1.99278
5697 -2 -1.99278
5698 -2 -1.99278
5699 -2 -1.99278
5700 -2 -1.99278
5701 -2 -1.99278
5702 -2 -1.99278
5703 -2 -1.99279
5704 -2 -1.99279
5705 -2 -1.99279
5706 -2 -1.99279
5707 -2 -1.99279
5708 -2 -1.99279
5709 -2 -1.99279
5710 -2 -1.99279
5711 -2 -1.9928
5712 -2 -1.9928
5713 -2 -1.9928
5714 -1.98 -1.9928
5715 -1.96 -1.99279
5716 -1.98 -1.99279
5717 -2 -1.99279
5718 -2 -1.99279
5719 -2 -1.99279
5720 -2 -1.99279
5721 -1.98 -1.99279
5722 -1.98 -1.99279
5723 -2 -1.99279
5724 -2 -1.99279
5725 -1.98 -1.99279
5726 -1.98 -1.99279
5727 -2 -1.99279
5728 -2 -1.99279
5729 -1.98 -1.99279
5730 -2 -1.99279
5731 -2 -1.99279
5732 -2 -1.99279
5733 -2 -1.99279
5734 -2 -1.99279
5735 -2 -1.99279
5736 -2 -1.9928
5737 -2 -1.9928
5738 -2 -1.9928
5739 -1.98 -1.9928
5740 -1.98 -1.99279
5741 -2 -1.9928
5742 -2 -1.9928
5743 -2 -1.9928
5744 -2 -1.9928
5745 -2 -1.9928
5746 -2 -1.9928
5747 -1.98 -1.9928
5748 -2 -1.9928
5749 -2 -1.9928
5750 -2 -1.9928
5751 -1.98 -1.9928
5752 -1.98 -1.9928
5753 -1.98 -1.9928
5754 -1.98 -1.99279
5755 -1.98 -1.99279
5756 -2 -1.99279
5757 -2 -1.99279
5758 -2 -1.9928
5759 -2 -1.9928
5760 -2 -1.9928
5761 -2 -1.9928
5762 -2 -1.9928
5763 -2 -1.9928
5764 -2 -1.9928
5765 -2 -1.9928
5766 -2 -1.99281
5767 -2 -1.99281
5768 -2 -1.99281
5769 -2 -1.99281
5770 -2 -1.99281
5771 -2 -1.99281
5772 -2 -1.99281
5773 -2 -1.99281
5774 -2 -1.99282
5775 -2 -1.99282
5776 -2 -1.99282
5777 -2 -1.99282
5778 -2 -1.99282
5779 -2 -1.99282
5780 -2 -1.99282
5781 -2 -1.99282
5782 -2 -1.99283
5783 -2 -1.99283
5784 -2 -1.99283
5785 -2 -1.99283
5786 -2 -1.99283
5787 -2 -1.99283
5788 -2 -1.99283
5789 -2 -1.99283
5790 -2 -1.99284
5791 -2 -1.99284
5792 -2 -1.99284
5793 -2 -1.99284
5794 -2 -1.99284
5795 -2 -1.99284
5796 -2 -1.99284
5797 -2 -1.99284
5798 -2 -1.99285
5799 -2 -1.99285
5800 -2 -1.99285
5801 -2 -1.99285
5802 -2 -1.99285
5803 -1.98 -1.99285
5804 -1.98 -1.99285
5805 -2 -1.99285
5806 -2 -1.99285
5807 -2 -1.99285
5808 -2 -1.99285
5809 -2 -1.99285
5810 -2 -1.99285
5811 -2 -1.99285
5812 -1.98 -1.99285
5813 -2 -1.99285
5814 -1.98 -1.99285
5815 -1.98 -1.99285
5816 -1.98 -1.99285
5817 -1.98 -1.99284
5818 -2 -1.99285
5819 -2 -1.99285
5820 -2 -1.99285
5821 -1.98 -1.99285
5822 -2 -1.99285
5823 -2 -1.99285
5824 -2 -1.99285
5825 -1.96 -1.99284
5826 -2 -1.99285
5827 -2 -1.99285
5828 -2 -1.99285
5829 -2 -1.99285
5830 -1.98 -1.99285
5831 -2 -1.99285
5832 -1.98 -1.99285
5833 -1.98 -1.99284
5834 -2 -1.99284
5835 -2 -1.99285
5836 -2 -1.99285
5837 -2 -1.99285
5838 -2 -1.99285
5839 -2 -1.99285
5840 -1.98 -1.99285
5841 -1.98 -1.99285
5842 -2 -1.99285
5843 -2 -1.99285
5844 -2 -1.99285
5845 -2 -1.99285
5846 -2 -1.99285
5847 -2 -1.99285
5848 -2 -1.99286
5849 -2 -1.99286
5850 -2 -1.99286
5851 -2 -1.99286
5852 -2 -1.99286
5853 -2 -1.99286
5854 -2 -1.99286
5855 -2 -1.99286
5856 -2 -1.99286
5857 -2 -1.99287
5858 -2 -1.99287
5859 -2 -1.99287
5860 -2 -1.99287
5861 -2 -1.99287
5862 -2 -1.99287
5863 -2 -1.99287
5864 -2 -1.99287
5865 -2 -1.99288
5866 -2 -1.99288
5867 -2 -1.99288
5868 -2 -1.99288
5869 -2 -1.99288
5870 -2 -1.99288
5871 -2 -1.99288
5872 -2 -1.99288
5873 -2 -1.99289
5874 -1.98 -1.99288
5875 -1.98 -1.99288
5876 -2 -1.99288
5877 -2 -1.99288
5878 -2 -1.99288
5879 -2 -1.99289
5880 -2 -1.99289
5881 -1.98 -1.99289
5882 -1.98 -1.99288
5883 -2 -1.99288
5884 -2 -1.99289
5885 -2 -1.99289
5886 -2 -1.99289
5887 -2 -1.99289
5888 -2 -1.99289
5889 -2 -1.99289
5890 -2 -1.99289
5891 -2 -1.99289
5892 -2 -1.99289
5893 -2 -1.9929
5894 -2 -1.9929
5895 -2 -1.9929
5896 -2 -1.9929
5897 -2 -1.9929
5898 -2 -1.9929
5899 -2 -1.9929
5900 -2 -1.9929
5901 -1.98 -1.9929
5902 -2 -1.9929
5903 -2 -1.9929
5904 -2 -1.99291
5905 -2 -1.99291
5906 -2 -1.99291
5907 -2 -1.99291
5908 -2 -1.99291
5909 -2 -1.99291
5910 -2 -1.99291
5911 -2 -1.99291
5912 -2 -1.99292
5913 -2 -1.99292
5914 -2 -1.99292
5915 -2 -1.99292
5916 -2 -1.99292
5917 -2 -1.99292
5918 -2 -1.99292
5919 -2 -1.99292
5920 -1.98 -1.99292
5921 -2 -1.99292
5922 -2 -1.99292
5923 -2 -1.99293
5924 -1.98 -1.99292
5925 -1.98 -1.99292
5926 -2 -1.99292
5927 -2 -1.99292
5928 -1.98 -1.99292
5929 -2 -1.99292
5930 -1.98 -1.99292
5931 -1.98 -1.99292
5932 -2 -1.99292
5933 -2 -1.99292
5934 -2 -1.99292
5935 -2 -1.99292
5936 -2 -1.99292
5937 -2 -1.99293
5938 -2 -1.99293
5939 -2 -1.99293
5940 -2 -1.99293
5941 -2 -1.99293
5942 -2 -1.99293
5943 -2 -1.99293
5944 -2 -1.99293
5945 -2 -1.99293
5946 -2 -1.99294
5947 -2 -1.99294
5948 -2 -1.99294
5949 -2 -1.99294
5950 -2 -1.99294
5951 -2 -1.99294
5952 -2 -1.99294
5953 -1.98 -1.99294
5954 -2 -1.99294
5955 -2 -1.99294
5956 -2 -1.99294
5957 -2 -1.99295
5958 -2 -1.99295
5959 -1.98 -1.99294
5960 -2 -1.99295
5961 -2 -1.99295
5962 -2 -1.99295
5963 -2 -1.99295
5964 -2 -1.99295
5965 -2 -1.99295
5966 -2 -1.99295
5967 -2 -1.99295
5968 -2 -1.99296
5969 -2 -1.99296
5970 -2 -1.99296
5971 -2 -1.99296
5972 -2 -1.99296
5973 -2 -1.99296
5974 -2 -1.99296
5975 -2 -1.99296
5976 -2 -1.99296
5977 -2 -1.99297
5978 -2 -1.99297
5979 -2 -1.99297
5980 -2 -1.99297
5981 -2 -1.99297
5982 -2 -1.99297
5983 -2 -1.99297
5984 -2 -1.99297
5985 -2 -1.99298
5986 -2 -1.99298
5987 -2 -1.99298
5988 -2 -1.99298
5989 -2 -1.99298
5990 -1.98 -1.99298
5991 -1.98 -1.99298
5992 -2 -1.99298
5993 -2 -1.99298
5994 -2 -1.99298
5995 -2 -1.99298
5996 -2 -1.99298
5997 -1.98 -1.99298
5998 -1.98 -1.99298
5999 -2 -1.99298
6000 -2 -1.99298
6001 -2 -1.99298
6002 -2 -1.99298
6003 -2 -1.99298
6004 -2 -1.99298
6005 -2 -1.99299
6006 -2 -1.99299
6007 -2 -1.99299
6008 -2 -1.99299
6009 -2 -1.99299
6010 -2 -1.99299
6011 -2 -1.99299
6012 -2 -1.99299
6013 -1.98 -1.99299
6014 -1.98 -1.99299
6015 -2 -1.99299
6016 -2 -1.99299
6017 -2 -1.99299
6018 -2 -1.99299
6019 -2 -1.993
6020 -2 -1.993
6021 -2 -1.993
6022 -2 -1.993
6023 -2 -1.993
6024 -2 -1.993
6025 -2 -1.993
6026 -1.97 -1.993
6027 -1.98 -1.993
6028 -1.98 -1.99299
6029 -2 -1.993
6030 -2 -1.993
6031 -2 -1.993
6032 -1.98 -1.993
6033 -1.98 -1.99299
6034 -1.97 -1.99299
6035 -1.98 -1.99299
6036 -1.96 -1.99298
6037 -2 -1.99298
6038 -2 -1.99298
6039 -2 -1.99299
6040 -2 -1.99299
6041 -2 -1.99299
6042 -2 -1.99299
6043 -1.98 -1.99299
6044 -1.98 -1.99298
6045 -1.98 -1.99298
6046 -2 -1.99298
6047 -2 -1.99298
6048 -2 -1.99299
6049 -2 -1.99299
6050 -2 -1.99299
6051 -1.98 -1.99299
6052 -2 -1.99299
6053 -2 -1.99299
6054 -2 -1.99299
6055 -2 -1.99299
6056 -2 -1.99299
6057 -2 -1.99299
6058 -2 -1.99299
6059 -2 -1.993
6060 -1.98 -1.99299
6061 -1.98 -1.99299
6062 -2 -1.99299
6063 -2 -1.99299
6064 -2 -1.99299
6065 -2 -1.993
6066 -2 -1.993
6067 -2 -1.993
6068 -2 -1.993
6069 -2 -1.993
6070 -2 -1.993
6071 -2 -1.993
6072 -2 -1.993
6073 -2 -1.993
6074 -2 -1.99301
6075 -1.98 -1.993
6076 -2 -1.993
6077 -2 -1.99301
6078 -2 -1.99301
6079 -2 -1.99301
6080 -2 -1.99301
6081 -2 -1.99301
6082 -2 -1.99301
6083 -2 -1.99301
6084 -2 -1.99301
6085 -2 -1.99302
6086 -2 -1.99302
6087 -2 -1.99302
6088 -2 -1.99302
6089 -1.97 -1.99301
6090 -2 -1.99302
6091 -1.98 -1.99301
6092 -1.98 -1.99301
6093 -1.98 -1.99301
6094 -2 -1.99301
6095 -2 -1.99301
6096 -2 -1.99301
6097 -2 -1.99301
6098 -1.98 -1.99301
6099 -1.98 -1.99301
6100 -2 -1.99301
6101 -2 -1.99301
6102 -2 -1.99301
6103 -2 -1.99301
6104 -2 -1.99302
6105 -2 -1.99302
6106 -2 -1.99302
6107 -2 -1.99302
6108 -2 -1.99302
6109 -2 -1.99302
6110 -2 -1.99302
6111 -2 -1.99302
6112 -2 -1.99302
6113 -2 -1.99303
6114 -2 -1.99303
6115 -2 -1.99303
6116 -2 -1.99303
6117 -2 -1.99303
6118 -2 -1.99303
6119 -2 -1.99303
6120 -2 -1.99303
6121 -2 -1.99303
6122 -2 -1.99304
6123 -2 -1.99304
6124 -2 -1.99304
6125 -2 -1.99304
6126 -2 -1.99304
6127 -2 -1.99304
6128 -2 -1.99304
6129 -2 -1.99304
6130 -2 -1.99305
6131 -2 -1.99305
6132 -2 -1.99305
6133 -2 -1.99305
6134 -2 -1.99305
6135 -2 -1.99305
6136 -2 -1.99305
6137 -2 -1.99305
6138 -2 -1.99305
6139 -2 -1.99306
6140 -2 -1.99306
6141 -2 -1.99306
6142 -2 -1.99306
6143 -2 -1.99306
6144 -2 -1.99306
6145 -2 -1.99306
6146 -2 -1.99306
6147 -2 -1.99306
6148 -1.98 -1.99306
6149 -2 -1.99306
6150 -2 -1.99306
6151 -2 -1.99307
6152 -1.98 -1.99306
6153 -1.97 -1.99306
6154 -1.97 -1.99306
6155 -2 -1.99306
6156 -2 -1.99306
6157 -2 -1.99306
6158 -2 -1.99306
6159 -2 -1.99306
6160 -2 -1.99306
6161 -1.98 -1.99306
6162 -1.98 -1.99306
6163 -2 -1.99306
6164 -2 -1.99306
6165 -2 -1.99306
6166 -2 -1.99306
6167 -2 -1.99306
6168 -2 -1.99307
6169 -2 -1.99307
6170 -2 -1.99307
6171 -2 -1.99307
6172 -2 -1.99307
6173 -2 -1.99307
6174 -1.98 -1.99307
6175 -1.98 -1.99307
6176 -2 -1.99307
6177 -2 -1.99307
6178 -2 -1.99307
6179 -1.98 -1.99307
6180 -2 -1.99307
6181 -2 -1.99307
6182 -2 -1.99307
6183 -2 -1.99307
6184 -2 -1.99307
6185 -2 -1.99307
6186 -2 -1.99308
6187 -2 -1.99308
6188 -2 -1.99308
6189 -2 -1.99308
6190 -2 -1.99308
6191 -2 -1.99308
6192 -2 -1.99308
6193 -2 -1.99308
6194 -2 -1.99308
6195 -2 -1.99309
6196 -2 -1.99309
6197 -2 -1.99309
6198 -2 -1.99309
6199 -2 -1.99309
6200 -2 -1.99309
6201 -2 -1.99309
6202 -2 -1.99309
6203 -2 -1.99309
6204 -2 -1.9931
6205 -2 -1.9931
6206 -2 -1.9931
6207 -2 -1.9931
6208 -2 -1.9931
6209 -2 -1.9931
6210 -2 -1.9931
6211 -2 -1.9931
6212 -2 -1.9931
6213 -2 -1.99311
6214 -2 -1.99311
6215 -2 -1.99311
6216 -2 -1.99311
6217 -2 -1.99311
6218 -2 -1.99311
6219 -1.98 -1.99311
6220 -2 -1.99311
6221 -2 -1.99311
6222 -2 -1.99311
6223 -2 -1.99311
6224 -2 -1.99311
6225 -2 -1.99312
6226 -2 -1.99312
6227 -2 -1.99312
6228 -2 -1.99312
6229 -2 -1.99312
6230 -2 -1.99312
6231 -1.98 -1.99312
6232 -1.98 -1.99312
6233 -2 -1.99312
6234 -2 -1.99312
6235 -2 -1.99312
6236 -2 -1.99312
6237 -2 -1.99312
6238 -2 -1.99312
6239 -2 -1.99312
6240 -2 -1.99313
6241 -2 -1.99313
6242 -2 -1.99313
6243 -2 -1.99313
6244 -2 -1.99313
6245 -2 -1.99313
6246 -1.98 -1.99313
6247 -1.98 -1.99313
6248 -2 -1.99313
6249 -2 -1.99313
6250 -2 -1.99313
6251 -2 -1.99313
6252 -2 -1.99313
6253 -1.98 -1.99313
6254 -1.97 -1.99313
6255 -2 -1.99313
6256 -2 -1.99313
6257 -2 -1.99313
6258 -2 -1.99313
6259 -2 -1.99313
6260 -2 -1.99313
6261 -2 -1.99313
6262 -2 -1.99314
6263 -2 -1.99314
6264 -1.98 -1.99313
6265 -2 -1.99314
6266 -2 -1.99314
6267 -2 -1.99314
6268 -2 -1.99314
6269 -2 -1.99314
6270 -2 -1.99314
6271 -2 -1.99314
6272 -2 -1.99314
6273 -2 -1.99314
6274 -1.98 -1.99314
6275 -1.97 -1.99314
6276 -2 -1.99314
6277 -1.98 -1.99314
6278 -2 -1.99314
6279 -2 -1.99314
6280 -2 -1.99314
6281 -2 -1.99314
6282 -2 -1.99314
6283 -2 -1.99314
6284 -2 -1.99315
6285 -2 -1.99315
6286 -2 -1.99315
6287 -2 -1.99315
6288 -2 -1.99315
6289 -2 -1.99315
6290 -2 -1.99315
6291 -2 -1.99315
6292 -2 -1.99315
6293 -2 -1.99316
6294 -2 -1.99316
6295 -2 -1.99316
6296 -2 -1.99316
6297 -2 -1.99316
6298 -2 -1.99316
6299 -2 -1.99316
6300 -2 -1.99316
6301 -2 -1.99316
6302 -2 -1.99317
6303 -2 -1.99317
6304 -2 -1.99317
6305 -2 -1.99317
6306 -2 -1.99317
6307 -2 -1.99317
6308 -2 -1.99317
6309 -2 -1.99317
6310 -2 -1.99317
6311 -1.98 -1.99317
6312 -2 -1.99317
6313 -2 -1.99317
6314 -2 -1.99317
6315 -2 -1.99318
6316 -2 -1.99318
6317 -2 -1.99318
6318 -2 -1.99318
6319 -2 -1.99318
6320 -2 -1.99318
6321 -2 -1.99318
6322 -1.98 -1.99318
6323 -1.98 -1.99318
6324 -2 -1.99318
6325 -2 -1.99318
6326 -2 -1.99318
6327 -2 -1.99318
6328 -2 -1.99318
6329 -2 -1.99318
6330 -2 -1.99319
6331 -2 -1.99319
6332 -2 -1.99319
6333 -2 -1.99319
6334 -2 -1.99319
6335 -2 -1.99319
6336 -1.98 -1.99319
6337 -1.97 -1.99319
6338 -1.98 -1.99318
6339 -2 -1.99318
6340 -2 -1.99319
6341 -2 -1.99319
6342 -2 -1.99319
6343 -2 -1.99319
6344 -2 -1.99319
6345 -2 -1.99319
6346 -2 -1.99319
6347 -2 -1.99319
6348 -2 -1.99319
6349 -2 -1.9932
6350 -1.98 -1.99319
6351 -2 -1.99319
6352 -1.98 -1.99319
6353 -1.98 -1.99319
6354 -2 -1.99319
6355 -2 -1.99319
6356 -2 -1.99319
6357 -2 -1.99319
6358 -2 -1.9932
6359 -2 -1.9932
6360 -2 -1.9932
6361 -2 -1.9932
6362 -2 -1.9932
6363 -2 -1.9932
6364 -2 -1.9932
6365 -2 -1.9932
6366 -1.98 -1.9932
6367 -1.97 -1.9932
6368 -2 -1.9932
6369 -2 -1.9932
6370 -2 -1.9932
6371 -1.98 -1.9932
6372 -1.98 -1.9932
6373 -2 -1.9932
6374 -2 -1.9932
6375 -2 -1.9932
6376 -2 -1.9932
6377 -2 -1.9932
6378 -2 -1.9932
6379 -2 -1.9932
6380 -2 -1.9932
6381 -2 -1.99321
6382 -2 -1.99321
6383 -2 -1.99321
6384 -2 -1.99321
6385 -2 -1.99321
6386 -2 -1.99321
6387 -2 -1.99321
6388 -2 -1.99321
6389 -2 -1.99321
6390 -1.98 -1.99321
6391 -1.98 -1.99321
6392 -2 -1.99321
6393 -2 -1.99321
6394 -2 -1.99321
6395 -2 -1.99321
6396 -2 -1.99322
6397 -2 -1.99322
6398 -2 -1.99322
6399 -2 -1.99322
6400 -2 -1.99322
6401 -2 -1.99322
6402 -2 -1.99322
6403 -2 -1.99322
6404 -2 -1.99322
6405 -1.98 -1.99322
6406 -2 -1.99322
6407 -2 -1.99322
6408 -2 -1.99323
6409 -2 -1.99323
6410 -2 -1.99323
6411 -2 -1.99323
6412 -2 -1.99323
6413 -2 -1.99323
6414 -2 -1.99323
6415 -2 -1.99323
6416 -2 -1.99323
6417 -2 -1.99323
6418 -2 -1.99324
6419 -2 -1.99324
6420 -2 -1.99324
6421 -2 -1.99324
6422 -2 -1.99324
6423 -2 -1.99324
6424 -2 -1.99324
6425 -2 -1.99324
6426 -2 -1.99324
6427 -2 -1.99325
6428 -2 -1.99325
6429 -2 -1.99325
6430 -2 -1.99325
6431 -2 -1.99325
6432 -2 -1.99325
6433 -2 -1.99325
6434 -2 -1.99325
6435 -2 -1.99325
6436 -2 -1.99325
6437 -2 -1.99326
6438 -2 -1.99326
6439 -2 -1.99326
6440 -2 -1.99326
6441 -2 -1.99326
6442 -2 -1.99326
6443 -2 -1.99326
6444 -2 -1.99326
6445 -2 -1.99326
6446 -2 -1.99327
6447 -2 -1.99327
6448 -2 -1.99327
6449 -2 -1.99327
6450 -2 -1.99327
6451 -2 -1.99327
6452 -2 -1.99327
6453 -2 -1.99327
6454 -2 -1.99327
6455 -2 -1.99327
6456 -2 -1.99328
6457 -2 -1.99328
6458 -2 -1.99328
6459 -2 -1.99328
6460 -2 -1.99328
6461 -2 -1.99328
6462 -2 -1.99328
6463 -2 -1.99328
6464 -1.98 -1.99328
6465 -2 -1.99328
6466 -2 -1.99328
6467 -2 -1.99328
6468 -2 -1.99328
6469 -2 -1.99329
6470 -2 -1.99329
6471 -2 -1.99329
6472 -2 -1.99329
6473 -2 -1.99329
6474 -2 -1.99329
6475 -2 -1.99329
6476 -2 -1.99329
6477 -2 -1.99329
6478 -2 -1.9933
6479 -2 -1.9933
6480 -2 -1.9933
6481 -2 -1.9933
6482 -2 -1.9933
6483 -2 -1.9933
6484 -2 -1.9933
6485 -2 -1.9933
6486 -2 -1.9933
6487 -2 -1.9933
6488 -2 -1.99331
6489 -2 -1.99331
6490 -2 -1.99331
6491 -2 -1.99331
6492 -2 -1.99331
6493 -2 -1.99331
6494 -2 -1.99331
6495 -2 -1.99331
6496 -2 -1.99331
6497 -2 -1.99331
6498 -2 -1.99332
6499 -2 -1.99332
6500 -2 -1.99332
6501 -2 -1.99332
6502 -2 -1.99332
6503 -2 -1.99332
6504 -2 -1.99332
6505 -2 -1.99332
6506 -2 -1.99332
6507 -2 -1.99333
6508 -2 -1.99333
6509 -2 -1.99333
6510 -2 -1.99333
6511 -2 -1.99333
6512 -2 -1.99333
6513 -2 -1.99333
6514 -2 -1.99333
6515 -2 -1.99333
6516 -2 -1.99333
6517 -2 -1.99334
6518 -2 -1.99334
6519 -2 -1.99334
6520 -2 -1.99334
6521 -2 -1.99334
6522 -2 -1.99334
6523 -2 -1.99334
6524 -1.98 -1.99334
6525 -1.96 -1.99333
6526 -2 -1.99334
6527 -2 -1.99334
6528 -2 -1.99334
6529 -2 -1.99334
6530 -2 -1.99334
6531 -2 -1.99334
6532 -2 -1.99334
6533 -2 -1.99334
6534 -2 -1.99334
6535 -2 -1.99334
6536 -2 -1.99335
6537 -2 -1.99335
6538 -2 -1.99335
6539 -2 -1.99335
6540 -2 -1.99335
6541 -2 -1.99335
6542 -2 -1.99335
6543 -2 -1.99335
6544 -1.98 -1.99335
6545 -2 -1.99335
6546 -2 -1.99335
6547 -1.98 -1.99335
6548 -2 -1.99335
6549 -2 -1.99335
6550 -2 -1.99335
6551 -2 -1.99335
6552 -2 -1.99336
6553 -2 -1.99336
6554 -2 -1.99336
6555 -2 -1.99336
6556 -2 -1.99336
6557 -2 -1.99336
6558 -2 -1.99336
6559 -2 -1.99336
6560 -2 -1.99336
6561 -2 -1.99336
6562 -1.98 -1.99336
6563 -1.98 -1.99336
6564 -1.97 -1.99336
6565 -1.98 -1.99336
6566 -1.98 -1.99335
6567 -2 -1.99335
6568 -2 -1.99336
6569 -2 -1.99336
6570 -2 -1.99336
6571 -2 -1.99336
6572 -2 -1.99336
6573 -2 -1.99336
6574 -2 -1.99336
6575 -2 -1.99336
6576 -1.98 -1.99336
6577 -1.98 -1.99336
6578 -1.98 -1.99336
6579 -2 -1.99336
6580 -1.98 -1.99336
6581 -1.98 -1.99335
6582 -1.96 -1.99335
6583 -2 -1.99335
6584 -2 -1.99335
6585 -2 -1.99335
6586 -2 -1.99335
6587 -2 -1.99335
6588 -2 -1.99335
6589 -2 -1.99336
6590 -2 -1.99336
6591 -2 -1.99336
6592 -2 -1.99336
6593 -2 -1.99336
6594 -2 -1.99336
6595 -2 -1.99336
6596 -2 -1.99336
6597 -2 -1.99336
6598 -2 -1.99336
6599 -2 -1.99337
6600 -2 -1.99337
6601 -2 -1.99337
6602 -2 -1.99337
6603 -2 -1.99337
6604 -2 -1.99337
6605 -2 -1.99337
6606 -2 -1.99337
6607 -2 -1.99337
6608 -2 -1.99337
6609 -1.98 -1.99337
6610 -2 -1.99337
6611 -2 -1.99337
6612 -2 -1.99338
6613 -2 -1.99338
6614 -2 -1.99338
6615 -2 -1.99338
6616 -2 -1.99338
6617 -2 -1.99338
6618 -2 -1.99338
6619 -2 -1.99338
6620 -2 -1.99338
6621 -2 -1.99338
6622 -2 -1.99339
6623 -1.98 -1.99338
6624 -1.96 -1.99338
6625 -2 -1.99338
6626 -2 -1.99338
6627 -2 -1.99338
6628 -2 -1.99338
6629 -2 -1.99338
6630 -2 -1.99338
6631 -2 -1.99339
6632 -2 -1.99339
6633 -2 -1.99339
6634 -2 -1.99339
6635 -2 -1.99339
6636 -1.98 -1.99339
6637 -2 -1.99339
6638 -2 -1.99339
6639 -2 -1.99339
6640 -2 -1.99339
6641 -2 -1.99339
6642 -2 -1.99339
6643 -2 -1.99339
6644 -2 -1.9934
6645 -1.98 -1.99339
6646 -2 -1.99339
6647 -2 -1.9934
6648 -2 -1.9934
6649 -2 -1.9934
6650 -2 -1.9934
6651 -2 -1.9934
6652 -2 -1.9934
6653 -2 -1.9934
6654 -2 -1.9934
6655 -2 -1.9934
6656 -1.98 -1.9934
6657 -2 -1.9934
6658 -2 -1.9934
6659 -2 -1.9934
6660 -2 -1.9934
6661 -2 -1.99341
6662 -2 -1.99341
6663 -2 -1.99341
6664 -2 -1.99341
6665 -2 -1.99341
6666 -2 -1.99341
6667 -2 -1.99341
6668 -2 -1.99341
6669 -2 -1.99341
6670 -2 -1.99341
6671 -2 -1.99342
6672 -2 -1.99342
6673 -2 -1.99342
6674 -2 -1.99342
6675 -2 -1.99342
6676 -2 -1.99342
6677 -2 -1.99342
6678 -2 -1.99342
6679 -2 -1.99342
6680 -2 -1.99342
6681 -2 -1.99343
6682 -2 -1.99343
6683 -1.98 -1.99342
6684 -2 -1.99343
6685 -2 -1.99343
6686 -2 -1.99343
6687 -2 -1.99343
6688 -2 -1.99343
6689 -2 -1.99343
6690 -2 -1.99343
6691 -2 -1.99343
6692 -2 -1.99343
6693 -2 -1.99343
6694 -2 -1.99344
6695 -2 -1.99344
6696 -1.98 -1.99343
6697 -2 -1.99344
6698 -2 -1.99344
6699 -2 -1.99344
6700 -2 -1.99344
6701 -2 -1.99344
6702 -1.96 -1.99343
6703 -1.96 -1.99343
6704 -1.98 -1.99343
6705 -1.98 -1.99343
6706 -2 -1.99343
6707 -2 -1.99343
6708 -2 -1.99343
6709 -2 -1.99343
6710 -2 -1.99343
6711 -1.98 -1.99343
6712 -1.97 -1.99342
6713 -2 -1.99343
6714 -2 -1.99343
6715 -2 -1.99343
6716 -2 -1.99343
6717 -2 -1.99343
6718 -2 -1.99343
6719 -2 -1.99343
6720 -2 -1.99343
6721 -2 -1.99343
6722 -2 -1.99343
6723 -2 -1.99344
6724 -2 -1.99344
6725 -2 -1.99344
6726 -2 -1.99344
6727 -2 -1.99344
6728 -2 -1.99344
6729 -2 -1.99344
6730 -2 -1.99344
6731 -2 -1.99344
6732 -2 -1.99344
6733 -2 -1.99345
6734 -1.98 -1.99344
6735 -2 -1.99344
6736 -2 -1.99345
6737 -2 -1.99345
6738 -1.98 -1.99344
6739 -2 -1.99345
6740 -2 -1.99345
6741 -1.98 -1.99344
6742 -1.98 -1.99344
6743 -1.96 -1.99344
6744 -1.98 -1.99344
6745 -1.98 -1.99343
6746 -1.98 -1.99343
6747 -2 -1.99343
6748 -2 -1.99343
6749 -2 -1.99343
6750 -2 -1.99344
6751 -2 -1.99344
6752 -2 -1.99344
6753 -2 -1.99344
6754 -2 -1.99344
6755 -2 -1.99344
6756 -2 -1.99344
6757 -2 -1.99344
6758 -2 -1.99344
6759 -2 -1.99344
6760 -2 -1.99344
6761 -1.97 -1.99344
6762 -1.98 -1.99344
6763 -2 -1.99344
6764 -2 -1.99344
6765 -2 -1.99344
6766 -2 -1.99344
6767 -2 -1.99344
6768 -2 -1.99345
6769 -2 -1.99345
6770 -2 -1.99345
6771 -2 -1.99345
6772 -2 -1.99345
6773 -2 -1.99345
6774 -2 -1.99345
6775 -2 -1.99345
6776 -2 -1.99345
6777 -2 -1.99345
6778 -2 -1.99345
6779 -2 -1.99346
6780 -2 -1.99346
6781 -2 -1.99346
6782 -1.98 -1.99346
6783 -1.98 -1.99345
6784 -2 -1.99345
6785 -2 -1.99346
6786 -2 -1.99346
6787 -2 -1.99346
6788 -2 -1.99346
6789 -2 -1.99346
6790 -2 -1.99346
6791 -2 -1.99346
6792 -2 -1.99346
6793 -2 -1.99346
6794 -2 -1.99346
6795 -2 -1.99347
6796 -2 -1.99347
6797 -1.98 -1.99346
6798 -2 -1.99347
6799 -2 -1.99347
6800 -2 -1.99347
6801 -2 -1.99347
6802 -2 -1.99347
6803 -2 -1.99347
6804 -2 -1.99347
6805 -2 -1.99347
6806 -2 -1.99347
6807 -2 -1.99347
6808 -2 -1.99347
6809 -2 -1.99348
6810 -2 -1.99348
6811 -2 -1.99348
6812 -2 -1.99348
6813 -2 -1.99348
6814 -2 -1.99348
6815 -2 -1.99348
6816 -2 -1.99348
6817 -2 -1.99348
6818 -1.98 -1.99348
6819 -1.98 -1.99348
6820 -1.98 -1.99348
6821 -1.98 -1.99348
6822 -2 -1.99348
6823 -2 -1.99348
6824 -2 -1.99348
6825 -2 -1.99348
6826 -2 -1.99348
6827 -2 -1.99348
6828 -2 -1.99348
6829 -2 -1.99348
6830 -2 -1.99348
6831 -2 -1.99349
6832 -1.98 -1.99348
6833 -2 -1.99348
6834 -1.98 -1.99348
6835 -1.98 -1.99348
6836 -2 -1.99348
6837 -2 -1.99348
6838 -2 -1.99348
6839 -2 -1.99348
6840 -2 -1.99348
6841 -2 -1.99349
6842 -2 -1.99349
6843 -2 -1.99349
6844 -2 -1.99349
6845 -2 -1.99349
6846 -2 -1.99349
6847 -1.96 -1.99349
6848 -1.98 -1.99348
6849 -2 -1.99348
6850 -2 -1.99349
6851 -1.98 -1.99348
6852 -1.98 -1.99348
6853 -1.96 -1.99348
6854 -2 -1.99348
6855 -2 -1.99348
6856 -2 -1.99348
6857 -2 -1.99348
6858 -2 -1.99348
6859 -2 -1.99348
6860 -2 -1.99348
6861 -2 -1.99348
6862 -2 -1.99349
6863 -2 -1.99349
6864 -2 -1.99349
6865 -2 -1.99349
6866 -2 -1.99349
6867 -2 -1.99349
6868 -2 -1.99349
6869 -2 -1.99349
6870 -1.98 -1.99349
6871 -1.98 -1.99349
6872 -1.97 -1.99348
6873 -1.98 -1.99348
6874 -2 -1.99348
6875 -1.98 -1.99348
6876 -2 -1.99348
6877 -2 -1.99348
6878 -2 -1.99348
6879 -2 -1.99349
6880 -2 -1.99349
6881 -2 -1.99349
6882 -2 -1.99349
6883 -2 -1.99349
6884 -2 -1.99349
6885 -2 -1.99349
6886 -2 -1.99349
6887 -2 -1.99349
6888 -2 -1.99349
6889 -2 -1.99349
6890 -2 -1.9935
6891 -2 -1.9935
6892 -2 -1.9935
6893 -2 -1.9935
6894 -2 -1.9935
6895 -2 -1.9935
6896 -1.98 -1.9935
6897 -2 -1.9935
6898 -2 -1.9935
6899 -2 -1.9935
6900 -2 -1.9935
6901 -2 -1.9935
6902 -2 -1.9935
6903 -2 -1.99351
6904 -2 -1.99351
6905 -2 -1.99351
6906 -2 -1.99351
6907 -2 -1.99351
6908 -2 -1.99351
6909 -2 -1.99351
6910 -2 -1.99351
6911 -2 -1.99351
6912 -2 -1.99351
6913 -2 -1.99351
6914 -2 -1.99352
6915 -2 -1.99352
6916 -2 -1.99352
6917 -2 -1.99352
6918 -2 -1.99352
6919 -2 -1.99352
6920 -2 -1.99352
6921 -2 -1.99352
6922 -2 -1.99352
6923 -2 -1.99352
6924 -2 -1.99352
6925 -2 -1.99353
6926 -2 -1.99353
6927 -2 -1.99353
6928 -2 -1.99353
6929 -2 -1.99353
6930 -2 -1.99353
6931 -2 -1.99353
6932 -2 -1.99353
6933 -2 -1.99353
6934 -2 -1.99353
6935 -2 -1.99354
6936 -2 -1.99354
6937 -2 -1.99354
6938 -2 -1.99354
6939 -2 -1.99354
6940 -2 -1.99354
6941 -1.98 -1.99354
6942 -2 -1.99354
6943 -2 -1.99354
6944 -2 -1.99354
6945 -2 -1.99354
6946 -2 -1.99354
6947 -2 -1.99354
6948 -2 -1.99354
6949 -2 -1.99355
6950 -2 -1.99355
6951 -1.98 -1.99354
6952 -1.98 -1.99354
6953 -1.98 -1.99354
6954 -2 -1.99354
6955 -2 -1.99354
6956 -2 -1.99354
6957 -2 -1.99354
6958 -2 -1.99355
6959 -1.98 -1.99354
6960 -1.98 -1.99354
6961 -1.98 -1.99354
6962 -2 -1.99354
6963 -2 -1.99354
6964 -2 -1.99354
6965 -2 -1.99354
6966 -2 -1.99354
6967 -2 -1.99354
6968 -2 -1.99355
6969 -2 -1.99355
6970 -2 -1.99355
6971 -2 -1.99355
6972 -1.98 -1.99355
6973 -2 -1.99355
6974 -1.98 -1.99355
6975 -2 -1.99355
6976 -1.98 -1.99354
6977 -2 -1.99355
6978 -2 -1.99355
6979 -2 -1.99355
6980 -2 -1.99355
6981 -2 -1.99355
6982 -2 -1.99355
6983 -2 -1.99355
6984 -2 -1.99355
6985 -2 -1.99355
6986 -2 -1.99355
6987 -2 -1.99355
6988 -1.98 -1.99355
6989 -1.98 -1.99355
6990 -2 -1.99355
6991 -2 -1.99355
6992 -2 -1.99355
6993 -2 -1.99355
6994 -2 -1.99356
6995 -2 -1.99356
6996 -2 -1.99356
6997 -2 -1.99356
6998 -2 -1.99356
6999 -2 -1.99356
7000 -2 -1.99356
7001 -2 -1.99356
7002 -2 -1.99356
7003 -2 -1.99356
7004 -1.96 -1.99356
7005 -2 -1.99356
7006 -2 -1.99356
7007 -2 -1.99356
7008 -1.98 -1.99356
7009 -1.98 -1.99356
7010 -2 -1.99356
7011 -2 -1.99356
7012 -2 -1.99356
7013 -2 -1.99356
7014 -1.98 -1.99356
7015 -1.98 -1.99356
7016 -2 -1.99356
7017 -2 -1.99356
7018 -2 -1.99356
7019 -1.98 -1.99356
7020 -1.98 -1.99356
7021 -2 -1.99356
7022 -2 -1.99356
7023 -2 -1.99356
7024 -2 -1.99356
7025 -2 -1.99356
7026 -2 -1.99356
7027 -2 -1.99356
7028 -2 -1.99356
7029 -2 -1.99356
7030 -2 -1.99357
7031 -2 -1.99357
7032 -2 -1.99357
7033 -2 -1.99357
7034 -2 -1.99357
7035 -2 -1.99357
7036 -2 -1.99357
7037 -2 -1.99357
7038 -2 -1.99357
7039 -2 -1.99357
7040 -2 -1.99357
7041 -2 -1.99358
7042 -2 -1.99358
7043 -2 -1.99358
7044 -2 -1.99358
7045 -2 -1.99358
7046 -2 -1.99358
7047 -2 -1.99358
7048 -2 -1.99358
7049 -2 -1.99358
7050 -2 -1.99358
7051 -2 -1.99358
7052 -2 -1.99359
7053 -2 -1.99359
7054 -2 -1.99359
7055 -2 -1.99359
7056 -2 -1.99359
7057 -2 -1.99359
7058 -2 -1.99359
7059 -2 -1.99359
7060 -1.98 -1.99359
7061 -1.98 -1.99359
7062 -1.98 -1.99359
7063 -2 -1.99359
7064 -2 -1.99359
7065 -2 -1.99359
7066 -2 -1.99359
7067 -2 -1.99359
7068 -2 -1.99359
7069 -2 -1.99359
7070 -2 -1.99359
7071 -1.98 -1.99359
7072 -1.98 -1.99359
7073 -1.98 -1.99359
7074 -1.98 -1.99359
7075 -1.98 -1.99358
7076 -1.98 -1.99358
7077 -2 -1.99358
7078 -2 -1.99358
7079 -2 -1.99358
7080 -2 -1.99359
7081 -2 -1.99359
7082 -2 -1.99359
7083 -2 -1.99359
7084 -2 -1.99359
7085 -2 -1.99359
7086 -2 -1.99359
7087 -2 -1.99359
7088 -2 -1.99359
7089 -2 -1.99359
7090 -2 -1.99359
7091 -2 -1.9936
7092 -2 -1.9936
7093 -1.98 -1.99359
7094 -2 -1.9936
7095 -2 -1.9936
7096 -2 -1.9936
7097 -2 -1.9936
7098 -2 -1.9936
7099 -2 -1.9936
7100 -2 -1.9936
7101 -2 -1.9936
7102 -2 -1.9936
7103 -2 -1.9936
7104 -2 -1.9936
7105 -2 -1.99361
7106 -2 -1.99361
7107 -2 -1.99361
7108 -1.96 -1.9936
7109 -2 -1.9936
7110 -2 -1.9936
7111 -2 -1.99361
7112 -2 -1.99361
7113 -2 -1.99361
7114 -2 -1.99361
7115 -2 -1.99361
7116 -2 -1.99361
7117 -2 -1.99361
7118 -2 -1.99361
7119 -2 -1.99361
7120 -2 -1.99361
7121 -2 -1.99361
7122 -2 -1.99362
7123 -2 -1.99362
7124 -2 -1.99362
7125 -2 -1.99362
7126 -2 -1.99362
7127 -2 -1.99362
7128 -2 -1.99362
7129 -2 -1.99362
7130 -2 -1.99362
7131 -2 -1.99362
7132 -2 -1.99362
7133 -2 -1.99362
7134 -2 -1.99363
7135 -2 -1.99363
7136 -2 -1.99363
7137 -2 -1.99363
7138 -2 -1.99363
7139 -2 -1.99363
7140 -2 -1.99363
7141 -2 -1.99363
7142 -2 -1.99363
7143 -2 -1.99363
7144 -2 -1.99363
7145 -2 -1.99364
7146 -2 -1.99364
7147 -2 -1.99364
7148 -2 -1.99364
7149 -2 -1.99364
7150 -2 -1.99364
7151 -2 -1.99364
7152 -2 -1.99364
7153 -2 -1.99364
7154 -2 -1.99364
7155 -1.98 -1.99364
7156 -2 -1.99364
7157 -2 -1.99364
7158 -2 -1.99364
7159 -2 -1.99365
7160 -2 -1.99365
7161 -2 -1.99365
7162 -2 -1.99365
7163 -2 -1.99365
7164 -2 -1.99365
7165 -2 -1.99365
7166 -2 -1.99365
7167 -2 -1.99365
7168 -2 -1.99365
7169 -2 -1.99365
7170 -1.98 -1.99365
7171 -1.97 -1.99365
7172 -1.98 -1.99365
7173 -2 -1.99365
7174 -2 -1.99365
7175 -2 -1.99365
7176 -1.98 -1.99365
7177 -2 -1.99365
7178 -2 -1.99365
7179 -2 -1.99365
7180 -2 -1.99365
7181 -2 -1.99365
7182 -2 -1.99365
7183 -1.98 -1.99365
7184 -2 -1.99365
7185 -2 -1.99365
7186 -2 -1.99365
7187 -2 -1.99365
7188 -2 -1.99366
7189 -2 -1.99366
7190 -2 -1.99366
7191 -2 -1.99366
7192 -2 -1.99366
7193 -2 -1.99366
7194 -1.98 -1.99366
7195 -2 -1.99366
7196 -2 -1.99366
7197 -2 -1.99366
7198 -2 -1.99366
7199 -2 -1.99366
7200 -2 -1.99366
7201 -2 -1.99366
7202 -2 -1.99367
7203 -2 -1.99367
7204 -2 -1.99367
7205 -2 -1.99367
7206 -2 -1.99367
7207 -2 -1.99367
7208 -2 -1.99367
7209 -2 -1.99367
7210 -2 -1.99367
7211 -2 -1.99367
7212 -2 -1.99367
7213 -2 -1.99367
7214 -2 -1.99368
7215 -2 -1.99368
7216 -2 -1.99368
7217 -2 -1.99368
7218 -2 -1.99368
7219 -2 -1.99368
7220 -1.98 -1.99368
7221 -2 -1.99368
7222 -2 -1.99368
7223 -2 -1.99368
7224 -2 -1.99368
7225 -2 -1.99368
7226 -2 -1.99368
7227 -1.98 -1.99368
7228 -2 -1.99368
7229 -2 -1.99368
7230 -1.98 -1.99368
7231 -2 -1.99368
7232 -2 -1.99368
7233 -2 -1.99368
7234 -2 -1.99368
7235 -2 -1.99369
7236 -2 -1.99369
7237 -2 -1.99369
7238 -1.98 -1.99369
7239 -1.94 -1.99368
7240 -2 -1.99368
7241 -2 -1.99368
7242 -2 -1.99368
7243 -2 -1.99368
7244 -1.98 -1.99368
7245 -2 -1.99368
7246 -2 -1.99368
7247 -2 -1.99368
7248 -2 -1.99368
7249 -2 -1.99368
7250 -2 -1.99369
7251 -2 -1.99369
7252 -2 -1.99369
7253 -2 -1.99369
7254 -2 -1.99369
7255 -2 -1.99369
7256 -1.98 -1.99369
7257 -2 -1.99369
7258 -2 -1.99369
7259 -2 -1.99369
7260 -2 -1.99369
7261 -2 -1.99369
7262 -2 -1.99369
7263 -2 -1.99369
7264 -2 -1.99369
7265 -2 -1.9937
7266 -2 -1.9937
7267 -2 -1.9937
7268 -1.98 -1.9937
7269 -2 -1.9937
7270 -2 -1.9937
7271 -2 -1.9937
7272 -2 -1.9937
7273 -2 -1.9937
7274 -2 -1.9937
7275 -2 -1.9937
7276 -2 -1.9937
7277 -2 -1.9937
7278 -2 -1.9937
7279 -2 -1.9937
7280 -2 -1.99371
7281 -2 -1.99371
7282 -2 -1.99371
7283 -2 -1.99371
7284 -2 -1.99371
7285 -2 -1.99371
7286 -2 -1.99371
7287 -2 -1.99371
7288 -2 -1.99371
7289 -2 -1.99371
7290 -2 -1.99371
7291 -1.96 -1.99371
7292 -2 -1.99371
7293 -2 -1.99371
7294 -2 -1.99371
7295 -2 -1.99371
7296 -2 -1.99371
7297 -2 -1.99371
7298 -2 -1.99372
7299 -2 -1.99372
7300 -2 -1.99372
7301 -2 -1.99372
7302 -2 -1.99372
7303 -2 -1.99372
7304 -2 -1.99372
7305 -1.98 -1.99372
7306 -2 -1.99372
7307 -2 -1.99372
7308 -2 -1.99372
7309 -2 -1.99372
7310 -2 -1.99372
7311 -2 -1.99372
7312 -2 -1.99372
7313 -2 -1.99373
7314 -2 -1.99373
7315 -1.98 -1.99372
7316 -2 -1.99373
7317 -2 -1.99373
7318 -2 -1.99373
7319 -2 -1.99373
7320 -2 -1.99373
7321 -2 -1.99373
7322 -2 -1.99373
7323 -2 -1.99373
7324 -2 -1.99373
7325 -2 -1.99373
7326 -2 -1.99373
7327 -2 -1.99373
7328 -1.98 -1.99373
7329 -1.98 -1.99373
7330 -1.98 -1.99373
7331 -2 -1.99373
7332 -2 -1.99373
7333 -2 -1.99373
7334 -2 -1.99373
7335 -2 -1.99373
7336 -2 -1.99373
7337 -2 -1.99374
7338 -2 -1.99374
7339 -2 -1.99374
7340 -2 -1.99374
7341 -2 -1.99374
7342 -2 -1.99374
7343 -2 -1.99374
7344 -2 -1.99374
7345 -2 -1.99374
7346 -2 -1.99374
7347 -2 -1.99374
7348 -2 -1.99374
7349 -2 -1.99375
7350 -2 -1.99375
7351 -2 -1.99375
7352 -2 -1.99375
7353 -2 -1.99375
7354 -2 -1.99375
7355 -2 -1.99375
7356 -2 -1.99375
7357 -2 -1.99375
7358 -2 -1.99375
7359 -2 -1.99375
7360 -2 -1.99375
7361 -1.98 -1.99375
7362 -2 -1.99375
7363 -2 -1.99375
7364 -2 -1.99376
7365 -2 -1.99376
7366 -2 -1.99376
7367 -2 -1.99376
7368 -2 -1.99376
7369 -2 -1.99376
7370 -2 -1.99376
7371 -2 -1.99376
7372 -1.98 -1.99376
7373 -2 -1.99376
7374 -2 -1.99376
7375 -2 -1.99376
7376 -2 -1.99376
7377 -2 -1.99376
7378 -2 -1.99376
7379 -2 -1.99377
7380 -2 -1.99377
7381 -2 -1.99377
7382 -2 -1.99377
7383 -2 -1.99377
7384 -1.98 -1.99377
7385 -1.98 -1.99377
7386 -2 -1.99377
7387 -2 -1.99377
7388 -2 -1.99377
7389 -2 -1.99377
7390 -2 -1.99377
7391 -2 -1.99377
7392 -2 -1.99377
7393 -2 -1.99377
7394 -2 -1.99377
7395 -2 -1.99377
7396 -2 -1.99377
7397 -2 -1.99378
7398 -2 -1.99378
7399 -2 -1.99378
7400 -2 -1.99378
7401 -2 -1.99378
7402 -2 -1.99378
7403 -2 -1.99378
7404 -2 -1.99378
7405 -2 -1.99378
7406 -2 -1.99378
7407 -2 -1.99378
7408 -2 -1.99378
7409 -1.98 -1.99378
7410 -1.98 -1.99378
7411 -2 -1.99378
7412 -2 -1.99378
7413 -2 -1.99378
7414 -2 -1.99378
7415 -2 -1.99379
7416 -2 -1.99379
7417 -2 -1.99379
7418 -2 -1.99379
7419 -2 -1.99379
7420 -2 -1.99379
7421 -2 -1.99379
7422 -2 -1.99379
7423 -2 -1.99379
7424 -2 -1.99379
7425 -2 -1.99379
7426 -2 -1.99379
7427 -2 -1.9938
7428 -2 -1.9938
7429 -2 -1.9938
7430 -2 -1.9938
7431 -2 -1.9938
7432 -2 -1.9938
7433 -2 -1.9938
7434 -2 -1.9938
7435 -2 -1.9938
7436 -2 -1.9938
7437 -2 -1.9938
7438 -2 -1.9938
7439 -2 -1.99381
7440 -2 -1.99381
7441 -2 -1.99381
7442 -2 -1.99381
7443 -2 -1.99381
7444 -2 -1.99381
7445 -2 -1.99381
7446 -2 -1.99381
7447 -2 -1.99381
7448 -2 -1.99381
7449 -2 -1.99381
7450 -2 -1.99381
7451 -2 -1.99382
7452 -2 -1.99382
7453 -2 -1.99382
7454 -2 -1.99382
7455 -2 -1.99382
7456 -2 -1.99382
7457 -2 -1.99382
7458 -2 -1.99382
7459 -2 -1.99382
7460 -2 -1.99382
7461 -2 -1.99382
7462 -1.98 -1.99382
7463 -1.98 -1.99382
7464 -2 -1.99382
7465 -2 -1.99382
7466 -2 -1.99382
7467 -2 -1.99382
7468 -2 -1.99382
7469 -2 -1.99382
7470 -1.98 -1.99382
7471 -1.98 -1.99382
7472 -2 -1.99382
7473 -2 -1.99382
7474 -2 -1.99382
7475 -2 -1.99382
7476 -2 -1.99383
7477 -2 -1.99383
7478 -2 -1.99383
7479 -2 -1.99383
7480 -2 -1.99383
7481 -2 -1.99383
7482 -2 -1.99383
7483 -2 -1.99383
7484 -2 -1.99383
7485 -2 -1.99383
7486 -2 -1.99383
7487 -2 -1.99383
7488 -2 -1.99383
7489 -2 -1.99384
7490 -2 -1.99384
7491 -2 -1.99384
7492 -2 -1.99384
7493 -1.98 -1.99384
7494 -2 -1.99384
7495 -2 -1.99384
7496 -2 -1.99384
7497 -1.98 -1.99384
7498 -1.98 -1.99384
7499 -2 -1.99384
7500 -2 -1.99384
7501 -2 -1.99384
7502 -2 -1.99384
7503 -2 -1.99384
7504 -2 -1.99384
7505 -2 -1.99384
7506 -2 -1.99384
7507 -2 -1.99384
7508 -2 -1.99384
7509 -2 -1.99384
7510 -2 -1.99385
7511 -2 -1.99385
7512 -2 -1.99385
7513 -2 -1.99385
7514 -2 -1.99385
7515 -2 -1.99385
7516 -2 -1.99385
7517 -2 -1.99385
7518 -2 -1.99385
7519 -2 -1.99385
7520 -2 -1.99385
7521 -1.98 -1.99385
7522 -1.98 -1.99385
7523 -2 -1.99385
7524 -2 -1.99385
7525 -2 -1.99385
7526 -1.98 -1.99385
7527 -1.96 -1.99385
7528 -1.98 -1.99384
7529 -2 -1.99384
7530 -2 -1.99385
7531 -2 -1.99385
7532 -2 -1.99385
7533 -2 -1.99385
7534 -2 -1.99385
7535 -2 -1.99385
7536 -2 -1.99385
7537 -2 -1.99385
7538 -2 -1.99385
7539 -2 -1.99385
7540 -2 -1.99385
7541 -2 -1.99385
7542 -2 -1.99386
7543 -2 -1.99386
7544 -2 -1.99386
7545 -2 -1.99386
7546 -2 -1.99386
7547 -2 -1.99386
7548 -2 -1.99386
7549 -2 -1.99386
7550 -2 -1.99386
7551 -2 -1.99386
7552 -2 -1.99386
7553 -1.98 -1.99386
7554 -1.98 -1.99386
7555 -2 -1.99386
7556 -2 -1.99386
7557 -2 -1.99386
7558 -1.98 -1.99386
7559 -2 -1.99386
7560 -2 -1.99386
7561 -2 -1.99386
7562 -2 -1.99386
7563 -2 -1.99386
7564 -2 -1.99387
7565 -2 -1.99387
7566 -2 -1.99387
7567 -1.98 -1.99386
7568 -1.98 -1.99386
7569 -1.98 -1.99386
7570 -2 -1.99386
7571 -2 -1.99386
7572 -2 -1.99386
7573 -2 -1.99386
7574 -2 -1.99387
7575 -2 -1.99387
7576 -2 -1.99387
7577 -2 -1.99387
7578 -2 -1.99387
7579 -2 -1.99387
7580 -2 -1.99387
7581 -2 -1.99387
7582 -2 -1.99387
7583 -1.98 -1.99387
7584 -1.98 -1.99387
7585 -2 -1.99387
7586 -2 -1.99387
7587 -1.98 -1.99387
7588 -2 -1.99387
7589 -2 -1.99387
7590 -2 -1.99387
7591 -2 -1.99387
7592 -2 -1.99387
7593 -2 -1.99387
7594 -2 -1.99387
7595 -2 -1.99387
7596 -2 -1.99388
7597 -2 -1.99388
7598 -2 -1.99388
7599 -2 -1.99388
7600 -2 -1.99388
7601 -2 -1.99388
7602 -2 -1.99388
7603 -2 -1.99388
7604 -2 -1.99388
7605 -2 -1.99388
7606 -2 -1.99388
7607 -2 -1.99388
7608 -2 -1.99388
7609 -2 -1.99389
7610 -2 -1.99389
7611 -2 -1.99389
7612 -2 -1.99389
7613 -2 -1.99389
7614 -2 -1.99389
7615 -2 -1.99389
7616 -1.98 -1.99389
7617 -1.98 -1.99389
7618 -2 -1.99389
7619 -2 -1.99389
7620 -1.98 -1.99389
7621 -1.98 -1.99388
7622 -2 -1.99389
7623 -2 -1.99389
7624 -2 -1.99389
7625 -2 -1.99389
7626 -2 -1.99389
7627 -2 -1.99389
7628 -2 -1.99389
7629 -2 -1.99389
7630 -2 -1.99389
7631 -2 -1.99389
7632 -2 -1.99389
7633 -2 -1.99389
7634 -2 -1.9939
7635 -2 -1.9939
7636 -2 -1.9939
7637 -2 -1.9939
7638 -2 -1.9939
7639 -2 -1.9939
7640 -2 -1.9939
7641 -2 -1.9939
7642 -1.98 -1.9939
7643 -1.98 -1.9939
7644 -2 -1.9939
7645 -2 -1.9939
7646 -2 -1.9939
7647 -2 -1.9939
7648 -2 -1.9939
7649 -1.98 -1.9939
7650 -1.98 -1.9939
7651 -2 -1.9939
7652 -1.98 -1.9939
7653 -2 -1.9939
7654 -2 -1.9939
7655 -2 -1.9939
7656 -2 -1.9939
7657 -2 -1.9939
7658 -2 -1.9939
7659 -2 -1.9939
7660 -2 -1.9939
7661 -2 -1.9939
7662 -2 -1.9939
7663 -2 -1.99391
7664 -2 -1.99391
7665 -2 -1.99391
7666 -2 -1.99391
7667 -1.98 -1.99391
7668 -1.98 -1.9939
7669 -2 -1.9939
7670 -2 -1.99391
7671 -2 -1.99391
7672 -2 -1.99391
7673 -2 -1.99391
7674 -1.98 -1.99391
7675 -1.98 -1.9939
7676 -1.96 -1.9939
7677 -1.96 -1.9939
7678 -1.98 -1.99389
7679 -2 -1.99389
7680 -2 -1.9939
7681 -2 -1.9939
7682 -2 -1.9939
7683 -2 -1.9939
7684 -2 -1.9939
7685 -2 -1.9939
7686 -2 -1.9939
7687 -2 -1.9939
7688 -2 -1.9939
7689 -2 -1.9939
7690 -2 -1.9939
7691 -2 -1.9939
7692 -2 -1.9939
7693 -2 -1.99391
7694 -2 -1.99391
7695 -2 -1.99391
7696 -2 -1.99391
7697 -2 -1.99391
7698 -2 -1.99391
7699 -2 -1.99391
7700 -2 -1.99391
7701 -2 -1.99391
7702 -2 -1.99391
7703 -2 -1.99391
7704 -2 -1.99391
7705 -2 -1.99392
7706 -2 -1.99392
7707 -2 -1.99392
7708 -2 -1.99392
7709 -2 -1.99392
7710 -2 -1.99392
7711 -2 -1.99392
7712 -2 -1.99392
7713 -2 -1.99392
7714 -2 -1.99392
7715 -2 -1.99392
7716 -2 -1.99392
7717 -2 -1.99392
7718 -2 -1.99393
7719 -2 -1.99393
7720 -2 -1.99393
7721 -2 -1.99393
7722 -2 -1.99393
7723 -1.98 -1.99393
7724 -1.98 -1.99392
7725 -1.98 -1.99392
7726 -2 -1.99392
7727 -1.98 -1.99392
7728 -1.98 -1.99392
7729 -2 -1.99392
7730 -2 -1.99392
7731 -2 -1.99392
7732 -2 -1.99392
7733 -2 -1.99392
7734 -1.98 -1.99392
7735 -1.98 -1.99392
7736 -2 -1.99392
7737 -2 -1.99392
7738 -2 -1.99392
7739 -2 -1.99392
7740 -2 -1.99392
7741 -2 -1.99393
7742 -2 -1.99393
7743 -2 -1.99393
7744 -2 -1.99393
7745 -2 -1.99393
7746 -2 -1.99393
7747 -2 -1.99393
7748 -2 -1.99393
7749 -2 -1.99393
7750 -2 -1.99393
7751 -2 -1.99393
7752 -2 -1.99393
7753 -1.98 -1.99393
7754 -2 -1.99393
7755 -2 -1.99393
7756 -2 -1.99393
7757 -2 -1.99394
7758 -2 -1.99394
7759 -2 -1.99394
7760 -2 -1.99394
7761 -2 -1.99394
7762 -2 -1.99394
7763 -2 -1.99394
7764 -2 -1.99394
7765 -1.98 -1.99394
7766 -2 -1.99394
7767 -2 -1.99394
7768 -2 -1.99394
7769 -1.98 -1.99394
7770 -1.98 -1.99394
7771 -2 -1.99394
7772 -2 -1.99394
7773 -2 -1.99394
7774 -1.98 -1.99394
7775 -1.96 -1.99393
7776 -1.98 -1.99393
7777 -2 -1.99393
7778 -2 -1.99393
7779 -2 -1.99393
7780 -2 -1.99394
7781 -2 -1.99394
7782 -2 -1.99394
7783 -1.98 -1.99393
7784 -2 -1.99394
7785 -2 -1.99394
7786 -1.98 -1.99393
7787 -1.98 -1.99393
7788 -2 -1.99393
7789 -2 -1.99393
7790 -2 -1.99394
7791 -2 -1.99394
7792 -2 -1.99394
7793 -1.98 -1.99394
7794 -2 -1.99394
7795 -2 -1.99394
7796 -2 -1.99394
7797 -2 -1.99394
7798 -2 -1.99394
7799 -2 -1.99394
7800 -2 -1.99394
7801 -2 -1.99394
7802 -2 -1.99394
7803 -2 -1.99394
7804 -2 -1.99394
7805 -1.98 -1.99394
7806 -1.98 -1.99394
7807 -2 -1.99394
7808 -2 -1.99394
7809 -2 -1.99394
7810 -2 -1.99394
7811 -2 -1.99394
7812 -2 -1.99394
7813 -2 -1.99395
7814 -2 -1.99395
7815 -2 -1.99395
7816 -2 -1.99395
7817 -2 -1.99395
7818 -1.98 -1.99395
7819 -1.96 -1.99394
7820 -1.98 -1.99394
7821 -1.98 -1.99394
7822 -2 -1.99394
7823 -2 -1.99394
7824 -1.98 -1.99394
7825 -2 -1.99394
7826 -2 -1.99394
7827 -2 -1.99394
7828 -2 -1.99394
7829 -2 -1.99394
7830 -2 -1.99394
7831 -1.98 -1.99394
7832 -1.97 -1.99394
7833 -1.98 -1.99394
7834 -2 -1.99394
7835 -2 -1.99394
7836 -2 -1.99394
7837 -2 -1.99394
7838 -2 -1.99394
7839 -2 -1.99394
7840 -2 -1.99394
7841 -2 -1.99394
7842 -2 -1.99394
7843 -2 -1.99394
7844 -2 -1.99395
7845 -2 -1.99395
7846 -1.98 -1.99394
7847 -1.96 -1.99394
7848 -1.98 -1.99394
7849 -2 -1.99394
7850 -2 -1.99394
7851 -1.98 -1.99394
7852 -2 -1.99394
7853 -2 -1.99394
7854 -2 -1.99394
7855 -1.98 -1.99394
7856 -2 -1.99394
7857 -2 -1.99394
7858 -2 -1.99394
7859 -2 -1.99394
7860 -2 -1.99394
7861 -2 -1.99394
7862 -2 -1.99394
7863 -2 -1.99394
7864 -2 -1.99395
7865 -2 -1.99395
7866 -2 -1.99395
7867 -2 -1.99395
7868 -2 -1.99395
7869 -1.98 -1.99395
7870 -2 -1.99395
7871 -2 -1.99395
7872 -2 -1.99395
7873 -2 -1.99395
7874 -2 -1.99395
7875 -2 -1.99395
7876 -2 -1.99395
7877 -1.98 -1.99395
7878 -1.98 -1.99395
7879 -1.98 -1.99395
7880 -1.98 -1.99394
7881 -1.98 -1.99394
7882 -1.98 -1.99394
7883 -1.98 -1.99394
7884 -1.98 -1.99394
7885 -2 -1.99394
7886 -2 -1.99394
7887 -2 -1.99394
7888 -2 -1.99394
7889 -2 -1.99394
7890 -2 -1.99394
7891 -2 -1.99394
7892 -2 -1.99394
7893 -2 -1.99394
7894 -2 -1.99395
7895 -2 -1.99395
7896 -2 -1.99395
7897 -2 -1.99395
7898 -2 -1.99395
7899 -2 -1.99395
7900 -2 -1.99395
7901 -2 -1.99395
7902 -2 -1.99395
7903 -2 -1.99395
7904 -2 -1.99395
7905 -2 -1.99395
7906 -2 -1.99395
7907 -2 -1.99396
7908 -2 -1.99396
7909 -2 -1.99396
7910 -2 -1.99396
7911 -2 -1.99396
7912 -2 -1.99396
7913 -2 -1.99396
7914 -1.98 -1.99396
7915 -1.98 -1.99396
7916 -2 -1.99396
7917 -2 -1.99396
7918 -2 -1.99396
7919 -2 -1.99396
7920 -2 -1.99396
7921 -2 -1.99396
7922 -2 -1.99396
7923 -2 -1.99396
7924 -2 -1.99396
7925 -2 -1.99396
7926 -2 -1.99396
7927 -1.98 -1.99396
7928 -2 -1.99396
7929 -2 -1.99396
7930 -2 -1.99397
7931 -2 -1.99397
7932 -2 -1.99397
7933 -2 -1.99397
7934 -2 -1.99397
7935 -2 -1.99397
7936 -2 -1.99397
7937 -2 -1.99397
7938 -2 -1.99397
7939 -2 -1.99397
7940 -2 -1.99397
7941 -2 -1.99397
7942 -2 -1.99397
7943 -1.98 -1.99397
7944 -2 -1.99397
7945 -2 -1.99397
7946 -2 -1.99398
7947 -2 -1.99398
7948 -2 -1.99398
7949 -2 -1.99398
7950 -1.98 -1.99398
7951 -2 -1.99398
7952 -2 -1.99398
7953 -2 -1.99398
7954 -2 -1.99398
7955 -2 -1.99398
7956 -2 -1.99398
7957 -2 -1.99398
7958 -2 -1.99398
7959 -2 -1.99398
7960 -2 -1.99398
7961 -2 -1.99398
7962 -2 -1.99398
7963 -2 -1.99399
7964 -2 -1.99399
7965 -2 -1.99399
7966 -2 -1.99399
7967 -2 -1.99399
7968 -2 -1.99399
7969 -2 -1.99399
7970 -2 -1.99399
7971 -2 -1.99399
7972 -2 -1.99399
7973 -2 -1.99399
7974 -2 -1.99399
7975 -2 -1.99399
7976 -2 -1.994
7977 -2 -1.994
7978 -2 -1.994
7979 -2 -1.994
7980 -2 -1.994
7981 -2 -1.994
7982 -2 -1.994
7983 -2 -1.994
7984 -2 -1.994
7985 -2 -1.994
7986 -2 -1.994
7987 -2 -1.994
7988 -2 -1.994
7989 -2 -1.99401
7990 -2 -1.99401
7991 -2 -1.99401
7992 -2 -1.99401
7993 -2 -1.99401
7994 -2 -1.99401
7995 -1.98 -1.99401
7996 -2 -1.99401
7997 -2 -1.99401
7998 -2 -1.99401
7999 -2 -1.99401
8000 -2 -1.99401
8001 -2 -1.99401
8002 -2 -1.99401
8003 -2 -1.99401
8004 -2 -1.99401
8005 -2 -1.99401
8006 -1.98 -1.99401
8007 -1.98 -1.99401
8008 -1.98 -1.99401
8009 -1.98 -1.99401
8010 -2 -1.99401
8011 -2 -1.99401
8012 -2 -1.99401
8013 -2 -1.99401
8014 -2 -1.99401
8015 -2 -1.99401
8016 -2 -1.99401
8017 -2 -1.99401
8018 -1.98 -1.99401
8019 -2 -1.99401
8020 -2 -1.99401
8021 -2 -1.99401
8022 -2 -1.99401
8023 -2 -1.99402
8024 -2 -1.99402
8025 -2 -1.99402
8026 -2 -1.99402
8027 -2 -1.99402
8028 -2 -1.99402
8029 -2 -1.99402
8030 -2 -1.99402
8031 -2 -1.99402
8032 -2 -1.99402
8033 -2 -1.99402
8034 -2 -1.99402
8035 -1.98 -1.99402
8036 -2 -1.99402
8037 -2 -1.99402
8038 -2 -1.99402
8039 -2 -1.99402
8040 -2 -1.99403
8041 -2 -1.99403
8042 -2 -1.99403
8043 -2 -1.99403
8044 -2 -1.99403
8045 -2 -1.99403
8046 -2 -1.99403
8047 -2 -1.99403
8048 -2 -1.99403
8049 -2 -1.99403
8050 -1.98 -1.99403
8051 -2 -1.99403
8052 -2 -1.99403
8053 -2 -1.99403
8054 -2 -1.99403
8055 -1.96 -1.99403
8056 -2 -1.99403
8057 -2 -1.99403
8058 -2 -1.99403
8059 -2 -1.99403
8060 -2 -1.99403
8061 -2 -1.99403
8062 -2 -1.99403
8063 -2 -1.99404
8064 -2 -1.99404
8065 -2 -1.99404
8066 -2 -1.99404
8067 -2 -1.99404
8068 -2 -1.99404
8069 -2 -1.99404
8070 -2 -1.99404
8071 -2 -1.99404
8072 -2 -1.99404
8073 -2 -1.99404
8074 -2 -1.99404
8075 -2 -1.99404
8076 -2 -1.99404
8077 -2 -1.99405
8078 -2 -1.99405
8079 -2 -1.99405
8080 -1.98 -1.99405
8081 -2 -1.99405
8082 -2 -1.99405
8083 -2 -1.99405
8084 -2 -1.99405
8085 -1.98 -1.99405
8086 -1.98 -1.99404
8087 -2 -1.99405
8088 -2 -1.99405
8089 -2 -1.99405
8090 -2 -1.99405
8091 -2 -1.99405
8092 -2 -1.99405
8093 -2 -1.99405
8094 -2 -1.99405
8095 -2 -1.99405
8096 -2 -1.99405
8097 -2 -1.99405
8098 -1.98 -1.99405
8099 -1.96 -1.99405
8100 -1.98 -1.99405
8101 -2 -1.99405
8102 -2 -1.99405
8103 -2 -1.99405
8104 -2 -1.99405
8105 -2 -1.99405
8106 -2 -1.99405
8107 -2 -1.99405
8108 -2 -1.99405
8109 -2 -1.99405
8110 -2 -1.99405
8111 -2 -1.99405
8112 -1.98 -1.99405
8113 -1.98 -1.99405
8114 -2 -1.99405
8115 -2 -1.99405
8116 -2 -1.99405
8117 -1.96 -1.99405
8118 -1.96 -1.99404
8119 -1.97 -1.99404
8120 -1.98 -1.99404
8121 -2 -1.99404
8122 -2 -1.99404
8123 -2 -1.99404
8124 -2 -1.99404
8125 -2 -1.99404
8126 -2 -1.99404
8127 -2 -1.99404
8128 -2 -1.99404
8129 -2 -1.99405
8130 -2 -1.99405
8131 -2 -1.99405
8132 -2 -1.99405
8133 -2 -1.99405
8134 -2 -1.99405
8135 -2 -1.99405
8136 -2 -1.99405
8137 -2 -1.99405
8138 -1.98 -1.99405
8139 -2 -1.99405
8140 -2 -1.99405
8141 -2 -1.99405
8142 -2 -1.99405
8143 -2 -1.99405
8144 -2 -1.99405
8145 -2 -1.99405
8146 -2 -1.99406
8147 -2 -1.99406
8148 -2 -1.99406
8149 -2 -1.99406
8150 -1.98 -1.99406
8151 -1.98 -1.99405
8152 -2 -1.99405
8153 -1.98 -1.99405
8154 -2 -1.99405
8155 -2 -1.99405
8156 -2 -1.99406
8157 -2 -1.99406
8158 -2 -1.99406
8159 -2 -1.99406
8160 -2 -1.99406
8161 -2 -1.99406
8162 -2 -1.99406
8163 -2 -1.99406
8164 -2 -1.99406
8165 -2 -1.99406
8166 -2 -1.99406
8167 -2 -1.99406
8168 -2 -1.99406
8169 -2 -1.99406
8170 -2 -1.99407
8171 -2 -1.99407
8172 -2 -1.99407
8173 -2 -1.99407
8174 -2 -1.99407
8175 -2 -1.99407
8176 -2 -1.99407
8177 -1.98 -1.99407
8178 -1.98 -1.99407
8179 -2 -1.99407
8180 -2 -1.99407
8181 -2 -1.99407
8182 -2 -1.99407
8183 -2 -1.99407
8184 -2 -1.99407
8185 -2 -1.99407
8186 -2 -1.99407
8187 -2 -1.99407
8188 -2 -1.99407
8189 -2 -1.99407
8190 -2 -1.99408
8191 -2 -1.99408
8192 -2 -1.99408
8193 -2 -1.99408
8194 -2 -1.99408
8195 -2 -1.99408
8196 -2 -1.99408
8197 -2 -1.99408
8198 -2 -1.99408
8199 -2 -1.99408
8200 -2 -1.99408
8201 -2 -1.99408
8202 -2 -1.99408
8203 -2 -1.99408
8204 -2 -1.99409
8205 -2 -1.99409
8206 -2 -1.99409
8207 -2 -1.99409
8208 -2 -1.99409
8209 -2 -1.99409
8210 -2 -1.99409
8211 -2 -1.99409
8212 -2 -1.99409
8213 -2 -1.99409
8214 -2 -1.99409
8215 -2 -1.99409
8216 -2 -1.99409
8217 -1.98 -1.99409
8218 -1.98 -1.99409
8219 -1.96 -1.99409
8220 -2 -1.99409
8221 -2 -1.99409
8222 -2 -1.99409
8223 -1.98 -1.99409
8224 -2 -1.99409
8225 -2 -1.99409
8226 -2 -1.99409
8227 -2 -1.99409
8228 -2 -1.99409
8229 -2 -1.99409
8230 -2 -1.99409
8231 -2 -1.99409
8232 -1.98 -1.99409
8233 -2 -1.99409
8234 -2 -1.99409
8235 -2 -1.99409
8236 -2 -1.99409
8237 -2 -1.99409
8238 -2 -1.9941
8239 -2 -1.9941
8240 -2 -1.9941
8241 -2 -1.9941
8242 -2 -1.9941
8243 -2 -1.9941
8244 -2 -1.9941
8245 -2 -1.9941
8246 -2 -1.9941
8247 -2 -1.9941
8248 -2 -1.9941
8249 -2 -1.9941
8250 -2 -1.9941
8251 -2 -1.9941
8252 -2 -1.99411
8253 -2 -1.99411
8254 -2 -1.99411
8255 -2 -1.99411
8256 -2 -1.99411
8257 -2 -1.99411
8258 -2 -1.99411
8259 -2 -1.99411
8260 -2 -1.99411
8261 -2 -1.99411
8262 -1.98 -1.99411
8263 -2 -1.99411
8264 -2 -1.99411
8265 -2 -1.99411
8266 -2 -1.99411
8267 -2 -1.99411
8268 -2 -1.99411
8269 -2 -1.99411
8270 -2 -1.99412
8271 -2 -1.99412
8272 -2 -1.99412
8273 -2 -1.99412
8274 -2 -1.99412
8275 -2 -1.99412
8276 -2 -1.99412
8277 -2 -1.99412
8278 -2 -1.99412
8279 -2 -1.99412
8280 -2 -1.99412
8281 -2 -1.99412
8282 -2 -1.99412
8283 -2 -1.99412
8284 -2 -1.99413
8285 -2 -1.99413
8286 -2 -1.99413
8287 -2 -1.99413
8288 -2 -1.99413
8289 -2 -1.99413
8290 -1.98 -1.99413
8291 -2 -1.99413
8292 -2 -1.99413
8293 -2 -1.99413
8294 -2 -1.99413
8295 -2 -1.99413
8296 -1.98 -1.99413
8297 -2 -1.99413
8298 -1.98 -1.99413
8299 -2 -1.99413
8300 -2 -1.99413
8301 -2 -1.99413
8302 -2 -1.99413
8303 -2 -1.99413
8304 -2 -1.99413
8305 -2 -1.99413
8306 -1.98 -1.99413
8307 -1.97 -1.99413
8308 -1.98 -1.99413
8309 -1.98 -1.99413
8310 -2 -1.99413
8311 -2 -1.99413
8312 -2 -1.99413
8313 -2 -1.99413
8314 -2 -1.99413
8315 -2 -1.99413
8316 -2 -1.99413
8317 -2 -1.99413
8318 -2 -1.99413
8319 -2 -1.99413
8320 -2 -1.99413
8321 -2 -1.99413
8322 -2 -1.99413
8323 -2 -1.99414
8324 -2 -1.99414
8325 -2 -1.99414
8326 -1.98 -1.99413
8327 -1.98 -1.99413
8328 -2 -1.99413
8329 -2 -1.99413
8330 -2 -1.99414
8331 -2 -1.99414
8332 -2 -1.99414
8333 -2 -1.99414
8334 -2 -1.99414
8335 -2 -1.99414
8336 -2 -1.99414
8337 -2 -1.99414
8338 -2 -1.99414
8339 -2 -1.99414
8340 -2 -1.99414
8341 -2 -1.99414
8342 -2 -1.99414
8343 -2 -1.99414
8344 -2 -1.99414
8345 -2 -1.99415
8346 -2 -1.99415
8347 -2 -1.99415
8348 -2 -1.99415
8349 -2 -1.99415
8350 -1.98 -1.99415
8351 -1.98 -1.99415
8352 -2 -1.99415
8353 -1.98 -1.99414
8354 -1.98 -1.99414
8355 -1.98 -1.99414
8356 -1.98 -1.99414
8357 -2 -1.99414
8358 -2 -1.99414
8359 -2 -1.99414
8360 -2 -1.99414
8361 -2 -1.99414
8362 -2 -1.99414
8363 -2 -1.99414
8364 -2 -1.99414
8365 -2 -1.99415
8366 -2 -1.99415
8367 -2 -1.99415
8368 -2 -1.99415
8369 -2 -1.99415
8370 -2 -1.99415
8371 -2 -1.99415
8372 -2 -1.99415
8373 -2 -1.99415
8374 -1.98 -1.99415
8375 -2 -1.99415
8376 -2 -1.99415
8377 -2 -1.99415
8378 -2 -1.99415
8379 -2 -1.99415
8380 -2 -1.99415
8381 -2 -1.99415
8382 -2 -1.99415
8383 -2 -1.99416
8384 -2 -1.99416
8385 -1.98 -1.99415
8386 -2 -1.99416
8387 -2 -1.99416
8388 -2 -1.99416
8389 -2 -1.99416
8390 -2 -1.99416
8391 -2 -1.99416
8392 -2 -1.99416
8393 -2 -1.99416
8394 -1.98 -1.99416
8395 -1.98 -1.99416
8396 -2 -1.99416
8397 -2 -1.99416
8398 -2 -1.99416
8399 -2 -1.99416
8400 -2 -1.99416
8401 -2 -1.99416
8402 -2 -1.99416
8403 -2 -1.99416
8404 -2 -1.99416
8405 -2 -1.99416
8406 -2 -1.99416
8407 -2 -1.99417
8408 -2 -1.99417
8409 -2 -1.99417
8410 -2 -1.99417
8411 -2 -1.99417
8412 -2 -1.99417
8413 -2 -1.99417
8414 -2 -1.99417
8415 -2 -1.99417
8416 -1.98 -1.99417
8417 -2 -1.99417
8418 -2 -1.99417
8419 -2 -1.99417
8420 -2 -1.99417
8421 -2 -1.99417
8422 -2 -1.99417
8423 -1.97 -1.99417
8424 -2 -1.99417
8425 -2 -1.99417
8426 -2 -1.99417
8427 -2 -1.99417
8428 -2 -1.99417
8429 -2 -1.99417
8430 -2 -1.99418
8431 -2 -1.99418
8432 -2 -1.99418
8433 -1.98 -1.99417
8434 -1.98 -1.99417
8435 -1.98 -1.99417
8436 -2 -1.99417
8437 -2 -1.99417
8438 -2 -1.99417
8439 -2 -1.99417
8440 -1.98 -1.99417
8441 -1.98 -1.99417
8442 -1.98 -1.99417
8443 -2 -1.99417
8444 -2 -1.99417
8445 -2 -1.99417
8446 -2 -1.99417
8447 -2 -1.99417
8448 -2 -1.99417
8449 -2 -1.99417
8450 -2 -1.99417
8451 -1.98 -1.99417
8452 -2 -1.99417
8453 -2 -1.99417
8454 -1.98 -1.99417
8455 -2 -1.99417
8456 -1.98 -1.99417
8457 -2 -1.99417
8458 -1.98 -1.99417
8459 -2 -1.99417
8460 -1.98 -1.99417
8461 -2 -1.99417
8462 -2 -1.99417
8463 -2 -1.99417
8464 -2 -1.99417
8465 -2 -1.99417
8466 -2 -1.99417
8467 -2 -1.99417
8468 -2 -1.99418
8469 -2 -1.99418
8470 -2 -1.99418
8471 -2 -1.99418
8472 -2 -1.99418
8473 -1.98 -1.99418
8474 -2 -1.99418
8475 -2 -1.99418
8476 -1.98 -1.99418
8477 -1.98 -1.99417
8478 -2 -1.99418
8479 -2 -1.99418
8480 -2 -1.99418
8481 -2 -1.99418
8482 -1.98 -1.99418
8483 -2 -1.99418
8484 -2 -1.99418
8485 -2 -1.99418
8486 -2 -1.99418
8487 -2 -1.99418
8488 -2 -1.99418
8489 -2 -1.99418
8490 -2 -1.99418
8491 -2 -1.99418
8492 -2 -1.99418
8493 -2 -1.99418
8494 -2 -1.99418
8495 -1.98 -1.99418
8496 -2 -1.99418
8497 -1.98 -1.99418
8498 -1.98 -1.99418
8499 -1.97 -1.99418
8500 -1.96 -1.99417
8501 -1.97 -1.99417
8502 -1.98 -1.99417
8503 -2 -1.99417
8504 -1.98 -1.99417
8505 -2 -1.99417
8506 -2 -1.99417
8507 -2 -1.99417
8508 -2 -1.99417
8509 -2 -1.99417
8510 -2 -1.99417
8511 -2 -1.99417
8512 -2 -1.99417
8513 -2 -1.99417
8514 -2 -1.99417
8515 -2 -1.99417
8516 -2 -1.99418
8517 -2 -1.99418
8518 -2 -1.99418
8519 -2 -1.99418
8520 -2 -1.99418
8521 -2 -1.99418
8522 -2 -1.99418
8523 -2 -1.99418
8524 -2 -1.99418
8525 -2 -1.99418
8526 -2 -1.99418
8527 -2 -1.99418
8528 -2 -1.99418
8529 -2 -1.99418
8530 -2 -1.99418
8531 -2 -1.99419
8532 -2 -1.99419
8533 -2 -1.99419
8534 -2 -1.99419
8535 -2 -1.99419
8536 -2 -1.99419
8537 -2 -1.99419
8538 -2 -1.99419
8539 -2 -1.99419
8540 -2 -1.99419
8541 -2 -1.99419
8542 -2 -1.99419
8543 -2 -1.99419
8544 -2 -1.99419
8545 -2 -1.99419
8546 -2 -1.9942
8547 -2 -1.9942
8548 -2 -1.9942
8549 -2 -1.9942
8550 -2 -1.9942
8551 -2 -1.9942
8552 -2 -1.9942
8553 -2 -1.9942
8554 -2 -1.9942
8555 -2 -1.9942
8556 -2 -1.9942
8557 -2 -1.9942
8558 -2 -1.9942
8559 -2 -1.9942
8560 -2 -1.99421
8561 -2 -1.99421
8562 -1.98 -1.9942
8563 -2 -1.9942
8564 -2 -1.99421
8565 -2 -1.99421
8566 -2 -1.99421
8567 -2 -1.99421
8568 -2 -1.99421
8569 -2 -1.99421
8570 -2 -1.99421
8571 -2 -1.99421
8572 -2 -1.99421
8573 -2 -1.99421
8574 -2 -1.99421
8575 -2 -1.99421
8576 -2 -1.99421
8577 -2 -1.99421
8578 -2 -1.99421
8579 -2 -1.99422
8580 -2 -1.99422
8581 -1.98 -1.99421
8582 -2 -1.99422
8583 -2 -1.99422
8584 -2 -1.99422
8585 -2 -1.99422
8586 -2 -1.99422
8587 -2 -1.99422
8588 -2 -1.99422
8589 -2 -1.99422
8590 -2 -1.99422
8591 -2 -1.99422
8592 -2 -1.99422
8593 -2 -1.99422
8594 -2 -1.99422
8595 -2 -1.99422
8596 -2 -1.99422
8597 -1.98 -1.99422
8598 -1.98 -1.99422
8599 -1.98 -1.99422
8600 -2 -1.99422
8601 -2 -1.99422
8602 -2 -1.99422
8603 -2 -1.99422
8604 -2 -1.99422
8605 -2 -1.99422
8606 -2 -1.99422
8607 -2 -1.99423
8608 -2 -1.99423
8609 -2 -1.99423
8610 -2 -1.99423
8611 -2 -1.99423
8612 -2 -1.99423
8613 -1.98 -1.99423
8614 -2 -1.99423
8615 -2 -1.99423
8616 -2 -1.99423
8617 -2 -1.99423
8618 -2 -1.99423
8619 -2 -1.99423
8620 -2 -1.99423
8621 -2 -1.99423
8622 -2 -1.99423
8623 -2 -1.99423
8624 -2 -1.99423
8625 -2 -1.99423
8626 -2 -1.99424
8627 -2 -1.99424
8628 -2 -1.99424
8629 -2 -1.99424
8630 -1.98 -1.99424
8631 -1.98 -1.99423
8632 -1.98 -1.99423
8633 -2 -1.99423
8634 -2 -1.99423
8635 -2 -1.99423
8636 -2 -1.99424
8637 -2 -1.99424
8638 -2 -1.99424
8639 -2 -1.99424
8640 -1.98 -1.99424
8641 -1.98 -1.99423
8642 -2 -1.99423
8643 -2 -1.99424
8644 -2 -1.99424
8645 -2 -1.99424
8646 -2 -1.99424
8647 -2 -1.99424
8648 -2 -1.99424
8649 -2 -1.99424
8650 -2 -1.99424
8651 -2 -1.99424
8652 -2 -1.99424
8653 -2 -1.99424
8654 -2 -1.99424
8655 -2 -1.99424
8656 -2 -1.99424
8657 -2 -1.99424
8658 -2 -1.99425
8659 -2 -1.99425
8660 -2 -1.99425
8661 -2 -1.99425
8662 -2 -1.99425
8663 -2 -1.99425
8664 -2 -1.99425
8665 -2 -1.99425
8666 -2 -1.99425
8667 -2 -1.99425
8668 -2 -1.99425
8669 -1.98 -1.99425
8670 -2 -1.99425
8671 -2 -1.99425
8672 -2 -1.99425
8673 -2 -1.99425
8674 -2 -1.99425
8675 -2 -1.99425
8676 -2 -1.99425
8677 -2 -1.99426
8678 -2 -1.99426
8679 -2 -1.99426
8680 -2 -1.99426
8681 -2 -1.99426
8682 -2 -1.99426
8683 -1.98 -1.99426
8684 -1.98 -1.99426
8685 -2 -1.99426
8686 -2 -1.99426
8687 -2 -1.99426
8688 -2 -1.99426
8689 -2 -1.99426
8690 -2 -1.99426
8691 -2 -1.99426
8692 -2 -1.99426
8693 -2 -1.99426
8694 -2 -1.99426
8695 -2 -1.99426
8696 -2 -1.99426
8697 -2 -1.99426
8698 -2 -1.99426
8699 -2 -1.99427
8700 -2 -1.99427
8701 -2 -1.99427
8702 -2 -1.99427
8703 -2 -1.99427
8704 -2 -1.99427
8705 -2 -1.99427
8706 -2 -1.99427
8707 -2 -1.99427
8708 -2 -1.99427
8709 -1.97 -1.99427
8710 -1.98 -1.99427
8711 -1.98 -1.99427
8712 -1.98 -1.99426
8713 -2 -1.99426
8714 -2 -1.99427
8715 -2 -1.99427
8716 -2 -1.99427
8717 -2 -1.99427
8718 -2 -1.99427
8719 -2 -1.99427
8720 -2 -1.99427
8721 -2 -1.99427
8722 -2 -1.99427
8723 -2 -1.99427
8724 -2 -1.99427
8725 -2 -1.99427
8726 -1.98 -1.99427
8727 -2 -1.99427
8728 -2 -1.99427
8729 -2 -1.99427
8730 -2 -1.99427
8731 -2 -1.99427
8732 -2 -1.99427
8733 -2 -1.99428
8734 -2 -1.99428
8735 -2 -1.99428
8736 -2 -1.99428
8737 -2 -1.99428
8738 -2 -1.99428
8739 -2 -1.99428
8740 -2 -1.99428
8741 -2 -1.99428
8742 -2 -1.99428
8743 -2 -1.99428
8744 -2 -1.99428
8745 -2 -1.99428
8746 -2 -1.99428
8747 -2 -1.99428
8748 -2 -1.99429
8749 -2 -1.99429
8750 -2 -1.99429
8751 -2 -1.99429
8752 -2 -1.99429
8753 -1.98 -1.99429
8754 -2 -1.99429
8755 -2 -1.99429
8756 -2 -1.99429
8757 -2 -1.99429
8758 -2 -1.99429
8759 -2 -1.99429
8760 -2 -1.99429
8761 -2 -1.99429
8762 -1.96 -1.99429
8763 -1.96 -1.99428
8764 -2 -1.99428
8765 -2 -1.99428
8766 -2 -1.99429
8767 -2 -1.99429
8768 -2 -1.99429
8769 -2 -1.99429
8770 -2 -1.99429
8771 -2 -1.99429
8772 -2 -1.99429
8773 -2 -1.99429
8774 -2 -1.99429
8775 -2 -1.99429
8776 -2 -1.99429
8777 -2 -1.99429
8778 -2 -1.99429
8779 -2 -1.99429
8780 -2 -1.99429
8781 -1.98 -1.99429
8782 -2 -1.99429
8783 -1.98 -1.99429
8784 -1.98 -1.99429
8785 -2 -1.99429
8786 -2 -1.99429
8787 -2 -1.99429
8788 -2 -1.99429
8789 -2 -1.99429
8790 -2 -1.99429
8791 -2 -1.99429
8792 -2 -1.9943
8793 -2 -1.9943
8794 -2 -1.9943
8795 -2 -1.9943
8796 -2 -1.9943
8797 -2 -1.9943
8798 -2 -1.9943
8799 -2 -1.9943
8800 -2 -1.9943
8801 -2 -1.9943
8802 -2 -1.9943
8803 -2 -1.9943
8804 -2 -1.9943
8805 -2 -1.9943
8806 -2 -1.9943
8807 -2 -1.99431
8808 -2 -1.99431
8809 -2 -1.99431
8810 -2 -1.99431
8811 -2 -1.99431
8812 -2 -1.99431
8813 -1.96 -1.9943
8814 -2 -1.99431
8815 -2 -1.99431
8816 -2 -1.99431
8817 -2 -1.99431
8818 -1.98 -1.99431
8819 -2 -1.99431
8820 -2 -1.99431
8821 -2 -1.99431
8822 -2 -1.99431
8823 -2 -1.99431
8824 -2 -1.99431
8825 -1.98 -1.99431
8826 -2 -1.99431
8827 -2 -1.99431
8828 -2 -1.99431
8829 -2 -1.99431
8830 -2 -1.99431
8831 -2 -1.99431
8832 -2 -1.99431
8833 -2 -1.99431
8834 -2 -1.99431
8835 -2 -1.99431
8836 -2 -1.99431
8837 -2 -1.99432
8838 -2 -1.99432
8839 -2 -1.99432
8840 -2 -1.99432
8841 -2 -1.99432
8842 -2 -1.99432
8843 -2 -1.99432
8844 -2 -1.99432
8845 -2 -1.99432
8846 -2 -1.99432
8847 -2 -1.99432
8848 -2 -1.99432
8849 -2 -1.99432
8850 -2 -1.99432
8851 -2 -1.99432
8852 -2 -1.99433
8853 -1.98 -1.99432
8854 -2 -1.99432
8855 -2 -1.99432
8856 -2 -1.99433
8857 -2 -1.99433
8858 -2 -1.99433
8859 -2 -1.99433
8860 -2 -1.99433
8861 -1.98 -1.99433
8862 -2 -1.99433
8863 -2 -1.99433
8864 -2 -1.99433
8865 -2 -1.99433
8866 -2 -1.99433
8867 -2 -1.99433
8868 -2 -1.99433
8869 -2 -1.99433
8870 -2 -1.99433
8871 -2 -1.99433
8872 -2 -1.99433
8873 -2 -1.99433
8874 -2 -1.99433
8875 -2 -1.99434
8876 -2 -1.99434
8877 -2 -1.99434
8878 -2 -1.99434
8879 -2 -1.99434
8880 -2 -1.99434
8881 -2 -1.99434
8882 -2 -1.99434
8883 -2 -1.99434
8884 -1.98 -1.99434
8885 -2 -1.99434
8886 -2 -1.99434
8887 -2 -1.99434
8888 -2 -1.99434
8889 -2 -1.99434
8890 -2 -1.99434
8891 -2 -1.99434
8892 -2 -1.99434
8893 -2 -1.99434
8894 -2 -1.99435
8895 -2 -1.99435
8896 -2 -1.99435
8897 -1.98 -1.99434
8898 -1.98 -1.99434
8899 -2 -1.99434
8900 -2 -1.99434
8901 -2 -1.99435
8902 -2 -1.99435
8903 -2 -1.99435
8904 -2 -1.99435
8905 -2 -1.99435
8906 -2 -1.99435
8907 -2 -1.99435
8908 -2 -1.99435
8909 -2 -1.99435
8910 -2 -1.99435
8911 -2 -1.99435
8912 -1.98 -1.99435
8913 -1.98 -1.99435
8914 -1.98 -1.99435
8915 -2 -1.99435
8916 -2 -1.99435
8917 -2 -1.99435
8918 -2 -1.99435
8919 -2 -1.99435
8920 -2 -1.99435
8921 -2 -1.99435
8922 -2 -1.99435
8923 -2 -1.99435
8924 -2 -1.99435
8925 -2 -1.99435
8926 -2 -1.99435
8927 -2 -1.99435
8928 -2 -1.99436
8929 -2 -1.99436
8930 -2 -1.99436
8931 -2 -1.99436
8932 -1.98 -1.99436
8933 -1.98 -1.99435
8934 -2 -1.99435
8935 -2 -1.99436
8936 -2 -1.99436
8937 -2 -1.99436
8938 -2 -1.99436
8939 -2 -1.99436
8940 -2 -1.99436
8941 -2 -1.99436
8942 -2 -1.99436
8943 -2 -1.99436
8944 -1.98 -1.99436
8945 -2 -1.99436
8946 -2 -1.99436
8947 -2 -1.99436
8948 -2 -1.99436
8949 -1.98 -1.99436
8950 -2 -1.99436
8951 -2 -1.99436
8952 -2 -1.99436
8953 -2 -1.99436
8954 -2 -1.99436
8955 -2 -1.99436
8956 -2 -1.99436
8957 -2 -1.99436
8958 -2 -1.99437
8959 -2 -1.99437
8960 -2 -1.99437
8961 -2 -1.99437
8962 -2 -1.99437
8963 -2 -1.99437
8964 -2 -1.99437
8965 -2 -1.99437
8966 -2 -1.99437
8967 -2 -1.99437
8968 -2 -1.99437
8969 -2 -1.99437
8970 -2 -1.99437
8971 -2 -1.99437
8972 -1.98 -1.99437
8973 -2 -1.99437
8974 -2 -1.99437
8975 -2 -1.99437
8976 -1.98 -1.99437
8977 -1.98 -1.99437
8978 -1.98 -1.99437
8979 -2 -1.99437
8980 -2 -1.99437
8981 -2 -1.99437
8982 -2 -1.99437
8983 -2 -1.99437
8984 -2 -1.99437
8985 -2 -1.99437
8986 -2 -1.99437
8987 -2 -1.99437
8988 -2 -1.99438
8989 -2 -1.99438
8990 -2 -1.99438
8991 -2 -1.99438
8992 -2 -1.99438
8993 -2 -1.99438
8994 -2 -1.99438
8995 -1.98 -1.99438
8996 -1.98 -1.99438
8997 -1.98 -1.99437
8998 -2 -1.99437
8999 -2 -1.99438
9000 -2 -1.99438
9001 -2 -1.99438
9002 -2 -1.99438
9003 -2 -1.99438
9004 -2 -1.99438
9005 -2 -1.99438
9006 -2 -1.99438
9007 -2 -1.99438
9008 -2 -1.99438
9009 -2 -1.99438
9010 -2 -1.99438
9011 -2 -1.99438
9012 -2 -1.99438
9013 -2 -1.99438
9014 -1.98 -1.99438
9015 -2 -1.99438
9016 -2 -1.99438
9017 -2 -1.99438
9018 -2 -1.99439
9019 -2 -1.99439
9020 -2 -1.99439
9021 -2 -1.99439
9022 -1.98 -1.99439
9023 -2 -1.99439
9024 -2 -1.99439
9025 -2 -1.99439
9026 -2 -1.99439
9027 -2 -1.99439
9028 -2 -1.99439
9029 -2 -1.99439
9030 -2 -1.99439
9031 -2 -1.99439
9032 -2 -1.99439
9033 -2 -1.99439
9034 -2 -1.99439
9035 -2 -1.99439
9036 -2 -1.99439
9037 -2 -1.99439
9038 -2 -1.9944
9039 -2 -1.9944
9040 -2 -1.9944
9041 -2 -1.9944
9042 -2 -1.9944
9043 -2 -1.9944
9044 -2 -1.9944
9045 -2 -1.9944
9046 -2 -1.9944
9047 -2 -1.9944
9048 -2 -1.9944
9049 -2 -1.9944
9050 -2 -1.9944
9051 -2 -1.9944
9052 -2 -1.9944
9053 -2 -1.9944
9054 -2 -1.99441
9055 -2 -1.99441
9056 -2 -1.99441
9057 -2 -1.99441
9058 -2 -1.99441
9059 -2 -1.99441
9060 -2 -1.99441
9061 -2 -1.99441
9062 -1.98 -1.99441
9063 -2 -1.99441
9064 -2 -1.99441
9065 -2 -1.99441
9066 -2 -1.99441
9067 -2 -1.99441
9068 -1.98 -1.99441
9069 -2 -1.99441
9070 -2 -1.99441
9071 -2 -1.99441
9072 -2 -1.99441
9073 -2 -1.99441
9074 -2 -1.99441
9075 -2 -1.99441
9076 -2 -1.99441
9077 -2 -1.99442
9078 -2 -1.99442
9079 -2 -1.99442
9080 -2 -1.99442
9081 -2 -1.99442
9082 -2 -1.99442
9083 -2 -1.99442
9084 -2 -1.99442
9085 -2 -1.99442
9086 -2 -1.99442
9087 -2 -1.99442
9088 -2 -1.99442
9089 -1.98 -1.99442
9090 -2 -1.99442
9091 -2 -1.99442
9092 -2 -1.99442
9093 -2 -1.99442
9094 -2 -1.99442
9095 -2 -1.99442
9096 -2 -1.99442
9097 -2 -1.99443
9098 -2 -1.99443
9099 -2 -1.99443
9100 -2 -1.99443
9101 -2 -1.99443
9102 -2 -1.99443
9103 -2 -1.99443
9104 -2 -1.99443
9105 -2 -1.99443
9106 -2 -1.99443
9107 -2 -1.99443
9108 -2 -1.99443
9109 -2 -1.99443
9110 -2 -1.99443
9111 -2 -1.99443
9112 -2 -1.99443
9113 -2 -1.99443
9114 -2 -1.99444
9115 -2 -1.99444
9116 -1.98 -1.99443
9117 -1.98 -1.99443
9118 -1.96 -1.99443
9119 -1.96 -1.99443
9120 -1.97 -1.99442
9121 -1.98 -1.99442
9122 -1.98 -1.99442
9123 -1.96 -1.99442
9124 -1.97 -1.99441
9125 -1.98 -1.99441
9126 -1.98 -1.99441
9127 -2 -1.99441
9128 -2 -1.99441
9129 -2 -1.99441
9130 -1.98 -1.99441
9131 -1.98 -1.99441
9132 -1.98 -1.99441
9133 -2 -1.99441
9134 -2 -1.99441
9135 -2 -1.99441
9136 -2 -1.99441
9137 -2 -1.99441
9138 -2 -1.99441
9139 -1.98 -1.99441
9140 -1.98 -1.99441
9141 -2 -1.99441
9142 -2 -1.99441
9143 -2 -1.99441
9144 -2 -1.99441
9145 -2 -1.99441
9146 -2 -1.99441
9147 -2 -1.99441
9148 -2 -1.99441
9149 -2 -1.99441
9150 -2 -1.99441
9151 -1.98 -1.99441
9152 -1.98 -1.99441
9153 -2 -1.99441
9154 -2 -1.99441
9155 -2 -1.99441
9156 -1.96 -1.99441
9157 -1.98 -1.99441
9158 -2 -1.99441
9159 -2 -1.99441
9160 -2 -1.99441
9161 -2 -1.99441
9162 -2 -1.99441
9163 -2 -1.99441
9164 -2 -1.99441
9165 -2 -1.99441
9166 -1.98 -1.99441
9167 -1.98 -1.99441
9168 -2 -1.99441
9169 -2 -1.99441
9170 -2 -1.99441
9171 -2 -1.99441
9172 -1.98 -1.99441
9173 -1.98 -1.99441
9174 -2 -1.99441
9175 -2 -1.99441
9176 -2 -1.99441
9177 -2 -1.99441
9178 -1.98 -1.99441
9179 -1.98 -1.99441
9180 -1.98 -1.99441
9181 -1.98 -1.9944
9182 -2 -1.9944
9183 -2 -1.99441
9184 -2 -1.99441
9185 -2 -1.99441
9186 -2 -1.99441
9187 -2 -1.99441
9188 -2 -1.99441
9189 -2 -1.99441
9190 -2 -1.99441
9191 -2 -1.99441
9192 -1.98 -1.99441
9193 -2 -1.99441
9194 -2 -1.99441
9195 -2 -1.99441
9196 -2 -1.99441
9197 -1.98 -1.99441
9198 -1.98 -1.99441
9199 -2 -1.99441
9200 -2 -1.99441
9201 -2 -1.99441
9202 -2 -1.99441
9203 -2 -1.99441
9204 -2 -1.99441
9205 -2 -1.99441
9206 -2 -1.99441
9207 -2 -1.99441
9208 -2 -1.99441
9209 -2 -1.99441
9210 -1.98 -1.99441
9211 -2 -1.99441
9212 -2 -1.99441
9213 -2 -1.99442
9214 -2 -1.99442
9215 -2 -1.99442
9216 -1.98 -1.99441
9217 -1.98 -1.99441
9218 -2 -1.99441
9219 -2 -1.99441
9220 -2 -1.99441
9221 -2 -1.99442
9222 -2 -1.99442
9223 -2 -1.99442
9224 -1.98 -1.99442
9225 -2 -1.99442
9226 -2 -1.99442
9227 -2 -1.99442
9228 -1.98 -1.99442
9229 -2 -1.99442
9230 -2 -1.99442
9231 -2 -1.99442
9232 -2 -1.99442
9233 -2 -1.99442
9234 -2 -1.99442
9235 -2 -1.99442
9236 -1.98 -1.99442
9237 -2 -1.99442
9238 -2 -1.99442
9239 -2 -1.99442
9240 -2 -1.99442
9241 -2 -1.99442
9242 -2 -1.99442
9243 -2 -1.99442
9244 -2 -1.99442
9245 -2 -1.99442
9246 -2 -1.99442
9247 -1.98 -1.99442
9248 -2 -1.99442
9249 -2 -1.99442
9250 -2 -1.99442
9251 -1.98 -1.99442
9252 -1.96 -1.99442
9253 -1.98 -1.99442
9254 -2 -1.99442
9255 -2 -1.99442
9256 -2 -1.99442
9257 -1.98 -1.99442
9258 -1.98 -1.99442
9259 -2 -1.99442
9260 -1.98 -1.99442
9261 -1.97 -1.99441
9262 -1.97 -1.99441
9263 -1.98 -1.99441
9264 -2 -1.99441
9265 -2 -1.99441
9266 -2 -1.99441
9267 -2 -1.99441
9268 -2 -1.99441
9269 -2 -1.99441
9270 -2 -1.99441
9271 -2 -1.99441
9272 -2 -1.99441
9273 -2 -1.99441
9274 -2 -1.99442
9275 -2 -1.99442
9276 -2 -1.99442
9277 -2 -1.99442
9278 -2 -1.99442
9279 -2 -1.99442
9280 -2 -1.99442
9281 -1.98 -1.99442
9282 -2 -1.99442
9283 -1.98 -1.99442
9284 -1.96 -1.99441
9285 -1.98 -1.99441
9286 -2 -1.99441
9287 -2 -1.99441
9288 -1.98 -1.99441
9289 -2 -1.99441
9290 -1.98 -1.99441
9291 -1.98 -1.99441
9292 -2 -1.99441
9293 -2 -1.99441
9294 -2 -1.99441
9295 -2 -1.99441
9296 -2 -1.99441
9297 -2 -1.99441
9298 -2 -1.99441
9299 -2 -1.99441
9300 -2 -1.99441
9301 -2 -1.99441
9302 -2 -1.99441
9303 -1.98 -1.99441
9304 -2 -1.99441
9305 -2 -1.99441
9306 -2 -1.99441
9307 -2 -1.99442
9308 -2 -1.99442
9309 -2 -1.99442
9310 -2 -1.99442
9311 -2 -1.99442
9312 -2 -1.99442
9313 -2 -1.99442
9314 -2 -1.99442
9315 -2 -1.99442
9316 -2 -1.99442
9317 -2 -1.99442
9318 -2 -1.99442
9319 -2 -1.99442
9320 -2 -1.99442
9321 -2 -1.99442
9322 -2 -1.99442
9323 -2 -1.99443
9324 -2 -1.99443
9325 -2 -1.99443
9326 -2 -1.99443
9327 -2 -1.99443
9328 -2 -1.99443
9329 -2 -1.99443
9330 -2 -1.99443
9331 -2 -1.99443
9332 -1.96 -1.99443
9333 -2 -1.99443
9334 -1.98 -1.99443
9335 -2 -1.99443
9336 -2 -1.99443
9337 -2 -1.99443
9338 -1.98 -1.99443
9339 -1.98 -1.99442
9340 -1.98 -1.99442
9341 -1.98 -1.99442
9342 -2 -1.99442
9343 -2 -1.99442
9344 -2 -1.99442
9345 -2 -1.99442
9346 -2 -1.99442
9347 -2 -1.99442
9348 -2 -1.99443
9349 -2 -1.99443
9350 -2 -1.99443
9351 -2 -1.99443
9352 -2 -1.99443
9353 -2 -1.99443
9354 -2 -1.99443
9355 -2 -1.99443
9356 -2 -1.99443
9357 -2 -1.99443
9358 -2 -1.99443
9359 -2 -1.99443
9360 -2 -1.99443
9361 -2 -1.99443
9362 -2 -1.99443
9363 -2 -1.99443
9364 -2 -1.99443
9365 -2 -1.99444
9366 -2 -1.99444
9367 -2 -1.99444
9368 -2 -1.99444
9369 -2 -1.99444
9370 -2 -1.99444
9371 -2 -1.99444
9372 -2 -1.99444
9373 -2 -1.99444
9374 -1.98 -1.99444
9375 -2 -1.99444
9376 -2 -1.99444
9377 -2 -1.99444
9378 -1.98 -1.99444
9379 -2 -1.99444
9380 -2 -1.99444
9381 -2 -1.99444
9382 -2 -1.99444
9383 -2 -1.99444
9384 -2 -1.99444
9385 -2 -1.99444
9386 -2 -1.99444
9387 -2 -1.99444
9388 -1.98 -1.99444
9389 -2 -1.99444
9390 -2 -1.99444
9391 -2 -1.99444
9392 -2 -1.99444
9393 -2 -1.99445
9394 -2 -1.99445
9395 -2 -1.99445
9396 -2 -1.99445
9397 -1.98 -1.99445
9398 -2 -1.99445
9399 -2 -1.99445
9400 -2 -1.99445
9401 -2 -1.99445
9402 -2 -1.99445
9403 -2 -1.99445
9404 -1.98 -1.99445
9405 -2 -1.99445
9406 -2 -1.99445
9407 -2 -1.99445
9408 -2 -1.99445
9409 -2 -1.99445
9410 -1.98 -1.99445
9411 -1.98 -1.99445
9412 -2 -1.99445
9413 -2 -1.99445
9414 -2 -1.99445
9415 -2 -1.99445
9416 -2 -1.99445
9417 -2 -1.99445
9418 -2 -1.99445
9419 -2 -1.99445
9420 -2 -1.99445
9421 -2 -1.99445
9422 -2 -1.99445
9423 -2 -1.99445
9424 -2 -1.99446
9425 -2 -1.99446
9426 -2 -1.99446
9427 -1.98 -1.99445
9428 -2 -1.99446
9429 -2 -1.99446
9430 -2 -1.99446
9431 -2 -1.99446
9432 -2 -1.99446
9433 -2 -1.99446
9434 -2 -1.99446
9435 -2 -1.99446
9436 -2 -1.99446
9437 -2 -1.99446
9438 -2 -1.99446
9439 -2 -1.99446
9440 -2 -1.99446
9441 -2 -1.99446
9442 -2 -1.99446
9443 -2 -1.99446
9444 -2 -1.99446
9445 -2 -1.99447
9446 -2 -1.99447
9447 -2 -1.99447
9448 -1.98 -1.99447
9449 -1.98 -1.99446
9450 -1.98 -1.99446
9451 -1.98 -1.99446
9452 -1.98 -1.99446
9453 -1.98 -1.99446
9454 -2 -1.99446
9455 -2 -1.99446
9456 -1.96 -1.99445
9457 -1.98 -1.99445
9458 -2 -1.99445
9459 -2 -1.99445
9460 -2 -1.99446
9461 -2 -1.99446
9462 -2 -1.99446
9463 -2 -1.99446
9464 -2 -1.99446
9465 -2 -1.99446
9466 -2 -1.99446
9467 -2 -1.99446
9468 -2 -1.99446
9469 -1.98 -1.99446
9470 -2 -1.99446
9471 -2 -1.99446
9472 -2 -1.99446
9473 -2 -1.99446
9474 -2 -1.99446
9475 -1.98 -1.99446
9476 -1.98 -1.99446
9477 -2 -1.99446
9478 -2 -1.99446
9479 -2 -1.99446
9480 -2 -1.99446
9481 -2 -1.99446
9482 -2 -1.99446
9483 -2 -1.99446
9484 -1.98 -1.99446
9485 -1.98 -1.99446
9486 -1.98 -1.99446
9487 -2 -1.99446
9488 -2 -1.99446
9489 -2 -1.99446
9490 -2 -1.99446
9491 -2 -1.99446
9492 -2 -1.99446
9493 -2 -1.99446
9494 -2 -1.99446
9495 -2 -1.99446
9496 -2 -1.99446
9497 -2 -1.99446
9498 -2 -1.99446
9499 -2 -1.99447
9500 -2 -1.99447
9501 -2 -1.99447
9502 -2 -1.99447
9503 -2 -1.99447
9504 -2 -1.99447
9505 -1.98 -1.99447
9506 -2 -1.99447
9507 -2 -1.99447
9508 -2 -1.99447
9509 -2 -1.99447
9510 -2 -1.99447
9511 -2 -1.99447
9512 -2 -1.99447
9513 -2 -1.99447
9514 -2 -1.99447
9515 -2 -1.99447
9516 -2 -1.99447
9517 -2 -1.99447
9518 -2 -1.99447
9519 -2 -1.99447
9520 -2 -1.99448
9521 -2 -1.99448
9522 -2 -1.99448
9523 -2 -1.99448
9524 -2 -1.99448
9525 -2 -1.99448
9526 -2 -1.99448
9527 -2 -1.99448
9528 -2 -1.99448
9529 -2 -1.99448
9530 -2 -1.99448
9531 -2 -1.99448
9532 -2 -1.99448
9533 -2 -1.99448
9534 -2 -1.99448
9535 -2 -1.99448
9536 -1.98 -1.99448
9537 -2 -1.99448
9538 -2 -1.99448
9539 -2 -1.99448
9540 -2 -1.99448
9541 -2 -1.99449
9542 -2 -1.99449
9543 -2 -1.99449
9544 -2 -1.99449
9545 -2 -1.99449
9546 -2 -1.99449
9547 -2 -1.99449
9548 -2 -1.99449
9549 -1.98 -1.99449
9550 -1.98 -1.99449
9551 -1.98 -1.99448
9552 -2 -1.99449
9553 -2 -1.99449
9554 -2 -1.99449
9555 -1.98 -1.99449
9556 -2 -1.99449
9557 -2 -1.99449
9558 -2 -1.99449
9559 -2 -1.99449
9560 -2 -1.99449
9561 -2 -1.99449
9562 -2 -1.99449
9563 -2 -1.99449
9564 -2 -1.99449
9565 -2 -1.99449
9566 -2 -1.99449
9567 -2 -1.99449
9568 -2 -1.99449
9569 -1.96 -1.99449
9570 -1.98 -1.99449
9571 -2 -1.99449
9572 -2 -1.99449
9573 -1.98 -1.99449
9574 -2 -1.99449
9575 -2 -1.99449
9576 -2 -1.99449
9577 -2 -1.99449
9578 -2 -1.99449
9579 -2 -1.99449
9580 -2 -1.99449
9581 -2 -1.99449
9582 -2 -1.99449
9583 -2 -1.99449
9584 -2 -1.99449
9585 -2 -1.99449
9586 -1.98 -1.99449
9587 -2 -1.99449
9588 -2 -1.99449
9589 -2 -1.99449
9590 -2 -1.99449
9591 -2 -1.9945
9592 -1.98 -1.99449
9593 -2 -1.99449
9594 -2 -1.9945
9595 -2 -1.9945
9596 -2 -1.9945
9597 -1.98 -1.99449
9598 -1.98 -1.99449
9599 -1.98 -1.99449
9600 -1.98 -1.99449
9601 -1.98 -1.99449
9602 -2 -1.99449
9603 -2 -1.99449
9604 -2 -1.99449
9605 -2 -1.99449
9606 -2 -1.99449
9607 -2 -1.99449
9608 -1.96 -1.99449
9609 -1.98 -1.99449
9610 -2 -1.99449
9611 -2 -1.99449
9612 -2 -1.99449
9613 -2 -1.99449
9614 -2 -1.99449
9615 -2 -1.99449
9616 -2 -1.99449
9617 -2 -1.99449
9618 -2 -1.99449
9619 -1.98 -1.99449
9620 -1.98 -1.99449
9621 -1.98 -1.99449
9622 -1.98 -1.99449
9623 -1.98 -1.99448
9624 -2 -1.99449
9625 -2 -1.99449
9626 -2 -1.99449
9627 -2 -1.99449
9628 -2 -1.99449
9629 -2 -1.99449
9630 -2 -1.99449
9631 -2 -1.99449
9632 -2 -1.99449
9633 -2 -1.99449
9634 -2 -1.99449
9635 -2 -1.99449
9636 -2 -1.99449
9637 -2 -1.99449
9638 -1.98 -1.99449
9639 -2 -1.99449
9640 -2 -1.99449
9641 -2 -1.99449
9642 -2 -1.99449
9643 -2 -1.99449
9644 -2 -1.99449
9645 -2 -1.9945
9646 -2 -1.9945
9647 -2 -1.9945
9648 -2 -1.9945
9649 -2 -1.9945
9650 -2 -1.9945
9651 -2 -1.9945
9652 -2 -1.9945
9653 -2 -1.9945
9654 -2 -1.9945
9655 -2 -1.9945
9656 -2 -1.9945
9657 -2 -1.9945
9658 -2 -1.9945
9659 -2 -1.9945
9660 -2 -1.9945
9661 -2 -1.9945
9662 -2 -1.9945
9663 -2 -1.99451
9664 -2 -1.99451
9665 -2 -1.99451
9666 -2 -1.99451
9667 -2 -1.99451
9668 -2 -1.99451
9669 -2 -1.99451
9670 -2 -1.99451
9671 -2 -1.99451
9672 -2 -1.99451
9673 -2 -1.99451
9674 -2 -1.99451
9675 -2 -1.99451
9676 -2 -1.99451
9677 -2 -1.99451
9678 -2 -1.99451
9679 -2 -1.99451
9680 -2 -1.99452
9681 -2 -1.99452
9682 -2 -1.99452
9683 -2 -1.99452
9684 -2 -1.99452
9685 -2 -1.99452
9686 -2 -1.99452
9687 -2 -1.99452
9688 -2 -1.99452
9689 -1.98 -1.99452
9690 -2 -1.99452
9691 -2 -1.99452
9692 -2 -1.99452
9693 -1.98 -1.99452
9694 -1.98 -1.99452
9695 -2 -1.99452
9696 -2 -1.99452
9697 -2 -1.99452
9698 -2 -1.99452
9699 -2 -1.99452
9700 -2 -1.99452
9701 -2 -1.99452
9702 -2 -1.99452
9703 -2 -1.99452
9704 -2 -1.99452
9705 -2 -1.99452
9706 -2 -1.99452
9707 -2 -1.99452
9708 -2 -1.99452
9709 -2 -1.99453
9710 -2 -1.99453
9711 -2 -1.99453
9712 -2 -1.99453
9713 -2 -1.99453
9714 -2 -1.99453
9715 -2 -1.99453
9716 -2 -1.99453
9717 -2 -1.99453
9718 -2 -1.99453
9719 -2 -1.99453
9720 -2 -1.99453
9721 -2 -1.99453
9722 -2 -1.99453
9723 -2 -1.99453
9724 -1.98 -1.99453
9725 -2 -1.99453
9726 -1.98 -1.99453
9727 -2 -1.99453
9728 -2 -1.99453
9729 -2 -1.99453
9730 -2 -1.99453
9731 -1.98 -1.99453
9732 -2 -1.99453
9733 -2 -1.99453
9734 -2 -1.99453
9735 -2 -1.99453
9736 -2 -1.99453
9737 -2 -1.99453
9738 -2 -1.99454
9739 -2 -1.99454
9740 -1.98 -1.99453
9741 -1.98 -1.99453
9742 -1.97 -1.99453
9743 -2 -1.99453
9744 -2 -1.99453
9745 -2 -1.99453
9746 -2 -1.99453
9747 -1.98 -1.99453
9748 -1.98 -1.99453
9749 -1.98 -1.99453
9750 -2 -1.99453
9751 -2 -1.99453
9752 -2 -1.99453
9753 -2 -1.99453
9754 -2 -1.99453
9755 -2 -1.99453
9756 -2 -1.99453
9757 -2 -1.99453
9758 -2 -1.99453
9759 -2 -1.99453
9760 -2 -1.99453
9761 -2 -1.99453
9762 -2 -1.99454
9763 -2 -1.99454
9764 -2 -1.99454
9765 -2 -1.99454
9766 -2 -1.99454
9767 -2 -1.99454
9768 -2 -1.99454
9769 -1.98 -1.99454
9770 -1.96 -1.99453
9771 -1.98 -1.99453
9772 -2 -1.99453
9773 -1.98 -1.99453
9774 -1.98 -1.99453
9775 -1.98 -1.99453
9776 -1.98 -1.99453
9777 -1.98 -1.99453
9778 -1.98 -1.99452
9779 -2 -1.99452
9780 -2 -1.99453
9781 -2 -1.99453
9782 -2 -1.99453
9783 -2 -1.99453
9784 -2 -1.99453
9785 -2 -1.99453
9786 -2 -1.99453
9787 -2 -1.99453
9788 -2 -1.99453
9789 -2 -1.99453
9790 -2 -1.99453
9791 -2 -1.99453
9792 -2 -1.99453
9793 -2 -1.99453
9794 -2 -1.99453
9795 -2 -1.99453
9796 -2 -1.99453
9797 -2 -1.99453
9798 -2 -1.99454
9799 -1.98 -1.99453
9800 -1.98 -1.99453
9801 -2 -1.99453
9802 -2 -1.99453
9803 -2 -1.99453
9804 -1.98 -1.99453
9805 -2 -1.99453
9806 -2 -1.99453
9807 -2 -1.99453
9808 -2 -1.99453
9809 -2 -1.99454
9810 -2 -1.99454
9811 -2 -1.99454
9812 -2 -1.99454
9813 -2 -1.99454
9814 -2 -1.99454
9815 -2 -1.99454
9816 -2 -1.99454
9817 -2 -1.99454
9818 -1.98 -1.99454
9819 -2 -1.99454
9820 -2 -1.99454
9821 -1.98 -1.99454
9822 -2 -1.99454
9823 -2 -1.99454
9824 -2 -1.99454
9825 -2 -1.99454
9826 -2 -1.99454
9827 -2 -1.99454
9828 -1.98 -1.99454
9829 -2 -1.99454
9830 -2 -1.99454
9831 -2 -1.99454
9832 -2 -1.99454
9833 -2 -1.99454
9834 -2 -1.99454
9835 -2 -1.99454
9836 -2 -1.99454
9837 -2 -1.99454
9838 -2 -1.99455
9839 -2 -1.99455
9840 -2 -1.99455
9841 -2 -1.99455
9842 -2 -1.99455
9843 -2 -1.99455
9844 -2 -1.99455
9845 -1.98 -1.99455
9846 -2 -1.99455
9847 -2 -1.99455
9848 -2 -1.99455
9849 -2 -1.99455
9850 -2 -1.99455
9851 -2 -1.99455
9852 -2 -1.99455
9853 -2 -1.99455
9854 -2 -1.99455
9855 -2 -1.99455
9856 -2 -1.99455
9857 -1.98 -1.99455
9858 -1.96 -1.99455
9859 -1.96 -1.99454
9860 -2 -1.99455
9861 -2 -1.99455
9862 -2 -1.99455
9863 -2 -1.99455
9864 -2 -1.99455
9865 -2 -1.99455
9866 -2 -1.99455
9867 -1.98 -1.99455
9868 -1.98 -1.99455
9869 -1.96 -1.99454
9870 -2 -1.99454
9871 -2 -1.99454
9872 -2 -1.99454
9873 -2 -1.99454
9874 -2 -1.99454
9875 -2 -1.99455
9876 -2 -1.99455
9877 -2 -1.99455
9878 -2 -1.99455
9879 -2 -1.99455
9880 -2 -1.99455
9881 -2 -1.99455
9882 -2 -1.99455
9883 -2 -1.99455
9884 -2 -1.99455
9885 -2 -1.99455
9886 -1.98 -1.99455
9887 -1.98 -1.99455
9888 -2 -1.99455
9889 -2 -1.99455
9890 -2 -1.99455
9891 -1.98 -1.99455
9892 -2 -1.99455
9893 -2 -1.99455
9894 -2 -1.99455
9895 -2 -1.99455
9896 -2 -1.99455
9897 -2 -1.99455
9898 -2 -1.99455
9899 -1.98 -1.99455
9900 -1.95 -1.99455
9901 -2 -1.99455
9902 -2 -1.99455
9903 -2 -1.99455
9904 -2 -1.99455
9905 -2 -1.99455
9906 -2 -1.99455
9907 -2 -1.99455
9908 -2 -1.99455
9909 -2 -1.99455
9910 -2 -1.99455
9911 -2 -1.99455
9912 -2 -1.99455
9913 -2 -1.99455
9914 -2 -1.99455
9915 -2 -1.99455
9916 -2 -1.99455
9917 -2 -1.99456
9918 -2 -1.99456
9919 -1.98 -1.99455
9920 -1.96 -1.99455
9921 -1.98 -1.99455
9922 -2 -1.99455
9923 -2 -1.99455
9924 -2 -1.99455
9925 -2 -1.99455
9926 -2 -1.99455
9927 -2 -1.99455
9928 -2 -1.99455
9929 -2 -1.99455
9930 -2 -1.99455
9931 -2 -1.99455
9932 -2 -1.99456
9933 -2 -1.99456
9934 -2 -1.99456
9935 -2 -1.99456
9936 -2 -1.99456
9937 -2 -1.99456
9938 -2 -1.99456
9939 -2 -1.99456
9940 -2 -1.99456
9941 -2 -1.99456
9942 -2 -1.99456
9943 -1.98 -1.99456
9944 -1.98 -1.99456
9945 -2 -1.99456
9946 -2 -1.99456
9947 -2 -1.99456
9948 -2 -1.99456
9949 -2 -1.99456
9950 -2 -1.99456
9951 -2 -1.99456
9952 -2 -1.99456
9953 -2 -1.99456
9954 -2 -1.99456
9955 -2 -1.99456
9956 -2 -1.99456
9957 -2 -1.99457
9958 -2 -1.99457
9959 -2 -1.99457
9960 -2 -1.99457
9961 -2 -1.99457
9962 -2 -1.99457
9963 -2 -1.99457
9964 -2 -1.99457
9965 -2 -1.99457
9966 -2 -1.99457
9967 -1.98 -1.99457
9968 -1.98 -1.99457
9969 -2 -1.99457
9970 -2 -1.99457
9971 -2 -1.99457
9972 -2 -1.99457
9973 -1.98 -1.99457
9974 -1.98 -1.99457
9975 -2 -1.99457
9976 -2 -1.99457
9977 -2 -1.99457
9978 -1.98 -1.99457
9979 -2 -1.99457
9980 -2 -1.99457
9981 -2 -1.99457
9982 -2 -1.99457
9983 -2 -1.99457
9984 -2 -1.99457
9985 -2 -1.99457
9986 -2 -1.99457
9987 -2 -1.99457
9988 -2 -1.99457
9989 -2 -1.99457
9990 -1.98 -1.99457
9991 -2 -1.99457
9992 -2 -1.99457
9993 -2 -1.99457
9994 -2 -1.99457
9995 -2 -1.99457
9996 -2 -1.99457
9997 -2 -1.99457
9998 -2 -1.99458
9999 -2 -1.99458
10000 -2 -1.99458
10001 -2 -1.99458
10002 -2 -1.99458
10003 -2 -1.99458
10004 -2 -1.99458
10005 -2 -1.99458
10006 -2 -1.99458
10007 -2 -1.99458
10008 -1.98 -1.99458
10009 -1.96 -1.99458
10010 -2 -1.99458
10011 -2 -1.99458
10012 -2 -1.99458
10013 -2 -1.99458
10014 -2 -1.99458
10015 -2 -1.99458
10016 -2 -1.99458
10017 -1.98 -1.99458
10018 -1.98 -1.99458
10019 -2 -1.99458
10020 -2 -1.99458
10021 -1.98 -1.99458
10022 -1.98 -1.99457
10023 -1.98 -1.99457
10024 -2 -1.99457
10025 -2 -1.99457
10026 -2 -1.99457
10027 -2 -1.99458
10028 -2 -1.99458
10029 -2 -1.99458
10030 -2 -1.99458
10031 -2 -1.99458
10032 -2 -1.99458
10033 -2 -1.99458
10034 -2 -1.99458
10035 -2 -1.99458
10036 -2 -1.99458
10037 -2 -1.99458
10038 -2 -1.99458
10039 -2 -1.99458
10040 -2 -1.99458
10041 -2 -1.99458
10042 -2 -1.99458
10043 -2 -1.99458
10044 -2 -1.99458
10045 -2 -1.99458
10046 -2 -1.99459
10047 -2 -1.99459
10048 -2 -1.99459
10049 -2 -1.99459
10050 -2 -1.99459
10051 -2 -1.99459
10052 -2 -1.99459
10053 -2 -1.99459
10054 -2 -1.99459
10055 -2 -1.99459
10056 -2 -1.99459
10057 -2 -1.99459
10058 -1.98 -1.99459
10059 -2 -1.99459
10060 -2 -1.99459
10061 -2 -1.99459
10062 -2 -1.99459
10063 -2 -1.99459
10064 -1.98 -1.99459
10065 -2 -1.99459
10066 -2 -1.99459
10067 -2 -1.99459
10068 -2 -1.99459
10069 -2 -1.99459
10070 -2 -1.99459
10071 -1.98 -1.99459
10072 -2 -1.99459
10073 -2 -1.99459
10074 -2 -1.99459
10075 -2 -1.9946
10076 -2 -1.9946
10077 -1.98 -1.99459
10078 -1.96 -1.99459
10079 -1.98 -1.99459
10080 -1.98 -1.99459
10081 -2 -1.99459
10082 -2 -1.99459
10083 -2 -1.99459
10084 -1.98 -1.99459
10085 -1.98 -1.99459
10086 -2 -1.99459
10087 -2 -1.99459
10088 -2 -1.99459
10089 -2 -1.99459
10090 -2 -1.99459
10091 -2 -1.99459
10092 -2 -1.99459
10093 -2 -1.99459
10094 -2 -1.99459
10095 -2 -1.99459
10096 -2 -1.99459
10097 -2 -1.99459
10098 -2 -1.99459
10099 -2 -1.99459
10100 -2 -1.99459
10101 -2 -1.9946
10102 -2 -1.9946
10103 -2 -1.9946
10104 -2 -1.9946
10105 -2 -1.9946
10106 -2 -1.9946
10107 -2 -1.9946
10108 -2 -1.9946
10109 -2 -1.9946
10110 -2 -1.9946
10111 -2 -1.9946
10112 -2 -1.9946
10113 -1.98 -1.9946
10114 -2 -1.9946
10115 -2 -1.9946
10116 -2 -1.9946
10117 -2 -1.9946
10118 -2 -1.9946
10119 -1.98 -1.9946
10120 -1.98 -1.9946
10121 -2 -1.9946
10122 -2 -1.9946
10123 -2 -1.9946
10124 -2 -1.9946
10125 -1.98 -1.9946
10126 -1.98 -1.9946
10127 -2 -1.9946
10128 -2 -1.9946
10129 -2 -1.9946
10130 -2 -1.9946
10131 -2 -1.9946
10132 -2 -1.9946
10133 -2 -1.9946
10134 -2 -1.9946
10135 -2 -1.9946
10136 -1.98 -1.9946
10137 -1.98 -1.9946
10138 -2 -1.9946
10139 -1.98 -1.9946
10140 -1.98 -1.9946
10141 -2 -1.9946
10142 -2 -1.9946
10143 -2 -1.9946
10144 -2 -1.9946
10145 -2 -1.9946
10146 -2 -1.9946
10147 -2 -1.9946
10148 -2 -1.9946
10149 -2 -1.9946
10150 -2 -1.9946
10151 -2 -1.9946
10152 -2 -1.9946
10153 -2 -1.99461
10154 -2 -1.99461
10155 -2 -1.99461
10156 -1.98 -1.9946
10157 -1.98 -1.9946
10158 -1.98 -1.9946
10159 -2 -1.9946
10160 -2 -1.9946
10161 -2 -1.9946
10162 -2 -1.9946
10163 -2 -1.9946
10164 -2 -1.99461
10165 -2 -1.99461
10166 -2 -1.99461
10167 -2 -1.99461
10168 -2 -1.99461
10169 -2 -1.99461
10170 -2 -1.99461
10171 -2 -1.99461
10172 -2 -1.99461
10173 -1.98 -1.99461
10174 -1.98 -1.99461
10175 -1.98 -1.9946
10176 -2 -1.99461
10177 -2 -1.99461
10178 -2 -1.99461
10179 -2 -1.99461
10180 -2 -1.99461
10181 -2 -1.99461
10182 -2 -1.99461
10183 -2 -1.99461
10184 -2 -1.99461
10185 -2 -1.99461
10186 -2 -1.99461
10187 -2 -1.99461
10188 -2 -1.99461
10189 -2 -1.99461
10190 -2 -1.99461
10191 -2 -1.99461
10192 -2 -1.99461
10193 -2 -1.99461
10194 -2 -1.99462
10195 -2 -1.99462
10196 -2 -1.99462
10197 -2 -1.99462
10198 -2 -1.99462
10199 -2 -1.99462
10200 -1.98 -1.99462
10201 -1.98 -1.99461
10202 -1.98 -1.99461
10203 -1.98 -1.99461
10204 -1.98 -1.99461
10205 -1.98 -1.99461
10206 -1.98 -1.99461
10207 -2 -1.99461
10208 -2 -1.99461
10209 -2 -1.99461
10210 -2 -1.99461
10211 -2 -1.99461
10212 -2 -1.99461
10213 -2 -1.99461
10214 -2 -1.99461
10215 -2 -1.99461
10216 -2 -1.99461
10217 -1.98 -1.99461
10218 -2 -1.99461
10219 -2 -1.99461
10220 -2 -1.99461
10221 -2 -1.99461
10222 -2 -1.99461
10223 -2 -1.99461
10224 -2 -1.99462
10225 -2 -1.99462
10226 -2 -1.99462
10227 -2 -1.99462
10228 -2 -1.99462
10229 -2 -1.99462
10230 -2 -1.99462
10231 -2 -1.99462
10232 -2 -1.99462
10233 -2 -1.99462
10234 -2 -1.99462
10235 -2 -1.99462
10236 -2 -1.99462
10237 -2 -1.99462
10238 -2 -1.99462
10239 -2 -1.99462
10240 -2 -1.99462
10241 -2 -1.99462
10242 -2 -1.99462
10243 -2 -1.99463
10244 -1.98 -1.99462
10245 -1.98 -1.99462
10246 -2 -1.99462
10247 -2 -1.99462
10248 -2 -1.99462
10249 -2 -1.99462
10250 -2 -1.99462
10251 -2 -1.99463
10252 -2 -1.99463
10253 -1.98 -1.99462
10254 -1.98 -1.99462
10255 -2 -1.99462
10256 -2 -1.99462
10257 -2 -1.99462
10258 -2 -1.99463
10259 -2 -1.99463
10260 -1.98 -1.99462
10261 -2 -1.99462
10262 -2 -1.99463
10263 -2 -1.99463
10264 -2 -1.99463
10265 -2 -1.99463
10266 -2 -1.99463
10267 -2 -1.99463
10268 -2 -1.99463
10269 -2 -1.99463
10270 -2 -1.99463
10271 -2 -1.99463
10272 -2 -1.99463
10273 -2 -1.99463
10274 -2 -1.99463
10275 -2 -1.99463
10276 -2 -1.99463
10277 -2 -1.99463
10278 -2 -1.99463
10279 -2 -1.99463
10280 -2 -1.99463
10281 -2 -1.99464
10282 -2 -1.99464
10283 -2 -1.99464
10284 -2 -1.99464
10285 -2 -1.99464
10286 -1.98 -1.99464
10287 -1.98 -1.99463
10288 -2 -1.99464
10289 -2 -1.99464
10290 -2 -1.99464
10291 -2 -1.99464
10292 -2 -1.99464
10293 -2 -1.99464
10294 -2 -1.99464
10295 -2 -1.99464
10296 -2 -1.99464
10297 -2 -1.99464
10298 -2 -1.99464
10299 -2 -1.99464
10300 -2 -1.99464
10301 -2 -1.99464
10302 -2 -1.99464
10303 -2 -1.99464
10304 -2 -1.99464
10305 -2 -1.99464
10306 -2 -1.99464
10307 -2 -1.99464
10308 -2 -1.99465
10309 -2 -1.99465
10310 -2 -1.99465
10311 -2 -1.99465
10312 -2 -1.99465
10313 -2 -1.99465
10314 -2 -1.99465
10315 -2 -1.99465
10316 -2 -1.99465
10317 -2 -1.99465
10318 -2 -1.99465
10319 -2 -1.99465
10320 -2 -1.99465
10321 -2 -1.99465
10322 -2 -1.99465
10323 -2 -1.99465
10324 -2 -1.99465
10325 -2 -1.99465
10326 -2 -1.99465
10327 -2 -1.99466
10328 -2 -1.99466
10329 -2 -1.99466
10330 -2 -1.99466
10331 -2 -1.99466
10332 -1.98 -1.99466
10333 -2 -1.99466
10334 -2 -1.99466
10335 -2 -1.99466
10336 -2 -1.99466
10337 -2 -1.99466
10338 -1.98 -1.99466
10339 -2 -1.99466
10340 -2 -1.99466
10341 -2 -1.99466
10342 -2 -1.99466
10343 -2 -1.99466
10344 -2 -1.99466
10345 -2 -1.99466
10346 -2 -1.99466
10347 -2 -1.99466
10348 -2 -1.99466
10349 -2 -1.99466
10350 -2 -1.99466
10351 -2 -1.99466
10352 -2 -1.99466
10353 -2 -1.99466
10354 -1.95 -1.99466
10355 -1.96 -1.99466
10356 -2 -1.99466
10357 -2 -1.99466
10358 -2 -1.99466
10359 -2 -1.99466
10360 -2 -1.99466
10361 -2 -1.99466
10362 -2 -1.99466
10363 -2 -1.99466
10364 -1.98 -1.99466
10365 -1.97 -1.99466
10366 -1.98 -1.99466
10367 -2 -1.99466
10368 -2 -1.99466
10369 -2 -1.99466
10370 -1.98 -1.99466
10371 -2 -1.99466
10372 -2 -1.99466
10373 -2 -1.99466
10374 -1.98 -1.99466
10375 -1.98 -1.99465
10376 -2 -1.99466
10377 -1.98 -1.99465
10378 -2 -1.99465
10379 -2 -1.99466
10380 -2 -1.99466
10381 -2 -1.99466
10382 -1.98 -1.99465
10383 -1.98 -1.99465
10384 -2 -1.99465
10385 -2 -1.99465
10386 -2 -1.99465
10387 -2 -1.99466
10388 -2 -1.99466
10389 -2 -1.99466
10390 -2 -1.99466
10391 -2 -1.99466
10392 -2 -1.99466
10393 -2 -1.99466
10394 -2 -1.99466
10395 -2 -1.99466
10396 -2 -1.99466
10397 -2 -1.99466
10398 -2 -1.99466
10399 -1.98 -1.99466
10400 -1.98 -1.99466
10401 -1.98 -1.99466
10402 -2 -1.99466
10403 -2 -1.99466
10404 -2 -1.99466
10405 -2 -1.99466
10406 -1.98 -1.99466
10407 -1.98 -1.99466
10408 -2 -1.99466
10409 -2 -1.99466
10410 -2 -1.99466
10411 -2 -1.99466
10412 -2 -1.99466
10413 -1.98 -1.99466
10414 -2 -1.99466
10415 -2 -1.99466
10416 -2 -1.99466
10417 -2 -1.99466
10418 -2 -1.99466
10419 -2 -1.99466
10420 -2 -1.99466
10421 -2 -1.99466
10422 -1.98 -1.99466
10423 -2 -1.99466
10424 -2 -1.99466
10425 -2 -1.99466
10426 -2 -1.99466
10427 -2 -1.99466
10428 -1.98 -1.99466
10429 -2 -1.99466
10430 -1.98 -1.99466
10431 -1.98 -1.99466
10432 -2 -1.99466
10433 -2 -1.99466
10434 -2 -1.99466
10435 -2 -1.99466
10436 -2 -1.99466
10437 -2 -1.99466
10438 -2 -1.99466
10439 -2 -1.99466
10440 -2 -1.99466
10441 -2 -1.99466
10442 -2 -1.99466
10443 -2 -1.99466
10444 -2 -1.99467
10445 -2 -1.99467
10446 -2 -1.99467
10447 -2 -1.99467
10448 -1.98 -1.99467
10449 -2 -1.99467
10450 -2 -1.99467
10451 -1.98 -1.99467
10452 -2 -1.99467
10453 -2 -1.99467
10454 -2 -1.99467
10455 -2 -1.99467
10456 -2 -1.99467
10457 -2 -1.99467
10458 -2 -1.99467
10459 -2 -1.99467
10460 -1.98 -1.99467
10461 -2 -1.99467
10462 -2 -1.99467
10463 -2 -1.99467
10464 -2 -1.99467
10465 -2 -1.99467
10466 -2 -1.99467
10467 -2 -1.99467
10468 -2 -1.99467
10469 -2 -1.99467
10470 -2 -1.99467
10471 -2 -1.99467
10472 -2 -1.99467
10473 -2 -1.99467
10474 -2 -1.99467
10475 -2 -1.99468
10476 -2 -1.99468
10477 -2 -1.99468
10478 -2 -1.99468
10479 -2 -1.99468
10480 -2 -1.99468
10481 -2 -1.99468
10482 -2 -1.99468
10483 -2 -1.99468
10484 -2 -1.99468
10485 -2 -1.99468
10486 -2 -1.99468
10487 -2 -1.99468
10488 -2 -1.99468
10489 -2 -1.99468
10490 -2 -1.99468
10491 -2 -1.99468
10492 -2 -1.99468
10493 -2 -1.99468
10494 -2 -1.99469
10495 -2 -1.99469
10496 -2 -1.99469
10497 -2 -1.99469
10498 -2 -1.99469
10499 -2 -1.99469
10500 -2 -1.99469
10501 -2 -1.99469
10502 -2 -1.99469
10503 -2 -1.99469
10504 -2 -1.99469
10505 -2 -1.99469
10506 -1.98 -1.99469
10507 -1.98 -1.99469
10508 -2 -1.99469
10509 -1.98 -1.99469
10510 -2 -1.99469
10511 -2 -1.99469
10512 -1.98 -1.99469
10513 -2 -1.99469
10514 -2 -1.99469
10515 -2 -1.99469
10516 -2 -1.99469
10517 -2 -1.99469
10518 -2 -1.99469
10519 -2 -1.99469
10520 -2 -1.99469
10521 -2 -1.99469
10522 -2 -1.99469
10523 -2 -1.99469
10524 -2 -1.99469
10525 -2 -1.99469
10526 -2 -1.99469
10527 -2 -1.99469
10528 -2 -1.99469
10529 -2 -1.9947
10530 -2 -1.9947
10531 -2 -1.9947
10532 -1.98 -1.99469
10533 -2 -1.9947
10534 -2 -1.9947
10535 -2 -1.9947
10536 -2 -1.9947
10537 -2 -1.9947
10538 -2 -1.9947
10539 -1.98 -1.9947
10540 -2 -1.9947
10541 -2 -1.9947
10542 -2 -1.9947
10543 -2 -1.9947
10544 -2 -1.9947
10545 -2 -1.9947
10546 -2 -1.9947
10547 -2 -1.9947
10548 -2 -1.9947
10549 -2 -1.9947
10550 -2 -1.9947
10551 -1.98 -1.9947
10552 -2 -1.9947
10553 -2 -1.9947
10554 -2 -1.9947
10555 -2 -1.9947
10556 -2 -1.9947
10557 -2 -1.9947
10558 -2 -1.9947
10559 -2 -1.9947
10560 -2 -1.99471
10561 -2 -1.99471
10562 -2 -1.99471
10563 -2 -1.99471
10564 -2 -1.99471
10565 -2 -1.99471
10566 -1.98 -1.99471
10567 -2 -1.99471
10568 -2 -1.99471
10569 -1.98 -1.99471
10570 -2 -1.99471
10571 -2 -1.99471
10572 -2 -1.99471
10573 -1.98 -1.99471
10574 -1.98 -1.9947
10575 -2 -1.9947
10576 -2 -1.99471
10577 -2 -1.99471
10578 -2 -1.99471
10579 -2 -1.99471
10580 -2 -1.99471
10581 -2 -1.99471
10582 -2 -1.99471
10583 -2 -1.99471
10584 -2 -1.99471
10585 -2 -1.99471
10586 -1.98 -1.99471
10587 -1.98 -1.99471
10588 -2 -1.99471
10589 -2 -1.99471
10590 -2 -1.99471
10591 -2 -1.99471
10592 -2 -1.99471
10593 -2 -1.99471
10594 -2 -1.99471
10595 -2 -1.99471
10596 -2 -1.99471
10597 -2 -1.99471
10598 -2 -1.99471
10599 -2 -1.99471
10600 -2 -1.99471
10601 -2 -1.99471
10602 -2 -1.99471
10603 -2 -1.99472
10604 -2 -1.99472
10605 -2 -1.99472
10606 -2 -1.99472
10607 -2 -1.99472
10608 -2 -1.99472
10609 -2 -1.99472
10610 -2 -1.99472
10611 -2 -1.99472
10612 -1.98 -1.99472
10613 -1.98 -1.99472
10614 -1.96 -1.99471
10615 -2 -1.99471
10616 -2 -1.99471
10617 -2 -1.99471
10618 -2 -1.99472
10619 -2 -1.99472
10620 -2 -1.99472
10621 -2 -1.99472
10622 -2 -1.99472
10623 -2 -1.99472
10624 -2 -1.99472
10625 -2 -1.99472
10626 -2 -1.99472
10627 -2 -1.99472
10628 -2 -1.99472
10629 -2 -1.99472
10630 -2 -1.99472
10631 -2 -1.99472
10632 -2 -1.99472
10633 -2 -1.99472
10634 -2 -1.99472
10635 -2 -1.99472
10636 -2 -1.99472
10637 -2 -1.99472
10638 -2 -1.99473
10639 -2 -1.99473
10640 -2 -1.99473
10641 -2 -1.99473
10642 -2 -1.99473
10643 -2 -1.99473
10644 -2 -1.99473
10645 -2 -1.99473
10646 -2 -1.99473
10647 -2 -1.99473
10648 -2 -1.99473
10649 -2 -1.99473
10650 -2 -1.99473
10651 -2 -1.99473
10652 -2 -1.99473
10653 -2 -1.99473
10654 -2 -1.99473
10655 -2 -1.99473
10656 -2 -1.99473
10657 -2 -1.99473
10658 -1.98 -1.99473
10659 -2 -1.99473
10660 -2 -1.99473
10661 -2 -1.99473
10662 -1.98 -1.99473
10663 -1.98 -1.99473
10664 -2 -1.99473
10665 -2 -1.99473
10666 -2 -1.99473
10667 -2 -1.99473
10668 -2 -1.99473
10669 -2 -1.99473
10670 -2 -1.99474
10671 -2 -1.99474
10672 -2 -1.99474
10673 -2 -1.99474
10674 -2 -1.99474
10675 -2 -1.99474
10676 -2 -1.99474
10677 -2 -1.99474
10678 -2 -1.99474
10679 -2 -1.99474
10680 -2 -1.99474
10681 -2 -1.99474
10682 -2 -1.99474
10683 -2 -1.99474
10684 -2 -1.99474
10685 -2 -1.99474
10686 -2 -1.99474
10687 -2 -1.99474
10688 -2 -1.99474
10689 -2 -1.99474
10690 -2 -1.99475
10691 -2 -1.99475
10692 -2 -1.99475
10693 -2 -1.99475
10694 -1.98 -1.99475
10695 -1.98 -1.99474
10696 -1.98 -1.99474
10697 -2 -1.99474
10698 -2 -1.99474
10699 -2 -1.99474
10700 -2 -1.99474
10701 -2 -1.99474
10702 -2 -1.99475
10703 -2 -1.99475
10704 -2 -1.99475
10705 -2 -1.99475
10706 -2 -1.99475
10707 -2 -1.99475
10708 -2 -1.99475
10709 -2 -1.99475
10710 -2 -1.99475
10711 -2 -1.99475
10712 -2 -1.99475
10713 -2 -1.99475
10714 -2 -1.99475
10715 -2 -1.99475
10716 -2 -1.99475
10717 -2 -1.99475
10718 -1.98 -1.99475
10719 -1.98 -1.99475
10720 -2 -1.99475
10721 -2 -1.99475
10722 -2 -1.99475
10723 -2 -1.99475
10724 -1.98 -1.99475
10725 -1.98 -1.99475
10726 -1.98 -1.99475
10727 -1.98 -1.99475
10728 -2 -1.99475
10729 -2 -1.99475
10730 -2 -1.99475
10731 -2 -1.99475
10732 -2 -1.99475
10733 -2 -1.99475
10734 -2 -1.99475
10735 -2 -1.99475
10736 -2 -1.99475
10737 -2 -1.99475
10738 -2 -1.99475
10739 -2 -1.99475
10740 -1.98 -1.99475
10741 -1.98 -1.99475
10742 -1.98 -1.99475
10743 -2 -1.99475
10744 -2 -1.99475
10745 -1.98 -1.99475
10746 -2 -1.99475
10747 -2 -1.99475
10748 -1.98 -1.99475
10749 -1.98 -1.99475
10750 -1.98 -1.99474
10751 -2 -1.99475
10752 -2 -1.99475
10753 -2 -1.99475
10754 -1.98 -1.99474
10755 -1.98 -1.99474
10756 -1.98 -1.99474
10757 -2 -1.99474
10758 -2 -1.99474
10759 -2 -1.99474
10760 -2 -1.99474
10761 -2 -1.99474
10762 -2 -1.99474
10763 -2 -1.99475
10764 -2 -1.99475
10765 -2 -1.99475
10766 -2 -1.99475
10767 -1.98 -1.99475
10768 -2 -1.99475
10769 -2 -1.99475
10770 -2 -1.99475
10771 -2 -1.99475
10772 -1.98 -1.99475
10773 -2 -1.99475
10774 -2 -1.99475
10775 -2 -1.99475
10776 -2 -1.99475
10777 -2 -1.99475
10778 -2 -1.99475
10779 -2 -1.99475
10780 -2 -1.99475
10781 -2 -1.99475
10782 -2 -1.99475
10783 -2 -1.99475
10784 -2 -1.99475
10785 -2 -1.99475
10786 -2 -1.99475
10787 -1.98 -1.99475
10788 -1.98 -1.99475
10789 -2 -1.99475
10790 -2 -1.99475
10791 -2 -1.99475
10792 -2 -1.99475
10793 -2 -1.99475
10794 -2 -1.99475
10795 -2 -1.99475
10796 -2 -1.99475
10797 -2 -1.99475
10798 -2 -1.99476
10799 -2 -1.99476
10800 -2 -1.99476
10801 -1.98 -1.99475
10802 -2 -1.99476
10803 -2 -1.99476
10804 -2 -1.99476
10805 -2 -1.99476
10806 -1.98 -1.99476
10807 -1.98 -1.99475
10808 -1.98 -1.99475
10809 -2 -1.99475
10810 -2 -1.99475
10811 -2 -1.99475
10812 -2 -1.99475
10813 -2 -1.99475
10814 -2 -1.99476
10815 -2 -1.99476
10816 -1.98 -1.99475
10817 -1.98 -1.99475
10818 -2 -1.99475
10819 -2 -1.99475
10820 -2 -1.99475
10821 -2 -1.99476
10822 -1.98 -1.99475
10823 -2 -1.99475
10824 -2 -1.99475
10825 -2 -1.99476
10826 -2 -1.99476
10827 -2 -1.99476
10828 -2 -1.99476
10829 -2 -1.99476
10830 -2 -1.99476
10831 -2 -1.99476
10832 -2 -1.99476
10833 -2 -1.99476
10834 -2 -1.99476
10835 -2 -1.99476
10836 -2 -1.99476
10837 -2 -1.99476
10838 -2 -1.99476
10839 -2 -1.99476
10840 -2 -1.99476
10841 -2 -1.99476
10842 -2 -1.99476
10843 -2 -1.99476
10844 -2 -1.99476
10845 -2 -1.99476
10846 -2 -1.99477
10847 -2 -1.99477
10848 -2 -1.99477
10849 -2 -1.99477
10850 -2 -1.99477
10851 -2 -1.99477
10852 -2 -1.99477
10853 -2 -1.99477
10854 -2 -1.99477
10855 -2 -1.99477
10856 -2 -1.99477
10857 -2 -1.99477
10858 -2 -1.99477
10859 -2 -1.99477
10860 -2 -1.99477
10861 -1.98 -1.99477
10862 -2 -1.99477
10863 -2 -1.99477
10864 -2 -1.99477
10865 -2 -1.99477
10866 -2 -1.99477
10867 -2 -1.99477
10868 -2 -1.99477
10869 -2 -1.99477
10870 -2 -1.99478
10871 -2 -1.99478
10872 -2 -1.99478
10873 -2 -1.99478
10874 -2 -1.99478
10875 -2 -1.99478
10876 -2 -1.99478
10877 -2 -1.99478
10878 -1.98 -1.99478
10879 -2 -1.99478
10880 -2 -1.99478
10881 -2 -1.99478
10882 -2 -1.99478
10883 -2 -1.99478
10884 -2 -1.99478
10885 -2 -1.99478
10886 -2 -1.99478
10887 -2 -1.99478
10888 -2 -1.99478
10889 -2 -1.99478
10890 -2 -1.99478
10891 -2 -1.99478
10892 -2 -1.99478
10893 -2 -1.99478
10894 -2 -1.99478
10895 -2 -1.99479
10896 -2 -1.99479
10897 -2 -1.99479
10898 -2 -1.99479
10899 -2 -1.99479
10900 -1.98 -1.99479
10901 -1.96 -1.99478
10902 -1.98 -1.99478
10903 -1.97 -1.99478
10904 -1.98 -1.99478
10905 -2 -1.99478
10906 -2 -1.99478
10907 -2 -1.99478
10908 -2 -1.99478
10909 -2 -1.99478
10910 -2 -1.99478
10911 -1.98 -1.99478
10912 -2 -1.99478
10913 -2 -1.99478
10914 -2 -1.99478
10915 -2 -1.99478
10916 -2 -1.99478
10917 -1.98 -1.99478
10918 -2 -1.99478
10919 -2 -1.99478
10920 -2 -1.99478
10921 -2 -1.99478
10922 -2 -1.99478
10923 -2 -1.99478
10924 -2 -1.99478
10925 -2 -1.99478
10926 -2 -1.99478
10927 -1.98 -1.99478
10928 -2 -1.99478
10929 -2 -1.99478
10930 -2 -1.99478
10931 -2 -1.99479
10932 -2 -1.99479
10933 -2 -1.99479
10934 -1.98 -1.99478
10935 -2 -1.99479
10936 -2 -1.99479
10937 -2 -1.99479
10938 -2 -1.99479
10939 -2 -1.99479
10940 -2 -1.99479
10941 -2 -1.99479
10942 -2 -1.99479
10943 -2 -1.99479
10944 -2 -1.99479
10945 -2 -1.99479
10946 -2 -1.99479
10947 -2 -1.99479
10948 -2 -1.99479
10949 -2 -1.99479
10950 -2 -1.99479
10951 -2 -1.99479
10952 -2 -1.99479
10953 -2 -1.99479
10954 -2 -1.99479
10955 -2 -1.99479
10956 -2 -1.9948
10957 -2 -1.9948
10958 -2 -1.9948
10959 -2 -1.9948
10960 -2 -1.9948
10961 -2 -1.9948
10962 -2 -1.9948
10963 -2 -1.9948
10964 -2 -1.9948
10965 -2 -1.9948
10966 -2 -1.9948
10967 -2 -1.9948
10968 -2 -1.9948
10969 -2 -1.9948
10970 -2 -1.9948
10971 -2 -1.9948
10972 -2 -1.9948
10973 -2 -1.9948
10974 -2 -1.9948
10975 -2 -1.9948
10976 -2 -1.9948
10977 -1.98 -1.9948
10978 -2 -1.9948
10979 -2 -1.9948
10980 -2 -1.9948
10981 -2 -1.99481
10982 -2 -1.99481
10983 -2 -1.99481
10984 -2 -1.99481
10985 -2 -1.99481
10986 -2 -1.99481
10987 -2 -1.99481
10988 -2 -1.99481
10989 -2 -1.99481
10990 -2 -1.99481
10991 -1.98 -1.99481
10992 -2 -1.99481
10993 -2 -1.99481
10994 -1.98 -1.99481
10995 -1.98 -1.99481
10996 -2 -1.99481
10997 -2 -1.99481
10998 -2 -1.99481
10999 -2 -1.99481
11000 -2 -1.99481
11001 -2 -1.99481
11002 -2 -1.99481
11003 -2 -1.99481
11004 -2 -1.99481
11005 -2 -1.99481
11006 -2 -1.99481
11007 -2 -1.99481
11008 -2 -1.99481
11009 -2 -1.99481
11010 -2 -1.99481
11011 -2 -1.99481
11012 -2 -1.99481
11013 -2 -1.99481
11014 -2 -1.99482
11015 -2 -1.99482
11016 -2 -1.99482
11017 -2 -1.99482
11018 -2 -1.99482
11019 -2 -1.99482
11020 -2 -1.99482
11021 -2 -1.99482
11022 -2 -1.99482
11023 -2 -1.99482
11024 -1.98 -1.99482
11025 -2 -1.99482
11026 -2 -1.99482
11027 -1.98 -1.99482
11028 -1.98 -1.99482
11029 -1.98 -1.99482
11030 -2 -1.99482
11031 -2 -1.99482
11032 -2 -1.99482
11033 -2 -1.99482
11034 -2 -1.99482
11035 -2 -1.99482
11036 -2 -1.99482
11037 -2 -1.99482
11038 -2 -1.99482
11039 -2 -1.99482
11040 -2 -1.99482
11041 -2 -1.99482
11042 -2 -1.99482
11043 -2 -1.99482
11044 -2 -1.99482
11045 -2 -1.99482
11046 -2 -1.99482
11047 -1.98 -1.99482
11048 -2 -1.99482
11049 -1.98 -1.99482
11050 -2 -1.99482
11051 -2 -1.99482
11052 -2 -1.99482
11053 -2 -1.99482
11054 -2 -1.99482
11055 -2 -1.99482
11056 -2 -1.99482
11057 -2 -1.99482
11058 -2 -1.99483
11059 -2 -1.99483
11060 -2 -1.99483
11061 -2 -1.99483
11062 -2 -1.99483
11063 -2 -1.99483
11064 -2 -1.99483
11065 -2 -1.99483
11066 -2 -1.99483
11067 -2 -1.99483
11068 -2 -1.99483
11069 -2 -1.99483
11070 -2 -1.99483
11071 -2 -1.99483
11072 -2 -1.99483
11073 -2 -1.99483
11074 -2 -1.99483
11075 -2 -1.99483
11076 -2 -1.99483
11077 -2 -1.99483
11078 -2 -1.99483
11079 -2 -1.99483
11080 -2 -1.99484
11081 -2 -1.99484
11082 -2 -1.99484
11083 -2 -1.99484
11084 -2 -1.99484
11085 -2 -1.99484
11086 -2 -1.99484
11087 -2 -1.99484
11088 -2 -1.99484
11089 -2 -1.99484
11090 -1.98 -1.99484
11091 -1.98 -1.99484
11092 -2 -1.99484
11093 -2 -1.99484
11094 -1.98 -1.99484
11095 -2 -1.99484
11096 -2 -1.99484
11097 -2 -1.99484
11098 -1.98 -1.99484
11099 -1.98 -1.99484
11100 -1.98 -1.99483
11101 -2 -1.99483
11102 -2 -1.99483
11103 -2 -1.99484
11104 -1.98 -1.99483
11105 -1.98 -1.99483
11106 -2 -1.99483
11107 -1.98 -1.99483
11108 -1.98 -1.99483
11109 -1.96 -1.99483
11110 -2 -1.99483
11111 -2 -1.99483
11112 -2 -1.99483
11113 -2 -1.99483
11114 -2 -1.99483
11115 -2 -1.99483
11116 -2 -1.99483
11117 -2 -1.99483
11118 -2 -1.99483
11119 -2 -1.99483
11120 -2 -1.99483
11121 -2 -1.99483
11122 -2 -1.99483
11123 -2 -1.99483
11124 -1.98 -1.99483
11125 -2 -1.99483
11126 -2 -1.99483
11127 -2 -1.99483
11128 -2 -1.99483
11129 -2 -1.99483
11130 -2 -1.99484
11131 -2 -1.99484
11132 -2 -1.99484
11133 -2 -1.99484
11134 -2 -1.99484
11135 -2 -1.99484
11136 -1.98 -1.99484
11137 -2 -1.99484
11138 -2 -1.99484
11139 -2 -1.99484
11140 -2 -1.99484
11141 -2 -1.99484
11142 -2 -1.99484
11143 -2 -1.99484
11144 -2 -1.99484
11145 -2 -1.99484
11146 -2 -1.99484
11147 -2 -1.99484
11148 -2 -1.99484
11149 -2 -1.99484
11150 -2 -1.99484
11151 -2 -1.99484
11152 -2 -1.99484
11153 -2 -1.99484
11154 -2 -1.99484
11155 -2 -1.99484
11156 -2 -1.99485
11157 -2 -1.99485
11158 -2 -1.99485
11159 -2 -1.99485
11160 -2 -1.99485
11161 -2 -1.99485
11162 -2 -1.99485
11163 -2 -1.99485
11164 -2 -1.99485
11165 -2 -1.99485
11166 -2 -1.99485
11167 -1.98 -1.99485
11168 -2 -1.99485
11169 -2 -1.99485
11170 -2 -1.99485
11171 -2 -1.99485
11172 -2 -1.99485
11173 -2 -1.99485
11174 -2 -1.99485
11175 -2 -1.99485
11176 -2 -1.99485
11177 -2 -1.99485
11178 -2 -1.99485
11179 -2 -1.99485
11180 -1.98 -1.99485
11181 -1.98 -1.99485
11182 -2 -1.99485
11183 -2 -1.99485
11184 -2 -1.99485
11185 -2 -1.99485
11186 -2 -1.99485
11187 -2 -1.99485
11188 -2 -1.99485
11189 -2 -1.99486
11190 -2 -1.99486
11191 -2 -1.99486
11192 -2 -1.99486
11193 -2 -1.99486
11194 -2 -1.99486
11195 -2 -1.99486
11196 -2 -1.99486
11197 -2 -1.99486
11198 -2 -1.99486
11199 -1.98 -1.99486
11200 -1.98 -1.99486
11201 -2 -1.99486
11202 -2 -1.99486
11203 -2 -1.99486
11204 -2 -1.99486
11205 -2 -1.99486
11206 -2 -1.99486
11207 -2 -1.99486
11208 -2 -1.99486
11209 -2 -1.99486
11210 -2 -1.99486
11211 -2 -1.99486
11212 -2 -1.99486
11213 -2 -1.99486
11214 -2 -1.99486
11215 -2 -1.99486
11216 -2 -1.99486
11217 -2 -1.99486
11218 -2 -1.99486
11219 -2 -1.99487
11220 -2 -1.99487
11221 -2 -1.99487
11222 -2 -1.99487
11223 -2 -1.99487
11224 -2 -1.99487
11225 -2 -1.99487
11226 -2 -1.99487
11227 -2 -1.99487
11228 -2 -1.99487
11229 -2 -1.99487
11230 -2 -1.99487
11231 -2 -1.99487
11232 -2 -1.99487
11233 -2 -1.99487
11234 -2 -1.99487
11235 -2 -1.99487
11236 -2 -1.99487
11237 -2 -1.99487
11238 -2 -1.99487
11239 -2 -1.99487
11240 -2 -1.99488
11241 -2 -1.99488
11242 -2 -1.99488
11243 -2 -1.99488
11244 -2 -1.99488
11245 -1.98 -1.99488
11246 -2 -1.99488
11247 -2 -1.99488
11248 -1.98 -1.99488
11249 -2 -1.99488
11250 -1.98 -1.99487
11251 -2 -1.99487
11252 -2 -1.99488
11253 -2 -1.99488
11254 -2 -1.99488
11255 -2 -1.99488
11256 -2 -1.99488
11257 -2 -1.99488
11258 -2 -1.99488
11259 -2 -1.99488
11260 -2 -1.99488
11261 -2 -1.99488
11262 -2 -1.99488
11263 -2 -1.99488
11264 -2 -1.99488
11265 -2 -1.99488
11266 -2 -1.99488
11267 -2 -1.99488
11268 -1.94 -1.99488
11269 -2 -1.99488
11270 -2 -1.99488
11271 -2 -1.99488
11272 -2 -1.99488
11273 -2 -1.99488
11274 -2 -1.99488
11275 -2 -1.99488
11276 -2 -1.99488
11277 -1.98 -1.99488
11278 -2 -1.99488
11279 -2 -1.99488
11280 -2 -1.99488
11281 -2 -1.99488
11282 -2 -1.99488
11283 -2 -1.99488
11284 -2 -1.99488
11285 -2 -1.99488
11286 -2 -1.99488
11287 -2 -1.99488
11288 -2 -1.99488
11289 -2 -1.99488
11290 -2 -1.99489
11291 -2 -1.99489
11292 -2 -1.99489
11293 -2 -1.99489
11294 -2 -1.99489
11295 -2 -1.99489
11296 -2 -1.99489
11297 -2 -1.99489
11298 -2 -1.99489
11299 -2 -1.99489
11300 -2 -1.99489
11301 -2 -1.99489
11302 -2 -1.99489
11303 -2 -1.99489
11304 -2 -1.99489
11305 -2 -1.99489
11306 -1.98 -1.99489
11307 -1.98 -1.99489
11308 -1.98 -1.99489
11309 -2 -1.99489
11310 -1.98 -1.99489
11311 -2 -1.99489
11312 -2 -1.99489
11313 -2 -1.99489
11314 -2 -1.99489
11315 -2 -1.99489
11316 -1.98 -1.99489
11317 -1.98 -1.99489
11318 -1.98 -1.99489
11319 -2 -1.99489
11320 -2 -1.99489
11321 -2 -1.99489
11322 -2 -1.99489
11323 -1.98 -1.99489
11324 -2 -1.99489
11325 -1.98 -1.99489
11326 -2 -1.99489
11327 -2 -1.99489
11328 -1.98 -1.99488
11329 -2 -1.99489
11330 -2 -1.99489
11331 -2 -1.99489
11332 -2 -1.99489
11333 -2 -1.99489
11334 -2 -1.99489
11335 -2 -1.99489
11336 -1.96 -1.99488
11337 -2 -1.99489
11338 -2 -1.99489
11339 -2 -1.99489
11340 -2 -1.99489
11341 -2 -1.99489
11342 -2 -1.99489
11343 -2 -1.99489
11344 -2 -1.99489
11345 -2 -1.99489
11346 -2 -1.99489
11347 -2 -1.99489
11348 -2 -1.99489
11349 -2 -1.99489
11350 -2 -1.99489
11351 -2 -1.99489
11352 -2 -1.99489
11353 -2 -1.99489
11354 -2 -1.99489
11355 -2 -1.99489
11356 -2 -1.99489
11357 -2 -1.99489
11358 -2 -1.99489
11359 -2 -1.9949
11360 -2 -1.9949
11361 -2 -1.9949
11362 -2 -1.9949
11363 -2 -1.9949
11364 -2 -1.9949
11365 -2 -1.9949
11366 -2 -1.9949
11367 -2 -1.9949
11368 -2 -1.9949
11369 -2 -1.9949
11370 -2 -1.9949
11371 -2 -1.9949
11372 -2 -1.9949
11373 -2 -1.9949
11374 -2 -1.9949
11375 -2 -1.9949
11376 -2 -1.9949
11377 -2 -1.9949
11378 -1.98 -1.9949
11379 -1.98 -1.9949
11380 -2 -1.9949
11381 -1.97 -1.9949
11382 -1.98 -1.9949
11383 -1.98 -1.9949
11384 -2 -1.9949
11385 -2 -1.9949
11386 -2 -1.9949
11387 -2 -1.9949
11388 -2 -1.9949
11389 -2 -1.9949
11390 -1.98 -1.9949
11391 -1.96 -1.99489
11392 -1.98 -1.99489
11393 -2 -1.99489
11394 -2 -1.99489
11395 -2 -1.99489
11396 -2 -1.9949
11397 -2 -1.9949
11398 -2 -1.9949
11399 -2 -1.9949
11400 -2 -1.9949
11401 -2 -1.9949
11402 -2 -1.9949
11403 -2 -1.9949
11404 -2 -1.9949
11405 -2 -1.9949
11406 -2 -1.9949
11407 -2 -1.9949
11408 -2 -1.9949
11409 -2 -1.9949
11410 -2 -1.9949
11411 -2 -1.9949
11412 -1.98 -1.9949
11413 -2 -1.9949
11414 -2 -1.9949
11415 -2 -1.9949
11416 -2 -1.9949
11417 -2 -1.9949
11418 -2 -1.9949
11419 -2 -1.9949
11420 -2 -1.9949
11421 -2 -1.9949
11422 -2 -1.99491
11423 -2 -1.99491
11424 -2 -1.99491
11425 -2 -1.99491
11426 -2 -1.99491
11427 -2 -1.99491
11428 -2 -1.99491
11429 -2 -1.99491
11430 -2 -1.99491
11431 -2 -1.99491
11432 -2 -1.99491
11433 -2 -1.99491
11434 -2 -1.99491
11435 -2 -1.99491
11436 -2 -1.99491
11437 -2 -1.99491
11438 -2 -1.99491
11439 -2 -1.99491
11440 -2 -1.99491
11441 -2 -1.99491
11442 -2 -1.99491
11443 -2 -1.99491
11444 -2 -1.99491
11445 -2 -1.99492
11446 -2 -1.99492
11447 -2 -1.99492
11448 -2 -1.99492
11449 -2 -1.99492
11450 -2 -1.99492
11451 -2 -1.99492
11452 -2 -1.99492
11453 -2 -1.99492
11454 -2 -1.99492
11455 -1.98 -1.99492
11456 -2 -1.99492
11457 -1.98 -1.99492
11458 -1.98 -1.99492
11459 -2 -1.99492
11460 -2 -1.99492
11461 -2 -1.99492
11462 -1.97 -1.99491
11463 -1.97 -1.99491
11464 -2 -1.99491
11465 -2 -1.99491
11466 -2 -1.99491
11467 -2 -1.99491
11468 -2 -1.99491
11469 -1.98 -1.99491
11470 -2 -1.99491
11471 -2 -1.99491
11472 -1.98 -1.99491
11473 -1.98 -1.99491
11474 -2 -1.99491
11475 -2 -1.99491
11476 -2 -1.99491
11477 -2 -1.99491
11478 -2 -1.99491
11479 -2 -1.99491
11480 -2 -1.99492
11481 -2 -1.99492
11482 -2 -1.99492
11483 -1.98 -1.99491
11484 -1.98 -1.99491
11485 -2 -1.99491
11486 -2 -1.99491
11487 -2 -1.99491
11488 -2 -1.99492
11489 -2 -1.99492
11490 -2 -1.99492
11491 -1.98 -1.99491
11492 -2 -1.99492
11493 -2 -1.99492
11494 -2 -1.99492
11495 -2 -1.99492
11496 -2 -1.99492
11497 -2 -1.99492
11498 -2 -1.99492
11499 -2 -1.99492
11500 -2 -1.99492
11501 -2 -1.99492
11502 -2 -1.99492
11503 -2 -1.99492
11504 -1.97 -1.99492
11505 -1.98 -1.99492
11506 -2 -1.99492
11507 -2 -1.99492
11508 -1.98 -1.99492
11509 -2 -1.99492
11510 -2 -1.99492
11511 -2 -1.99492
11512 -2 -1.99492
11513 -2 -1.99492
11514 -2 -1.99492
11515 -2 -1.99492
11516 -1.98 -1.99492
11517 -1.98 -1.99492
11518 -2 -1.99492
11519 -2 -1.99492
11520 -2 -1.99492
11521 -2 -1.99492
11522 -2 -1.99492
11523 -2 -1.99492
11524 -2 -1.99492
11525 -2 -1.99492
11526 -2 -1.99492
11527 -2 -1.99492
11528 -2 -1.99492
11529 -2 -1.99492
11530 -2 -1.99492
11531 -2 -1.99492
11532 -2 -1.99492
11533 -1.98 -1.99492
11534 -1.98 -1.99492
11535 -1.98 -1.99492
11536 -2 -1.99492
11537 -2 -1.99492
11538 -2 -1.99492
11539 -2 -1.99492
11540 -1.98 -1.99492
11541 -2 -1.99492
11542 -2 -1.99492
11543 -2 -1.99492
11544 -2 -1.99492
11545 -2 -1.99492
11546 -2 -1.99492
11547 -2 -1.99492
11548 -2 -1.99492
11549 -2 -1.99492
11550 -2 -1.99492
11551 -1.98 -1.99492
11552 -1.98 -1.99492
11553 -2 -1.99492
11554 -2 -1.99492
11555 -2 -1.99492
11556 -2 -1.99492
11557 -2 -1.99492
11558 -2 -1.99492
11559 -2 -1.99492
11560 -2 -1.99493
11561 -2 -1.99493
11562 -2 -1.99493
11563 -2 -1.99493
11564 -2 -1.99493
11565 -2 -1.99493
11566 -1.98 -1.99493
11567 -1.98 -1.99492
11568 -2 -1.99493
11569 -2 -1.99493
11570 -2 -1.99493
11571 -2 -1.99493
11572 -2 -1.99493
11573 -2 -1.99493
11574 -2 -1.99493
11575 -2 -1.99493
11576 -2 -1.99493
11577 -2 -1.99493
11578 -2 -1.99493
11579 -2 -1.99493
11580 -2 -1.99493
11581 -2 -1.99493
11582 -2 -1.99493
11583 -2 -1.99493
11584 -2 -1.99493
11585 -1.98 -1.99493
11586 -2 -1.99493
11587 -2 -1.99493
11588 -2 -1.99493
11589 -1.98 -1.99493
11590 -2 -1.99493
11591 -2 -1.99493
11592 -2 -1.99493
11593 -1.98 -1.99493
11594 -1.98 -1.99493
11595 -1.98 -1.99493
11596 -2 -1.99493
11597 -2 -1.99493
11598 -2 -1.99493
11599 -2 -1.99493
11600 -2 -1.99493
11601 -2 -1.99493
11602 -2 -1.99493
11603 -2 -1.99493
11604 -2 -1.99493
11605 -1.98 -1.99493
11606 -1.95 -1.99493
11607 -2 -1.99493
11608 -2 -1.99493
11609 -2 -1.99493
11610 -2 -1.99493
11611 -2 -1.99493
11612 -2 -1.99493
11613 -2 -1.99493
11614 -2 -1.99493
11615 -2 -1.99493
11616 -2 -1.99493
11617 -2 -1.99493
11618 -2 -1.99493
11619 -2 -1.99493
11620 -2 -1.99493
11621 -2 -1.99493
11622 -2 -1.99493
11623 -2 -1.99493
11624 -2 -1.99494
11625 -2 -1.99494
11626 -2 -1.99494
11627 -2 -1.99494
11628 -2 -1.99494
11629 -2 -1.99494
11630 -2 -1.99494
11631 -2 -1.99494
11632 -2 -1.99494
11633 -2 -1.99494
11634 -2 -1.99494
11635 -2 -1.99494
11636 -2 -1.99494
11637 -2 -1.99494
11638 -1.98 -1.99494
11639 -2 -1.99494
11640 -2 -1.99494
11641 -2 -1.99494
11642 -2 -1.99494
11643 -2 -1.99494
11644 -2 -1.99494
11645 -2 -1.99494
11646 -2 -1.99494
11647 -2 -1.99494
11648 -2 -1.99494
11649 -2 -1.99494
11650 -2 -1.99494
11651 -1.98 -1.99494
11652 -2 -1.99494
11653 -2 -1.99494
11654 -2 -1.99494
11655 -2 -1.99495
11656 -2 -1.99495
11657 -2 -1.99495
11658 -1.98 -1.99494
11659 -1.98 -1.99494
11660 -1.98 -1.99494
11661 -2 -1.99494
11662 -2 -1.99494
11663 -1.98 -1.99494
11664 -1.98 -1.99494
11665 -2 -1.99494
11666 -2 -1.99494
11667 -2 -1.99494
11668 -2 -1.99494
11669 -2 -1.99494
11670 -2 -1.99494
11671 -2 -1.99494
11672 -2 -1.99494
11673 -2 -1.99494
11674 -2 -1.99494
11675 -2 -1.99495
11676 -2 -1.99495
11677 -2 -1.99495
11678 -2 -1.99495
11679 -2 -1.99495
11680 -2 -1.99495
11681 -2 -1.99495
11682 -2 -1.99495
11683 -2 -1.99495
11684 -2 -1.99495
11685 -1.98 -1.99495
11686 -2 -1.99495
11687 -2 -1.99495
11688 -2 -1.99495
11689 -2 -1.99495
11690 -2 -1.99495
11691 -2 -1.99495
11692 -2 -1.99495
11693 -2 -1.99495
11694 -2 -1.99495
11695 -2 -1.99495
11696 -2 -1.99495
11697 -2 -1.99495
11698 -2 -1.99495
11699 -2 -1.99495
11700 -2 -1.99495
11701 -2 -1.99495
11702 -2 -1.99496
11703 -2 -1.99496
11704 -2 -1.99496
11705 -2 -1.99496
11706 -2 -1.99496
11707 -2 -1.99496
11708 -2 -1.99496
11709 -2 -1.99496
11710 -2 -1.99496
11711 -2 -1.99496
11712 -2 -1.99496
11713 -2 -1.99496
11714 -2 -1.99496
11715 -2 -1.99496
11716 -2 -1.99496
11717 -2 -1.99496
11718 -2 -1.99496
11719 -2 -1.99496
11720 -2 -1.99496
11721 -2 -1.99496
11722 -2 -1.99496
11723 -2 -1.99496
11724 -2 -1.99496
11725 -1.96 -1.99496
11726 -1.98 -1.99496
11727 -1.98 -1.99496
11728 -2 -1.99496
11729 -2 -1.99496
11730 -1.98 -1.99496
11731 -2 -1.99496
11732 -1.98 -1.99496
11733 -2 -1.99496
11734 -1.98 -1.99496
11735 -2 -1.99496
11736 -2 -1.99496
11737 -2 -1.99496
11738 -2 -1.99496
11739 -2 -1.99496
11740 -2 -1.99496
11741 -2 -1.99496
11742 -2 -1.99496
11743 -1.98 -1.99496
11744 -1.98 -1.99496
11745 -2 -1.99496
11746 -2 -1.99496
11747 -2 -1.99496
11748 -2 -1.99496
11749 -2 -1.99496
11750 -2 -1.99496
11751 -2 -1.99496
11752 -2 -1.99496
11753 -1.98 -1.99496
11754 -1.97 -1.99496
11755 -1.97 -1.99496
11756 -2 -1.99496
11757 -1.98 -1.99495
11758 -1.98 -1.99495
11759 -2 -1.99495
11760 -2 -1.99495
11761 -2 -1.99495
11762 -2 -1.99496
11763 -2 -1.99496
11764 -1.98 -1.99495
11765 -2 -1.99495
11766 -2 -1.99496
11767 -2 -1.99496
11768 -2 -1.99496
11769 -2 -1.99496
11770 -2 -1.99496
11771 -2 -1.99496
11772 -2 -1.99496
11773 -2 -1.99496
11774 -2 -1.99496
11775 -2 -1.99496
11776 -2 -1.99496
11777 -2 -1.99496
11778 -2 -1.99496
11779 -2 -1.99496
11780 -2 -1.99496
11781 -2 -1.99496
11782 -2 -1.99496
11783 -2 -1.99496
11784 -2 -1.99496
11785 -2 -1.99496
11786 -2 -1.99496
11787 -2 -1.99496
11788 -2 -1.99496
11789 -2 -1.99497
11790 -2 -1.99497
11791 -2 -1.99497
11792 -2 -1.99497
11793 -2 -1.99497
11794 -2 -1.99497
11795 -2 -1.99497
11796 -2 -1.99497
11797 -2 -1.99497
11798 -2 -1.99497
11799 -2 -1.99497
11800 -2 -1.99497
11801 -1.98 -1.99497
11802 -1.98 -1.99497
11803 -2 -1.99497
11804 -2 -1.99497
11805 -2 -1.99497
11806 -1.98 -1.99497
11807 -1.98 -1.99497
11808 -1.98 -1.99496
11809 -2 -1.99497
11810 -2 -1.99497
11811 -1.98 -1.99496
11812 -2 -1.99496
11813 -2 -1.99497
11814 -2 -1.99497
11815 -2 -1.99497
11816 -2 -1.99497
11817 -2 -1.99497
11818 -2 -1.99497
11819 -1.98 -1.99497
11820 -2 -1.99497
11821 -1.98 -1.99497
11822 -2 -1.99497
11823 -1.98 -1.99496
11824 -2 -1.99496
11825 -2 -1.99497
11826 -2 -1.99497
11827 -2 -1.99497
11828 -2 -1.99497
11829 -1.98 -1.99497
11830 -1.98 -1.99496
11831 -1.98 -1.99496
11832 -1.98 -1.99496
11833 -2 -1.99496
11834 -2 -1.99496
11835 -2 -1.99496
11836 -2 -1.99496
11837 -2 -1.99496
11838 -2 -1.99496
11839 -2 -1.99496
11840 -2 -1.99496
11841 -2 -1.99497
11842 -2 -1.99497
11843 -2 -1.99497
11844 -2 -1.99497
11845 -2 -1.99497
11846 -2 -1.99497
11847 -2 -1.99497
11848 -2 -1.99497
11849 -2 -1.99497
11850 -2 -1.99497
11851 -2 -1.99497
11852 -2 -1.99497
11853 -2 -1.99497
11854 -2 -1.99497
11855 -2 -1.99497
11856 -2 -1.99497
11857 -2 -1.99497
11858 -2 -1.99497
11859 -2 -1.99497
11860 -2 -1.99497
11861 -2 -1.99497
11862 -2 -1.99497
11863 -2 -1.99497
11864 -2 -1.99498
11865 -1.98 -1.99497
11866 -2 -1.99497
11867 -2 -1.99497
11868 -2 -1.99498
11869 -2 -1.99498
11870 -2 -1.99498
11871 -2 -1.99498
11872 -2 -1.99498
11873 -2 -1.99498
11874 -2 -1.99498
11875 -2 -1.99498
11876 -2 -1.99498
11877 -1.98 -1.99498
11878 -1.98 -1.99498
11879 -2 -1.99498
11880 -1.98 -1.99498
11881 -2 -1.99498
11882 -2 -1.99498
11883 -2 -1.99498
11884 -2 -1.99498
11885 -2 -1.99498
11886 -2 -1.99498
11887 -2 -1.99498
11888 -2 -1.99498
11889 -2 -1.99498
11890 -2 -1.99498
11891 -2 -1.99498
11892 -2 -1.99498
11893 -2 -1.99498
11894 -2 -1.99498
11895 -1.98 -1.99498
11896 -2 -1.99498
11897 -2 -1.99498
11898 -2 -1.99498
11899 -2 -1.99498
11900 -2 -1.99498
11901 -2 -1.99498
11902 -2 -1.99498
11903 -2 -1.99498
11904 -2 -1.99498
11905 -2 -1.99498
11906 -2 -1.99498
11907 -2 -1.99498
11908 -2 -1.99499
11909 -2 -1.99499
11910 -2 -1.99499
11911 -2 -1.99499
11912 -2 -1.99499
11913 -1.98 -1.99499
11914 -1.98 -1.99498
11915 -1.98 -1.99498
11916 -1.98 -1.99498
11917 -2 -1.99498
11918 -2 -1.99498
11919 -2 -1.99498
11920 -2 -1.99498
11921 -2 -1.99498
11922 -2 -1.99498
11923 -2 -1.99498
11924 -2 -1.99499
11925 -2 -1.99499
11926 -1.98 -1.99498
11927 -1.98 -1.99498
11928 -2 -1.99498
11929 -2 -1.99498
11930 -2 -1.99498
11931 -2 -1.99498
11932 -2 -1.99499
11933 -2 -1.99499
11934 -2 -1.99499
11935 -2 -1.99499
11936 -2 -1.99499
11937 -2 -1.99499
11938 -2 -1.99499
11939 -2 -1.99499
11940 -2 -1.99499
11941 -1.98 -1.99499
11942 -2 -1.99499
11943 -2 -1.99499
11944 -2 -1.99499
11945 -2 -1.99499
11946 -2 -1.99499
11947 -1.98 -1.99499
11948 -2 -1.99499
11949 -2 -1.99499
11950 -1.98 -1.99499
11951 -1.96 -1.99498
11952 -1.98 -1.99498
11953 -2 -1.99498
11954 -2 -1.99498
11955 -2 -1.99498
11956 -2 -1.99499
11957 -2 -1.99499
11958 -2 -1.99499
11959 -2 -1.99499
11960 -2 -1.99499
11961 -1.98 -1.99499
11962 -1.97 -1.99498
11963 -2 -1.99498
11964 -2 -1.99498
11965 -2 -1.99498
11966 -2 -1.99499
11967 -2 -1.99499
11968 -2 -1.99499
11969 -2 -1.99499
11970 -2 -1.99499
11971 -1.98 -1.99499
11972 -2 -1.99499
11973 -2 -1.99499
11974 -2 -1.99499
11975 -2 -1.99499
11976 -2 -1.99499
11977 -2 -1.99499
11978 -2 -1.99499
11979 -2 -1.99499
11980 -2 -1.99499
11981 -2 -1.99499
11982 -2 -1.99499
11983 -2 -1.99499
11984 -2 -1.99499
11985 -2 -1.99499
11986 -2 -1.99499
11987 -2 -1.99499
11988 -2 -1.99499
11989 -2 -1.99499
11990 -2 -1.99499
11991 -2 -1.99499
11992 -2 -1.99499
11993 -2 -1.99499
11994 -2 -1.995
11995 -2 -1.995
11996 -1.98 -1.99499
11997 -2 -1.99499
11998 -2 -1.995
11999 -2 -1.995
12000 -2 -1.995
12001 -2 -1.995
12002 -2 -1.995
12003 -2 -1.995
12004 -2 -1.995
12005 -2 -1.995
12006 -2 -1.995
12007 -2 -1.995
12008 -2 -1.995
12009 -2 -1.995
12010 -2 -1.995
12011 -2 -1.995
12012 -2 -1.995
12013 -2 -1.995
12014 -2 -1.995
12015 -2 -1.995
12016 -2 -1.995
12017 -2 -1.995
12018 -2 -1.995
12019 -2 -1.995
12020 -2 -1.995
12021 -2 -1.995
12022 -2 -1.99501
12023 -2 -1.99501
12024 -2 -1.99501
12025 -2 -1.99501
12026 -2 -1.99501
12027 -2 -1.99501
12028 -2 -1.99501
12029 -2 -1.99501
12030 -2 -1.99501
12031 -2 -1.99501
12032 -2 -1.99501
12033 -2 -1.99501
12034 -1.98 -1.99501
12035 -2 -1.99501
12036 -2 -1.99501
12037 -2 -1.99501
12038 -2 -1.99501
12039 -1.98 -1.99501
12040 -1.98 -1.99501
12041 -1.98 -1.99501
12042 -2 -1.99501
12043 -2 -1.99501
12044 -2 -1.99501
12045 -2 -1.99501
12046 -2 -1.99501
12047 -2 -1.99501
12048 -2 -1.99501
12049 -2 -1.99501
12050 -2 -1.99501
12051 -2 -1.99501
12052 -2 -1.99501
12053 -2 -1.99501
12054 -2 -1.99501
12055 -2 -1.99501
12056 -2 -1.99501
12057 -2 -1.99501
12058 -1.98 -1.99501
12059 -2 -1.99501
12060 -2 -1.99501
12061 -2 -1.99501
12062 -2 -1.99501
12063 -2 -1.99501
12064 -2 -1.99501
12065 -2 -1.99501
12066 -2 -1.99502
12067 -2 -1.99502
12068 -2 -1.99502
12069 -2 -1.99502
12070 -2 -1.99502
12071 -2 -1.99502
12072 -2 -1.99502
12073 -2 -1.99502
12074 -2 -1.99502
12075 -2 -1.99502
12076 -2 -1.99502
12077 -2 -1.99502
12078 -2 -1.99502
12079 -2 -1.99502
12080 -2 -1.99502
12081 -1.98 -1.99502
12082 -2 -1.99502
12083 -2 -1.99502
12084 -2 -1.99502
12085 -2 -1.99502
12086 -2 -1.99502
12087 -2 -1.99502
12088 -2 -1.99502
12089 -2 -1.99502
12090 -1.98 -1.99502
12091 -2 -1.99502
12092 -2 -1.99502
12093 -1.98 -1.99502
12094 -2 -1.99502
12095 -1.98 -1.99502
12096 -1.97 -1.99502
12097 -2 -1.99502
12098 -2 -1.99502
12099 -2 -1.99502
12100 -2 -1.99502
12101 -1.98 -1.99502
12102 -2 -1.99502
12103 -2 -1.99502
12104 -2 -1.99502
12105 -2 -1.99502
12106 -2 -1.99502
12107 -2 -1.99502
12108 -2 -1.99502
12109 -2 -1.99502
12110 -2 -1.99502
12111 -2 -1.99502
12112 -2 -1.99502
12113 -2 -1.99502
12114 -1.98 -1.99502
12115 -1.97 -1.99502
12116 -1.98 -1.99502
12117 -1.98 -1.99502
12118 -2 -1.99502
12119 -2 -1.99502
12120 -2 -1.99502
12121 -2 -1.99502
12122 -2 -1.99502
12123 -1.98 -1.99502
12124 -2 -1.99502
12125 -2 -1.99502
12126 -2 -1.99502
12127 -2 -1.99502
12128 -2 -1.99502
12129 -2 -1.99502
12130 -2 -1.99502
12131 -2 -1.99502
12132 -2 -1.99502
12133 -2 -1.99502
12134 -2 -1.99502
12135 -2 -1.99502
12136 -2 -1.99502
12137 -2 -1.99502
12138 -2 -1.99503
12139 -2 -1.99503
12140 -2 -1.99503
12141 -2 -1.99503
12142 -2 -1.99503
12143 -2 -1.99503
12144 -2 -1.99503
12145 -1.98 -1.99503
12146 -2 -1.99503
12147 -2 -1.99503
12148 -2 -1.99503
12149 -2 -1.99503
12150 -2 -1.99503
12151 -2 -1.99503
12152 -2 -1.99503
12153 -2 -1.99503
12154 -2 -1.99503
12155 -2 -1.99503
12156 -2 -1.99503
12157 -1.98 -1.99503
12158 -2 -1.99503
12159 -1.98 -1.99503
12160 -2 -1.99503
12161 -2 -1.99503
12162 -2 -1.99503
12163 -2 -1.99503
12164 -2 -1.99503
12165 -2 -1.99503
12166 -2 -1.99503
12167 -2 -1.99503
12168 -2 -1.99503
12169 -1.98 -1.99503
12170 -2 -1.99503
12171 -2 -1.99503
12172 -1.98 -1.99503
12173 -1.98 -1.99503
12174 -2 -1.99503
12175 -2 -1.99503
12176 -2 -1.99503
12177 -2 -1.99503
12178 -2 -1.99503
12179 -2 -1.99503
12180 -2 -1.99503
12181 -2 -1.99503
12182 -2 -1.99503
12183 -2 -1.99503
12184 -2 -1.99503
12185 -2 -1.99503
12186 -2 -1.99503
12187 -2 -1.99504
12188 -1.98 -1.99503
12189 -1.96 -1.99503
12190 -2 -1.99503
12191 -2 -1.99503
12192 -2 -1.99503
12193 -2 -1.99503
12194 -2 -1.99503
12195 -2 -1.99503
12196 -2 -1.99503
12197 -2 -1.99503
12198 -2 -1.99503
12199 -2 -1.99504
12200 -2 -1.99504
12201 -2 -1.99504
12202 -2 -1.99504
12203 -2 -1.99504
12204 -2 -1.99504
12205 -2 -1.99504
12206 -2 -1.99504
12207 -2 -1.99504
12208 -2 -1.99504
12209 -1.98 -1.99504
12210 -2 -1.99504
12211 -2 -1.99504
12212 -2 -1.99504
12213 -1.98 -1.99504
12214 -2 -1.99504
12215 -2 -1.99504
12216 -2 -1.99504
12217 -2 -1.99504
12218 -2 -1.99504
12219 -2 -1.99504
12220 -2 -1.99504
12221 -2 -1.99504
12222 -2 -1.99504
12223 -2 -1.99504
12224 -2 -1.99504
12225 -1.98 -1.99504
12226 -2 -1.99504
12227 -2 -1.99504
12228 -2 -1.99504
12229 -2 -1.99504
12230 -2 -1.99504
12231 -2 -1.99504
12232 -2 -1.99504
12233 -2 -1.99504
12234 -2 -1.99504
12235 -2 -1.99504
12236 -2 -1.99505
12237 -1.98 -1.99504
12238 -1.98 -1.99504
12239 -2 -1.99504
12240 -2 -1.99504
12241 -2 -1.99504
12242 -2 -1.99504
12243 -2 -1.99504
12244 -1.98 -1.99504
12245 -1.98 -1.99504
12246 -2 -1.99504
12247 -2 -1.99504
12248 -2 -1.99504
12249 -2 -1.99504
12250 -2 -1.99504
12251 -2 -1.99504
12252 -2 -1.99505
12253 -2 -1.99505
12254 -2 -1.99505
12255 -2 -1.99505
12256 -2 -1.99505
12257 -2 -1.99505
12258 -2 -1.99505
12259 -2 -1.99505
12260 -2 -1.99505
12261 -2 -1.99505
12262 -2 -1.99505
12263 -2 -1.99505
12264 -2 -1.99505
12265 -2 -1.99505
12266 -2 -1.99505
12267 -2 -1.99505
12268 -2 -1.99505
12269 -2 -1.99505
12270 -2 -1.99505
12271 -2 -1.99505
12272 -2 -1.99505
12273 -2 -1.99505
12274 -2 -1.99505
12275 -2 -1.99505
12276 -2 -1.99505
12277 -2 -1.99506
12278 -1.98 -1.99505
12279 -1.98 -1.99505
12280 -2 -1.99505
12281 -2 -1.99505
12282 -2 -1.99505
12283 -2 -1.99505
12284 -2 -1.99505
12285 -2 -1.99506
12286 -2 -1.99506
12287 -2 -1.99506
12288 -2 -1.99506
12289 -2 -1.99506
12290 -2 -1.99506
12291 -2 -1.99506
12292 -1.98 -1.99506
12293 -2 -1.99506
12294 -2 -1.99506
12295 -2 -1.99506
12296 -2 -1.99506
12297 -2 -1.99506
12298 -2 -1.99506
12299 -2 -1.99506
12300 -2 -1.99506
12301 -2 -1.99506
12302 -2 -1.99506
12303 -2 -1.99506
12304 -2 -1.99506
12305 -2 -1.99506
12306 -2 -1.99506
12307 -2 -1.99506
12308 -2 -1.99506
12309 -2 -1.99506
12310 -2 -1.99506
12311 -2 -1.99506
12312 -2 -1.99506
12313 -2 -1.99506
12314 -2 -1.99507
12315 -2 -1.99507
12316 -2 -1.99507
12317 -2 -1.99507
12318 -2 -1.99507
12319 -2 -1.99507
12320 -2 -1.99507
12321 -2 -1.99507
12322 -2 -1.99507
12323 -2 -1.99507
12324 -2 -1.99507
12325 -2 -1.99507
12326 -2 -1.99507
12327 -2 -1.99507
12328 -2 -1.99507
12329 -2 -1.99507
12330 -2 -1.99507
12331 -2 -1.99507
12332 -2 -1.99507
12333 -2 -1.99507
12334 -2 -1.99507
12335 -2 -1.99507
12336 -2 -1.99507
12337 -2 -1.99507
12338 -2 -1.99507
12339 -2 -1.99508
12340 -2 -1.99508
12341 -2 -1.99508
12342 -2 -1.99508
12343 -2 -1.99508
12344 -2 -1.99508
12345 -2 -1.99508
12346 -2 -1.99508
12347 -2 -1.99508
12348 -1.98 -1.99508
12349 -2 -1.99508
12350 -2 -1.99508
12351 -2 -1.99508
12352 -2 -1.99508
12353 -2 -1.99508
12354 -2 -1.99508
12355 -2 -1.99508
12356 -2 -1.99508
12357 -1.98 -1.99508
12358 -2 -1.99508
12359 -2 -1.99508
12360 -2 -1.99508
12361 -2 -1.99508
12362 -2 -1.99508
12363 -2 -1.99508
12364 -2 -1.99508
12365 -1.98 -1.99508
12366 -2 -1.99508
12367 -2 -1.99508
12368 -2 -1.99508
12369 -1.98 -1.99508
12370 -2 -1.99508
12371 -2 -1.99508
12372 -2 -1.99508
12373 -2 -1.99508
12374 -2 -1.99508
12375 -2 -1.99508
12376 -2 -1.99508
12377 -2 -1.99508
12378 -2 -1.99508
12379 -2 -1.99508
12380 -1.98 -1.99508
12381 -1.98 -1.99508
12382 -1.98 -1.99508
12383 -2 -1.99508
12384 -2 -1.99508
12385 -2 -1.99508
12386 -2 -1.99508
12387 -2 -1.99508
12388 -2 -1.99508
12389 -2 -1.99508
12390 -2 -1.99508
12391 -2 -1.99508
12392 -2 -1.99509
12393 -2 -1.99509
12394 -2 -1.99509
12395 -2 -1.99509
12396 -2 -1.99509
12397 -2 -1.99509
12398 -2 -1.99509
12399 -2 -1.99509
12400 -2 -1.99509
12401 -2 -1.99509
12402 -2 -1.99509
12403 -2 -1.99509
12404 -1.98 -1.99509
12405 -1.98 -1.99509
12406 -1.98 -1.99509
12407 -2 -1.99509
12408 -2 -1.99509
12409 -2 -1.99509
12410 -2 -1.99509
12411 -2 -1.99509
12412 -2 -1.99509
12413 -2 -1.99509
12414 -2 -1.99509
12415 -2 -1.99509
12416 -2 -1.99509
12417 -1.98 -1.99509
12418 -2 -1.99509
12419 -2 -1.99509
12420 -2 -1.99509
12421 -2 -1.99509
12422 -1.98 -1.99509
12423 -2 -1.99509
12424 -2 -1.99509
12425 -1.98 -1.99509
12426 -1.98 -1.99509
12427 -2 -1.99509
12428 -2 -1.99509
12429 -2 -1.99509
12430 -2 -1.99509
12431 -2 -1.99509
12432 -1.98 -1.99509
12433 -1.98 -1.99509
12434 -1.98 -1.99509
12435 -2 -1.99509
12436 -2 -1.99509
12437 -2 -1.99509
12438 -1.98 -1.99509
12439 -2 -1.99509
12440 -2 -1.99509
12441 -2 -1.99509
12442 -2 -1.99509
12443 -1.98 -1.99509
12444 -2 -1.99509
12445 -2 -1.99509
12446 -2 -1.99509
12447 -1.98 -1.99509
12448 -1.98 -1.99508
12449 -1.98 -1.99508
12450 -2 -1.99508
12451 -1.98 -1.99508
12452 -1.98 -1.99508
12453 -2 -1.99508
12454 -2 -1.99508
12455 -2 -1.99508
12456 -2 -1.99508
12457 -2 -1.99508
12458 -2 -1.99508
12459 -2 -1.99508
12460 -2 -1.99508
12461 -2 -1.99509
12462 -2 -1.99509
12463 -2 -1.99509
12464 -2 -1.99509
12465 -2 -1.99509
12466 -2 -1.99509
12467 -2 -1.99509
12468 -2 -1.99509
12469 -2 -1.99509
12470 -2 -1.99509
12471 -2 -1.99509
12472 -2 -1.99509
12473 -2 -1.99509
12474 -1.98 -1.99509
12475 -2 -1.99509
12476 -1.98 -1.99509
12477 -1.98 -1.99509
12478 -1.98 -1.99509
12479 -2 -1.99509
12480 -2 -1.99509
12481 -2 -1.99509
12482 -2 -1.99509
12483 -2 -1.99509
12484 -2 -1.99509
12485 -2 -1.99509
12486 -2 -1.99509
12487 -2 -1.99509
12488 -2 -1.99509
12489 -2 -1.99509
12490 -2 -1.99509
12491 -2 -1.99509
12492 -2 -1.99509
12493 -2 -1.99509
12494 -2 -1.99509
12495 -2 -1.99509
12496 -2 -1.99509
12497 -2 -1.99509
12498 -2 -1.99509
12499 -2 -1.99509
12500 -2 -1.99509
12501 -1.98 -1.99509
12502 -2 -1.99509
12503 -2 -1.99509
12504 -2 -1.99509
12505 -2 -1.99509
12506 -2 -1.99509
12507 -2 -1.9951
12508 -2 -1.9951
12509 -1.98 -1.99509
12510 -2 -1.99509
12511 -2 -1.9951
12512 -2 -1.9951
12513 -2 -1.9951
12514 -1.98 -1.99509
12515 -2 -1.9951
12516 -2 -1.9951
12517 -2 -1.9951
12518 -2 -1.9951
12519 -2 -1.9951
12520 -2 -1.9951
12521 -2 -1.9951
12522 -2 -1.9951
12523 -2 -1.9951
12524 -2 -1.9951
12525 -2 -1.9951
12526 -2 -1.9951
12527 -2 -1.9951
12528 -2 -1.9951
12529 -2 -1.9951
12530 -2 -1.9951
12531 -2 -1.9951
12532 -2 -1.9951
12533 -2 -1.9951
12534 -2 -1.9951
12535 -2 -1.9951
12536 -2 -1.9951
12537 -2 -1.9951
12538 -2 -1.9951
12539 -2 -1.9951
12540 -1.98 -1.9951
12541 -2 -1.9951
12542 -2 -1.9951
12543 -2 -1.9951
12544 -2 -1.9951
12545 -2 -1.99511
12546 -2 -1.99511
12547 -2 -1.99511
12548 -2 -1.99511
12549 -1.98 -1.99511
12550 -1.98 -1.9951
12551 -2 -1.9951
12552 -2 -1.9951
12553 -1.96 -1.9951
12554 -1.98 -1.9951
12555 -2 -1.9951
12556 -2 -1.9951
12557 -2 -1.9951
12558 -2 -1.9951
12559 -2 -1.9951
12560 -2 -1.9951
12561 -2 -1.9951
12562 -2 -1.9951
12563 -2 -1.9951
12564 -2 -1.9951
12565 -2 -1.99511
12566 -2 -1.99511
12567 -2 -1.99511
12568 -2 -1.99511
12569 -2 -1.99511
12570 -2 -1.99511
12571 -2 -1.99511
12572 -1.98 -1.99511
12573 -1.98 -1.9951
12574 -2 -1.99511
12575 -2 -1.99511
12576 -2 -1.99511
12577 -2 -1.99511
12578 -2 -1.99511
12579 -2 -1.99511
12580 -2 -1.99511
12581 -2 -1.99511
12582 -2 -1.99511
12583 -2 -1.99511
12584 -2 -1.99511
12585 -2 -1.99511
12586 -2 -1.99511
12587 -2 -1.99511
12588 -2 -1.99511
12589 -1.98 -1.99511
12590 -1.98 -1.99511
12591 -2 -1.99511
12592 -2 -1.99511
12593 -2 -1.99511
12594 -2 -1.99511
12595 -2 -1.99511
12596 -2 -1.99511
12597 -2 -1.99511
12598 -2 -1.99511
12599 -2 -1.99511
12600 -2 -1.99511
12601 -2 -1.99511
12602 -2 -1.99511
12603 -2 -1.99511
12604 -1.98 -1.99511
12605 -1.98 -1.99511
12606 -2 -1.99511
12607 -2 -1.99511
12608 -1.98 -1.99511
12609 -2 -1.99511
12610 -2 -1.99511
12611 -2 -1.99511
12612 -1.98 -1.99511
12613 -1.98 -1.99511
12614 -1.98 -1.99511
12615 -2 -1.99511
12616 -2 -1.99511
12617 -1.98 -1.99511
12618 -2 -1.99511
12619 -2 -1.99511
12620 -2 -1.99511
12621 -2 -1.99511
12622 -2 -1.99511
12623 -2 -1.99511
12624 -2 -1.99511
12625 -2 -1.99511
12626 -2 -1.99511
12627 -2 -1.99511
12628 -2 -1.99511
12629 -2 -1.99511
12630 -2 -1.99511
12631 -2 -1.99511
12632 -2 -1.99511
12633 -2 -1.99511
12634 -2 -1.99511
12635 -2 -1.99511
12636 -2 -1.99512
12637 -2 -1.99512
12638 -2 -1.99512
12639 -2 -1.99512
12640 -2 -1.99512
12641 -2 -1.99512
12642 -2 -1.99512
12643 -2 -1.99512
12644 -2 -1.99512
12645 -2 -1.99512
12646 -2 -1.99512
12647 -2 -1.99512
12648 -2 -1.99512
12649 -2 -1.99512
12650 -2 -1.99512
12651 -2 -1.99512
12652 -2 -1.99512
12653 -2 -1.99512
12654 -2 -1.99512
12655 -2 -1.99512
12656 -1.98 -1.99512
12657 -1.96 -1.99512
12658 -2 -1.99512
12659 -2 -1.99512
12660 -2 -1.99512
12661 -2 -1.99512
12662 -2 -1.99512
12663 -2 -1.99512
12664 -2 -1.99512
12665 -2 -1.99512
12666 -2 -1.99512
12667 -2 -1.99512
12668 -2 -1.99512
12669 -2 -1.99512
12670 -2 -1.99512
12671 -2 -1.99512
12672 -2 -1.99512
12673 -2 -1.99512
12674 -2 -1.99513
12675 -1.98 -1.99512
12676 -2 -1.99512
12677 -2 -1.99512
12678 -2 -1.99513
12679 -2 -1.99513
12680 -2 -1.99513
12681 -2 -1.99513
12682 -2 -1.99513
12683 -2 -1.99513
12684 -2 -1.99513
12685 -2 -1.99513
12686 -2 -1.99513
12687 -2 -1.99513
12688 -2 -1.99513
12689 -2 -1.99513
12690 -2 -1.99513
12691 -2 -1.99513
12692 -2 -1.99513
12693 -2 -1.99513
12694 -1.98 -1.99513
12695 -2 -1.99513
12696 -2 -1.99513
12697 -2 -1.99513
12698 -2 -1.99513
12699 -2 -1.99513
12700 -2 -1.99513
12701 -2 -1.99513
12702 -2 -1.99513
12703 -2 -1.99513
12704 -2 -1.99513
12705 -2 -1.99513
12706 -2 -1.99513
12707 -2 -1.99513
12708 -1.98 -1.99513
12709 -1.98 -1.99513
12710 -2 -1.99513
12711 -2 -1.99513
12712 -2 -1.99513
12713 -2 -1.99513
12714 -2 -1.99513
12715 -2 -1.99513
12716 -2 -1.99513
12717 -2 -1.99514
12718 -2 -1.99514
12719 -2 -1.99514
12720 -1.98 -1.99513
12721 -1.98 -1.99513
12722 -1.98 -1.99513
12723 -2 -1.99513
12724 -2 -1.99513
12725 -2 -1.99513
12726 -2 -1.99513
12727 -2 -1.99513
12728 -2 -1.99513
12729 -2 -1.99514
12730 -2 -1.99514
12731 -2 -1.99514
12732 -2 -1.99514
12733 -2 -1.99514
12734 -2 -1.99514
12735 -2 -1.99514
12736 -1.98 -1.99514
12737 -1.98 -1.99514
12738 -1.98 -1.99513
12739 -2 -1.99513
12740 -2 -1.99513
12741 -2 -1.99513
12742 -2 -1.99514
12743 -2 -1.99514
12744 -2 -1.99514
12745 -2 -1.99514
12746 -2 -1.99514
12747 -2 -1.99514
12748 -2 -1.99514
12749 -2 -1.99514
12750 -2 -1.99514
12751 -2 -1.99514
12752 -2 -1.99514
12753 -2 -1.99514
12754 -2 -1.99514
12755 -2 -1.99514
12756 -2 -1.99514
12757 -2 -1.99514
12758 -2 -1.99514
12759 -2 -1.99514
12760 -1.98 -1.99514
12761 -1.97 -1.99514
12762 -2 -1.99514
12763 -2 -1.99514
12764 -2 -1.99514
12765 -2 -1.99514
12766 -2 -1.99514
12767 -2 -1.99514
12768 -2 -1.99514
12769 -2 -1.99514
12770 -2 -1.99514
12771 -2 -1.99514
12772 -2 -1.99514
12773 -2 -1.99514
12774 -2 -1.99514
12775 -2 -1.99514
12776 -2 -1.99514
12777 -2 -1.99514
12778 -2 -1.99515
12779 -2 -1.99515
12780 -2 -1.99515
12781 -2 -1.99515
12782 -2 -1.99515
12783 -2 -1.99515
12784 -2 -1.99515
12785 -2 -1.99515
12786 -2 -1.99515
12787 -2 -1.99515
12788 -2 -1.99515
12789 -2 -1.99515
12790 -2 -1.99515
12791 -2 -1.99515
12792 -2 -1.99515
12793 -2 -1.99515
12794 -2 -1.99515
12795 -2 -1.99515
12796 -2 -1.99515
12797 -2 -1.99515
12798 -1.98 -1.99515
12799 -2 -1.99515
12800 -2 -1.99515
12801 -2 -1.99515
12802 -2 -1.99515
12803 -2 -1.99515
12804 -2 -1.99515
12805 -2 -1.99515
12806 -2 -1.99515
12807 -2 -1.99515
12808 -2 -1.99515
12809 -1.98 -1.99515
12810 -1.98 -1.99515
12811 -2 -1.99515
12812 -2 -1.99515
12813 -2 -1.99515
12814 -2 -1.99515
12815 -2 -1.99515
12816 -2 -1.99515
12817 -2 -1.99516
12818 -2 -1.99516
12819 -2 -1.99516
12820 -1.98 -1.99515
12821 -2 -1.99516
12822 -2 -1.99516
12823 -2 -1.99516
12824 -2 -1.99516
12825 -2 -1.99516
12826 -2 -1.99516
12827 -2 -1.99516
12828 -2 -1.99516
12829 -2 -1.99516
12830 -2 -1.99516
12831 -2 -1.99516
12832 -2 -1.99516
12833 -1.98 -1.99516
12834 -2 -1.99516
12835 -2 -1.99516
12836 -2 -1.99516
12837 -2 -1.99516
12838 -2 -1.99516
12839 -2 -1.99516
12840 -2 -1.99516
12841 -2 -1.99516
12842 -2 -1.99516
12843 -1.98 -1.99516
12844 -2 -1.99516
12845 -2 -1.99516
12846 -2 -1.99516
12847 -2 -1.99516
12848 -2 -1.99516
12849 -2 -1.99516
12850 -2 -1.99516
12851 -2 -1.99516
12852 -2 -1.99516
12853 -2 -1.99516
12854 -2 -1.99516
12855 -2 -1.99516
12856 -2 -1.99517
12857 -2 -1.99517
12858 -2 -1.99517
12859 -2 -1.99517
12860 -1.98 -1.99517
12861 -2 -1.99517
12862 -2 -1.99517
12863 -2 -1.99517
12864 -2 -1.99517
12865 -2 -1.99517
12866 -2 -1.99517
12867 -2 -1.99517
12868 -2 -1.99517
12869 -2 -1.99517
12870 -2 -1.99517
12871 -2 -1.99517
12872 -2 -1.99517
12873 -2 -1.99517
12874 -2 -1.99517
12875 -2 -1.99517
12876 -2 -1.99517
12877 -1.98 -1.99517
12878 -1.98 -1.99517
12879 -2 -1.99517
12880 -2 -1.99517
12881 -2 -1.99517
12882 -2 -1.99517
12883 -2 -1.99517
12884 -2 -1.99517
12885 -2 -1.99517
12886 -2 -1.99517
12887 -2 -1.99517
12888 -2 -1.99517
12889 -2 -1.99517
12890 -2 -1.99517
12891 -2 -1.99517
12892 -2 -1.99517
12893 -2 -1.99517
12894 -2 -1.99517
12895 -1.96 -1.99517
12896 -2 -1.99517
12897 -2 -1.99517
12898 -2 -1.99517
12899 -1.98 -1.99517
12900 -1.98 -1.99517
12901 -1.98 -1.99517
12902 -1.98 -1.99517
12903 -1.98 -1.99517
12904 -2 -1.99517
12905 -2 -1.99517
12906 -2 -1.99517
12907 -2 -1.99517
12908 -2 -1.99517
12909 -1.98 -1.99517
12910 -2 -1.99517
12911 -2 -1.99517
12912 -2 -1.99517
12913 -2 -1.99517
12914 -2 -1.99517
12915 -2 -1.99517
12916 -2 -1.99517
12917 -1.98 -1.99517
12918 -2 -1.99517
12919 -2 -1.99517
12920 -2 -1.99517
12921 -2 -1.99517
12922 -1.98 -1.99517
12923 -1.98 -1.99517
12924 -2 -1.99517
12925 -2 -1.99517
12926 -2 -1.99517
12927 -2 -1.99517
12928 -2 -1.99517
12929 -2 -1.99517
12930 -2 -1.99517
12931 -2 -1.99517
12932 -2 -1.99517
12933 -2 -1.99517
12934 -2 -1.99517
12935 -2 -1.99517
12936 -2 -1.99517
12937 -2 -1.99517
12938 -2 -1.99517
12939 -2 -1.99517
12940 -2 -1.99518
12941 -2 -1.99518
12942 -2 -1.99518
12943 -2 -1.99518
12944 -2 -1.99518
12945 -2 -1.99518
12946 -2 -1.99518
12947 -1.98 -1.99518
12948 -2 -1.99518
12949 -2 -1.99518
12950 -2 -1.99518
12951 -2 -1.99518
12952 -2 -1.99518
12953 -2 -1.99518
12954 -2 -1.99518
12955 -2 -1.99518
12956 -2 -1.99518
12957 -2 -1.99518
12958 -2 -1.99518
12959 -2 -1.99518
12960 -2 -1.99518
12961 -2 -1.99518
12962 -2 -1.99518
12963 -2 -1.99518
12964 -2 -1.99518
12965 -2 -1.99518
12966 -2 -1.99518
12967 -2 -1.99518
12968 -2 -1.99518
12969 -2 -1.99518
12970 -2 -1.99518
12971 -2 -1.99519
12972 -2 -1.99519
12973 -2 -1.99519
12974 -2 -1.99519
12975 -2 -1.99519
12976 -2 -1.99519
12977 -2 -1.99519
12978 -1.98 -1.99519
12979 -2 -1.99519
12980 -2 -1.99519
12981 -2 -1.99519
12982 -2 -1.99519
12983 -2 -1.99519
12984 -2 -1.99519
12985 -2 -1.99519
12986 -2 -1.99519
12987 -2 -1.99519
12988 -2 -1.99519
12989 -2 -1.99519
12990 -2 -1.99519
12991 -2 -1.99519
12992 -2 -1.99519
12993 -1.98 -1.99519
12994 -2 -1.99519
12995 -1.98 -1.99519
12996 -1.98 -1.99519
12997 -2 -1.99519
12998 -2 -1.99519
12999 -2 -1.99519
13000 -2 -1.99519
13001 -2 -1.99519
13002 -2 -1.99519
13003 -2 -1.99519
13004 -2 -1.99519
13005 -2 -1.99519
13006 -2 -1.99519
13007 -2 -1.99519
13008 -2 -1.99519
13009 -2 -1.99519
13010 -2 -1.99519
13011 -2 -1.99519
13012 -1.98 -1.99519
13013 -1.98 -1.99519
13014 -2 -1.99519
13015 -2 -1.99519
13016 -2 -1.99519
13017 -2 -1.99519
13018 -2 -1.99519
13019 -2 -1.99519
13020 -1.98 -1.99519
13021 -1.98 -1.99519
13022 -2 -1.99519
13023 -2 -1.99519
13024 -2 -1.99519
13025 -1.98 -1.99519
13026 -1.97 -1.99519
13027 -2 -1.99519
13028 -2 -1.99519
13029 -2 -1.99519
13030 -2 -1.99519
13031 -2 -1.99519
13032 -2 -1.99519
13033 -2 -1.99519
13034 -2 -1.99519
13035 -2 -1.99519
13036 -1.98 -1.99519
13037 -2 -1.99519
13038 -2 -1.99519
13039 -2 -1.99519
13040 -2 -1.99519
13041 -2 -1.99519
13042 -2 -1.99519
13043 -2 -1.99519
13044 -2 -1.99519
13045 -2 -1.99519
13046 -2 -1.9952
13047 -2 -1.9952
13048 -2 -1.9952
13049 -2 -1.9952
13050 -2 -1.9952
13051 -2 -1.9952
13052 -1.98 -1.9952
13053 -1.98 -1.99519
13054 -1.98 -1.99519
13055 -1.98 -1.99519
13056 -2 -1.99519
13057 -2 -1.99519
13058 -2 -1.99519
13059 -1.98 -1.99519
13060 -1.98 -1.99519
13061 -2 -1.99519
13062 -2 -1.99519
13063 -2 -1.99519
13064 -2 -1.99519
13065 -2 -1.99519
13066 -2 -1.99519
13067 -2 -1.99519
13068 -2 -1.99519
13069 -2 -1.99519
13070 -2 -1.99519
13071 -2 -1.9952
13072 -2 -1.9952
13073 -2 -1.9952
13074 -2 -1.9952
13075 -1.98 -1.9952
13076 -2 -1.9952
13077 -2 -1.9952
13078 -2 -1.9952
13079 -2 -1.9952
13080 -2 -1.9952
13081 -2 -1.9952
13082 -2 -1.9952
13083 -2 -1.9952
13084 -2 -1.9952
13085 -2 -1.9952
13086 -2 -1.9952
13087 -1.98 -1.9952
13088 -1.96 -1.9952
13089 -2 -1.9952
13090 -2 -1.9952
13091 -2 -1.9952
13092 -2 -1.9952
13093 -2 -1.9952
13094 -2 -1.9952
13095 -2 -1.9952
13096 -2 -1.9952
13097 -2 -1.9952
13098 -2 -1.9952
13099 -2 -1.9952
13100 -2 -1.9952
13101 -2 -1.9952
13102 -2 -1.9952
13103 -2 -1.9952
13104 -2 -1.9952
13105 -2 -1.9952
13106 -2 -1.9952
13107 -2 -1.9952
13108 -2 -1.9952
13109 -2 -1.9952
13110 -2 -1.9952
13111 -2 -1.9952
13112 -2 -1.9952
13113 -2 -1.9952
13114 -2 -1.9952
13115 -1.98 -1.9952
13116 -1.96 -1.9952
13117 -2 -1.9952
13118 -2 -1.9952
13119 -2 -1.9952
13120 -2 -1.9952
13121 -2 -1.9952
13122 -2 -1.9952
13123 -2 -1.9952
13124 -1.98 -1.9952
13125 -2 -1.9952
13126 -2 -1.9952
13127 -2 -1.9952
13128 -2 -1.9952
13129 -2 -1.9952
13130 -2 -1.9952
13131 -2 -1.9952
13132 -2 -1.99521
13133 -2 -1.99521
13134 -2 -1.99521
13135 -2 -1.99521
13136 -2 -1.99521
13137 -2 -1.99521
13138 -2 -1.99521
13139 -2 -1.99521
13140 -2 -1.99521
13141 -2 -1.99521
13142 -2 -1.99521
13143 -2 -1.99521
13144 -2 -1.99521
13145 -2 -1.99521
13146 -1.98 -1.99521
13147 -1.98 -1.99521
13148 -1.98 -1.99521
13149 -2 -1.99521
13150 -2 -1.99521
13151 -2 -1.99521
13152 -2 -1.99521
13153 -2 -1.99521
13154 -2 -1.99521
13155 -2 -1.99521
13156 -2 -1.99521
13157 -2 -1.99521
13158 -2 -1.99521
13159 -2 -1.99521
13160 -2 -1.99521
13161 -2 -1.99521
13162 -1.98 -1.99521
13163 -1.97 -1.99521
13164 -2 -1.99521
13165 -2 -1.99521
13166 -2 -1.99521
13167 -2 -1.99521
13168 -2 -1.99521
13169 -2 -1.99521
13170 -2 -1.99521
13171 -2 -1.99521
13172 -2 -1.99521
13173 -2 -1.99521
13174 -2 -1.99521
13175 -2 -1.99521
13176 -2 -1.99521
13177 -2 -1.99521
13178 -2 -1.99521
13179 -2 -1.99521
13180 -2 -1.99521
13181 -2 -1.99521
13182 -2 -1.99522
13183 -1.98 -1.99521
13184 -2 -1.99521
13185 -2 -1.99521
13186 -2 -1.99521
13187 -1.98 -1.99521
13188 -2 -1.99521
13189 -2 -1.99521
13190 -2 -1.99521
13191 -2 -1.99522
13192 -2 -1.99522
13193 -2 -1.99522
13194 -2 -1.99522
13195 -2 -1.99522
13196 -2 -1.99522
13197 -2 -1.99522
13198 -2 -1.99522
13199 -1.98 -1.99522
13200 -1.96 -1.99521
13201 -1.98 -1.99521
13202 -2 -1.99521
13203 -2 -1.99521
13204 -2 -1.99521
13205 -2 -1.99521
13206 -2 -1.99521
13207 -2 -1.99522
13208 -2 -1.99522
13209 -2 -1.99522
13210 -2 -1.99522
13211 -1.98 -1.99521
13212 -2 -1.99522
13213 -2 -1.99522
13214 -2 -1.99522
13215 -2 -1.99522
13216 -2 -1.99522
13217 -2 -1.99522
13218 -2 -1.99522
13219 -2 -1.99522
13220 -2 -1.99522
13221 -2 -1.99522
13222 -2 -1.99522
13223 -2 -1.99522
13224 -2 -1.99522
13225 -2 -1.99522
13226 -2 -1.99522
13227 -2 -1.99522
13228 -2 -1.99522
13229 -2 -1.99522
13230 -2 -1.99522
13231 -2 -1.99522
13232 -2 -1.99522
13233 -2 -1.99522
13234 -2 -1.99522
13235 -2 -1.99522
13236 -2 -1.99522
13237 -2 -1.99522
13238 -2 -1.99522
13239 -2 -1.99523
13240 -2 -1.99523
13241 -2 -1.99523
13242 -2 -1.99523
13243 -2 -1.99523
13244 -1.98 -1.99523
13245 -1.98 -1.99522
13246 -1.98 -1.99522
13247 -2 -1.99522
13248 -2 -1.99522
13249 -2 -1.99522
13250 -2 -1.99522
13251 -2 -1.99522
13252 -2 -1.99523
13253 -2 -1.99523
13254 -2 -1.99523
13255 -2 -1.99523
13256 -2 -1.99523
13257 -2 -1.99523
13258 -2 -1.99523
13259 -2 -1.99523
13260 -2 -1.99523
13261 -2 -1.99523
13262 -2 -1.99523
13263 -2 -1.99523
13264 -2 -1.99523
13265 -2 -1.99523
13266 -2 -1.99523
13267 -1.98 -1.99523
13268 -2 -1.99523
13269 -2 -1.99523
13270 -1.98 -1.99523
13271 -1.98 -1.99523
13272 -2 -1.99523
13273 -2 -1.99523
13274 -2 -1.99523
13275 -1.98 -1.99523
13276 -2 -1.99523
13277 -2 -1.99523
13278 -2 -1.99523
13279 -2 -1.99523
13280 -2 -1.99523
13281 -2 -1.99523
13282 -2 -1.99523
13283 -2 -1.99523
13284 -2 -1.99523
13285 -2 -1.99523
13286 -2 -1.99523
13287 -2 -1.99523
13288 -2 -1.99523
13289 -2 -1.99523
13290 -2 -1.99523
13291 -2 -1.99523
13292 -2 -1.99523
13293 -2 -1.99523
13294 -2 -1.99523
13295 -2 -1.99523
13296 -2 -1.99524
13297 -2 -1.99524
13298 -2 -1.99524
13299 -2 -1.99524
13300 -2 -1.99524
13301 -1.98 -1.99524
13302 -1.98 -1.99523
13303 -1.98 -1.99523
13304 -2 -1.99523
13305 -2 -1.99523
13306 -1.98 -1.99523
13307 -2 -1.99523
13308 -2 -1.99523
13309 -2 -1.99523
13310 -2 -1.99523
13311 -2 -1.99523
13312 -2 -1.99523
13313 -2 -1.99524
13314 -2 -1.99524
13315 -2 -1.99524
13316 -2 -1.99524
13317 -2 -1.99524
13318 -2 -1.99524
13319 -2 -1.99524
13320 -2 -1.99524
13321 -2 -1.99524
13322 -2 -1.99524
13323 -2 -1.99524
13324 -2 -1.99524
13325 -2 -1.99524
13326 -1.98 -1.99524
13327 -1.98 -1.99524
13328 -1.98 -1.99524
13329 -1.96 -1.99523
13330 -1.98 -1.99523
13331 -2 -1.99523
13332 -2 -1.99523
13333 -2 -1.99523
13334 -2 -1.99523
13335 -2 -1.99523
13336 -2 -1.99523
13337 -2 -1.99523
13338 -2 -1.99524
13339 -2 -1.99524
13340 -2 -1.99524
13341 -2 -1.99524
13342 -2 -1.99524
13343 -2 -1.99524
13344 -2 -1.99524
13345 -1.98 -1.99524
13346 -2 -1.99524
13347 -2 -1.99524
13348 -2 -1.99524
13349 -1.98 -1.99524
13350 -1.98 -1.99523
13351 -1.98 -1.99523
13352 -2 -1.99523
13353 -2 -1.99523
13354 -2 -1.99523
13355 -2 -1.99524
13356 -2 -1.99524
13357 -2 -1.99524
13358 -2 -1.99524
13359 -2 -1.99524
13360 -2 -1.99524
13361 -2 -1.99524
13362 -1.98 -1.99524
13363 -2 -1.99524
13364 -2 -1.99524
13365 -2 -1.99524
13366 -2 -1.99524
13367 -1.98 -1.99524
13368 -1.98 -1.99524
13369 -1.95 -1.99523
13370 -1.98 -1.99523
13371 -2 -1.99523
13372 -2 -1.99523
13373 -2 -1.99523
13374 -2 -1.99523
13375 -2 -1.99523
13376 -2 -1.99523
13377 -2 -1.99523
13378 -2 -1.99523
13379 -2 -1.99523
13380 -2 -1.99523
13381 -1.98 -1.99523
13382 -2 -1.99523
13383 -2 -1.99523
13384 -2 -1.99523
13385 -2 -1.99523
13386 -2 -1.99523
13387 -2 -1.99524
13388 -2 -1.99524
13389 -2 -1.99524
13390 -2 -1.99524
13391 -2 -1.99524
13392 -2 -1.99524
13393 -2 -1.99524
13394 -2 -1.99524
13395 -2 -1.99524
13396 -2 -1.99524
13397 -2 -1.99524
13398 -2 -1.99524
13399 -2 -1.99524
13400 -2 -1.99524
13401 -2 -1.99524
13402 -2 -1.99524
13403 -2 -1.99524
13404 -2 -1.99524
13405 -2 -1.99524
13406 -1.98 -1.99524
13407 -1.98 -1.99524
13408 -1.98 -1.99524
13409 -2 -1.99524
13410 -2 -1.99524
13411 -2 -1.99524
13412 -2 -1.99524
13413 -2 -1.99524
13414 -2 -1.99524
13415 -2 -1.99524
13416 -2 -1.99524
13417 -2 -1.99524
13418 -2 -1.99524
13419 -2 -1.99524
13420 -2 -1.99524
13421 -2 -1.99524
13422 -2 -1.99524
13423 -1.98 -1.99524
13424 -1.98 -1.99524
13425 -2 -1.99524
13426 -2 -1.99524
13427 -2 -1.99524
13428 -2 -1.99524
13429 -2 -1.99524
13430 -2 -1.99524
13431 -2 -1.99524
13432 -2 -1.99524
13433 -2 -1.99524
13434 -2 -1.99524
13435 -2 -1.99524
13436 -2 -1.99525
13437 -2 -1.99525
13438 -2 -1.99525
13439 -2 -1.99525
13440 -2 -1.99525
13441 -2 -1.99525
13442 -2 -1.99525
13443 -2 -1.99525
13444 -2 -1.99525
13445 -2 -1.99525
13446 -2 -1.99525
13447 -2 -1.99525
13448 -1.98 -1.99525
13449 -2 -1.99525
13450 -2 -1.99525
13451 -2 -1.99525
13452 -1.96 -1.99525
13453 -1.98 -1.99525
13454 -1.97 -1.99524
13455 -1.98 -1.99524
13456 -2 -1.99524
13457 -2 -1.99524
13458 -2 -1.99524
13459 -2 -1.99524
13460 -2 -1.99524
13461 -2 -1.99524
13462 -2 -1.99524
13463 -2 -1.99525
13464 -2 -1.99525
13465 -2 -1.99525
13466 -2 -1.99525
13467 -2 -1.99525
13468 -2 -1.99525
13469 -2 -1.99525
13470 -2 -1.99525
13471 -2 -1.99525
13472 -1.98 -1.99525
13473 -2 -1.99525
13474 -2 -1.99525
13475 -2 -1.99525
13476 -2 -1.99525
13477 -2 -1.99525
13478 -2 -1.99525
13479 -2 -1.99525
13480 -2 -1.99525
13481 -2 -1.99525
13482 -1.98 -1.99525
13483 -1.98 -1.99525
13484 -1.98 -1.99525
13485 -2 -1.99525
13486 -2 -1.99525
13487 -2 -1.99525
13488 -2 -1.99525
13489 -2 -1.99525
13490 -2 -1.99525
13491 -2 -1.99525
13492 -2 -1.99525
13493 -2 -1.99525
13494 -2 -1.99525
13495 -2 -1.99525
13496 -2 -1.99525
13497 -2 -1.99525
13498 -2 -1.99525
13499 -2 -1.99525
13500 -2 -1.99525
13501 -1.98 -1.99525
13502 -2 -1.99525
13503 -2 -1.99525
13504 -2 -1.99525
13505 -2 -1.99525
13506 -2 -1.99525
13507 -2 -1.99525
13508 -2 -1.99525
13509 -1.98 -1.99525
13510 -2 -1.99525
13511 -2 -1.99525
13512 -2 -1.99525
13513 -2 -1.99525
13514 -2 -1.99525
13515 -2 -1.99525
13516 -2 -1.99525
13517 -2 -1.99526
13518 -2 -1.99526
13519 -2 -1.99526
13520 -2 -1.99526
13521 -2 -1.99526
13522 -2 -1.99526
13523 -2 -1.99526
13524 -2 -1.99526
13525 -2 -1.99526
13526 -2 -1.99526
13527 -2 -1.99526
13528 -2 -1.99526
13529 -2 -1.99526
13530 -2 -1.99526
13531 -1.98 -1.99526
13532 -1.98 -1.99526
13533 -2 -1.99526
13534 -2 -1.99526
13535 -2 -1.99526
13536 -2 -1.99526
13537 -2 -1.99526
13538 -2 -1.99526
13539 -2 -1.99526
13540 -2 -1.99526
13541 -2 -1.99526
13542 -2 -1.99526
13543 -2 -1.99526
13544 -2 -1.99526
13545 -2 -1.99526
13546 -1.98 -1.99526
13547 -2 -1.99526
13548 -2 -1.99526
13549 -1.98 -1.99526
13550 -2 -1.99526
13551 -2 -1.99526
13552 -1.98 -1.99526
13553 -2 -1.99526
13554 -2 -1.99526
13555 -2 -1.99526
13556 -2 -1.99526
13557 -2 -1.99526
13558 -2 -1.99526
13559 -2 -1.99526
13560 -2 -1.99526
13561 -2 -1.99526
13562 -2 -1.99526
13563 -2 -1.99526
13564 -2 -1.99526
13565 -2 -1.99526
13566 -2 -1.99526
13567 -2 -1.99527
13568 -2 -1.99527
13569 -2 -1.99527
13570 -2 -1.99527
13571 -2 -1.99527
13572 -2 -1.99527
13573 -2 -1.99527
13574 -2 -1.99527
13575 -2 -1.99527
13576 -2 -1.99527
13577 -2 -1.99527
13578 -2 -1.99527
13579 -2 -1.99527
13580 -2 -1.99527
13581 -2 -1.99527
13582 -2 -1.99527
13583 -2 -1.99527
13584 -2 -1.99527
13585 -1.96 -1.99527
13586 -1.96 -1.99527
13587 -1.96 -1.99526
13588 -2 -1.99526
13589 -2 -1.99526
13590 -2 -1.99526
13591 -2 -1.99526
13592 -2 -1.99527
13593 -2 -1.99527
13594 -2 -1.99527
13595 -2 -1.99527
13596 -2 -1.99527
13597 -2 -1.99527
13598 -2 -1.99527
13599 -2 -1.99527
13600 -2 -1.99527
13601 -2 -1.99527
13602 -1.98 -1.99527
13603 -1.98 -1.99527
13604 -2 -1.99527
13605 -2 -1.99527
13606 -2 -1.99527
13607 -2 -1.99527
13608 -1.98 -1.99527
13609 -2 -1.99527
13610 -2 -1.99527
13611 -2 -1.99527
13612 -2 -1.99527
13613 -2 -1.99527
13614 -2 -1.99527
13615 -2 -1.99527
13616 -2 -1.99527
13617 -2 -1.99527
13618 -2 -1.99527
13619 -2 -1.99527
13620 -1.98 -1.99527
13621 -2 -1.99527
13622 -2 -1.99527
13623 -2 -1.99527
13624 -2 -1.99527
13625 -2 -1.99527
13626 -2 -1.99527
13627 -2 -1.99527
13628 -2 -1.99527
13629 -2 -1.99527
13630 -2 -1.99527
13631 -2 -1.99527
13632 -2 -1.99527
13633 -2 -1.99527
13634 -2 -1.99527
13635 -1.98 -1.99527
13636 -2 -1.99527
13637 -2 -1.99527
13638 -2 -1.99527
13639 -2 -1.99527
13640 -2 -1.99527
13641 -2 -1.99527
13642 -2 -1.99528
13643 -2 -1.99528
13644 -2 -1.99528
13645 -2 -1.99528
13646 -2 -1.99528
13647 -2 -1.99528
13648 -2 -1.99528
13649 -2 -1.99528
13650 -2 -1.99528
13651 -2 -1.99528
13652 -2 -1.99528
13653 -2 -1.99528
13654 -2 -1.99528
13655 -2 -1.99528
13656 -1.98 -1.99528
13657 -2 -1.99528
13658 -2 -1.99528
13659 -2 -1.99528
13660 -2 -1.99528
13661 -2 -1.99528
13662 -2 -1.99528
13663 -2 -1.99528
13664 -2 -1.99528
13665 -2 -1.99528
13666 -2 -1.99528
13667 -1.98 -1.99528
13668 -1.98 -1.99528
13669 -2 -1.99528
13670 -2 -1.99528
13671 -2 -1.99528
13672 -2 -1.99528
13673 -2 -1.99528
13674 -2 -1.99528
13675 -2 -1.99528
13676 -2 -1.99528
13677 -2 -1.99528
13678 -2 -1.99528
13679 -2 -1.99528
13680 -2 -1.99528
13681 -2 -1.99528
13682 -2 -1.99528
13683 -2 -1.99529
13684 -2 -1.99529
13685 -2 -1.99529
13686 -2 -1.99529
13687 -1.98 -1.99528
13688 -1.98 -1.99528
13689 -1.98 -1.99528
13690 -2 -1.99528
13691 -2 -1.99528
13692 -2 -1.99528
13693 -2 -1.99528
13694 -2 -1.99528
13695 -2 -1.99528
13696 -1.98 -1.99528
13697 -2 -1.99528
13698 -2 -1.99528
13699 -2 -1.99528
13700 -1.98 -1.99528
13701 -2 -1.99528
13702 -2 -1.99528
13703 -2 -1.99528
13704 -2 -1.99528
13705 -2 -1.99529
13706 -2 -1.99529
13707 -2 -1.99529
13708 -1.98 -1.99528
13709 -1.98 -1.99528
13710 -1.98 -1.99528
13711 -2 -1.99528
13712 -2 -1.99528
13713 -1.98 -1.99528
13714 -1.98 -1.99528
13715 -2 -1.99528
13716 -2 -1.99528
13717 -2 -1.99528
13718 -2 -1.99528
13719 -2 -1.99528
13720 -2 -1.99528
13721 -2 -1.99528
13722 -2 -1.99528
13723 -2 -1.99528
13724 -2 -1.99528
13725 -2 -1.99528
13726 -2 -1.99529
13727 -2 -1.99529
13728 -2 -1.99529
13729 -2 -1.99529
13730 -2 -1.99529
13731 -2 -1.99529
13732 -2 -1.99529
13733 -2 -1.99529
13734 -2 -1.99529
13735 -2 -1.99529
13736 -2 -1.99529
13737 -2 -1.99529
13738 -2 -1.99529
13739 -2 -1.99529
13740 -2 -1.99529
13741 -2 -1.99529
13742 -2 -1.99529
13743 -2 -1.99529
13744 -2 -1.99529
13745 -2 -1.99529
13746 -2 -1.99529
13747 -2 -1.99529
13748 -1.98 -1.99529
13749 -1.97 -1.99529
13750 -1.98 -1.99529
13751 -2 -1.99529
13752 -2 -1.99529
13753 -2 -1.99529
13754 -2 -1.99529
13755 -2 -1.99529
13756 -2 -1.99529
13757 -2 -1.99529
13758 -2 -1.99529
13759 -2 -1.99529
13760 -2 -1.99529
13761 -2 -1.99529
13762 -1.98 -1.99529
13763 -2 -1.99529
13764 -2 -1.99529
13765 -2 -1.99529
13766 -2 -1.99529
13767 -2 -1.99529
13768 -2 -1.99529
13769 -2 -1.99529
13770 -2 -1.99529
13771 -2 -1.99529
13772 -2 -1.99529
13773 -2 -1.99529
13774 -2 -1.9953
13775 -2 -1.9953
13776 -2 -1.9953
13777 -2 -1.9953
13778 -2 -1.9953
13779 -2 -1.9953
13780 -2 -1.9953
13781 -2 -1.9953
13782 -2 -1.9953
13783 -2 -1.9953
13784 -2 -1.9953
13785 -1.98 -1.9953
13786 -1.98 -1.9953
13787 -2 -1.9953
13788 -2 -1.9953
13789 -2 -1.9953
13790 -2 -1.9953
13791 -2 -1.9953
13792 -2 -1.9953
13793 -2 -1.9953
13794 -2 -1.9953
13795 -2 -1.9953
13796 -2 -1.9953
13797 -2 -1.9953
13798 -2 -1.9953
13799 -2 -1.9953
13800 -2 -1.9953
13801 -2 -1.9953
13802 -2 -1.9953
13803 -2 -1.9953
13804 -1.98 -1.9953
13805 -1.98 -1.9953
13806 -1.98 -1.9953
13807 -2 -1.9953
13808 -2 -1.9953
13809 -2 -1.9953
13810 -2 -1.9953
13811 -2 -1.9953
13812 -2 -1.9953
13813 -2 -1.9953
13814 -2 -1.9953
13815 -2 -1.9953
13816 -2 -1.9953
13817 -2 -1.9953
13818 -2 -1.9953
13819 -2 -1.9953
13820 -2 -1.9953
13821 -2 -1.9953
13822 -2 -1.9953
13823 -2 -1.9953
13824 -1.98 -1.9953
13825 -2 -1.9953
13826 -2 -1.9953
13827 -2 -1.9953
13828 -2 -1.9953
13829 -1.98 -1.9953
13830 -2 -1.9953
13831 -2 -1.9953
13832 -2 -1.9953
13833 -2 -1.99531
13834 -2 -1.99531
13835 -2 -1.99531
13836 -2 -1.99531
13837 -2 -1.99531
13838 -2 -1.99531
13839 -2 -1.99531
13840 -2 -1.99531
13841 -2 -1.99531
13842 -2 -1.99531
13843 -2 -1.99531
13844 -2 -1.99531
13845 -2 -1.99531
13846 -1.98 -1.99531
13847 -1.98 -1.99531
13848 -2 -1.99531
13849 -2 -1.99531
13850 -2 -1.99531
13851 -1.98 -1.99531
13852 -2 -1.99531
13853 -1.98 -1.99531
13854 -1.98 -1.9953
13855 -1.98 -1.9953
13856 -1.98 -1.9953
13857 -2 -1.9953
13858 -2 -1.9953
13859 -2 -1.9953
13860 -2 -1.9953
13861 -2 -1.9953
13862 -2 -1.9953
13863 -2 -1.99531
13864 -2 -1.99531
13865 -2 -1.99531
13866 -2 -1.99531
13867 -2 -1.99531
13868 -2 -1.99531
13869 -2 -1.99531
13870 -2 -1.99531
13871 -2 -1.99531
13872 -2 -1.99531
13873 -2 -1.99531
13874 -2 -1.99531
13875 -2 -1.99531
13876 -1.98 -1.99531
13877 -2 -1.99531
13878 -2 -1.99531
13879 -2 -1.99531
13880 -2 -1.99531
13881 -1.98 -1.99531
13882 -1.98 -1.99531
13883 -1.98 -1.99531
13884 -2 -1.99531
13885 -2 -1.99531
13886 -2 -1.99531
13887 -2 -1.99531
13888 -2 -1.99531
13889 -2 -1.99531
13890 -2 -1.99531
13891 -2 -1.99531
13892 -2 -1.99531
13893 -2 -1.99531
13894 -2 -1.99531
13895 -2 -1.99531
13896 -2 -1.99531
13897 -1.97 -1.99531
13898 -1.98 -1.99531
13899 -1.98 -1.99531
13900 -1.98 -1.99531
13901 -1.98 -1.9953
13902 -1.98 -1.9953
13903 -2 -1.9953
13904 -2 -1.9953
13905 -1.98 -1.9953
13906 -1.98 -1.9953
13907 -1.98 -1.9953
13908 -1.98 -1.9953
13909 -1.98 -1.9953
13910 -1.98 -1.9953
13911 -1.98 -1.9953
13912 -2 -1.9953
13913 -1.98 -1.9953
13914 -1.98 -1.99529
13915 -2 -1.99529
13916 -2 -1.99529
13917 -2 -1.9953
13918 -2 -1.9953
13919 -2 -1.9953
13920 -2 -1.9953
13921 -2 -1.9953
13922 -2 -1.9953
13923 -2 -1.9953
13924 -2 -1.9953
13925 -2 -1.9953
13926 -2 -1.9953
13927 -2 -1.9953
13928 -2 -1.9953
13929 -2 -1.9953
13930 -1.98 -1.9953
13931 -2 -1.9953
13932 -2 -1.9953
13933 -2 -1.9953
13934 -2 -1.9953
13935 -2 -1.9953
13936 -2 -1.9953
13937 -2 -1.9953
13938 -2 -1.9953
13939 -2 -1.9953
13940 -2 -1.9953
13941 -1.98 -1.9953
13942 -1.98 -1.9953
13943 -2 -1.9953
13944 -2 -1.9953
13945 -2 -1.9953
13946 -2 -1.9953
13947 -2 -1.9953
13948 -2 -1.9953
13949 -2 -1.9953
13950 -2 -1.9953
13951 -2 -1.9953
13952 -2 -1.9953
13953 -2 -1.9953
13954 -2 -1.9953
13955 -2 -1.9953
13956 -2 -1.9953
13957 -2 -1.9953
13958 -2 -1.9953
13959 -2 -1.99531
13960 -2 -1.99531
13961 -2 -1.99531
13962 -2 -1.99531
13963 -2 -1.99531
13964 -2 -1.99531
13965 -2 -1.99531
13966 -2 -1.99531
13967 -2 -1.99531
13968 -2 -1.99531
13969 -2 -1.99531
13970 -2 -1.99531
13971 -2 -1.99531
13972 -1.96 -1.99531
13973 -1.98 -1.99531
13974 -2 -1.99531
13975 -2 -1.99531
13976 -2 -1.99531
13977 -2 -1.99531
13978 -2 -1.99531
13979 -2 -1.99531
13980 -2 -1.99531
13981 -2 -1.99531
13982 -2 -1.99531
13983 -2 -1.99531
13984 -2 -1.99531
13985 -1.98 -1.99531
13986 -1.96 -1.99531
13987 -2 -1.99531
13988 -2 -1.99531
13989 -2 -1.99531
13990 -1.98 -1.99531
13991 -2 -1.99531
13992 -2 -1.99531
13993 -2 -1.99531
13994 -2 -1.99531
13995 -2 -1.99531
13996 -2 -1.99531
13997 -2 -1.99531
13998 -1.98 -1.99531
13999 -1.98 -1.99531
14000 -2 -1.99531
14001 -2 -1.99531
14002 -2 -1.99531
14003 -2 -1.99531
14004 -2 -1.99531
14005 -2 -1.99531
14006 -1.98 -1.99531
14007 -1.98 -1.99531
14008 -2 -1.99531
14009 -2 -1.99531
14010 -2 -1.99531
14011 -2 -1.99531
14012 -2 -1.99531
14013 -2 -1.99531
14014 -2 -1.99531
14015 -2 -1.99531
14016 -2 -1.99531
14017 -2 -1.99531
14018 -2 -1.99531
14019 -2 -1.99531
14020 -2 -1.99531
14021 -2 -1.99531
14022 -2 -1.99531
14023 -2 -1.99531
14024 -2 -1.99531
14025 -2 -1.99531
14026 -2 -1.99531
14027 -2 -1.99531
14028 -1.98 -1.99531
14029 -1.98 -1.99531
14030 -2 -1.99531
14031 -1.98 -1.99531
14032 -2 -1.99531
14033 -2 -1.99531
14034 -2 -1.99531
14035 -2 -1.99531
14036 -2 -1.99531
14037 -2 -1.99531
14038 -2 -1.99531
14039 -2 -1.99531
14040 -2 -1.99531
14041 -2 -1.99531
14042 -2 -1.99531
14043 -2 -1.99531
14044 -2 -1.99531
14045 -2 -1.99531
14046 -2 -1.99531
14047 -2 -1.99531
14048 -2 -1.99531
14049 -2 -1.99532
14050 -2 -1.99532
14051 -2 -1.99532
14052 -2 -1.99532
14053 -2 -1.99532
14054 -1.98 -1.99532
14055 -2 -1.99532
14056 -2 -1.99532
14057 -2 -1.99532
14058 -2 -1.99532
14059 -2 -1.99532
14060 -2 -1.99532
14061 -2 -1.99532
14062 -2 -1.99532
14063 -2 -1.99532
14064 -2 -1.99532
14065 -2 -1.99532
14066 -2 -1.99532
14067 -2 -1.99532
14068 -2 -1.99532
14069 -2 -1.99532
14070 -2 -1.99532
14071 -2 -1.99532
14072 -2 -1.99532
14073 -1.98 -1.99532
14074 -2 -1.99532
14075 -2 -1.99532
14076 -2 -1.99532
14077 -2 -1.99532
14078 -2 -1.99532
14079 -2 -1.99532
14080 -2 -1.99532
14081 -2 -1.99532
14082 -1.96 -1.99532
14083 -1.98 -1.99532
14084 -2 -1.99532
14085 -2 -1.99532
14086 -2 -1.99532
14087 -2 -1.99532
14088 -2 -1.99532
14089 -2 -1.99532
14090 -2 -1.99532
14091 -2 -1.99532
14092 -2 -1.99532
14093 -2 -1.99532
14094 -2 -1.99532
14095 -2 -1.99532
14096 -2 -1.99532
14097 -2 -1.99532
14098 -1.98 -1.99532
14099 -2 -1.99532
14100 -2 -1.99532
14101 -2 -1.99532
14102 -2 -1.99532
14103 -2 -1.99532
14104 -2 -1.99533
14105 -2 -1.99533
14106 -2 -1.99533
14107 -2 -1.99533
14108 -2 -1.99533
14109 -2 -1.99533
14110 -2 -1.99533
14111 -2 -1.99533
14112 -1.98 -1.99533
14113 -2 -1.99533
14114 -2 -1.99533
14115 -2 -1.99533
14116 -2 -1.99533
14117 -2 -1.99533
14118 -2 -1.99533
14119 -2 -1.99533
14120 -1.98 -1.99533
14121 -1.98 -1.99533
14122 -1.98 -1.99533
14123 -1.98 -1.99532
14124 -2 -1.99532
14125 -2 -1.99532
14126 -2 -1.99533
14127 -2 -1.99533
14128 -2 -1.99533
14129 -2 -1.99533
14130 -2 -1.99533
14131 -2 -1.99533
14132 -2 -1.99533
14133 -2 -1.99533
14134 -2 -1.99533
14135 -2 -1.99533
14136 -1.98 -1.99533
14137 -2 -1.99533
14138 -1.98 -1.99533
14139 -2 -1.99533
14140 -2 -1.99533
14141 -2 -1.99533
14142 -1.98 -1.99533
14143 -1.95 -1.99532
14144 -1.95 -1.99532
14145 -1.96 -1.99532
14146 -1.98 -1.99532
14147 -1.98 -1.99532
14148 -1.98 -1.99531
14149 -1.98 -1.99531
14150 -2 -1.99531
14151 -2 -1.99531
14152 -1.98 -1.99531
14153 -2 -1.99531
14154 -2 -1.99531
14155 -2 -1.99531
14156 -2 -1.99531
14157 -2 -1.99531
14158 -2 -1.99531
14159 -2 -1.99531
14160 -2 -1.99532
14161 -2 -1.99532
14162 -2 -1.99532
14163 -2 -1.99532
14164 -1.98 -1.99532
14165 -1.98 -1.99531
14166 -1.98 -1.99531
14167 -1.98 -1.99531
14168 -2 -1.99531
14169 -2 -1.99531
14170 -2 -1.99531
14171 -2 -1.99531
14172 -2 -1.99531
14173 -2 -1.99531
14174 -2 -1.99531
14175 -2 -1.99531
14176 -2 -1.99531
14177 -2 -1.99532
14178 -2 -1.99532
14179 -2 -1.99532
14180 -2 -1.99532
14181 -2 -1.99532
14182 -2 -1.99532
14183 -2 -1.99532
14184 -2 -1.99532
14185 -2 -1.99532
14186 -2 -1.99532
14187 -2 -1.99532
14188 -1.98 -1.99532
14189 -1.98 -1.99532
14190 -1.98 -1.99532
14191 -2 -1.99532
14192 -2 -1.99532
14193 -2 -1.99532
14194 -2 -1.99532
14195 -2 -1.99532
14196 -2 -1.99532
14197 -2 -1.99532
14198 -2 -1.99532
14199 -1.98 -1.99532
14200 -1.98 -1.99532
14201 -2 -1.99532
14202 -2 -1.99532
14203 -2 -1.99532
14204 -2 -1.99532
14205 -2 -1.99532
14206 -2 -1.99532
14207 -2 -1.99532
14208 -2 -1.99532
14209 -2 -1.99532
14210 -2 -1.99532
14211 -2 -1.99532
14212 -2 -1.99532
14213 -1.98 -1.99532
14214 -1.98 -1.99532
14215 -2 -1.99532
14216 -2 -1.99532
14217 -2 -1.99532
14218 -2 -1.99532
14219 -2 -1.99532
14220 -2 -1.99532
14221 -2 -1.99532
14222 -2 -1.99532
14223 -2 -1.99532
14224 -2 -1.99532
14225 -2 -1.99532
14226 -2 -1.99532
14227 -2 -1.99532
14228 -2 -1.99532
14229 -2 -1.99532
14230 -2 -1.99532
14231 -2 -1.99532
14232 -1.98 -1.99532
14233 -2 -1.99532
14234 -2 -1.99532
14235 -2 -1.99532
14236 -2 -1.99532
14237 -2 -1.99532
14238 -2 -1.99532
14239 -2 -1.99532
14240 -2 -1.99532
14241 -2 -1.99533
14242 -2 -1.99533
14243 -2 -1.99533
14244 -2 -1.99533
14245 -2 -1.99533
14246 -2 -1.99533
14247 -2 -1.99533
14248 -2 -1.99533
14249 -2 -1.99533
14250 -2 -1.99533
14251 -2 -1.99533
14252 -2 -1.99533
14253 -2 -1.99533
14254 -2 -1.99533
14255 -2 -1.99533
14256 -2 -1.99533
14257 -2 -1.99533
14258 -2 -1.99533
14259 -2 -1.99533
14260 -2 -1.99533
14261 -2 -1.99533
14262 -2 -1.99533
14263 -2 -1.99533
14264 -2 -1.99533
14265 -2 -1.99533
14266 -2 -1.99533
14267 -2 -1.99533
14268 -2 -1.99533
14269 -2 -1.99533
14270 -2 -1.99533
14271 -2 -1.99533
14272 -2 -1.99534
14273 -2 -1.99534
14274 -2 -1.99534
14275 -2 -1.99534
14276 -2 -1.99534
14277 -2 -1.99534
14278 -1.98 -1.99534
14279 -2 -1.99534
14280 -2 -1.99534
14281 -2 -1.99534
14282 -2 -1.99534
14283 -2 -1.99534
14284 -2 -1.99534
14285 -2 -1.99534
14286 -2 -1.99534
14287 -2 -1.99534
14288 -2 -1.99534
14289 -2 -1.99534
14290 -2 -1.99534
14291 -2 -1.99534
14292 -2 -1.99534
14293 -1.98 -1.99534
14294 -2 -1.99534
14295 -2 -1.99534
14296 -2 -1.99534
14297 -2 -1.99534
14298 -2 -1.99534
14299 -1.98 -1.99534
14300 -1.98 -1.99534
14301 -2 -1.99534
14302 -2 -1.99534
14303 -2 -1.99534
14304 -2 -1.99534
14305 -2 -1.99534
14306 -1.98 -1.99534
14307 -2 -1.99534
14308 -2 -1.99534
14309 -2 -1.99534
14310 -2 -1.99534
14311 -2 -1.99534
14312 -2 -1.99534
14313 -2 -1.99534
14314 -2 -1.99534
14315 -2 -1.99534
14316 -2 -1.99534
14317 -2 -1.99534
14318 -2 -1.99534
14319 -2 -1.99534
14320 -2 -1.99534
14321 -2 -1.99534
14322 -2 -1.99534
14323 -2 -1.99534
14324 -2 -1.99535
14325 -2 -1.99535
14326 -2 -1.99535
14327 -2 -1.99535
14328 -2 -1.99535
14329 -2 -1.99535
14330 -2 -1.99535
14331 -2 -1.99535
14332 -2 -1.99535
14333 -2 -1.99535
14334 -2 -1.99535
14335 -2 -1.99535
14336 -1.98 -1.99535
14337 -2 -1.99535
14338 -1.98 -1.99535
14339 -2 -1.99535
14340 -2 -1.99535
14341 -2 -1.99535
14342 -2 -1.99535
14343 -2 -1.99535
14344 -2 -1.99535
14345 -1.98 -1.99535
14346 -2 -1.99535
14347 -2 -1.99535
14348 -2 -1.99535
14349 -2 -1.99535
14350 -1.98 -1.99535
14351 -2 -1.99535
14352 -1.98 -1.99535
14353 -1.98 -1.99535
14354 -1.96 -1.99534
14355 -1.98 -1.99534
14356 -2 -1.99534
14357 -2 -1.99534
14358 -2 -1.99534
14359 -2 -1.99534
14360 -2 -1.99534
14361 -2 -1.99534
14362 -2 -1.99534
14363 -2 -1.99535
14364 -2 -1.99535
14365 -2 -1.99535
14366 -2 -1.99535
14367 -2 -1.99535
14368 -2 -1.99535
14369 -2 -1.99535
14370 -2 -1.99535
14371 -2 -1.99535
14372 -2 -1.99535
14373 -2 -1.99535
14374 -2 -1.99535
14375 -2 -1.99535
14376 -2 -1.99535
14377 -2 -1.99535
14378 -2 -1.99535
14379 -2 -1.99535
14380 -2 -1.99535
14381 -2 -1.99535
14382 -2 -1.99535
14383 -2 -1.99535
14384 -2 -1.99535
14385 -2 -1.99535
14386 -2 -1.99535
14387 -2 -1.99535
14388 -2 -1.99535
14389 -2 -1.99535
14390 -2 -1.99535
14391 -2 -1.99535
14392 -2 -1.99535
14393 -2 -1.99536
14394 -2 -1.99536
14395 -2 -1.99536
14396 -2 -1.99536
14397 -2 -1.99536
14398 -2 -1.99536
14399 -2 -1.99536
14400 -1.98 -1.99536
14401 -1.98 -1.99535
14402 -1.98 -1.99535
14403 -2 -1.99535
14404 -2 -1.99535
14405 -2 -1.99535
14406 -2 -1.99536
14407 -2 -1.99536
14408 -2 -1.99536
14409 -2 -1.99536
14410 -2 -1.99536
14411 -2 -1.99536
14412 -2 -1.99536
14413 -2 -1.99536
14414 -2 -1.99536
14415 -2 -1.99536
14416 -2 -1.99536
14417 -2 -1.99536
14418 -1.98 -1.99536
14419 -2 -1.99536
14420 -2 -1.99536
14421 -2 -1.99536
14422 -2 -1.99536
14423 -2 -1.99536
14424 -2 -1.99536
14425 -2 -1.99536
14426 -2 -1.99536
14427 -2 -1.99536
14428 -2 -1.99536
14429 -2 -1.99536
14430 -2 -1.99536
14431 -2 -1.99536
14432 -2 -1.99536
14433 -2 -1.99536
14434 -2 -1.99536
14435 -2 -1.99536
14436 -2 -1.99536
14437 -2 -1.99536
14438 -2 -1.99536
14439 -2 -1.99536
14440 -2 -1.99536
14441 -2 -1.99536
14442 -1.98 -1.99536
14443 -2 -1.99536
14444 -2 -1.99536
14445 -2 -1.99536
14446 -1.98 -1.99536
14447 -1.98 -1.99536
14448 -1.98 -1.99536
14449 -2 -1.99536
14450 -2 -1.99536
14451 -2 -1.99536
14452 -2 -1.99536
14453 -2 -1.99536
14454 -1.97 -1.99536
14455 -1.98 -1.99536
14456 -2 -1.99536
14457 -2 -1.99536
14458 -2 -1.99536
14459 -2 -1.99536
14460 -2 -1.99536
14461 -2 -1.99536
14462 -2 -1.99536
14463 -2 -1.99536
14464 -2 -1.99536
14465 -2 -1.99536
14466 -2 -1.99536
14467 -2 -1.99536
14468 -2 -1.99536
14469 -2 -1.99536
14470 -2 -1.99537
14471 -2 -1.99537
14472 -2 -1.99537
14473 -2 -1.99537
14474 -2 -1.99537
14475 -2 -1.99537
14476 -2 -1.99537
14477 -2 -1.99537
14478 -2 -1.99537
14479 -2 -1.99537
14480 -2 -1.99537
14481 -2 -1.99537
14482 -2 -1.99537
14483 -2 -1.99537
14484 -2 -1.99537
14485 -2 -1.99537
14486 -2 -1.99537
14487 -1.98 -1.99537
14488 -2 -1.99537
14489 -2 -1.99537
14490 -2 -1.99537
14491 -1.98 -1.99537
14492 -1.98 -1.99537
14493 -2 -1.99537
14494 -2 -1.99537
14495 -2 -1.99537
14496 -2 -1.99537
14497 -2 -1.99537
14498 -1.98 -1.99537
14499 -2 -1.99537
14500 -2 -1.99537
14501 -2 -1.99537
14502 -1.98 -1.99537
14503 -2 -1.99537
14504 -2 -1.99537
14505 -2 -1.99537
14506 -2 -1.99537
14507 -2 -1.99537
14508 -2 -1.99537
14509 -2 -1.99537
14510 -1.98 -1.99537
14511 -1.98 -1.99537
14512 -2 -1.99537
14513 -2 -1.99537
14514 -2 -1.99537
14515 -2 -1.99537
14516 -2 -1.99537
14517 -2 -1.99537
14518 -2 -1.99537
14519 -2 -1.99537
14520 -2 -1.99537
14521 -2 -1.99537
14522 -2 -1.99537
14523 -2 -1.99537
14524 -2 -1.99537
14525 -2 -1.99537
14526 -1.98 -1.99537
14527 -1.98 -1.99537
14528 -1.98 -1.99537
14529 -1.98 -1.99537
14530 -2 -1.99537
14531 -2 -1.99537
14532 -2 -1.99537
14533 -1.98 -1.99537
14534 -1.98 -1.99537
14535 -2 -1.99537
14536 -2 -1.99537
14537 -1.98 -1.99537
14538 -2 -1.99537
14539 -2 -1.99537
14540 -2 -1.99537
14541 -2 -1.99537
14542 -2 -1.99537
14543 -2 -1.99537
14544 -2 -1.99537
14545 -2 -1.99537
14546 -2 -1.99537
14547 -2 -1.99537
14548 -2 -1.99537
14549 -2 -1.99537
14550 -2 -1.99537
14551 -2 -1.99537
14552 -2 -1.99537
14553 -2 -1.99537
14554 -2 -1.99537
14555 -2 -1.99537
14556 -2 -1.99537
14557 -2 -1.99537
14558 -2 -1.99537
14559 -2 -1.99537
14560 -2 -1.99537
14561 -2 -1.99537
14562 -2 -1.99538
14563 -1.98 -1.99537
14564 -2 -1.99537
14565 -1.98 -1.99537
14566 -1.98 -1.99537
14567 -2 -1.99537
14568 -2 -1.99537
14569 -2 -1.99537
14570 -2 -1.99537
14571 -2 -1.99537
14572 -2 -1.99537
14573 -2 -1.99537
14574 -2 -1.99537
14575 -2 -1.99538
14576 -2 -1.99538
14577 -2 -1.99538
14578 -2 -1.99538
14579 -2 -1.99538
14580 -2 -1.99538
14581 -2 -1.99538
14582 -2 -1.99538
14583 -2 -1.99538
14584 -2 -1.99538
14585 -2 -1.99538
14586 -2 -1.99538
14587 -2 -1.99538
14588 -2 -1.99538
14589 -2 -1.99538
14590 -2 -1.99538
14591 -2 -1.99538
14592 -2 -1.99538
14593 -2 -1.99538
14594 -2 -1.99538
14595 -2 -1.99538
14596 -2 -1.99538
14597 -2 -1.99538
14598 -2 -1.99538
14599 -2 -1.99538
14600 -2 -1.99538
14601 -2 -1.99538
14602 -2 -1.99538
14603 -2 -1.99538
14604 -1.98 -1.99538
14605 -1.98 -1.99538
14606 -2 -1.99538
14607 -2 -1.99538
14608 -2 -1.99538
14609 -2 -1.99538
14610 -2 -1.99538
14611 -2 -1.99538
14612 -2 -1.99538
14613 -2 -1.99538
14614 -2 -1.99538
14615 -2 -1.99539
14616 -2 -1.99539
14617 -2 -1.99539
14618 -2 -1.99539
14619 -2 -1.99539
14620 -2 -1.99539
14621 -2 -1.99539
14622 -1.98 -1.99539
14623 -1.98 -1.99538
14624 -2 -1.99539
14625 -2 -1.99539
14626 -2 -1.99539
14627 -1.98 -1.99538
14628 -2 -1.99539
14629 -2 -1.99539
14630 -2 -1.99539
14631 -2 -1.99539
14632 -2 -1.99539
14633 -2 -1.99539
14634 -2 -1.99539
14635 -2 -1.99539
14636 -2 -1.99539
14637 -2 -1.99539
14638 -2 -1.99539
14639 -2 -1.99539
14640 -2 -1.99539
14641 -2 -1.99539
14642 -2 -1.99539
14643 -2 -1.99539
14644 -2 -1.99539
14645 -2 -1.99539
14646 -2 -1.99539
14647 -2 -1.99539
14648 -2 -1.99539
14649 -2 -1.99539
14650 -2 -1.99539
14651 -2 -1.99539
14652 -2 -1.99539
14653 -1.98 -1.99539
14654 -2 -1.99539
14655 -2 -1.99539
14656 -2 -1.99539
14657 -2 -1.99539
14658 -2 -1.99539
14659 -2 -1.99539
14660 -2 -1.99539
14661 -2 -1.99539
14662 -2 -1.99539
14663 -2 -1.99539
14664 -2 -1.9954
14665 -2 -1.9954
14666 -1.98 -1.99539
14667 -1.98 -1.99539
14668 -2 -1.99539
14669 -2 -1.99539
14670 -2 -1.99539
14671 -2 -1.99539
14672 -2 -1.99539
14673 -2 -1.9954
14674 -1.98 -1.99539
14675 -2 -1.99539
14676 -2 -1.99539
14677 -2 -1.9954
14678 -2 -1.9954
14679 -2 -1.9954
14680 -2 -1.9954
14681 -2 -1.9954
14682 -2 -1.9954
14683 -2 -1.9954
14684 -2 -1.9954
14685 -2 -1.9954
14686 -2 -1.9954
14687 -2 -1.9954
14688 -2 -1.9954
14689 -2 -1.9954
14690 -2 -1.9954
14691 -2 -1.9954
14692 -2 -1.9954
14693 -2 -1.9954
14694 -2 -1.9954
14695 -2 -1.9954
14696 -2 -1.9954
14697 -2 -1.9954
14698 -2 -1.9954
14699 -2 -1.9954
14700 -1.98 -1.9954
14701 -2 -1.9954
14702 -2 -1.9954
14703 -2 -1.9954
14704 -2 -1.9954
14705 -1.98 -1.9954
14706 -2 -1.9954
14707 -1.98 -1.9954
14708 -1.98 -1.9954
14709 -2 -1.9954
14710 -2 -1.9954
14711 -2 -1.9954
14712 -2 -1.9954
14713 -2 -1.9954
14714 -1.98 -1.9954
14715 -1.98 -1.9954
14716 -2 -1.9954
14717 -2 -1.9954
14718 -2 -1.9954
14719 -1.98 -1.9954
14720 -1.96 -1.9954
14721 -2 -1.9954
14722 -2 -1.9954
14723 -2 -1.9954
14724 -2 -1.9954
14725 -2 -1.9954
14726 -2 -1.9954
14727 -2 -1.9954
14728 -2 -1.9954
14729 -2 -1.9954
14730 -2 -1.9954
14731 -2 -1.9954
14732 -2 -1.9954
14733 -2 -1.9954
14734 -2 -1.9954
14735 -2 -1.9954
14736 -2 -1.9954
14737 -2 -1.9954
14738 -2 -1.9954
14739 -2 -1.9954
14740 -2 -1.9954
14741 -2 -1.9954
14742 -2 -1.9954
14743 -2 -1.9954
14744 -1.97 -1.9954
14745 -2 -1.9954
14746 -2 -1.9954
14747 -1.98 -1.9954
14748 -2 -1.9954
14749 -2 -1.9954
14750 -2 -1.9954
14751 -1.98 -1.9954
14752 -1.98 -1.9954
14753 -2 -1.9954
14754 -2 -1.9954
14755 -2 -1.9954
14756 -2 -1.9954
14757 -2 -1.9954
14758 -2 -1.9954
14759 -2 -1.9954
14760 -2 -1.9954
14761 -2 -1.9954
14762 -2 -1.9954
14763 -2 -1.9954
14764 -1.98 -1.9954
14765 -1.98 -1.9954
14766 -1.97 -1.9954
14767 -1.97 -1.9954
14768 -1.98 -1.9954
14769 -2 -1.9954
14770 -2 -1.9954
14771 -2 -1.9954
14772 -2 -1.9954
14773 -2 -1.9954
14774 -2 -1.9954
14775 -2 -1.9954
14776 -2 -1.9954
14777 -2 -1.9954
14778 -2 -1.9954
14779 -2 -1.9954
14780 -2 -1.9954
14781 -2 -1.9954
14782 -2 -1.9954
14783 -2 -1.9954
14784 -2 -1.9954
14785 -2 -1.9954
14786 -2 -1.9954
14787 -2 -1.9954
14788 -2 -1.9954
14789 -2 -1.9954
14790 -2 -1.9954
14791 -2 -1.9954
14792 -2 -1.9954
14793 -2 -1.9954
14794 -2 -1.99541
14795 -1.98 -1.9954
14796 -1.98 -1.9954
14797 -2 -1.9954
14798 -2 -1.9954
14799 -2 -1.9954
14800 -1.98 -1.9954
14801 -2 -1.9954
14802 -2 -1.9954
14803 -2 -1.9954
14804 -2 -1.9954
14805 -2 -1.9954
14806 -2 -1.9954
14807 -2 -1.99541
14808 -2 -1.99541
14809 -2 -1.99541
14810 -2 -1.99541
14811 -2 -1.99541
14812 -2 -1.99541
14813 -2 -1.99541
14814 -2 -1.99541
14815 -2 -1.99541
14816 -2 -1.99541
14817 -2 -1.99541
14818 -2 -1.99541
14819 -2 -1.99541
14820 -2 -1.99541
14821 -2 -1.99541
14822 -2 -1.99541
14823 -2 -1.99541
14824 -2 -1.99541
14825 -2 -1.99541
14826 -2 -1.99541
14827 -2 -1.99541
14828 -2 -1.99541
14829 -2 -1.99541
14830 -2 -1.99541
14831 -2 -1.99541
14832 -2 -1.99541
14833 -2 -1.99541
14834 -2 -1.99541
14835 -2 -1.99541
14836 -2 -1.99541
14837 -2 -1.99541
14838 -2 -1.99541
14839 -2 -1.99542
14840 -2 -1.99542
14841 -2 -1.99542
14842 -2 -1.99542
14843 -2 -1.99542
14844 -2 -1.99542
14845 -2 -1.99542
14846 -2 -1.99542
14847 -2 -1.99542
14848 -2 -1.99542
14849 -2 -1.99542
14850 -2 -1.99542
14851 -2 -1.99542
14852 -2 -1.99542
14853 -2 -1.99542
14854 -2 -1.99542
14855 -2 -1.99542
14856 -2 -1.99542
14857 -2 -1.99542
14858 -2 -1.99542
14859 -2 -1.99542
14860 -2 -1.99542
14861 -2 -1.99542
14862 -2 -1.99542
14863 -2 -1.99542
14864 -2 -1.99542
14865 -2 -1.99542
14866 -2 -1.99542
14867 -2 -1.99542
14868 -2 -1.99542
14869 -1.98 -1.99542
14870 -1.98 -1.99542
14871 -2 -1.99542
14872 -2 -1.99542
14873 -2 -1.99542
14874 -2 -1.99542
14875 -2 -1.99542
14876 -2 -1.99542
14877 -2 -1.99542
14878 -1.98 -1.99542
14879 -1.98 -1.99542
14880 -1.98 -1.99542
14881 -1.98 -1.99542
14882 -1.98 -1.99542
14883 -2 -1.99542
14884 -2 -1.99542
14885 -2 -1.99542
14886 -2 -1.99542
14887 -2 -1.99542
14888 -2 -1.99542
14889 -2 -1.99542
14890 -2 -1.99542
14891 -1.97 -1.99542
14892 -1.97 -1.99542
14893 -2 -1.99542
14894 -2 -1.99542
14895 -1.98 -1.99542
14896 -2 -1.99542
14897 -2 -1.99542
14898 -2 -1.99542
14899 -2 -1.99542
14900 -2 -1.99542
14901 -2 -1.99542
14902 -2 -1.99542
14903 -2 -1.99542
14904 -2 -1.99542
14905 -2 -1.99542
14906 -2 -1.99542
14907 -2 -1.99542
14908 -2 -1.99542
14909 -2 -1.99542
14910 -2 -1.99542
14911 -2 -1.99542
14912 -2 -1.99542
14913 -2 -1.99542
14914 -2 -1.99542
14915 -2 -1.99542
14916 -2 -1.99542
14917 -1.98 -1.99542
14918 -1.98 -1.99542
14919 -1.98 -1.99542
14920 -1.96 -1.99542
14921 -1.98 -1.99542
14922 -2 -1.99542
14923 -2 -1.99542
14924 -2 -1.99542
14925 -2 -1.99542
14926 -2 -1.99542
14927 -2 -1.99542
14928 -2 -1.99542
14929 -2 -1.99542
14930 -2 -1.99542
14931 -2 -1.99542
14932 -2 -1.99542
14933 -2 -1.99542
14934 -2 -1.99542
14935 -2 -1.99542
14936 -2 -1.99542
14937 -2 -1.99542
14938 -2 -1.99542
14939 -2 -1.99542
14940 -2 -1.99542
14941 -2 -1.99542
14942 -2 -1.99542
14943 -2 -1.99542
14944 -2 -1.99542
14945 -2 -1.99542
14946 -2 -1.99543
14947 -2 -1.99543
14948 -1.98 -1.99542
14949 -2 -1.99542
14950 -2 -1.99543
14951 -2 -1.99543
14952 -2 -1.99543
14953 -2 -1.99543
14954 -2 -1.99543
14955 -2 -1.99543
14956 -2 -1.99543
14957 -2 -1.99543
14958 -2 -1.99543
14959 -2 -1.99543
14960 -1.98 -1.99543
14961 -2 -1.99543
14962 -1.98 -1.99543
14963 -1.98 -1.99543
14964 -1.98 -1.99542
14965 -2 -1.99542
14966 -2 -1.99542
14967 -2 -1.99542
14968 -2 -1.99543
14969 -2 -1.99543
14970 -2 -1.99543
14971 -2 -1.99543
14972 -2 -1.99543
14973 -2 -1.99543
14974 -2 -1.99543
14975 -2 -1.99543
14976 -2 -1.99543
14977 -2 -1.99543
14978 -2 -1.99543
14979 -2 -1.99543
14980 -2 -1.99543
14981 -2 -1.99543
14982 -1.98 -1.99543
14983 -2 -1.99543
14984 -2 -1.99543
14985 -2 -1.99543
14986 -2 -1.99543
14987 -2 -1.99543
14988 -2 -1.99543
14989 -2 -1.99543
14990 -2 -1.99543
14991 -2 -1.99543
14992 -2 -1.99543
14993 -2 -1.99543
14994 -2 -1.99543
14995 -2 -1.99543
14996 -2 -1.99543
14997 -2 -1.99543
14998 -1.98 -1.99543
14999 -1.98 -1.99543
15000 -2 -1.99543
15001 -1.96 -1.99543
15002 -1.98 -1.99543
15003 -1.98 -1.99543
15004 -1.98 -1.99543
15005 -2 -1.99543
15006 -2 -1.99543
15007 -2 -1.99543
15008 -2 -1.99543
15009 -2 -1.99543
15010 -2 -1.99543
15011 -2 -1.99543
15012 -2 -1.99543
15013 -2 -1.99543
15014 -2 -1.99543
15015 -2 -1.99543
15016 -1.98 -1.99543
15017 -2 -1.99543
15018 -2 -1.99543
15019 -2 -1.99543
15020 -2 -1.99543
15021 -2 -1.99543
15022 -2 -1.99543
15023 -2 -1.99543
15024 -2 -1.99543
15025 -2 -1.99543
15026 -2 -1.99543
15027 -2 -1.99543
15028 -2 -1.99543
15029 -2 -1.99543
15030 -2 -1.99543
15031 -1.98 -1.99543
15032 -1.98 -1.99543
15033 -2 -1.99543
15034 -2 -1.99543
15035 -2 -1.99543
15036 -2 -1.99543
15037 -2 -1.99543
15038 -2 -1.99543
15039 -2 -1.99543
15040 -2 -1.99543
15041 -2 -1.99543
15042 -2 -1.99543
15043 -2 -1.99543
15044 -2 -1.99543
15045 -2 -1.99543
15046 -2 -1.99543
15047 -2 -1.99543
15048 -2 -1.99543
15049 -2 -1.99544
15050 -2 -1.99544
15051 -2 -1.99544
15052 -2 -1.99544
15053 -2 -1.99544
15054 -2 -1.99544
15055 -2 -1.99544
15056 -2 -1.99544
15057 -2 -1.99544
15058 -2 -1.99544
15059 -2 -1.99544
15060 -2 -1.99544
15061 -2 -1.99544
15062 -2 -1.99544
15063 -2 -1.99544
15064 -2 -1.99544
15065 -2 -1.99544
15066 -2 -1.99544
15067 -2 -1.99544
15068 -2 -1.99544
15069 -2 -1.99544
15070 -2 -1.99544
15071 -2 -1.99544
15072 -2 -1.99544
15073 -2 -1.99544
15074 -2 -1.99544
15075 -2 -1.99544
15076 -2 -1.99544
15077 -2 -1.99544
15078 -2 -1.99544
15079 -2 -1.99544
15080 -2 -1.99544
15081 -2 -1.99544
15082 -2 -1.99545
15083 -1.98 -1.99544
15084 -1.95 -1.99544
15085 -2 -1.99544
15086 -2 -1.99544
15087 -2 -1.99544
15088 -2 -1.99544
15089 -2 -1.99544
15090 -2 -1.99544
15091 -2 -1.99544
15092 -2 -1.99544
15093 -2 -1.99544
15094 -2 -1.99544
15095 -2 -1.99544
15096 -2 -1.99544
15097 -2 -1.99545
15098 -2 -1.99545
15099 -2 -1.99545
15100 -2 -1.99545
15101 -2 -1.99545
15102 -2 -1.99545
15103 -2 -1.99545
15104 -2 -1.99545
15105 -2 -1.99545
15106 -2 -1.99545
15107 -2 -1.99545
15108 -2 -1.99545
15109 -2 -1.99545
15110 -2 -1.99545
15111 -2 -1.99545
15112 -2 -1.99545
15113 -2 -1.99545
15114 -2 -1.99545
15115 -2 -1.99545
15116 -2 -1.99545
15117 -2 -1.99545
15118 -2 -1.99545
15119 -2 -1.99545
15120 -1.98 -1.99545
15121 -1.98 -1.99545
15122 -2 -1.99545
15123 -2 -1.99545
15124 -2 -1.99545
15125 -2 -1.99545
15126 -2 -1.99545
15127 -2 -1.99545
15128 -2 -1.99545
15129 -2 -1.99545
15130 -2 -1.99545
15131 -2 -1.99545
15132 -2 -1.99545
15133 -2 -1.99545
15134 -2 -1.99545
15135 -2 -1.99545
15136 -2 -1.99545
15137 -2 -1.99545
15138 -2 -1.99545
15139 -2 -1.99546
15140 -2 -1.99546
15141 -2 -1.99546
15142 -2 -1.99546
15143 -2 -1.99546
15144 -2 -1.99546
15145 -1.98 -1.99546
15146 -1.98 -1.99545
15147 -1.97 -1.99545
15148 -1.97 -1.99545
15149 -1.98 -1.99545
15150 -2 -1.99545
15151 -2 -1.99545
15152 -2 -1.99545
15153 -1.98 -1.99545
15154 -2 -1.99545
15155 -2 -1.99545
15156 -1.98 -1.99545
15157 -1.98 -1.99545
15158 -1.98 -1.99545
15159 -2 -1.99545
15160 -2 -1.99545
15161 -2 -1.99545
15162 -2 -1.99545
15163 -2 -1.99545
15164 -2 -1.99545
15165 -2 -1.99545
15166 -1.98 -1.99545
15167 -2 -1.99545
15168 -2 -1.99545
15169 -2 -1.99545
15170 -2 -1.99545
15171 -2 -1.99545
15172 -2 -1.99545
15173 -2 -1.99545
15174 -2 -1.99545
15175 -2 -1.99545
15176 -2 -1.99545
15177 -2 -1.99545
15178 -2 -1.99545
15179 -2 -1.99545
15180 -2 -1.99545
15181 -2 -1.99545
15182 -1.98 -1.99545
15183 -2 -1.99545
15184 -2 -1.99545
15185 -2 -1.99545
15186 -2 -1.99545
15187 -2 -1.99545
15188 -2 -1.99545
15189 -1.98 -1.99545
15190 -1.98 -1.99545
15191 -2 -1.99545
15192 -2 -1.99545
15193 -2 -1.99545
15194 -2 -1.99545
15195 -1.98 -1.99545
15196 -2 -1.99545
15197 -2 -1.99545
15198 -1.98 -1.99545
15199 -1.98 -1.99545
15200 -1.96 -1.99545
15201 -2 -1.99545
15202 -2 -1.99545
15203 -2 -1.99545
15204 -2 -1.99545
15205 -2 -1.99545
15206 -2 -1.99545
15207 -2 -1.99545
15208 -2 -1.99545
15209 -2 -1.99545
15210 -2 -1.99545
15211 -1.98 -1.99545
15212 -1.98 -1.99545
15213 -2 -1.99545
15214 -2 -1.99545
15215 -2 -1.99545
15216 -2 -1.99545
15217 -2 -1.99545
15218 -2 -1.99545
15219 -2 -1.99545
15220 -2 -1.99545
15221 -2 -1.99545
15222 -2 -1.99545
15223 -2 -1.99545
15224 -2 -1.99545
15225 -2 -1.99545
15226 -2 -1.99545
15227 -2 -1.99545
15228 -2 -1.99545
15229 -2 -1.99545
15230 -2 -1.99545
15231 -2 -1.99545
15232 -2 -1.99546
15233 -1.96 -1.99545
15234 -1.98 -1.99545
15235 -2 -1.99545
15236 -2 -1.99545
15237 -2 -1.99545
15238 -2 -1.99545
15239 -2 -1.99545
15240 -1.98 -1.99545
15241 -2 -1.99545
15242 -2 -1.99545
15243 -2 -1.99545
15244 -2 -1.99545
15245 -2 -1.99545
15246 -2 -1.99545
15247 -2 -1.99545
15248 -2 -1.99545
15249 -2 -1.99546
15250 -2 -1.99546
15251 -2 -1.99546
15252 -2 -1.99546
15253 -2 -1.99546
15254 -2 -1.99546
15255 -2 -1.99546
15256 -2 -1.99546
15257 -2 -1.99546
15258 -2 -1.99546
15259 -1.98 -1.99546
15260 -1.98 -1.99546
15261 -2 -1.99546
15262 -2 -1.99546
15263 -2 -1.99546
15264 -2 -1.99546
15265 -2 -1.99546
15266 -2 -1.99546
15267 -2 -1.99546
15268 -1.98 -1.99546
15269 -2 -1.99546
15270 -1.98 -1.99546
15271 -2 -1.99546
15272 -2 -1.99546
15273 -2 -1.99546
15274 -2 -1.99546
15275 -2 -1.99546
15276 -1.98 -1.99546
15277 -2 -1.99546
15278 -1.98 -1.99546
15279 -2 -1.99546
15280 -2 -1.99546
15281 -2 -1.99546
15282 -2 -1.99546
15283 -2 -1.99546
15284 -2 -1.99546
15285 -2 -1.99546
15286 -2 -1.99546
15287 -2 -1.99546
15288 -2 -1.99546
15289 -2 -1.99546
15290 -2 -1.99546
15291 -2 -1.99546
15292 -2 -1.99546
15293 -1.97 -1.99546
15294 -1.97 -1.99546
15295 -2 -1.99546
15296 -2 -1.99546
15297 -2 -1.99546
15298 -2 -1.99546
15299 -2 -1.99546
15300 -2 -1.99546
15301 -2 -1.99546
15302 -2 -1.99546
15303 -2 -1.99546
15304 -2 -1.99546
15305 -2 -1.99546
15306 -2 -1.99546
15307 -2 -1.99546
15308 -2 -1.99546
15309 -2 -1.99546
15310 -2 -1.99546
15311 -2 -1.99546
15312 -2 -1.99546
15313 -2 -1.99546
15314 -2 -1.99546
15315 -2 -1.99546
15316 -2 -1.99546
15317 -2 -1.99546
15318 -2 -1.99546
15319 -1.98 -1.99546
15320 -2 -1.99546
15321 -2 -1.99546
15322 -2 -1.99546
15323 -2 -1.99546
15324 -2 -1.99546
15325 -2 -1.99546
15326 -2 -1.99546
15327 -2 -1.99547
15328 -2 -1.99547
15329 -2 -1.99547
15330 -2 -1.99547
15331 -2 -1.99547
15332 -2 -1.99547
15333 -1.98 -1.99547
15334 -2 -1.99547
15335 -2 -1.99547
15336 -2 -1.99547
15337 -2 -1.99547
15338 -2 -1.99547
15339 -2 -1.99547
15340 -1.98 -1.99547
15341 -1.98 -1.99547
15342 -2 -1.99547
15343 -1.98 -1.99546
15344 -2 -1.99546
15345 -2 -1.99547
15346 -2 -1.99547
15347 -2 -1.99547
15348 -2 -1.99547
15349 -2 -1.99547
15350 -2 -1.99547
15351 -2 -1.99547
15352 -2 -1.99547
15353 -2 -1.99547
15354 -2 -1.99547
15355 -1.98 -1.99547
15356 -1.97 -1.99547
15357 -1.97 -1.99546
15358 -1.98 -1.99546
15359 -1.98 -1.99546
15360 -2 -1.99546
15361 -2 -1.99546
15362 -2 -1.99546
15363 -2 -1.99546
15364 -2 -1.99546
15365 -2 -1.99546
15366 -2 -1.99546
15367 -2 -1.99546
15368 -2 -1.99546
15369 -2 -1.99546
15370 -2 -1.99546
15371 -2 -1.99547
15372 -2 -1.99547
15373 -2 -1.99547
15374 -2 -1.99547
15375 -2 -1.99547
15376 -2 -1.99547
15377 -2 -1.99547
15378 -2 -1.99547
15379 -2 -1.99547
15380 -2 -1.99547
15381 -2 -1.99547
15382 -2 -1.99547
15383 -1.98 -1.99547
15384 -2 -1.99547
15385 -2 -1.99547
15386 -2 -1.99547
15387 -2 -1.99547
15388 -2 -1.99547
15389 -2 -1.99547
15390 -2 -1.99547
15391 -2 -1.99547
15392 -2 -1.99547
15393 -1.98 -1.99547
15394 -2 -1.99547
15395 -2 -1.99547
15396 -2 -1.99547
15397 -1.98 -1.99547
15398 -1.98 -1.99547
15399 -2 -1.99547
15400 -2 -1.99547
15401 -2 -1.99547
15402 -2 -1.99547
15403 -2 -1.99547
15404 -1.98 -1.99547
15405 -1.98 -1.99547
15406 -2 -1.99547
15407 -2 -1.99547
15408 -2 -1.99547
15409 -2 -1.99547
15410 -2 -1.99547
15411 -2 -1.99547
15412 -2 -1.99547
15413 -2 -1.99547
15414 -2 -1.99547
15415 -2 -1.99547
15416 -1.97 -1.99547
15417 -1.98 -1.99547
15418 -1.96 -1.99547
15419 -1.98 -1.99546
15420 -2 -1.99546
15421 -2 -1.99546
15422 -2 -1.99547
15423 -2 -1.99547
15424 -2 -1.99547
15425 -2 -1.99547
15426 -2 -1.99547
15427 -2 -1.99547
15428 -2 -1.99547
15429 -2 -1.99547
15430 -2 -1.99547
15431 -1.98 -1.99547
15432 -1.98 -1.99547
15433 -2 -1.99547
15434 -2 -1.99547
15435 -2 -1.99547
15436 -2 -1.99547
15437 -2 -1.99547
15438 -2 -1.99547
15439 -2 -1.99547
15440 -2 -1.99547
15441 -2 -1.99547
15442 -2 -1.99547
15443 -2 -1.99547
15444 -2 -1.99547
15445 -2 -1.99547
15446 -2 -1.99547
15447 -2 -1.99547
15448 -2 -1.99547
15449 -1.98 -1.99547
15450 -2 -1.99547
15451 -2 -1.99547
15452 -2 -1.99547
15453 -1.98 -1.99547
15454 -2 -1.99547
15455 -2 -1.99547
15456 -2 -1.99547
15457 -2 -1.99547
15458 -2 -1.99547
15459 -1.98 -1.99547
15460 -1.98 -1.99547
15461 -1.98 -1.99547
15462 -2 -1.99547
15463 -2 -1.99547
15464 -1.98 -1.99547
15465 -1.98 -1.99547
15466 -2 -1.99547
15467 -2 -1.99547
15468 -2 -1.99547
15469 -2 -1.99547
15470 -2 -1.99547
15471 -2 -1.99547
15472 -2 -1.99547
15473 -2 -1.99547
15474 -1.98 -1.99547
15475 -2 -1.99547
15476 -2 -1.99547
15477 -2 -1.99547
15478 -2 -1.99547
15479 -1.98 -1.99547
15480 -2 -1.99547
15481 -2 -1.99547
15482 -2 -1.99547
15483 -2 -1.99547
15484 -2 -1.99547
15485 -2 -1.99547
15486 -2 -1.99547
15487 -2 -1.99547
15488 -2 -1.99547
15489 -2 -1.99547
15490 -2 -1.99547
15491 -2 -1.99547
15492 -2 -1.99547
15493 -2 -1.99547
15494 -2 -1.99547
15495 -2 -1.99547
15496 -2 -1.99547
15497 -1.98 -1.99547
15498 -1.98 -1.99547
15499 -1.98 -1.99547
15500 -1.98 -1.99547
15501 -2 -1.99547
15502 -2 -1.99547
15503 -2 -1.99547
15504 -2 -1.99547
15505 -2 -1.99547
15506 -2 -1.99547
15507 -1.97 -1.99547
15508 -1.96 -1.99547
15509 -2 -1.99547
15510 -1.98 -1.99547
15511 -2 -1.99547
15512 -2 -1.99547
15513 -2 -1.99547
15514 -2 -1.99547
15515 -2 -1.99547
15516 -1.98 -1.99547
15517 -2 -1.99547
15518 -2 -1.99547
15519 -2 -1.99547
15520 -2 -1.99547
15521 -2 -1.99547
15522 -2 -1.99547
15523 -2 -1.99547
15524 -2 -1.99547
15525 -2 -1.99547
15526 -2 -1.99547
15527 -1.98 -1.99547
15528 -2 -1.99547
15529 -2 -1.99547
15530 -2 -1.99547
15531 -2 -1.99547
15532 -2 -1.99547
15533 -2 -1.99547
15534 -2 -1.99547
15535 -2 -1.99547
15536 -2 -1.99547
15537 -2 -1.99547
15538 -2 -1.99547
15539 -2 -1.99547
15540 -2 -1.99547
15541 -2 -1.99547
15542 -2 -1.99547
15543 -2 -1.99547
15544 -2 -1.99547
15545 -2 -1.99547
15546 -2 -1.99547
15547 -2 -1.99547
15548 -2 -1.99547
15549 -2 -1.99547
15550 -2 -1.99547
15551 -2 -1.99548
15552 -2 -1.99548
15553 -2 -1.99548
15554 -2 -1.99548
15555 -1.96 -1.99547
15556 -1.96 -1.99547
15557 -1.98 -1.99547
15558 -2 -1.99547
15559 -2 -1.99547
15560 -1.98 -1.99547
15561 -2 -1.99547
15562 -2 -1.99547
15563 -2 -1.99547
15564 -2 -1.99547
15565 -2 -1.99547
15566 -2 -1.99547
15567 -2 -1.99547
15568 -2 -1.99547
15569 -2 -1.99547
15570 -2 -1.99547
15571 -2 -1.99547
15572 -1.98 -1.99547
15573 -2 -1.99547
15574 -1.98 -1.99547
15575 -1.96 -1.99547
15576 -1.96 -1.99547
15577 -1.98 -1.99547
15578 -2 -1.99547
15579 -2 -1.99547
15580 -2 -1.99547
15581 -2 -1.99547
15582 -2 -1.99547
15583 -2 -1.99547
15584 -2 -1.99547
15585 -2 -1.99547
15586 -2 -1.99547
15587 -2 -1.99547
15588 -1.98 -1.99547
15589 -1.98 -1.99547
15590 -2 -1.99547
15591 -2 -1.99547
15592 -2 -1.99547
15593 -2 -1.99547
15594 -2 -1.99547
15595 -2 -1.99547
15596 -2 -1.99547
15597 -2 -1.99547
15598 -2 -1.99547
15599 -2 -1.99547
15600 -2 -1.99547
15601 -2 -1.99547
15602 -2 -1.99547
15603 -2 -1.99547
15604 -2 -1.99547
15605 -2 -1.99547
15606 -2 -1.99547
15607 -2 -1.99547
15608 -2 -1.99547
15609 -2 -1.99547
15610 -2 -1.99547
15611 -2 -1.99547
15612 -2 -1.99547
15613 -2 -1.99547
15614 -2 -1.99547
15615 -2 -1.99547
15616 -2 -1.99547
15617 -1.98 -1.99547
15618 -2 -1.99547
15619 -2 -1.99547
15620 -2 -1.99547
15621 -2 -1.99547
15622 -2 -1.99548
15623 -2 -1.99548
15624 -2 -1.99548
15625 -1.98 -1.99547
15626 -1.96 -1.99547
15627 -1.98 -1.99547
15628 -2 -1.99547
15629 -2 -1.99547
15630 -2 -1.99547
15631 -2 -1.99547
15632 -2 -1.99547
15633 -2 -1.99547
15634 -2 -1.99547
15635 -2 -1.99547
15636 -2 -1.99547
15637 -2 -1.99547
15638 -1.98 -1.99547
15639 -2 -1.99547
15640 -2 -1.99547
15641 -2 -1.99547
15642 -2 -1.99547
15643 -2 -1.99547
15644 -2 -1.99548
15645 -2 -1.99548
15646 -2 -1.99548
15647 -2 -1.99548
15648 -2 -1.99548
15649 -2 -1.99548
15650 -2 -1.99548
15651 -2 -1.99548
15652 -2 -1.99548
15653 -2 -1.99548
15654 -2 -1.99548
15655 -2 -1.99548
15656 -2 -1.99548
15657 -2 -1.99548
15658 -2 -1.99548
15659 -2 -1.99548
15660 -2 -1.99548
15661 -2 -1.99548
15662 -2 -1.99548
15663 -2 -1.99548
15664 -1.98 -1.99548
15665 -2 -1.99548
15666 -2 -1.99548
15667 -2 -1.99548
15668 -2 -1.99548
15669 -2 -1.99548
15670 -2 -1.99548
15671 -2 -1.99548
15672 -2 -1.99548
15673 -2 -1.99548
15674 -2 -1.99548
15675 -2 -1.99548
15676 -2 -1.99548
15677 -2 -1.99548
15678 -1.98 -1.99548
15679 -2 -1.99548
15680 -2 -1.99548
15681 -2 -1.99548
15682 -2 -1.99548
15683 -2 -1.99548
15684 -1.98 -1.99548
15685 -2 -1.99548
15686 -2 -1.99548
15687 -2 -1.99548
15688 -2 -1.99548
15689 -2 -1.99548
15690 -2 -1.99548
15691 -2 -1.99548
15692 -2 -1.99549
15693 -2 -1.99549
15694 -2 -1.99549
15695 -2 -1.99549
15696 -2 -1.99549
15697 -2 -1.99549
15698 -2 -1.99549
15699 -2 -1.99549
15700 -2 -1.99549
15701 -2 -1.99549
15702 -2 -1.99549
15703 -2 -1.99549
15704 -2 -1.99549
15705 -2 -1.99549
15706 -1.98 -1.99549
15707 -2 -1.99549
15708 -1.98 -1.99549
15709 -2 -1.99549
15710 -2 -1.99549
15711 -2 -1.99549
15712 -2 -1.99549
15713 -2 -1.99549
15714 -2 -1.99549
15715 -2 -1.99549
15716 -2 -1.99549
15717 -2 -1.99549
15718 -1.98 -1.99549
15719 -1.98 -1.99549
15720 -1.98 -1.99549
15721 -2 -1.99549
15722 -2 -1.99549
15723 -2 -1.99549
15724 -2 -1.99549
15725 -2 -1.99549
15726 -2 -1.99549
15727 -2 -1.99549
15728 -2 -1.99549
15729 -2 -1.99549
15730 -1.98 -1.99549
15731 -1.98 -1.99549
15732 -2 -1.99549
15733 -2 -1.99549
15734 -2 -1.99549
15735 -2 -1.99549
15736 -2 -1.99549
15737 -2 -1.99549
15738 -2 -1.99549
15739 -2 -1.99549
15740 -1.98 -1.99549
15741 -2 -1.99549
15742 -2 -1.99549
15743 -2 -1.99549
15744 -2 -1.99549
15745 -2 -1.99549
15746 -2 -1.99549
15747 -2 -1.99549
15748 -2 -1.99549
15749 -1.98 -1.99549
15750 -2 -1.99549
15751 -2 -1.99549
15752 -2 -1.99549
15753 -2 -1.99549
15754 -2 -1.99549
15755 -2 -1.99549
15756 -2 -1.99549
15757 -1.98 -1.99549
15758 -1.98 -1.99549
15759 -2 -1.99549
15760 -2 -1.99549
15761 -2 -1.99549
15762 -2 -1.99549
15763 -2 -1.99549
15764 -2 -1.99549
15765 -2 -1.99549
15766 -2 -1.99549
15767 -2 -1.99549
15768 -2 -1.99549
15769 -2 -1.99549
15770 -2 -1.99549
15771 -2 -1.99549
15772 -2 -1.99549
15773 -2 -1.99549
15774 -2 -1.99549
15775 -2 -1.9955
15776 -2 -1.9955
15777 -2 -1.9955
15778 -2 -1.9955
15779 -2 -1.9955
15780 -2 -1.9955
15781 -2 -1.9955
15782 -1.98 -1.9955
15783 -1.98 -1.99549
15784 -1.98 -1.99549
15785 -2 -1.99549
15786 -2 -1.99549
15787 -2 -1.99549
15788 -2 -1.99549
15789 -2 -1.9955
15790 -2 -1.9955
15791 -2 -1.9955
15792 -2 -1.9955
15793 -2 -1.9955
15794 -2 -1.9955
15795 -2 -1.9955
15796 -2 -1.9955
15797 -2 -1.9955
15798 -2 -1.9955
15799 -2 -1.9955
15800 -2 -1.9955
15801 -2 -1.9955
15802 -2 -1.9955
15803 -2 -1.9955
15804 -2 -1.9955
15805 -2 -1.9955
15806 -2 -1.9955
15807 -2 -1.9955
15808 -2 -1.9955
15809 -2 -1.9955
15810 -2 -1.9955
15811 -2 -1.9955
15812 -2 -1.9955
15813 -2 -1.9955
15814 -2 -1.9955
15815 -2 -1.9955
15816 -2 -1.9955
15817 -2 -1.9955
15818 -1.98 -1.9955
15819 -2 -1.9955
15820 -2 -1.9955
15821 -2 -1.9955
15822 -2 -1.9955
15823 -2 -1.9955
15824 -2 -1.9955
15825 -2 -1.9955
15826 -2 -1.9955
15827 -2 -1.9955
15828 -2 -1.99551
15829 -2 -1.99551
15830 -2 -1.99551
15831 -2 -1.99551
15832 -1.98 -1.9955
15833 -1.98 -1.9955
15834 -2 -1.9955
15835 -2 -1.9955
15836 -2 -1.9955
15837 -2 -1.99551
15838 -2 -1.99551
15839 -2 -1.99551
15840 -2 -1.99551
15841 -2 -1.99551
15842 -2 -1.99551
15843 -2 -1.99551
15844 -2 -1.99551
15845 -2 -1.99551
15846 -1.98 -1.99551
15847 -2 -1.99551
15848 -1.98 -1.99551
15849 -1.97 -1.9955
15850 -1.97 -1.9955
15851 -1.98 -1.9955
15852 -1.98 -1.9955
15853 -2 -1.9955
15854 -2 -1.9955
15855 -2 -1.9955
15856 -1.98 -1.9955
15857 -2 -1.9955
15858 -2 -1.9955
15859 -2 -1.9955
15860 -2 -1.9955
15861 -2 -1.9955
15862 -2 -1.9955
15863 -2 -1.9955
15864 -2 -1.9955
15865 -2 -1.9955
15866 -2 -1.9955
15867 -2 -1.9955
15868 -2 -1.9955
15869 -2 -1.9955
15870 -2 -1.9955
15871 -1.98 -1.9955
15872 -1.98 -1.9955
15873 -2 -1.9955
15874 -2 -1.9955
15875 -2 -1.9955
15876 -2 -1.9955
15877 -2 -1.9955
15878 -2 -1.9955
15879 -2 -1.9955
15880 -1.98 -1.9955
15881 -1.98 -1.9955
15882 -2 -1.9955
15883 -1.98 -1.9955
15884 -2 -1.9955
15885 -2 -1.9955
15886 -2 -1.9955
15887 -2 -1.9955
15888 -2 -1.9955
15889 -2 -1.9955
15890 -2 -1.9955
15891 -2 -1.9955
15892 -1.98 -1.9955
15893 -2 -1.9955
15894 -2 -1.9955
15895 -2 -1.9955
15896 -2 -1.9955
15897 -2 -1.9955
15898 -2 -1.9955
15899 -2 -1.99551
15900 -2 -1.99551
15901 -2 -1.99551
15902 -2 -1.99551
15903 -2 -1.99551
15904 -2 -1.99551
15905 -2 -1.99551
15906 -1.98 -1.99551
15907 -2 -1.99551
15908 -2 -1.99551
15909 -2 -1.99551
15910 -2 -1.99551
15911 -2 -1.99551
15912 -2 -1.99551
15913 -2 -1.99551
15914 -1.98 -1.99551
15915 -1.96 -1.9955
15916 -1.98 -1.9955
15917 -1.98 -1.9955
15918 -1.98 -1.9955
15919 -1.98 -1.9955
15920 -2 -1.9955
15921 -1.98 -1.9955
15922 -1.98 -1.9955
15923 -2 -1.9955
15924 -2 -1.9955
15925 -2 -1.9955
15926 -2 -1.9955
15927 -2 -1.9955
15928 -2 -1.9955
15929 -2 -1.9955
15930 -1.98 -1.9955
15931 -1.98 -1.9955
15932 -1.98 -1.9955
15933 -2 -1.9955
15934 -2 -1.9955
15935 -2 -1.9955
15936 -2 -1.9955
15937 -2 -1.9955
15938 -2 -1.9955
15939 -2 -1.9955
15940 -2 -1.9955
15941 -2 -1.9955
15942 -2 -1.9955
15943 -2 -1.9955
15944 -2 -1.9955
15945 -2 -1.9955
15946 -1.98 -1.9955
15947 -1.98 -1.9955
15948 -2 -1.9955
15949 -2 -1.9955
15950 -2 -1.9955
15951 -2 -1.9955
15952 -2 -1.9955
15953 -2 -1.9955
15954 -2 -1.9955
15955 -2 -1.9955
15956 -2 -1.9955
15957 -2 -1.9955
15958 -2 -1.9955
15959 -2 -1.9955
15960 -2 -1.9955
15961 -1.98 -1.9955
15962 -1.98 -1.9955
15963 -1.97 -1.9955
15964 -1.98 -1.9955
15965 -2 -1.9955
15966 -2 -1.9955
15967 -2 -1.9955
15968 -2 -1.9955
15969 -2 -1.9955
15970 -2 -1.9955
15971 -2 -1.9955
15972 -2 -1.9955
15973 -2 -1.9955
15974 -2 -1.9955
15975 -2 -1.9955
15976 -2 -1.9955
15977 -2 -1.9955
15978 -2 -1.9955
15979 -2 -1.9955
15980 -2 -1.9955
15981 -2 -1.9955
15982 -2 -1.9955
15983 -2 -1.9955
15984 -2 -1.9955
15985 -2 -1.9955
15986 -2 -1.99551
15987 -2 -1.99551
15988 -2 -1.99551
15989 -2 -1.99551
15990 -2 -1.99551
15991 -2 -1.99551
15992 -2 -1.99551
15993 -1.98 -1.99551
15994 -2 -1.99551
15995 -2 -1.99551
15996 -2 -1.99551
15997 -2 -1.99551
15998 -2 -1.99551
15999 -2 -1.99551
16000 -2 -1.99551
16001 -2 -1.99551
16002 -2 -1.99551
16003 -2 -1.99551
16004 -2 -1.99551
16005 -2 -1.99551
16006 -2 -1.99551
16007 -2 -1.99551
16008 -2 -1.99551
16009 -1.98 -1.99551
16010 -1.97 -1.99551
16011 -1.98 -1.99551
16012 -2 -1.99551
16013 -2 -1.99551
16014 -2 -1.99551
16015 -2 -1.99551
16016 -2 -1.99551
16017 -2 -1.99551
16018 -2 -1.99551
16019 -2 -1.99551
16020 -1.98 -1.99551
16021 -1.98 -1.99551
16022 -1.98 -1.99551
16023 -1.98 -1.9955
16024 -2 -1.99551
16025 -2 -1.99551
16026 -2 -1.99551
16027 -2 -1.99551
16028 -2 -1.99551
16029 -2 -1.99551
16030 -2 -1.99551
16031 -2 -1.99551
16032 -2 -1.99551
16033 -2 -1.99551
16034 -2 -1.99551
16035 -2 -1.99551
16036 -2 -1.99551
16037 -2 -1.99551
16038 -2 -1.99551
16039 -2 -1.99551
16040 -2 -1.99551
16041 -2 -1.99551
16042 -2 -1.99551
16043 -2 -1.99551
16044 -2 -1.99551
16045 -2 -1.99551
16046 -2 -1.99551
16047 -2 -1.99551
16048 -2 -1.99551
16049 -2 -1.99551
16050 -2 -1.99551
16051 -2 -1.99551
16052 -2 -1.99551
16053 -2 -1.99551
16054 -1.98 -1.99551
16055 -2 -1.99551
16056 -1.98 -1.99551
16057 -2 -1.99551
16058 -2 -1.99551
16059 -2 -1.99551
16060 -2 -1.99551
16061 -2 -1.99551
16062 -2 -1.99551
16063 -2 -1.99551
16064 -2 -1.99551
16065 -2 -1.99551
16066 -2 -1.99551
16067 -2 -1.99551
16068 -2 -1.99551
16069 -2 -1.99552
16070 -2 -1.99552
16071 -2 -1.99552
16072 -2 -1.99552
16073 -2 -1.99552
16074 -2 -1.99552
16075 -2 -1.99552
16076 -2 -1.99552
16077 -2 -1.99552
16078 -1.98 -1.99552
16079 -1.98 -1.99552
16080 -1.98 -1.99551
16081 -1.98 -1.99551
16082 -2 -1.99551
16083 -2 -1.99551
16084 -2 -1.99551
16085 -2 -1.99551
16086 -2 -1.99552
16087 -2 -1.99552
16088 -2 -1.99552
16089 -2 -1.99552
16090 -2 -1.99552
16091 -2 -1.99552
16092 -2 -1.99552
16093 -2 -1.99552
16094 -1.98 -1.99552
16095 -2 -1.99552
16096 -2 -1.99552
16097 -2 -1.99552
16098 -1.96 -1.99551
16099 -1.98 -1.99551
16100 -2 -1.99551
16101 -2 -1.99551
16102 -2 -1.99551
16103 -2 -1.99551
16104 -1.98 -1.99551
16105 -1.98 -1.99551
16106 -1.94 -1.99551
16107 -1.98 -1.99551
16108 -2 -1.99551
16109 -2 -1.99551
16110 -2 -1.99551
16111 -2 -1.99551
16112 -2 -1.99551
16113 -2 -1.99551
16114 -2 -1.99551
16115 -2 -1.99551
16116 -2 -1.99551
16117 -2 -1.99551
16118 -1.98 -1.99551
16119 -2 -1.99551
16120 -2 -1.99551
16121 -2 -1.99551
16122 -2 -1.99551
16123 -2 -1.99551
16124 -2 -1.99551
16125 -2 -1.99551
16126 -2 -1.99551
16127 -2 -1.99551
16128 -2 -1.99551
16129 -2 -1.99551
16130 -2 -1.99551
16131 -1.98 -1.99551
16132 -2 -1.99551
16133 -2 -1.99551
16134 -2 -1.99551
16135 -2 -1.99551
16136 -2 -1.99551
16137 -2 -1.99551
16138 -2 -1.99551
16139 -2 -1.99551
16140 -2 -1.99552
16141 -1.98 -1.99551
16142 -2 -1.99551
16143 -2 -1.99551
16144 -2 -1.99552
16145 -2 -1.99552
16146 -2 -1.99552
16147 -2 -1.99552
16148 -2 -1.99552
16149 -2 -1.99552
16150 -2 -1.99552
16151 -2 -1.99552
16152 -2 -1.99552
16153 -2 -1.99552
16154 -2 -1.99552
16155 -2 -1.99552
16156 -2 -1.99552
16157 -2 -1.99552
16158 -1.98 -1.99552
16159 -2 -1.99552
16160 -2 -1.99552
16161 -2 -1.99552
16162 -2 -1.99552
16163 -2 -1.99552
16164 -2 -1.99552
16165 -2 -1.99552
16166 -2 -1.99552
16167 -1.98 -1.99552
16168 -2 -1.99552
16169 -2 -1.99552
16170 -2 -1.99552
16171 -2 -1.99552
16172 -2 -1.99552
16173 -2 -1.99552
16174 -2 -1.99552
16175 -2 -1.99552
16176 -2 -1.99552
16177 -2 -1.99552
16178 -2 -1.99552
16179 -2 -1.99552
16180 -2 -1.99552
16181 -2 -1.99552
16182 -2 -1.99552
16183 -2 -1.99552
16184 -2 -1.99552
16185 -2 -1.99552
16186 -2 -1.99552
16187 -2 -1.99552
16188 -2 -1.99552
16189 -2 -1.99553
16190 -2 -1.99553
16191 -2 -1.99553
16192 -2 -1.99553
16193 -2 -1.99553
16194 -2 -1.99553
16195 -2 -1.99553
16196 -1.98 -1.99553
16197 -1.96 -1.99552
16198 -2 -1.99552
16199 -2 -1.99552
16200 -2 -1.99552
16201 -2 -1.99552
16202 -2 -1.99552
16203 -2 -1.99553
16204 -2 -1.99553
16205 -2 -1.99553
16206 -2 -1.99553
16207 -1.98 -1.99553
16208 -2 -1.99553
16209 -2 -1.99553
16210 -2 -1.99553
16211 -1.98 -1.99552
16212 -1.98 -1.99552
16213 -2 -1.99552
16214 -2 -1.99552
16215 -2 -1.99552
16216 -2 -1.99553
16217 -2 -1.99553
16218 -2 -1.99553
16219 -2 -1.99553
16220 -2 -1.99553
16221 -2 -1.99553
16222 -2 -1.99553
16223 -2 -1.99553
16224 -2 -1.99553
16225 -2 -1.99553
16226 -2 -1.99553
16227 -2 -1.99553
16228 -2 -1.99553
16229 -2 -1.99553
16230 -2 -1.99553
16231 -2 -1.99553
16232 -2 -1.99553
16233 -2 -1.99553
16234 -2 -1.99553
16235 -2 -1.99553
16236 -2 -1.99553
16237 -1.98 -1.99553
16238 -2 -1.99553
16239 -2 -1.99553
16240 -2 -1.99553
16241 -2 -1.99553
16242 -2 -1.99553
16243 -2 -1.99553
16244 -2 -1.99553
16245 -2 -1.99553
16246 -2 -1.99553
16247 -1.98 -1.99553
16248 -2 -1.99553
16249 -2 -1.99553
16250 -2 -1.99553
16251 -2 -1.99553
16252 -2 -1.99553
16253 -2 -1.99553
16254 -2 -1.99553
16255 -2 -1.99553
16256 -2 -1.99553
16257 -1.98 -1.99553
16258 -1.98 -1.99553
16259 -1.98 -1.99553
16260 -1.98 -1.99553
16261 -1.98 -1.99553
16262 -1.98 -1.99553
16263 -2 -1.99553
16264 -2 -1.99553
16265 -2 -1.99553
16266 -2 -1.99553
16267 -2 -1.99553
16268 -2 -1.99553
16269 -1.98 -1.99553
16270 -1.98 -1.99553
16271 -1.98 -1.99553
16272 -2 -1.99553
16273 -2 -1.99553
16274 -2 -1.99553
16275 -2 -1.99553
16276 -2 -1.99553
16277 -2 -1.99553
16278 -2 -1.99553
16279 -2 -1.99553
16280 -1.98 -1.99553
16281 -1.98 -1.99553
16282 -1.98 -1.99553
16283 -2 -1.99553
16284 -2 -1.99553
16285 -2 -1.99553
16286 -2 -1.99553
16287 -2 -1.99553
16288 -2 -1.99553
16289 -2 -1.99553
16290 -1.98 -1.99553
16291 -1.98 -1.99553
16292 -1.98 -1.99553
16293 -2 -1.99553
16294 -2 -1.99553
16295 -2 -1.99553
16296 -2 -1.99553
16297 -2 -1.99553
16298 -2 -1.99553
16299 -2 -1.99553
16300 -2 -1.99553
16301 -2 -1.99553
16302 -2 -1.99553
16303 -2 -1.99553
16304 -2 -1.99553
16305 -2 -1.99553
16306 -2 -1.99553
16307 -2 -1.99553
16308 -2 -1.99553
16309 -2 -1.99553
16310 -1.98 -1.99553
16311 -1.98 -1.99553
16312 -2 -1.99553
16313 -1.98 -1.99553
16314 -1.98 -1.99553
16315 -2 -1.99553
16316 -2 -1.99553
16317 -2 -1.99553
16318 -2 -1.99553
16319 -2 -1.99553
16320 -1.98 -1.99553
16321 -2 -1.99553
16322 -2 -1.99553
16323 -2 -1.99553
16324 -2 -1.99553
16325 -2 -1.99553
16326 -1.98 -1.99553
16327 -2 -1.99553
16328 -2 -1.99553
16329 -1.98 -1.99553
16330 -2 -1.99553
16331 -2 -1.99553
16332 -2 -1.99553
16333 -2 -1.99553
16334 -2 -1.99553
16335 -2 -1.99553
16336 -1.98 -1.99553
16337 -2 -1.99553
16338 -2 -1.99553
16339 -2 -1.99553
16340 -2 -1.99553
16341 -2 -1.99553
16342 -1.98 -1.99553
16343 -1.98 -1.99553
16344 -1.97 -1.99553
16345 -1.98 -1.99552
16346 -1.97 -1.99552
16347 -2 -1.99552
16348 -2 -1.99552
16349 -2 -1.99552
16350 -1.98 -1.99552
16351 -2 -1.99552
16352 -2 -1.99552
16353 -2 -1.99552
16354 -2 -1.99552
16355 -2 -1.99552
16356 -2 -1.99552
16357 -2 -1.99552
16358 -2 -1.99552
16359 -2 -1.99553
16360 -2 -1.99553
16361 -2 -1.99553
16362 -2 -1.99553
16363 -2 -1.99553
16364 -2 -1.99553
16365 -2 -1.99553
16366 -1.98 -1.99553
16367 -2 -1.99553
16368 -2 -1.99553
16369 -2 -1.99553
16370 -2 -1.99553
16371 -2 -1.99553
16372 -2 -1.99553
16373 -2 -1.99553
16374 -2 -1.99553
16375 -2 -1.99553
16376 -2 -1.99553
16377 -2 -1.99553
16378 -2 -1.99553
16379 -2 -1.99553
16380 -2 -1.99553
16381 -2 -1.99553
16382 -2 -1.99553
16383 -2 -1.99553
16384 -2 -1.99553
16385 -2 -1.99553
16386 -2 -1.99553
16387 -2 -1.99553
16388 -2 -1.99553
16389 -2 -1.99553
16390 -2 -1.99553
16391 -2 -1.99553
16392 -2 -1.99553
16393 -2 -1.99553
16394 -2 -1.99553
16395 -2 -1.99553
16396 -1.98 -1.99553
16397 -2 -1.99553
16398 -2 -1.99553
16399 -2 -1.99553
16400 -2 -1.99553
16401 -2 -1.99553
16402 -2 -1.99553
16403 -2 -1.99553
16404 -2 -1.99553
16405 -2 -1.99554
16406 -2 -1.99554
16407 -1.98 -1.99553
16408 -2 -1.99553
16409 -2 -1.99554
16410 -2 -1.99554
16411 -2 -1.99554
16412 -2 -1.99554
16413 -2 -1.99554
16414 -2 -1.99554
16415 -2 -1.99554
16416 -2 -1.99554
16417 -2 -1.99554
16418 -2 -1.99554
16419 -1.98 -1.99554
16420 -2 -1.99554
16421 -2 -1.99554
16422 -2 -1.99554
16423 -2 -1.99554
16424 -2 -1.99554
16425 -2 -1.99554
16426 -2 -1.99554
16427 -2 -1.99554
16428 -2 -1.99554
16429 -2 -1.99554
16430 -2 -1.99554
16431 -2 -1.99554
16432 -2 -1.99554
16433 -2 -1.99554
16434 -1.98 -1.99554
16435 -2 -1.99554
16436 -2 -1.99554
16437 -2 -1.99554
16438 -2 -1.99554
16439 -2 -1.99554
16440 -2 -1.99554
16441 -2 -1.99554
16442 -2 -1.99554
16443 -2 -1.99554
16444 -2 -1.99554
16445 -2 -1.99554
16446 -2 -1.99554
16447 -2 -1.99554
16448 -2 -1.99554
16449 -2 -1.99554
16450 -2 -1.99554
16451 -2 -1.99554
16452 -2 -1.99554
16453 -2 -1.99554
16454 -2 -1.99554
16455 -1.98 -1.99554
16456 -2 -1.99554
16457 -1.98 -1.99554
16458 -1.98 -1.99554
16459 -1.98 -1.99554
16460 -2 -1.99554
16461 -2 -1.99554
16462 -2 -1.99554
16463 -2 -1.99554
16464 -2 -1.99554
16465 -2 -1.99554
16466 -2 -1.99554
16467 -2 -1.99554
16468 -1.98 -1.99554
16469 -1.96 -1.99554
16470 -2 -1.99554
16471 -2 -1.99554
16472 -2 -1.99554
16473 -2 -1.99554
16474 -2 -1.99554
16475 -2 -1.99554
16476 -2 -1.99554
16477 -2 -1.99554
16478 -2 -1.99554
16479 -1.98 -1.99554
16480 -2 -1.99554
16481 -2 -1.99554
16482 -1.98 -1.99554
16483 -2 -1.99554
16484 -2 -1.99554
16485 -2 -1.99554
16486 -2 -1.99554
16487 -2 -1.99554
16488 -2 -1.99554
16489 -2 -1.99554
16490 -2 -1.99554
16491 -2 -1.99554
16492 -2 -1.99554
16493 -2 -1.99554
16494 -2 -1.99554
16495 -2 -1.99554
16496 -2 -1.99555
16497 -2 -1.99555
16498 -2 -1.99555
16499 -2 -1.99555
16500 -2 -1.99555
16501 -2 -1.99555
16502 -2 -1.99555
16503 -2 -1.99555
16504 -2 -1.99555
16505 -2 -1.99555
16506 -2 -1.99555
16507 -1.98 -1.99555
16508 -1.98 -1.99555
16509 -1.98 -1.99555
16510 -2 -1.99555
16511 -2 -1.99555
16512 -2 -1.99555
16513 -2 -1.99555
16514 -2 -1.99555
16515 -2 -1.99555
16516 -2 -1.99555
16517 -2 -1.99555
16518 -1.98 -1.99555
16519 -2 -1.99555
16520 -2 -1.99555
16521 -2 -1.99555
16522 -2 -1.99555
16523 -2 -1.99555
16524 -2 -1.99555
16525 -1.98 -1.99555
16526 -2 -1.99555
16527 -2 -1.99555
16528 -2 -1.99555
16529 -2 -1.99555
16530 -2 -1.99555
16531 -2 -1.99555
16532 -2 -1.99555
16533 -2 -1.99555
16534 -2 -1.99555
16535 -2 -1.99555
16536 -2 -1.99555
16537 -2 -1.99555
16538 -2 -1.99555
16539 -2 -1.99555
16540 -2 -1.99555
16541 -2 -1.99555
16542 -2 -1.99555
16543 -2 -1.99555
16544 -2 -1.99555
16545 -2 -1.99555
16546 -2 -1.99555
16547 -2 -1.99555
16548 -1.98 -1.99555
16549 -2 -1.99555
16550 -2 -1.99555
16551 -2 -1.99555
16552 -2 -1.99555
16553 -2 -1.99555
16554 -2 -1.99555
16555 -2 -1.99555
16556 -2 -1.99555
16557 -2 -1.99555
16558 -2 -1.99555
16559 -2 -1.99555
16560 -2 -1.99556
16561 -2 -1.99556
16562 -2 -1.99556
16563 -1.98 -1.99555
16564 -2 -1.99556
16565 -2 -1.99556
16566 -2 -1.99556
16567 -2 -1.99556
16568 -2 -1.99556
16569 -2 -1.99556
16570 -2 -1.99556
16571 -2 -1.99556
16572 -2 -1.99556
16573 -1.98 -1.99556
16574 -2 -1.99556
16575 -2 -1.99556
16576 -2 -1.99556
16577 -2 -1.99556
16578 -2 -1.99556
16579 -2 -1.99556
16580 -2 -1.99556
16581 -2 -1.99556
16582 -2 -1.99556
16583 -2 -1.99556
16584 -2 -1.99556
16585 -2 -1.99556
16586 -2 -1.99556
16587 -2 -1.99556
16588 -2 -1.99556
16589 -2 -1.99556
16590 -2 -1.99556
16591 -2 -1.99556
16592 -2 -1.99556
16593 -1.98 -1.99556
16594 -1.98 -1.99556
16595 -1.97 -1.99556
16596 -1.97 -1.99556
16597 -1.97 -1.99555
16598 -2 -1.99556
16599 -2 -1.99556
16600 -2 -1.99556
16601 -2 -1.99556
16602 -2 -1.99556
16603 -1.96 -1.99555
16604 -1.98 -1.99555
16605 -1.98 -1.99555
16606 -2 -1.99555
16607 -2 -1.99555
16608 -2 -1.99555
16609 -2 -1.99555
16610 -2 -1.99555
16611 -2 -1.99555
16612 -2 -1.99555
16613 -2 -1.99555
16614 -2 -1.99555
16615 -2 -1.99555
16616 -2 -1.99556
16617 -2 -1.99556
16618 -2 -1.99556
16619 -2 -1.99556
16620 -2 -1.99556
16621 -2 -1.99556
16622 -2 -1.99556
16623 -2 -1.99556
16624 -2 -1.99556
16625 -2 -1.99556
16626 -2 -1.99556
16627 -2 -1.99556
16628 -2 -1.99556
16629 -2 -1.99556
16630 -2 -1.99556
16631 -2 -1.99556
16632 -2 -1.99556
16633 -2 -1.99556
16634 -2 -1.99556
16635 -2 -1.99556
16636 -2 -1.99556
16637 -2 -1.99556
16638 -2 -1.99556
16639 -2 -1.99556
16640 -2 -1.99556
16641 -2 -1.99556
16642 -2 -1.99556
16643 -2 -1.99556
16644 -2 -1.99556
16645 -2 -1.99556
16646 -2 -1.99556
16647 -2 -1.99556
16648 -2 -1.99556
16649 -2 -1.99556
16650 -2 -1.99556
16651 -2 -1.99556
16652 -2 -1.99556
16653 -2 -1.99557
16654 -2 -1.99557
16655 -2 -1.99557
16656 -2 -1.99557
16657 -2 -1.99557
16658 -2 -1.99557
16659 -2 -1.99557
16660 -2 -1.99557
16661 -2 -1.99557
16662 -2 -1.99557
16663 -2 -1.99557
16664 -2 -1.99557
16665 -2 -1.99557
16666 -2 -1.99557
16667 -2 -1.99557
16668 -1.98 -1.99557
16669 -1.96 -1.99557
16670 -1.98 -1.99556
16671 -1.96 -1.99556
16672 -1.98 -1.99556
16673 -2 -1.99556
16674 -2 -1.99556
16675 -2 -1.99556
16676 -2 -1.99556
16677 -1.98 -1.99556
16678 -2 -1.99556
16679 -2 -1.99556
16680 -2 -1.99556
16681 -2 -1.99556
16682 -2 -1.99556
16683 -2 -1.99556
16684 -2 -1.99556
16685 -2 -1.99556
16686 -2 -1.99556
16687 -2 -1.99556
16688 -1.98 -1.99556
16689 -2 -1.99556
16690 -2 -1.99556
16691 -2 -1.99556
16692 -2 -1.99556
16693 -2 -1.99556
16694 -2 -1.99557
16695 -2 -1.99557
16696 -2 -1.99557
16697 -2 -1.99557
16698 -2 -1.99557
16699 -2 -1.99557
16700 -1.98 -1.99557
16701 -2 -1.99557
16702 -2 -1.99557
16703 -2 -1.99557
16704 -2 -1.99557
16705 -2 -1.99557
16706 -2 -1.99557
16707 -2 -1.99557
16708 -2 -1.99557
16709 -2 -1.99557
16710 -2 -1.99557
16711 -2 -1.99557
16712 -2 -1.99557
16713 -1.98 -1.99557
16714 -2 -1.99557
16715 -2 -1.99557
16716 -2 -1.99557
16717 -2 -1.99557
16718 -2 -1.99557
16719 -2 -1.99557
16720 -2 -1.99557
16721 -2 -1.99557
16722 -2 -1.99557
16723 -2 -1.99557
16724 -2 -1.99557
16725 -2 -1.99557
16726 -2 -1.99557
16727 -2 -1.99557
16728 -2 -1.99557
16729 -2 -1.99557
16730 -2 -1.99557
16731 -2 -1.99557
16732 -2 -1.99557
16733 -2 -1.99557
16734 -2 -1.99557
16735 -2 -1.99557
16736 -1.98 -1.99557
16737 -2 -1.99557
16738 -2 -1.99557
16739 -2 -1.99557
16740 -2 -1.99557
16741 -2 -1.99557
16742 -2 -1.99557
16743 -2 -1.99557
16744 -2 -1.99557
16745 -2 -1.99558
16746 -2 -1.99558
16747 -2 -1.99558
16748 -2 -1.99558
16749 -2 -1.99558
16750 -2 -1.99558
16751 -2 -1.99558
16752 -2 -1.99558
16753 -2 -1.99558
16754 -2 -1.99558
16755 -2 -1.99558
16756 -2 -1.99558
16757 -2 -1.99558
16758 -2 -1.99558
16759 -2 -1.99558
16760 -2 -1.99558
16761 -2 -1.99558
16762 -2 -1.99558
16763 -2 -1.99558
16764 -2 -1.99558
16765 -2 -1.99558
16766 -2 -1.99558
16767 -2 -1.99558
16768 -2 -1.99558
16769 -2 -1.99558
16770 -2 -1.99558
16771 -2 -1.99558
16772 -2 -1.99558
16773 -2 -1.99558
16774 -1.98 -1.99558
16775 -1.98 -1.99558
16776 -1.98 -1.99558
16777 -2 -1.99558
16778 -2 -1.99558
16779 -2 -1.99558
16780 -1.98 -1.99558
16781 -2 -1.99558
16782 -1.98 -1.99558
16783 -1.98 -1.99558
16784 -2 -1.99558
16785 -2 -1.99558
16786 -2 -1.99558
16787 -2 -1.99558
16788 -2 -1.99558
16789 -2 -1.99558
16790 -2 -1.99558
16791 -2 -1.99558
16792 -2 -1.99558
16793 -2 -1.99558
16794 -2 -1.99558
16795 -2 -1.99558
16796 -2 -1.99558
16797 -2 -1.99558
16798 -2 -1.99558
16799 -2 -1.99558
16800 -2 -1.99558
16801 -2 -1.99558
16802 -2 -1.99558
16803 -2 -1.99558
16804 -2 -1.99558
16805 -2 -1.99558
16806 -1.98 -1.99558
16807 -1.97 -1.99558
16808 -2 -1.99558
16809 -1.97 -1.99558
16810 -1.98 -1.99558
16811 -2 -1.99558
16812 -2 -1.99558
16813 -2 -1.99558
16814 -2 -1.99558
16815 -2 -1.99558
16816 -2 -1.99558
16817 -2 -1.99558
16818 -2 -1.99558
16819 -2 -1.99558
16820 -2 -1.99558
16821 -2 -1.99558
16822 -2 -1.99558
16823 -2 -1.99558
16824 -2 -1.99558
16825 -2 -1.99558
16826 -2 -1.99558
16827 -1.98 -1.99558
16828 -1.98 -1.99558
16829 -2 -1.99558
16830 -2 -1.99558
16831 -2 -1.99558
16832 -2 -1.99558
16833 -2 -1.99558
16834 -2 -1.99558
16835 -2 -1.99558
16836 -2 -1.99558
16837 -2 -1.99558
16838 -2 -1.99558
16839 -2 -1.99558
16840 -2 -1.99558
16841 -2 -1.99558
16842 -2 -1.99559
16843 -2 -1.99559
16844 -2 -1.99559
16845 -1.98 -1.99558
16846 -1.96 -1.99558
16847 -2 -1.99558
16848 -2 -1.99558
16849 -2 -1.99558
16850 -2 -1.99558
16851 -2 -1.99558
16852 -2 -1.99558
16853 -2 -1.99558
16854 -2 -1.99558
16855 -2 -1.99558
16856 -2 -1.99559
16857 -2 -1.99559
16858 -2 -1.99559
16859 -2 -1.99559
16860 -2 -1.99559
16861 -2 -1.99559
16862 -2 -1.99559
16863 -2 -1.99559
16864 -2 -1.99559
16865 -2 -1.99559
16866 -2 -1.99559
16867 -2 -1.99559
16868 -2 -1.99559
16869 -2 -1.99559
16870 -2 -1.99559
16871 -2 -1.99559
16872 -2 -1.99559
16873 -2 -1.99559
16874 -2 -1.99559
16875 -2 -1.99559
16876 -2 -1.99559
16877 -2 -1.99559
16878 -2 -1.99559
16879 -2 -1.99559
16880 -2 -1.99559
16881 -2 -1.99559
16882 -2 -1.99559
16883 -1.98 -1.99559
16884 -2 -1.99559
16885 -2 -1.99559
16886 -1.98 -1.99559
16887 -2 -1.99559
16888 -2 -1.99559
16889 -2 -1.99559
16890 -2 -1.99559
16891 -2 -1.99559
16892 -2 -1.99559
16893 -2 -1.99559
16894 -1.98 -1.99559
16895 -1.98 -1.99559
16896 -1.98 -1.99559
16897 -1.98 -1.99559
16898 -2 -1.99559
16899 -2 -1.99559
16900 -2 -1.99559
16901 -2 -1.99559
16902 -2 -1.99559
16903 -2 -1.99559
16904 -1.98 -1.99559
16905 -1.98 -1.99559
16906 -1.98 -1.99559
16907 -2 -1.99559
16908 -2 -1.99559
16909 -2 -1.99559
16910 -2 -1.99559
16911 -2 -1.99559
16912 -1.98 -1.99559
16913 -1.98 -1.99559
16914 -2 -1.99559
16915 -2 -1.99559
16916 -2 -1.99559
16917 -2 -1.99559
16918 -2 -1.99559
16919 -2 -1.99559
16920 -2 -1.99559
16921 -2 -1.99559
16922 -2 -1.99559
16923 -2 -1.99559
16924 -2 -1.99559
16925 -2 -1.99559
16926 -2 -1.99559
16927 -2 -1.99559
16928 -2 -1.99559
16929 -2 -1.99559
16930 -2 -1.99559
16931 -2 -1.99559
16932 -2 -1.99559
16933 -2 -1.99559
16934 -2 -1.99559
16935 -2 -1.99559
16936 -2 -1.99559
16937 -2 -1.99559
16938 -2 -1.99559
16939 -2 -1.99559
16940 -2 -1.99559
16941 -2 -1.99559
16942 -2 -1.99559
16943 -2 -1.99559
16944 -2 -1.9956
16945 -2 -1.9956
16946 -2 -1.9956
16947 -2 -1.9956
16948 -2 -1.9956
16949 -2 -1.9956
16950 -2 -1.9956
16951 -2 -1.9956
16952 -2 -1.9956
16953 -2 -1.9956
16954 -2 -1.9956
16955 -2 -1.9956
16956 -2 -1.9956
16957 -2 -1.9956
16958 -2 -1.9956
16959 -2 -1.9956
16960 -2 -1.9956
16961 -2 -1.9956
16962 -2 -1.9956
16963 -2 -1.9956
16964 -2 -1.9956
16965 -2 -1.9956
16966 -2 -1.9956
16967 -2 -1.9956
16968 -2 -1.9956
16969 -2 -1.9956
16970 -2 -1.9956
16971 -2 -1.9956
16972 -2 -1.9956
16973 -2 -1.9956
16974 -2 -1.9956
16975 -2 -1.9956
16976 -2 -1.9956
16977 -1.98 -1.9956
16978 -2 -1.9956
16979 -2 -1.9956
16980 -2 -1.9956
16981 -2 -1.9956
16982 -2 -1.9956
16983 -2 -1.9956
16984 -2 -1.9956
16985 -2 -1.9956
16986 -2 -1.9956
16987 -2 -1.99561
16988 -2 -1.99561
16989 -2 -1.99561
16990 -2 -1.99561
16991 -2 -1.99561
16992 -2 -1.99561
16993 -2 -1.99561
16994 -2 -1.99561
16995 -2 -1.99561
16996 -2 -1.99561
16997 -2 -1.99561
16998 -2 -1.99561
16999 -2 -1.99561
17000 -1.98 -1.99561
17001 -1.98 -1.99561
17002 -2 -1.99561
17003 -2 -1.99561
17004 -2 -1.99561
17005 -2 -1.99561
17006 -2 -1.99561
17007 -2 -1.99561
17008 -2 -1.99561
17009 -2 -1.99561
17010 -2 -1.99561
17011 -2 -1.99561
17012 -2 -1.99561
17013 -2 -1.99561
17014 -2 -1.99561
17015 -2 -1.99561
17016 -2 -1.99561
17017 -2 -1.99561
17018 -2 -1.99561
17019 -2 -1.99561
17020 -2 -1.99561
17021 -2 -1.99561
17022 -2 -1.99561
17023 -2 -1.99561
17024 -2 -1.99561
17025 -2 -1.99561
17026 -2 -1.99561
17027 -2 -1.99561
17028 -2 -1.99561
17029 -1.98 -1.99561
17030 -2 -1.99561
17031 -2 -1.99561
17032 -2 -1.99561
17033 -2 -1.99561
17034 -2 -1.99561
17035 -2 -1.99561
17036 -2 -1.99561
17037 -2 -1.99561
17038 -2 -1.99561
17039 -1.98 -1.99561
17040 -1.98 -1.99561
17041 -2 -1.99561
17042 -2 -1.99561
17043 -2 -1.99561
17044 -1.98 -1.99561
17045 -2 -1.99561
17046 -2 -1.99561
17047 -2 -1.99561
17048 -2 -1.99561
17049 -2 -1.99561
17050 -2 -1.99561
17051 -2 -1.99561
17052 -2 -1.99561
17053 -2 -1.99562
17054 -2 -1.99562
17055 -2 -1.99562
17056 -2 -1.99562
17057 -2 -1.99562
17058 -2 -1.99562
17059 -2 -1.99562
17060 -2 -1.99562
17061 -2 -1.99562
17062 -2 -1.99562
17063 -1.98 -1.99562
17064 -1.98 -1.99562
17065 -2 -1.99562
17066 -2 -1.99562
17067 -2 -1.99562
17068 -2 -1.99562
17069 -2 -1.99562
17070 -2 -1.99562
17071 -2 -1.99562
17072 -2 -1.99562
17073 -2 -1.99562
17074 -2 -1.99562
17075 -2 -1.99562
17076 -2 -1.99562
17077 -2 -1.99562
17078 -2 -1.99562
17079 -2 -1.99562
17080 -2 -1.99562
17081 -1.98 -1.99562
17082 -2 -1.99562
17083 -2 -1.99562
17084 -2 -1.99562
17085 -2 -1.99562
17086 -2 -1.99562
17087 -2 -1.99562
17088 -2 -1.99562
17089 -2 -1.99562
17090 -2 -1.99562
17091 -2 -1.99562
17092 -2 -1.99562
17093 -2 -1.99562
17094 -1.96 -1.99562
17095 -1.96 -1.99562
17096 -1.98 -1.99562
17097 -1.98 -1.99562
17098 -2 -1.99562
17099 -2 -1.99562
17100 -2 -1.99562
17101 -2 -1.99562
17102 -2 -1.99562
17103 -2 -1.99562
17104 -1.98 -1.99562
17105 -1.98 -1.99562
17106 -2 -1.99562
17107 -2 -1.99562
17108 -2 -1.99562
17109 -1.98 -1.99562
17110 -1.96 -1.99561
17111 -2 -1.99561
17112 -2 -1.99561
17113 -2 -1.99561
17114 -2 -1.99561
17115 -2 -1.99561
17116 -2 -1.99561
17117 -2 -1.99562
17118 -2 -1.99562
17119 -2 -1.99562
17120 -2 -1.99562
17121 -2 -1.99562
17122 -2 -1.99562
17123 -2 -1.99562
17124 -2 -1.99562
17125 -2 -1.99562
17126 -2 -1.99562
17127 -2 -1.99562
17128 -2 -1.99562
17129 -1.98 -1.99562
17130 -2 -1.99562
17131 -1.98 -1.99562
17132 -2 -1.99562
17133 -2 -1.99562
17134 -2 -1.99562
17135 -2 -1.99562
17136 -2 -1.99562
17137 -2 -1.99562
17138 -2 -1.99562
17139 -2 -1.99562
17140 -2 -1.99562
17141 -2 -1.99562
17142 -2 -1.99562
17143 -2 -1.99562
17144 -2 -1.99562
17145 -2 -1.99562
17146 -2 -1.99562
17147 -2 -1.99562
17148 -2 -1.99562
17149 -2 -1.99562
17150 -2 -1.99562
17151 -2 -1.99562
17152 -2 -1.99562
17153 -1.96 -1.99562
17154 -1.96 -1.99562
17155 -1.98 -1.99562
17156 -1.98 -1.99562
17157 -1.98 -1.99561
17158 -2 -1.99562
17159 -2 -1.99562
17160 -2 -1.99562
17161 -2 -1.99562
17162 -2 -1.99562
17163 -1.98 -1.99562
17164 -2 -1.99562
17165 -2 -1.99562
17166 -2 -1.99562
17167 -2 -1.99562
17168 -2 -1.99562
17169 -2 -1.99562
17170 -2 -1.99562
17171 -2 -1.99562
17172 -2 -1.99562
17173 -2 -1.99562
17174 -2 -1.99562
17175 -2 -1.99562
17176 -1.98 -1.99562
17177 -2 -1.99562
17178 -2 -1.99562
17179 -2 -1.99562
17180 -2 -1.99562
17181 -2 -1.99562
17182 -2 -1.99562
17183 -2 -1.99562
17184 -2 -1.99562
17185 -2 -1.99562
17186 -2 -1.99562
17187 -2 -1.99562
17188 -1.98 -1.99562
17189 -2 -1.99562
17190 -2 -1.99562
17191 -2 -1.99562
17192 -2 -1.99562
17193 -2 -1.99562
17194 -2 -1.99562
17195 -2 -1.99562
17196 -2 -1.99562
17197 -2 -1.99562
17198 -2 -1.99562
17199 -1.98 -1.99562
17200 -2 -1.99562
17201 -2 -1.99562
17202 -2 -1.99562
17203 -2 -1.99562
17204 -2 -1.99562
17205 -2 -1.99562
17206 -2 -1.99562
17207 -2 -1.99562
17208 -2 -1.99562
17209 -2 -1.99562
17210 -2 -1.99562
17211 -2 -1.99562
17212 -2 -1.99562
17213 -2 -1.99562
17214 -2 -1.99562
17215 -1.98 -1.99562
17216 -2 -1.99562
17217 -1.98 -1.99562
17218 -1.98 -1.99562
17219 -2 -1.99562
17220 -2 -1.99562
17221 -2 -1.99562
17222 -2 -1.99562
17223 -2 -1.99562
17224 -2 -1.99562
17225 -2 -1.99562
17226 -2 -1.99562
17227 -2 -1.99562
17228 -2 -1.99562
17229 -2 -1.99563
17230 -2 -1.99563
17231 -2 -1.99563
17232 -2 -1.99563
17233 -2 -1.99563
17234 -2 -1.99563
17235 -2 -1.99563
17236 -1.98 -1.99563
17237 -1.98 -1.99562
17238 -2 -1.99563
17239 -2 -1.99563
17240 -2 -1.99563
17241 -2 -1.99563
17242 -2 -1.99563
17243 -2 -1.99563
17244 -2 -1.99563
17245 -2 -1.99563
17246 -2 -1.99563
17247 -2 -1.99563
17248 -2 -1.99563
17249 -2 -1.99563
17250 -2 -1.99563
17251 -2 -1.99563
17252 -2 -1.99563
17253 -2 -1.99563
17254 -2 -1.99563
17255 -2 -1.99563
17256 -2 -1.99563
17257 -2 -1.99563
17258 -2 -1.99563
17259 -2 -1.99563
17260 -2 -1.99563
17261 -2 -1.99563
17262 -2 -1.99563
17263 -2 -1.99563
17264 -2 -1.99563
17265 -2 -1.99563
17266 -2 -1.99563
17267 -2 -1.99563
17268 -2 -1.99563
17269 -2 -1.99563
17270 -2 -1.99563
17271 -2 -1.99563
17272 -2 -1.99563
17273 -2 -1.99563
17274 -1.98 -1.99563
17275 -2 -1.99563
17276 -2 -1.99563
17277 -1.98 -1.99563
17278 -1.98 -1.99563
17279 -2 -1.99563
17280 -2 -1.99563
17281 -2 -1.99563
17282 -2 -1.99563
17283 -2 -1.99563
17284 -2 -1.99563
17285 -2 -1.99563
17286 -2 -1.99563
17287 -2 -1.99563
17288 -2 -1.99563
17289 -2 -1.99563
17290 -2 -1.99563
17291 -2 -1.99563
17292 -2 -1.99564
17293 -2 -1.99564
17294 -2 -1.99564
17295 -1.98 -1.99563
17296 -2 -1.99564
17297 -2 -1.99564
17298 -2 -1.99564
17299 -2 -1.99564
17300 -2 -1.99564
17301 -2 -1.99564
17302 -2 -1.99564
17303 -2 -1.99564
17304 -1.96 -1.99563
17305 -1.98 -1.99563
17306 -2 -1.99563
17307 -2 -1.99563
17308 -2 -1.99563
17309 -2 -1.99563
17310 -2 -1.99564
17311 -2 -1.99564
17312 -2 -1.99564
17313 -2 -1.99564
17314 -2 -1.99564
17315 -2 -1.99564
17316 -2 -1.99564
17317 -2 -1.99564
17318 -2 -1.99564
17319 -2 -1.99564
17320 -2 -1.99564
17321 -2 -1.99564
17322 -2 -1.99564
17323 -2 -1.99564
17324 -2 -1.99564
17325 -2 -1.99564
17326 -2 -1.99564
17327 -2 -1.99564
17328 -2 -1.99564
17329 -2 -1.99564
17330 -2 -1.99564
17331 -2 -1.99564
17332 -2 -1.99564
17333 -2 -1.99564
17334 -2 -1.99564
17335 -2 -1.99564
17336 -2 -1.99564
17337 -2 -1.99564
17338 -2 -1.99564
17339 -1.98 -1.99564
17340 -1.98 -1.99564
17341 -2 -1.99564
17342 -2 -1.99564
17343 -2 -1.99564
17344 -2 -1.99564
17345 -2 -1.99564
17346 -2 -1.99564
17347 -1.98 -1.99564
17348 -2 -1.99564
17349 -2 -1.99564
17350 -2 -1.99564
17351 -2 -1.99564
17352 -2 -1.99564
17353 -2 -1.99564
17354 -2 -1.99564
17355 -2 -1.99564
17356 -2 -1.99564
17357 -2 -1.99564
17358 -2 -1.99564
17359 -1.98 -1.99564
17360 -1.98 -1.99564
17361 -2 -1.99564
17362 -2 -1.99564
17363 -2 -1.99564
17364 -2 -1.99564
17365 -2 -1.99564
17366 -2 -1.99564
17367 -2 -1.99564
17368 -1.98 -1.99564
17369 -2 -1.99564
17370 -2 -1.99564
17371 -2 -1.99564
17372 -2 -1.99564
17373 -2 -1.99564
17374 -2 -1.99564
17375 -2 -1.99564
17376 -2 -1.99564
17377 -2 -1.99565
17378 -2 -1.99565
17379 -2 -1.99565
17380 -2 -1.99565
17381 -1.98 -1.99564
17382 -1.96 -1.99564
17383 -1.98 -1.99564
17384 -2 -1.99564
17385 -1.98 -1.99564
17386 -2 -1.99564
17387 -2 -1.99564
17388 -2 -1.99564
17389 -2 -1.99564
17390 -2 -1.99564
17391 -2 -1.99564
17392 -2 -1.99564
17393 -2 -1.99564
17394 -2 -1.99564
17395 -2 -1.99564
17396 -2 -1.99564
17397 -2 -1.99564
17398 -2 -1.99564
17399 -2 -1.99564
17400 -2 -1.99565
17401 -2 -1.99565
17402 -2 -1.99565
17403 -2 -1.99565
17404 -2 -1.99565
17405 -2 -1.99565
17406 -2 -1.99565
17407 -2 -1.99565
17408 -2 -1.99565
17409 -2 -1.99565
17410 -2 -1.99565
17411 -2 -1.99565
17412 -2 -1.99565
17413 -2 -1.99565
17414 -2 -1.99565
17415 -2 -1.99565
17416 -2 -1.99565
17417 -2 -1.99565
17418 -2 -1.99565
17419 -2 -1.99565
17420 -1.98 -1.99565
17421 -2 -1.99565
17422 -2 -1.99565
17423 -2 -1.99565
17424 -2 -1.99565
17425 -2 -1.99565
17426 -2 -1.99565
17427 -2 -1.99565
17428 -2 -1.99565
17429 -2 -1.99565
17430 -2 -1.99565
17431 -2 -1.99565
17432 -2 -1.99565
17433 -2 -1.99565
17434 -2 -1.99565
17435 -2 -1.99565
17436 -2 -1.99565
17437 -1.98 -1.99565
17438 -2 -1.99565
17439 -2 -1.99565
17440 -1.98 -1.99565
17441 -1.98 -1.99565
17442 -2 -1.99565
17443 -2 -1.99565
17444 -2 -1.99565
17445 -2 -1.99565
17446 -2 -1.99565
17447 -2 -1.99565
17448 -2 -1.99565
17449 -2 -1.99565
17450 -2 -1.99565
17451 -2 -1.99565
17452 -1.98 -1.99565
17453 -1.98 -1.99565
17454 -1.98 -1.99565
17455 -1.98 -1.99565
17456 -2 -1.99565
17457 -2 -1.99565
17458 -2 -1.99565
17459 -2 -1.99565
17460 -2 -1.99565
17461 -2 -1.99565
17462 -2 -1.99565
17463 -2 -1.99565
17464 -2 -1.99565
17465 -2 -1.99565
17466 -2 -1.99565
17467 -2 -1.99565
17468 -2 -1.99565
17469 -2 -1.99565
17470 -2 -1.99565
17471 -2 -1.99565
17472 -2 -1.99565
17473 -2 -1.99565
17474 -2 -1.99565
17475 -2 -1.99565
17476 -2 -1.99565
17477 -2 -1.99566
17478 -2 -1.99566
17479 -2 -1.99566
17480 -2 -1.99566
17481 -2 -1.99566
17482 -2 -1.99566
17483 -2 -1.99566
17484 -2 -1.99566
17485 -2 -1.99566
17486 -1.98 -1.99566
17487 -1.98 -1.99566
17488 -1.96 -1.99565
17489 -1.98 -1.99565
17490 -2 -1.99565
17491 -2 -1.99565
17492 -2 -1.99565
17493 -2 -1.99565
17494 -1.98 -1.99565
17495 -1.98 -1.99565
17496 -2 -1.99565
17497 -2 -1.99565
17498 -2 -1.99565
17499 -1.98 -1.99565
17500 -1.98 -1.99565
17501 -2 -1.99565
17502 -2 -1.99565
17503 -2 -1.99565
17504 -1.96 -1.99565
17505 -1.96 -1.99565
17506 -2 -1.99565
17507 -2 -1.99565
17508 -2 -1.99565
17509 -2 -1.99565
17510 -2 -1.99565
17511 -2 -1.99565
17512 -2 -1.99565
17513 -2 -1.99565
17514 -1.98 -1.99565
17515 -1.98 -1.99565
17516 -1.98 -1.99565
17517 -2 -1.99565
17518 -2 -1.99565
17519 -2 -1.99565
17520 -2 -1.99565
17521 -2 -1.99565
17522 -1.98 -1.99565
17523 -1.97 -1.99565
17524 -1.98 -1.99564
17525 -2 -1.99564
17526 -2 -1.99565
17527 -1.98 -1.99564
17528 -1.95 -1.99564
17529 -1.95 -1.99564
17530 -1.97 -1.99564
17531 -1.93 -1.99563
17532 -1.97 -1.99563
17533 -1.97 -1.99563
17534 -2 -1.99563
17535 -2 -1.99563
17536 -2 -1.99563
17537 -2 -1.99563
17538 -2 -1.99563
17539 -2 -1.99563
17540 -2 -1.99563
17541 -2 -1.99563
17542 -1.98 -1.99563
17543 -2 -1.99563
17544 -2 -1.99563
17545 -2 -1.99563
17546 -2 -1.99563
17547 -1.98 -1.99563
17548 -2 -1.99563
17549 -2 -1.99563
17550 -2 -1.99563
17551 -2 -1.99563
17552 -2 -1.99563
17553 -2 -1.99563
17554 -2 -1.99563
17555 -1.98 -1.99563
17556 -2 -1.99563
17557 -2 -1.99563
17558 -2 -1.99563
17559 -2 -1.99563
17560 -2 -1.99563
17561 -2 -1.99563
17562 -2 -1.99563
17563 -1.98 -1.99563
17564 -1.96 -1.99563
17565 -1.98 -1.99563
17566 -1.98 -1.99563
17567 -1.98 -1.99563
17568 -2 -1.99563
17569 -2 -1.99563
17570 -2 -1.99563
17571 -2 -1.99563
17572 -2 -1.99563
17573 -2 -1.99563
17574 -2 -1.99563
17575 -2 -1.99563
17576 -2 -1.99563
17577 -2 -1.99563
17578 -2 -1.99563
17579 -1.98 -1.99563
17580 -2 -1.99563
17581 -2 -1.99563
17582 -2 -1.99563
17583 -1.98 -1.99563
17584 -1.98 -1.99563
17585 -1.98 -1.99563
17586 -2 -1.99563
17587 -1.98 -1.99563
17588 -1.98 -1.99563
17589 -1.98 -1.99563
17590 -1.98 -1.99563
17591 -2 -1.99563
17592 -2 -1.99563
17593 -2 -1.99563
17594 -2 -1.99563
17595 -2 -1.99563
17596 -2 -1.99563
17597 -2 -1.99563
17598 -2 -1.99563
17599 -2 -1.99563
17600 -2 -1.99563
17601 -2 -1.99563
17602 -2 -1.99563
17603 -2 -1.99563
17604 -2 -1.99563
17605 -2 -1.99563
17606 -2 -1.99563
17607 -2 -1.99563
17608 -2 -1.99563
17609 -2 -1.99563
17610 -2 -1.99563
17611 -2 -1.99563
17612 -2 -1.99563
17613 -1.98 -1.99563
17614 -2 -1.99563
17615 -2 -1.99563
17616 -2 -1.99563
17617 -2 -1.99563
17618 -2 -1.99563
17619 -1.98 -1.99563
17620 -2 -1.99563
17621 -2 -1.99563
17622 -2 -1.99563
17623 -2 -1.99563
17624 -2 -1.99563
17625 -2 -1.99563
17626 -2 -1.99563
17627 -2 -1.99563
17628 -2 -1.99563
17629 -2 -1.99563
17630 -2 -1.99563
17631 -2 -1.99563
17632 -1.98 -1.99563
17633 -2 -1.99563
17634 -2 -1.99563
17635 -2 -1.99563
17636 -2 -1.99563
17637 -2 -1.99563
17638 -2 -1.99563
17639 -2 -1.99563
17640 -2 -1.99563
17641 -2 -1.99563
17642 -2 -1.99564
17643 -2 -1.99564
17644 -2 -1.99564
17645 -2 -1.99564
17646 -2 -1.99564
17647 -1.98 -1.99564
17648 -2 -1.99564
17649 -2 -1.99564
17650 -1.98 -1.99563
17651 -1.96 -1.99563
17652 -1.98 -1.99563
17653 -1.98 -1.99563
17654 -1.98 -1.99563
17655 -2 -1.99563
17656 -2 -1.99563
17657 -2 -1.99563
17658 -2 -1.99563
17659 -2 -1.99563
17660 -2 -1.99563
17661 -2 -1.99563
17662 -2 -1.99563
17663 -2 -1.99563
17664 -2 -1.99563
17665 -1.98 -1.99563
17666 -2 -1.99563
17667 -1.98 -1.99563
17668 -1.98 -1.99563
17669 -2 -1.99563
17670 -2 -1.99563
17671 -2 -1.99563
17672 -2 -1.99563
17673 -2 -1.99563
17674 -2 -1.99563
17675 -2 -1.99563
17676 -2 -1.99563
17677 -2 -1.99563
17678 -2 -1.99563
17679 -2 -1.99563
17680 -2 -1.99563
17681 -2 -1.99563
17682 -2 -1.99563
17683 -2 -1.99563
17684 -2 -1.99563
17685 -2 -1.99563
17686 -2 -1.99563
17687 -2 -1.99563
17688 -2 -1.99564
17689 -2 -1.99564
17690 -2 -1.99564
17691 -2 -1.99564
17692 -2 -1.99564
17693 -2 -1.99564
17694 -2 -1.99564
17695 -2 -1.99564
17696 -2 -1.99564
17697 -2 -1.99564
17698 -2 -1.99564
17699 -2 -1.99564
17700 -2 -1.99564
17701 -2 -1.99564
17702 -2 -1.99564
17703 -2 -1.99564
17704 -2 -1.99564
17705 -2 -1.99564
17706 -2 -1.99564
17707 -2 -1.99564
17708 -2 -1.99564
17709 -2 -1.99564
17710 -2 -1.99564
17711 -2 -1.99564
17712 -2 -1.99564
17713 -2 -1.99564
17714 -2 -1.99564
17715 -2 -1.99564
17716 -2 -1.99564
17717 -2 -1.99564
17718 -2 -1.99564
17719 -2 -1.99564
17720 -2 -1.99564
17721 -2 -1.99564
17722 -2 -1.99564
17723 -2 -1.99564
17724 -2 -1.99564
17725 -2 -1.99564
17726 -2 -1.99564
17727 -2 -1.99564
17728 -2 -1.99564
17729 -2 -1.99565
17730 -2 -1.99565
17731 -2 -1.99565
17732 -1.98 -1.99564
17733 -2 -1.99565
17734 -2 -1.99565
17735 -2 -1.99565
17736 -2 -1.99565
17737 -2 -1.99565
17738 -2 -1.99565
17739 -1.98 -1.99565
17740 -1.98 -1.99564
17741 -1.98 -1.99564
17742 -2 -1.99564
17743 -2 -1.99564
17744 -2 -1.99564
17745 -2 -1.99564
17746 -1.98 -1.99564
17747 -1.98 -1.99564
17748 -1.98 -1.99564
17749 -1.96 -1.99564
17750 -1.98 -1.99564
17751 -1.98 -1.99564
17752 -1.98 -1.99564
17753 -2 -1.99564
17754 -2 -1.99564
17755 -2 -1.99564
17756 -2 -1.99564
17757 -2 -1.99564
17758 -2 -1.99564
17759 -2 -1.99564
17760 -2 -1.99564
17761 -2 -1.99564
17762 -2 -1.99564
17763 -2 -1.99564
17764 -2 -1.99564
17765 -2 -1.99564
17766 -2 -1.99564
17767 -2 -1.99564
17768 -2 -1.99564
17769 -2 -1.99564
17770 -2 -1.99564
17771 -2 -1.99564
17772 -2 -1.99564
17773 -2 -1.99564
17774 -2 -1.99564
17775 -2 -1.99564
17776 -2 -1.99564
17777 -2 -1.99564
17778 -2 -1.99564
17779 -2 -1.99564
17780 -2 -1.99564
17781 -2 -1.99564
17782 -2 -1.99564
17783 -2 -1.99564
17784 -2 -1.99565
17785 -2 -1.99565
17786 -2 -1.99565
17787 -2 -1.99565
17788 -2 -1.99565
17789 -2 -1.99565
17790 -2 -1.99565
17791 -2 -1.99565
17792 -2 -1.99565
17793 -1.98 -1.99565
17794 -1.98 -1.99565
17795 -2 -1.99565
17796 -2 -1.99565
17797 -2 -1.99565
17798 -2 -1.99565
17799 -2 -1.99565
17800 -2 -1.99565
17801 -2 -1.99565
17802 -2 -1.99565
17803 -2 -1.99565
17804 -1.98 -1.99565
17805 -2 -1.99565
17806 -2 -1.99565
17807 -2 -1.99565
17808 -2 -1.99565
17809 -2 -1.99565
17810 -2 -1.99565
17811 -2 -1.99565
17812 -2 -1.99565
17813 -1.97 -1.99565
17814 -1.98 -1.99565
17815 -2 -1.99565
17816 -2 -1.99565
17817 -1.98 -1.99565
17818 -2 -1.99565
17819 -2 -1.99565
17820 -1.96 -1.99564
17821 -1.98 -1.99564
17822 -2 -1.99564
17823 -1.98 -1.99564
17824 -1.98 -1.99564
17825 -2 -1.99564
17826 -2 -1.99564
17827 -2 -1.99564
17828 -1.98 -1.99564
17829 -2 -1.99564
17830 -2 -1.99564
17831 -2 -1.99564
17832 -2 -1.99564
17833 -2 -1.99564
17834 -2 -1.99564
17835 -2 -1.99564
17836 -2 -1.99564
17837 -2 -1.99564
17838 -2 -1.99564
17839 -2 -1.99564
17840 -2 -1.99564
17841 -2 -1.99565
17842 -2 -1.99565
17843 -2 -1.99565
17844 -2 -1.99565
17845 -1.98 -1.99564
17846 -2 -1.99565
17847 -2 -1.99565
17848 -1.98 -1.99564
17849 -2 -1.99564
17850 -2 -1.99565
17851 -2 -1.99565
17852 -1.98 -1.99564
17853 -1.98 -1.99564
17854 -2 -1.99564
17855 -2 -1.99564
17856 -2 -1.99564
17857 -2 -1.99564
17858 -2 -1.99564
17859 -2 -1.99565
17860 -2 -1.99565
17861 -2 -1.99565
17862 -2 -1.99565
17863 -2 -1.99565
17864 -2 -1.99565
17865 -2 -1.99565
17866 -2 -1.99565
17867 -2 -1.99565
17868 -2 -1.99565
17869 -2 -1.99565
17870 -2 -1.99565
17871 -2 -1.99565
17872 -2 -1.99565
17873 -2 -1.99565
17874 -2 -1.99565
17875 -2 -1.99565
17876 -1.98 -1.99565
17877 -2 -1.99565
17878 -2 -1.99565
17879 -2 -1.99565
17880 -2 -1.99565
17881 -1.98 -1.99565
17882 -1.96 -1.99565
17883 -2 -1.99565
17884 -2 -1.99565
17885 -2 -1.99565
17886 -2 -1.99565
17887 -2 -1.99565
17888 -2 -1.99565
17889 -2 -1.99565
17890 -2 -1.99565
17891 -2 -1.99565
17892 -2 -1.99565
17893 -2 -1.99565
17894 -2 -1.99565
17895 -1.98 -1.99565
17896 -2 -1.99565
17897 -1.98 -1.99565
17898 -2 -1.99565
17899 -2 -1.99565
17900 -2 -1.99565
17901 -2 -1.99565
17902 -2 -1.99565
17903 -2 -1.99565
17904 -2 -1.99565
17905 -2 -1.99565
17906 -2 -1.99565
17907 -2 -1.99565
17908 -2 -1.99565
17909 -2 -1.99565
17910 -2 -1.99565
17911 -2 -1.99565
17912 -2 -1.99565
17913 -2 -1.99565
17914 -2 -1.99565
17915 -2 -1.99565
17916 -2 -1.99565
17917 -2 -1.99565
17918 -2 -1.99565
17919 -2 -1.99565
17920 -2 -1.99565
17921 -2 -1.99565
17922 -2 -1.99565
17923 -1.98 -1.99565
17924 -1.98 -1.99565
17925 -2 -1.99565
17926 -2 -1.99565
17927 -2 -1.99565
17928 -2 -1.99565
17929 -2 -1.99565
17930 -2 -1.99565
17931 -2 -1.99565
17932 -2 -1.99565
17933 -2 -1.99565
17934 -2 -1.99565
17935 -2 -1.99565
17936 -2 -1.99565
17937 -2 -1.99566
17938 -2 -1.99566
17939 -2 -1.99566
17940 -2 -1.99566
17941 -2 -1.99566
17942 -1.98 -1.99566
17943 -1.98 -1.99565
17944 -1.98 -1.99565
17945 -1.98 -1.99565
17946 -2 -1.99565
17947 -2 -1.99565
17948 -2 -1.99565
17949 -2 -1.99565
17950 -2 -1.99565
17951 -2 -1.99565
17952 -2 -1.99565
17953 -2 -1.99565
17954 -2 -1.99565
17955 -2 -1.99565
17956 -2 -1.99566
17957 -2 -1.99566
17958 -2 -1.99566
17959 -2 -1.99566
17960 -2 -1.99566
17961 -2 -1.99566
17962 -2 -1.99566
17963 -1.98 -1.99566
17964 -2 -1.99566
17965 -2 -1.99566
17966 -2 -1.99566
17967 -2 -1.99566
17968 -2 -1.99566
17969 -2 -1.99566
17970 -2 -1.99566
17971 -2 -1.99566
17972 -2 -1.99566
17973 -2 -1.99566
17974 -2 -1.99566
17975 -2 -1.99566
17976 -2 -1.99566
17977 -2 -1.99566
17978 -2 -1.99566
17979 -2 -1.99566
17980 -2 -1.99566
17981 -2 -1.99566
17982 -2 -1.99566
17983 -1.98 -1.99566
17984 -2 -1.99566
17985 -2 -1.99566
17986 -2 -1.99566
17987 -2 -1.99566
17988 -2 -1.99566
17989 -2 -1.99566
17990 -2 -1.99566
17991 -2 -1.99566
17992 -2 -1.99566
17993 -2 -1.99566
17994 -2 -1.99566
17995 -2 -1.99566
17996 -1.98 -1.99566
17997 -2 -1.99566
17998 -2 -1.99566
17999 -2 -1.99566
18000 -2 -1.99566
18001 -2 -1.99566
18002 -2 -1.99566
18003 -2 -1.99566
18004 -2 -1.99566
18005 -2 -1.99566
18006 -2 -1.99566
18007 -2 -1.99566
18008 -2 -1.99566
18009 -2 -1.99566
18010 -2 -1.99566
18011 -2 -1.99567
18012 -2 -1.99567
18013 -2 -1.99567
18014 -2 -1.99567
18015 -2 -1.99567
18016 -2 -1.99567
18017 -2 -1.99567
18018 -2 -1.99567
18019 -2 -1.99567
18020 -2 -1.99567
18021 -2 -1.99567
18022 -2 -1.99567
18023 -2 -1.99567
18024 -2 -1.99567
18025 -2 -1.99567
18026 -2 -1.99567
18027 -2 -1.99567
18028 -2 -1.99567
18029 -2 -1.99567
18030 -2 -1.99567
18031 -2 -1.99567
18032 -2 -1.99567
18033 -2 -1.99567
18034 -2 -1.99567
18035 -2 -1.99567
18036 -2 -1.99567
18037 -2 -1.99567
18038 -1.96 -1.99567
18039 -1.98 -1.99567
18040 -2 -1.99567
18041 -2 -1.99567
18042 -2 -1.99567
18043 -2 -1.99567
18044 -2 -1.99567
18045 -2 -1.99567
18046 -2 -1.99567
18047 -2 -1.99567
18048 -2 -1.99567
18049 -2 -1.99567
18050 -2 -1.99567
18051 -2 -1.99567
18052 -2 -1.99567
18053 -2 -1.99567
18054 -2 -1.99567
18055 -2 -1.99567
18056 -2 -1.99567
18057 -2 -1.99567
18058 -2 -1.99567
18059 -2 -1.99567
18060 -2 -1.99567
18061 -2 -1.99567
18062 -1.98 -1.99567
18063 -2 -1.99567
18064 -1.98 -1.99567
18065 -1.98 -1.99567
18066 -2 -1.99567
18067 -1.98 -1.99567
18068 -1.98 -1.99567
18069 -1.98 -1.99567
18070 -1.98 -1.99567
18071 -2 -1.99567
18072 -2 -1.99567
18073 -2 -1.99567
18074 -1.98 -1.99567
18075 -2 -1.99567
18076 -2 -1.99567
18077 -2 -1.99567
18078 -2 -1.99567
18079 -2 -1.99567
18080 -1.98 -1.99567
18081 -2 -1.99567
18082 -2 -1.99567
18083 -2 -1.99567
18084 -2 -1.99567
18085 -1.98 -1.99567
18086 -1.98 -1.99567
18087 -2 -1.99567
18088 -2 -1.99567
18089 -2 -1.99567
18090 -2 -1.99567
18091 -2 -1.99567
18092 -1.98 -1.99567
18093 -2 -1.99567
18094 -2 -1.99567
18095 -2 -1.99567
18096 -2 -1.99567
18097 -2 -1.99567
18098 -2 -1.99567
18099 -2 -1.99567
18100 -2 -1.99567
18101 -2 -1.99567
18102 -2 -1.99567
18103 -2 -1.99567
18104 -2 -1.99567
18105 -2 -1.99567
18106 -2 -1.99567
18107 -2 -1.99567
18108 -1.98 -1.99567
18109 -1.96 -1.99567
18110 -1.98 -1.99567
18111 -1.98 -1.99567
18112 -2 -1.99567
18113 -2 -1.99567
18114 -2 -1.99567
18115 -2 -1.99567
18116 -2 -1.99567
18117 -2 -1.99567
18118 -2 -1.99567
18119 -2 -1.99567
18120 -2 -1.99567
18121 -2 -1.99567
18122 -2 -1.99567
18123 -2 -1.99567
18124 -2 -1.99567
18125 -1.96 -1.99567
18126 -1.98 -1.99567
18127 -1.95 -1.99566
18128 -1.96 -1.99566
18129 -1.96 -1.99566
18130 -2 -1.99566
18131 -2 -1.99566
18132 -2 -1.99566
18133 -2 -1.99566
18134 -2 -1.99566
18135 -2 -1.99566
18136 -2 -1.99566
18137 -2 -1.99566
18138 -2 -1.99566
18139 -2 -1.99566
18140 -1.98 -1.99566
18141 -2 -1.99566
18142 -2 -1.99566
18143 -2 -1.99566
18144 -2 -1.99566
18145 -2 -1.99566
18146 -2 -1.99566
18147 -1.98 -1.99566
18148 -2 -1.99566
18149 -2 -1.99566
18150 -2 -1.99566
18151 -2 -1.99566
18152 -2 -1.99566
18153 -2 -1.99566
18154 -2 -1.99566
18155 -2 -1.99566
18156 -2 -1.99567
18157 -2 -1.99567
18158 -2 -1.99567
18159 -2 -1.99567
18160 -2 -1.99567
18161 -2 -1.99567
18162 -1.98 -1.99567
18163 -1.98 -1.99566
18164 -2 -1.99566
18165 -1.98 -1.99566
18166 -2 -1.99566
18167 -2 -1.99566
18168 -2 -1.99566
18169 -2 -1.99566
18170 -2 -1.99567
18171 -1.98 -1.99566
18172 -1.98 -1.99566
18173 -2 -1.99566
18174 -2 -1.99566
18175 -2 -1.99566
18176 -2 -1.99566
18177 -2 -1.99566
18178 -1.96 -1.99566
18179 -1.98 -1.99566
18180 -2 -1.99566
18181 -2 -1.99566
18182 -2 -1.99566
18183 -2 -1.99566
18184 -2 -1.99566
18185 -2 -1.99566
18186 -2 -1.99566
18187 -2 -1.99566
18188 -2 -1.99566
18189 -2 -1.99566
18190 -2 -1.99566
18191 -2 -1.99566
18192 -2 -1.99566
18193 -2 -1.99567
18194 -2 -1.99567
18195 -2 -1.99567
18196 -2 -1.99567
18197 -2 -1.99567
18198 -2 -1.99567
18199 -2 -1.99567
18200 -2 -1.99567
18201 -2 -1.99567
18202 -2 -1.99567
18203 -2 -1.99567
18204 -2 -1.99567
18205 -2 -1.99567
18206 -2 -1.99567
18207 -2 -1.99567
18208 -2 -1.99567
18209 -2 -1.99567
18210 -1.98 -1.99567
18211 -2 -1.99567
18212 -2 -1.99567
18213 -2 -1.99567
18214 -2 -1.99567
18215 -2 -1.99567
18216 -2 -1.99567
18217 -1.98 -1.99567
18218 -1.98 -1.99567
18219 -1.98 -1.99567
18220 -2 -1.99567
18221 -2 -1.99567
18222 -2 -1.99567
18223 -2 -1.99567
18224 -2 -1.99567
18225 -2 -1.99567
18226 -2 -1.99567
18227 -2 -1.99567
18228 -2 -1.99567
18229 -2 -1.99567
18230 -2 -1.99567
18231 -2 -1.99567
18232 -2 -1.99567
18233 -2 -1.99567
18234 -2 -1.99567
18235 -2 -1.99567
18236 -2 -1.99567
18237 -2 -1.99567
18238 -1.98 -1.99567
18239 -2 -1.99567
18240 -2 -1.99567
18241 -2 -1.99567
18242 -2 -1.99567
18243 -2 -1.99567
18244 -2 -1.99567
18245 -2 -1.99567
18246 -2 -1.99567
18247 -2 -1.99567
18248 -2 -1.99567
18249 -2 -1.99567
18250 -2 -1.99567
18251 -2 -1.99567
18252 -2 -1.99567
18253 -2 -1.99567
18254 -2 -1.99567
18255 -2 -1.99567
18256 -2 -1.99567
18257 -2 -1.99567
18258 -2 -1.99568
18259 -1.98 -1.99567
18260 -1.98 -1.99567
18261 -2 -1.99567
18262 -2 -1.99567
18263 -2 -1.99567
18264 -1.98 -1.99567
18265 -1.98 -1.99567
18266 -1.98 -1.99567
18267 -1.97 -1.99567
18268 -2 -1.99567
18269 -2 -1.99567
18270 -2 -1.99567
18271 -2 -1.99567
18272 -2 -1.99567
18273 -2 -1.99567
18274 -2 -1.99567
18275 -2 -1.99567
18276 -2 -1.99567
18277 -2 -1.99567
18278 -2 -1.99567
18279 -2 -1.99567
18280 -1.98 -1.99567
18281 -2 -1.99567
18282 -2 -1.99567
18283 -2 -1.99567
18284 -2 -1.99567
18285 -2 -1.99567
18286 -2 -1.99567
18287 -2 -1.99567
18288 -2 -1.99567
18289 -2 -1.99567
18290 -2 -1.99567
18291 -2 -1.99567
18292 -2 -1.99567
18293 -1.98 -1.99567
18294 -2 -1.99567
18295 -2 -1.99567
18296 -2 -1.99567
18297 -2 -1.99567
18298 -1.98 -1.99567
18299 -1.98 -1.99567
18300 -2 -1.99567
18301 -2 -1.99567
18302 -2 -1.99567
18303 -2 -1.99567
18304 -2 -1.99567
18305 -2 -1.99567
18306 -2 -1.99567
18307 -2 -1.99568
18308 -2 -1.99568
18309 -2 -1.99568
18310 -2 -1.99568
18311 -2 -1.99568
18312 -2 -1.99568
18313 -2 -1.99568
18314 -2 -1.99568
18315 -2 -1.99568
18316 -1.98 -1.99568
18317 -1.98 -1.99568
18318 -2 -1.99568
18319 -2 -1.99568
18320 -2 -1.99568
18321 -2 -1.99568
18322 -2 -1.99568
18323 -2 -1.99568
18324 -2 -1.99568
18325 -2 -1.99568
18326 -2 -1.99568
18327 -2 -1.99568
18328 -2 -1.99568
18329 -2 -1.99568
18330 -2 -1.99568
18331 -2 -1.99568
18332 -2 -1.99568
18333 -2 -1.99568
18334 -2 -1.99568
18335 -1.98 -1.99568
18336 -2 -1.99568
18337 -1.98 -1.99568
18338 -1.98 -1.99568
18339 -2 -1.99568
18340 -2 -1.99568
18341 -2 -1.99568
18342 -2 -1.99568
18343 -2 -1.99568
18344 -2 -1.99568
18345 -2 -1.99568
18346 -2 -1.99568
18347 -2 -1.99568
18348 -2 -1.99568
18349 -2 -1.99568
18350 -2 -1.99568
18351 -2 -1.99568
18352 -2 -1.99568
18353 -2 -1.99568
18354 -2 -1.99568
18355 -2 -1.99568
18356 -2 -1.99568
18357 -2 -1.99568
18358 -2 -1.99568
18359 -2 -1.99568
18360 -2 -1.99568
18361 -1.98 -1.99568
18362 -1.98 -1.99568
18363 -2 -1.99568
18364 -2 -1.99568
18365 -2 -1.99568
18366 -2 -1.99568
18367 -2 -1.99568
18368 -2 -1.99568
18369 -2 -1.99568
18370 -2 -1.99568
18371 -2 -1.99568
18372 -2 -1.99568
18373 -2 -1.99568
18374 -2 -1.99568
18375 -2 -1.99568
18376 -2 -1.99568
18377 -2 -1.99568
18378 -2 -1.99568
18379 -2 -1.99568
18380 -2 -1.99568
18381 -2 -1.99568
18382 -1.98 -1.99568
18383 -1.98 -1.99568
18384 -2 -1.99568
18385 -2 -1.99568
18386 -2 -1.99568
18387 -2 -1.99568
18388 -1.98 -1.99568
18389 -2 -1.99568
18390 -2 -1.99568
18391 -2 -1.99568
18392 -2 -1.99568
18393 -2 -1.99568
18394 -2 -1.99568
18395 -2 -1.99568
18396 -2 -1.99569
18397 -2 -1.99569
18398 -2 -1.99569
18399 -2 -1.99569
18400 -2 -1.99569
18401 -2 -1.99569
18402 -1.98 -1.99569
18403 -2 -1.99569
18404 -2 -1.99569
18405 -2 -1.99569
18406 -2 -1.99569
18407 -2 -1.99569
18408 -2 -1.99569
18409 -2 -1.99569
18410 -1.98 -1.99569
18411 -2 -1.99569
18412 -2 -1.99569
18413 -2 -1.99569
18414 -2 -1.99569
18415 -2 -1.99569
18416 -2 -1.99569
18417 -2 -1.99569
18418 -2 -1.99569
18419 -2 -1.99569
18420 -2 -1.99569
18421 -2 -1.99569
18422 -2 -1.99569
18423 -2 -1.99569
18424 -2 -1.99569
18425 -2 -1.99569
18426 -2 -1.99569
18427 -2 -1.99569
18428 -2 -1.99569
18429 -1.98 -1.99569
18430 -1.98 -1.99569
18431 -1.98 -1.99569
18432 -2 -1.99569
18433 -2 -1.99569
18434 -2 -1.99569
18435 -2 -1.99569
18436 -2 -1.99569
18437 -2 -1.99569
18438 -2 -1.99569
18439 -2 -1.99569
18440 -2 -1.99569
18441 -2 -1.99569
18442 -2 -1.99569
18443 -2 -1.99569
18444 -2 -1.99569
18445 -2 -1.99569
18446 -2 -1.99569
18447 -2 -1.99569
18448 -2 -1.99569
18449 -2 -1.99569
18450 -2 -1.99569
18451 -2 -1.99569
18452 -1.98 -1.99569
18453 -2 -1.99569
18454 -2 -1.99569
18455 -2 -1.99569
18456 -2 -1.99569
18457 -2 -1.99569
18458 -2 -1.99569
18459 -2 -1.99569
18460 -2 -1.99569
18461 -2 -1.99569
18462 -2 -1.99569
18463 -2 -1.99569
18464 -2 -1.99569
18465 -2 -1.99569
18466 -2 -1.9957
18467 -2 -1.9957
18468 -2 -1.9957
18469 -2 -1.9957
18470 -2 -1.9957
18471 -2 -1.9957
18472 -2 -1.9957
18473 -2 -1.9957
18474 -2 -1.9957
18475 -2 -1.9957
18476 -2 -1.9957
18477 -2 -1.9957
18478 -2 -1.9957
18479 -1.98 -1.9957
18480 -2 -1.9957
18481 -2 -1.9957
18482 -2 -1.9957
18483 -2 -1.9957
18484 -2 -1.9957
18485 -2 -1.9957
18486 -2 -1.9957
18487 -2 -1.9957
18488 -2 -1.9957
18489 -2 -1.9957
18490 -2 -1.9957
18491 -2 -1.9957
18492 -1.98 -1.9957
18493 -2 -1.9957
18494 -2 -1.9957
18495 -2 -1.9957
18496 -2 -1.9957
18497 -2 -1.9957
18498 -2 -1.9957
18499 -1.98 -1.9957
18500 -2 -1.9957
18501 -1.94 -1.9957
18502 -1.94 -1.99569
18503 -1.98 -1.99569
18504 -1.96 -1.99569
18505 -2 -1.99569
18506 -1.98 -1.99569
18507 -1.96 -1.99569
18508 -1.98 -1.99569
18509 -2 -1.99569
18510 -2 -1.99569
18511 -2 -1.99569
18512 -2 -1.99569
18513 -2 -1.99569
18514 -1.98 -1.99569
18515 -2 -1.99569
18516 -2 -1.99569
18517 -2 -1.99569
18518 -2 -1.99569
18519 -2 -1.99569
18520 -2 -1.99569
18521 -2 -1.99569
18522 -1.98 -1.99569
18523 -1.98 -1.99569
18524 -1.97 -1.99569
18525 -2 -1.99569
18526 -2 -1.99569
18527 -2 -1.99569
18528 -2 -1.99569
18529 -2 -1.99569
18530 -2 -1.99569
18531 -2 -1.99569
18532 -2 -1.99569
18533 -2 -1.99569
18534 -2 -1.99569
18535 -2 -1.99569
18536 -2 -1.99569
18537 -2 -1.99569
18538 -2 -1.99569
18539 -2 -1.99569
18540 -2 -1.99569
18541 -2 -1.99569
18542 -2 -1.99569
18543 -2 -1.99569
18544 -2 -1.99569
18545 -2 -1.99569
18546 -2 -1.99569
18547 -2 -1.99569
18548 -2 -1.99569
18549 -2 -1.99569
18550 -1.98 -1.99569
18551 -2 -1.99569
18552 -2 -1.99569
18553 -2 -1.99569
18554 -2 -1.99569
18555 -2 -1.99569
18556 -2 -1.99569
18557 -2 -1.99569
18558 -2 -1.99569
18559 -2 -1.99569
18560 -2 -1.99569
18561 -2 -1.99569
18562 -2 -1.99569
18563 -2 -1.99569
18564 -2 -1.99569
18565 -2 -1.99569
18566 -2 -1.9957
18567 -2 -1.9957
18568 -2 -1.9957
18569 -2 -1.9957
18570 -2 -1.9957
18571 -2 -1.9957
18572 -1.98 -1.9957
18573 -2 -1.9957
18574 -2 -1.9957
18575 -2 -1.9957
18576 -2 -1.9957
18577 -2 -1.9957
18578 -2 -1.9957
18579 -2 -1.9957
18580 -2 -1.9957
18581 -2 -1.9957
18582 -2 -1.9957
18583 -2 -1.9957
18584 -2 -1.9957
18585 -2 -1.9957
18586 -2 -1.9957
18587 -2 -1.9957
18588 -2 -1.9957
18589 -1.98 -1.9957
18590 -1.98 -1.9957
18591 -2 -1.9957
18592 -1.98 -1.9957
18593 -2 -1.9957
18594 -2 -1.9957
18595 -1.98 -1.9957
18596 -1.98 -1.9957
18597 -2 -1.9957
18598 -2 -1.9957
18599 -2 -1.9957
18600 -2 -1.9957
18601 -2 -1.9957
18602 -2 -1.9957
18603 -2 -1.9957
18604 -2 -1.9957
18605 -2 -1.9957
18606 -2 -1.9957
18607 -2 -1.9957
18608 -2 -1.9957
18609 -2 -1.9957
18610 -2 -1.9957
18611 -2 -1.9957
18612 -2 -1.9957
18613 -2 -1.9957
18614 -2 -1.9957
18615 -2 -1.9957
18616 -2 -1.9957
18617 -2 -1.9957
18618 -2 -1.9957
18619 -2 -1.9957
18620 -2 -1.9957
18621 -2 -1.9957
18622 -1.98 -1.9957
18623 -1.98 -1.9957
18624 -1.98 -1.9957
18625 -1.98 -1.9957
18626 -2 -1.9957
18627 -2 -1.9957
18628 -2 -1.9957
18629 -2 -1.9957
18630 -2 -1.9957
18631 -2 -1.9957
18632 -2 -1.9957
18633 -2 -1.9957
18634 -2 -1.9957
18635 -2 -1.9957
18636 -2 -1.9957
18637 -2 -1.9957
18638 -2 -1.9957
18639 -2 -1.9957
18640 -2 -1.9957
18641 -2 -1.9957
18642 -2 -1.9957
18643 -2 -1.9957
18644 -2 -1.9957
18645 -2 -1.9957
18646 -2 -1.9957
18647 -2 -1.9957
18648 -2 -1.9957
18649 -2 -1.9957
18650 -2 -1.9957
18651 -2 -1.9957
18652 -1.98 -1.9957
18653 -2 -1.9957
18654 -2 -1.9957
18655 -2 -1.9957
18656 -1.98 -1.9957
18657 -2 -1.9957
18658 -2 -1.9957
18659 -2 -1.9957
18660 -2 -1.9957
18661 -2 -1.9957
18662 -2 -1.9957
18663 -2 -1.9957
18664 -2 -1.9957
18665 -2 -1.99571
18666 -1.98 -1.9957
18667 -2 -1.9957
18668 -2 -1.9957
18669 -2 -1.9957
18670 -2 -1.99571
18671 -2 -1.99571
18672 -1.98 -1.9957
18673 -1.96 -1.9957
18674 -1.98 -1.9957
18675 -1.98 -1.9957
18676 -1.98 -1.9957
18677 -2 -1.9957
18678 -2 -1.9957
18679 -2 -1.9957
18680 -2 -1.9957
18681 -2 -1.9957
18682 -2 -1.9957
18683 -1.98 -1.9957
18684 -2 -1.9957
18685 -2 -1.9957
18686 -2 -1.9957
18687 -2 -1.9957
18688 -2 -1.9957
18689 -2 -1.9957
18690 -2 -1.9957
18691 -1.98 -1.9957
18692 -2 -1.9957
18693 -2 -1.9957
18694 -2 -1.9957
18695 -2 -1.9957
18696 -2 -1.9957
18697 -2 -1.9957
18698 -2 -1.9957
18699 -2 -1.9957
18700 -2 -1.9957
18701 -2 -1.9957
18702 -2 -1.9957
18703 -2 -1.9957
18704 -2 -1.9957
18705 -2 -1.9957
18706 -2 -1.9957
18707 -2 -1.99571
18708 -2 -1.99571
18709 -2 -1.99571
18710 -2 -1.99571
18711 -2 -1.99571
18712 -2 -1.99571
18713 -2 -1.99571
18714 -2 -1.99571
18715 -2 -1.99571
18716 -2 -1.99571
18717 -2 -1.99571
18718 -2 -1.99571
18719 -2 -1.99571
18720 -2 -1.99571
18721 -2 -1.99571
18722 -2 -1.99571
18723 -2 -1.99571
18724 -2 -1.99571
18725 -2 -1.99571
18726 -2 -1.99571
18727 -1.98 -1.99571
18728 -2 -1.99571
18729 -2 -1.99571
18730 -2 -1.99571
18731 -2 -1.99571
18732 -2 -1.99571
18733 -2 -1.99571
18734 -2 -1.99571
18735 -2 -1.99571
18736 -2 -1.99571
18737 -2 -1.99571
18738 -2 -1.99571
18739 -2 -1.99571
18740 -2 -1.99571
18741 -2 -1.99571
18742 -2 -1.99571
18743 -2 -1.99571
18744 -2 -1.99571
18745 -1.98 -1.99571
18746 -1.96 -1.99571
18747 -1.96 -1.99571
18748 -1.98 -1.99571
18749 -2 -1.99571
18750 -2 -1.99571
18751 -2 -1.99571
18752 -2 -1.99571
18753 -2 -1.99571
18754 -2 -1.99571
18755 -2 -1.99571
18756 -2 -1.99571
18757 -2 -1.99571
18758 -2 -1.99571
18759 -2 -1.99571
18760 -1.98 -1.99571
18761 -1.98 -1.99571
18762 -1.98 -1.99571
18763 -2 -1.99571
18764 -2 -1.99571
18765 -1.98 -1.99571
18766 -1.98 -1.99571
18767 -1.98 -1.9957
18768 -2 -1.99571
18769 -2 -1.99571
18770 -2 -1.99571
18771 -2 -1.99571
18772 -2 -1.99571
18773 -2 -1.99571
18774 -2 -1.99571
18775 -2 -1.99571
18776 -2 -1.99571
18777 -2 -1.99571
18778 -2 -1.99571
18779 -2 -1.99571
18780 -2 -1.99571
18781 -2 -1.99571
18782 -2 -1.99571
18783 -2 -1.99571
18784 -2 -1.99571
18785 -1.98 -1.99571
18786 -1.97 -1.99571
18787 -2 -1.99571
18788 -2 -1.99571
18789 -2 -1.99571
18790 -2 -1.99571
18791 -2 -1.99571
18792 -2 -1.99571
18793 -2 -1.99571
18794 -2 -1.99571
18795 -2 -1.99571
18796 -2 -1.99571
18797 -2 -1.99571
18798 -1.98 -1.99571
18799 -1.98 -1.99571
18800 -1.98 -1.99571
18801 -1.98 -1.99571
18802 -2 -1.99571
18803 -2 -1.99571
18804 -2 -1.99571
18805 -1.98 -1.99571
18806 -2 -1.99571
18807 -2 -1.99571
18808 -2 -1.99571
18809 -2 -1.99571
18810 -2 -1.99571
18811 -2 -1.99571
18812 -2 -1.99571
18813 -2 -1.99571
18814 -1.96 -1.99571
18815 -2 -1.99571
18816 -2 -1.99571
18817 -2 -1.99571
18818 -2 -1.99571
18819 -2 -1.99571
18820 -2 -1.99571
18821 -2 -1.99571
18822 -2 -1.99571
18823 -2 -1.99571
18824 -2 -1.99571
18825 -1.98 -1.99571
18826 -2 -1.99571
18827 -2 -1.99571
18828 -2 -1.99571
18829 -2 -1.99571
18830 -2 -1.99571
18831 -2 -1.99571
18832 -2 -1.99571
18833 -2 -1.99571
18834 -2 -1.99571
18835 -2 -1.99571
18836 -2 -1.99571
18837 -2 -1.99571
18838 -2 -1.99571
18839 -2 -1.99571
18840 -2 -1.99571
18841 -2 -1.99571
18842 -2 -1.99571
18843 -1.96 -1.99571
18844 -1.98 -1.99571
18845 -2 -1.99571
18846 -2 -1.99571
18847 -2 -1.99571
18848 -2 -1.99571
18849 -2 -1.99571
18850 -2 -1.99571
18851 -2 -1.99571
18852 -2 -1.99571
18853 -2 -1.99571
18854 -2 -1.99571
18855 -2 -1.99571
18856 -2 -1.99571
18857 -2 -1.99571
18858 -2 -1.99571
18859 -2 -1.99571
18860 -2 -1.99571
18861 -2 -1.99571
18862 -2 -1.99571
18863 -2 -1.99571
18864 -2 -1.99571
18865 -2 -1.99571
18866 -2 -1.99571
18867 -2 -1.99571
18868 -2 -1.99571
18869 -2 -1.99571
18870 -2 -1.99571
18871 -2 -1.99571
18872 -2 -1.99571
18873 -2 -1.99571
18874 -2 -1.99571
18875 -2 -1.99572
18876 -2 -1.99572
18877 -2 -1.99572
18878 -2 -1.99572
18879 -2 -1.99572
18880 -2 -1.99572
18881 -2 -1.99572
18882 -2 -1.99572
18883 -2 -1.99572
18884 -1.98 -1.99572
18885 -2 -1.99572
18886 -2 -1.99572
18887 -2 -1.99572
18888 -2 -1.99572
18889 -2 -1.99572
18890 -2 -1.99572
18891 -2 -1.99572
18892 -2 -1.99572
18893 -2 -1.99572
18894 -1.98 -1.99572
18895 -2 -1.99572
18896 -2 -1.99572
18897 -2 -1.99572
18898 -2 -1.99572
18899 -2 -1.99572
18900 -2 -1.99572
18901 -2 -1.99572
18902 -1.98 -1.99572
18903 -2 -1.99572
18904 -2 -1.99572
18905 -2 -1.99572
18906 -2 -1.99572
18907 -2 -1.99572
18908 -1.98 -1.99572
18909 -2 -1.99572
18910 -2 -1.99572
18911 -2 -1.99572
18912 -2 -1.99572
18913 -2 -1.99572
18914 -2 -1.99572
18915 -2 -1.99572
18916 -2 -1.99572
18917 -2 -1.99572
18918 -2 -1.99572
18919 -2 -1.99572
18920 -2 -1.99572
18921 -2 -1.99572
18922 -2 -1.99572
18923 -2 -1.99572
18924 -2 -1.99572
18925 -2 -1.99572
18926 -2 -1.99572
18927 -2 -1.99572
18928 -2 -1.99572
18929 -2 -1.99572
18930 -2 -1.99572
18931 -2 -1.99572
18932 -2 -1.99572
18933 -2 -1.99572
18934 -2 -1.99572
18935 -2 -1.99572
18936 -2 -1.99572
18937 -2 -1.99572
18938 -2 -1.99573
18939 -2 -1.99573
18940 -2 -1.99573
18941 -2 -1.99573
18942 -1.98 -1.99573
18943 -2 -1.99573
18944 -2 -1.99573
18945 -2 -1.99573
18946 -2 -1.99573
18947 -2 -1.99573
18948 -2 -1.99573
18949 -2 -1.99573
18950 -2 -1.99573
18951 -2 -1.99573
18952 -2 -1.99573
18953 -2 -1.99573
18954 -2 -1.99573
18955 -2 -1.99573
18956 -2 -1.99573
18957 -2 -1.99573
18958 -2 -1.99573
18959 -2 -1.99573
18960 -2 -1.99573
18961 -2 -1.99573
18962 -1.98 -1.99573
18963 -2 -1.99573
18964 -2 -1.99573
18965 -2 -1.99573
18966 -2 -1.99573
18967 -2 -1.99573
18968 -2 -1.99573
18969 -2 -1.99573
18970 -2 -1.99573
18971 -2 -1.99573
18972 -2 -1.99573
18973 -2 -1.99573
18974 -2 -1.99573
18975 -2 -1.99573
18976 -2 -1.99573
18977 -2 -1.99573
18978 -2 -1.99573
18979 -2 -1.99573
18980 -2 -1.99573
18981 -2 -1.99573
18982 -2 -1.99573
18983 -2 -1.99573
18984 -2 -1.99573
18985 -2 -1.99573
18986 -2 -1.99573
18987 -2 -1.99573
18988 -2 -1.99573
18989 -2 -1.99573
18990 -2 -1.99573
18991 -2 -1.99574
18992 -2 -1.99574
18993 -2 -1.99574
18994 -2 -1.99574
18995 -2 -1.99574
18996 -2 -1.99574
18997 -2 -1.99574
18998 -2 -1.99574
18999 -2 -1.99574
19000 -2 -1.99574
19001 -2 -1.99574
19002 -2 -1.99574
19003 -2 -1.99574
19004 -2 -1.99574
19005 -2 -1.99574
19006 -2 -1.99574
19007 -2 -1.99574
19008 -2 -1.99574
19009 -2 -1.99574
19010 -1.96 -1.99574
19011 -1.96 -1.99574
19012 -2 -1.99574
19013 -2 -1.99574
19014 -2 -1.99574
19015 -2 -1.99574
19016 -2 -1.99574
19017 -1.98 -1.99574
19018 -2 -1.99574
19019 -2 -1.99574
19020 -2 -1.99574
19021 -2 -1.99574
19022 -2 -1.99574
19023 -2 -1.99574
19024 -2 -1.99574
19025 -2 -1.99574
19026 -2 -1.99574
19027 -2 -1.99574
19028 -1.98 -1.99574
19029 -2 -1.99574
19030 -2 -1.99574
19031 -2 -1.99574
19032 -2 -1.99574
19033 -2 -1.99574
19034 -2 -1.99574
19035 -2 -1.99574
19036 -2 -1.99574
19037 -2 -1.99574
19038 -2 -1.99574
19039 -2 -1.99574
19040 -2 -1.99574
19041 -2 -1.99574
19042 -2 -1.99574
19043 -1.98 -1.99574
19044 -2 -1.99574
19045 -2 -1.99574
19046 -2 -1.99574
19047 -2 -1.99574
19048 -2 -1.99574
19049 -2 -1.99574
19050 -2 -1.99574
19051 -2 -1.99574
19052 -2 -1.99574
19053 -1.98 -1.99574
19054 -2 -1.99574
19055 -2 -1.99574
19056 -2 -1.99574
19057 -2 -1.99574
19058 -2 -1.99574
19059 -2 -1.99574
19060 -2 -1.99574
19061 -2 -1.99574
19062 -2 -1.99574
19063 -2 -1.99574
19064 -2 -1.99574
19065 -2 -1.99574
19066 -2 -1.99574
19067 -1.98 -1.99574
19068 -2 -1.99574
19069 -2 -1.99574
19070 -2 -1.99574
19071 -2 -1.99574
19072 -2 -1.99574
19073 -2 -1.99574
19074 -2 -1.99574
19075 -2 -1.99574
19076 -2 -1.99574
19077 -2 -1.99574
19078 -2 -1.99575
19079 -2 -1.99575
19080 -2 -1.99575
19081 -2 -1.99575
19082 -2 -1.99575
19083 -2 -1.99575
19084 -2 -1.99575
19085 -2 -1.99575
19086 -2 -1.99575
19087 -2 -1.99575
19088 -2 -1.99575
19089 -2 -1.99575
19090 -2 -1.99575
19091 -2 -1.99575
19092 -2 -1.99575
19093 -2 -1.99575
19094 -1.96 -1.99575
19095 -1.96 -1.99574
19096 -1.98 -1.99574
19097 -2 -1.99574
19098 -2 -1.99574
19099 -2 -1.99574
19100 -2 -1.99574
19101 -2 -1.99574
19102 -2 -1.99575
19103 -2 -1.99575
19104 -2 -1.99575
19105 -2 -1.99575
19106 -2 -1.99575
19107 -2 -1.99575
19108 -2 -1.99575
19109 -2 -1.99575
19110 -2 -1.99575
19111 -2 -1.99575
19112 -2 -1.99575
19113 -1.98 -1.99575
19114 -2 -1.99575
19115 -2 -1.99575
19116 -2 -1.99575
19117 -2 -1.99575
19118 -2 -1.99575
19119 -2 -1.99575
19120 -2 -1.99575
19121 -2 -1.99575
19122 -2 -1.99575
19123 -2 -1.99575
19124 -2 -1.99575
19125 -2 -1.99575
19126 -2 -1.99575
19127 -2 -1.99575
19128 -2 -1.99575
19129 -2 -1.99575
19130 -1.98 -1.99575
19131 -2 -1.99575
19132 -2 -1.99575
19133 -2 -1.99575
19134 -1.96 -1.99575
19135 -1.98 -1.99575
19136 -2 -1.99575
19137 -2 -1.99575
19138 -2 -1.99575
19139 -1.98 -1.99575
19140 -2 -1.99575
19141 -2 -1.99575
19142 -2 -1.99575
19143 -2 -1.99575
19144 -2 -1.99575
19145 -2 -1.99575
19146 -2 -1.99575
19147 -1.98 -1.99575
19148 -2 -1.99575
19149 -1.98 -1.99575
19150 -1.98 -1.99575
19151 -2 -1.99575
19152 -2 -1.99575
19153 -2 -1.99575
19154 -2 -1.99575
19155 -2 -1.99575
19156 -2 -1.99575
19157 -2 -1.99575
19158 -2 -1.99575
19159 -2 -1.99575
19160 -2 -1.99575
19161 -2 -1.99575
19162 -2 -1.99575
19163 -2 -1.99575
19164 -2 -1.99575
19165 -2 -1.99575
19166 -2 -1.99575
19167 -2 -1.99575
19168 -2 -1.99575
19169 -2 -1.99575
19170 -2 -1.99575
19171 -2 -1.99575
19172 -2 -1.99575
19173 -2 -1.99575
19174 -2 -1.99575
19175 -2 -1.99575
19176 -2 -1.99575
19177 -2 -1.99575
19178 -2 -1.99575
19179 -2 -1.99575
19180 -2 -1.99575
19181 -2 -1.99575
19182 -2 -1.99575
19183 -2 -1.99575
19184 -2 -1.99575
19185 -2 -1.99575
19186 -2 -1.99575
19187 -2 -1.99575
19188 -2 -1.99575
19189 -2 -1.99576
19190 -2 -1.99576
19191 -2 -1.99576
19192 -2 -1.99576
19193 -2 -1.99576
19194 -2 -1.99576
19195 -2 -1.99576
19196 -2 -1.99576
19197 -2 -1.99576
19198 -2 -1.99576
19199 -2 -1.99576
19200 -2 -1.99576
19201 -1.98 -1.99576
19202 -2 -1.99576
19203 -2 -1.99576
19204 -2 -1.99576
19205 -2 -1.99576
19206 -2 -1.99576
19207 -2 -1.99576
19208 -2 -1.99576
19209 -2 -1.99576
19210 -2 -1.99576
19211 -2 -1.99576
19212 -2 -1.99576
19213 -1.98 -1.99576
19214 -2 -1.99576
19215 -2 -1.99576
19216 -2 -1.99576
19217 -2 -1.99576
19218 -2 -1.99576
19219 -2 -1.99576
19220 -1.98 -1.99576
19221 -2 -1.99576
19222 -2 -1.99576
19223 -2 -1.99576
19224 -2 -1.99576
19225 -2 -1.99576
19226 -2 -1.99576
19227 -2 -1.99576
19228 -2 -1.99576
19229 -2 -1.99576
19230 -2 -1.99576
19231 -2 -1.99576
19232 -2 -1.99576
19233 -2 -1.99576
19234 -2 -1.99576
19235 -2 -1.99576
19236 -2 -1.99576
19237 -2 -1.99576
19238 -1.98 -1.99576
19239 -1.98 -1.99576
19240 -1.98 -1.99576
19241 -2 -1.99576
19242 -2 -1.99576
19243 -1.98 -1.99576
19244 -1.98 -1.99576
19245 -2 -1.99576
19246 -2 -1.99576
19247 -2 -1.99576
19248 -2 -1.99576
19249 -2 -1.99576
19250 -2 -1.99576
19251 -2 -1.99576
19252 -2 -1.99576
19253 -2 -1.99576
19254 -1.98 -1.99576
19255 -1.98 -1.99576
19256 -1.98 -1.99576
19257 -2 -1.99576
19258 -2 -1.99576
19259 -1.98 -1.99576
19260 -2 -1.99576
19261 -2 -1.99576
19262 -2 -1.99576
19263 -2 -1.99576
19264 -2 -1.99576
19265 -2 -1.99576
19266 -2 -1.99576
19267 -1.98 -1.99576
19268 -1.98 -1.99576
19269 -1.98 -1.99576
19270 -2 -1.99576
19271 -2 -1.99576
19272 -2 -1.99576
19273 -2 -1.99576
19274 -2 -1.99576
19275 -2 -1.99576
19276 -2 -1.99576
19277 -2 -1.99576
19278 -2 -1.99576
19279 -2 -1.99576
19280 -1.96 -1.99576
19281 -1.98 -1.99576
19282 -2 -1.99576
19283 -2 -1.99576
19284 -2 -1.99576
19285 -2 -1.99576
19286 -2 -1.99576
19287 -2 -1.99576
19288 -2 -1.99576
19289 -2 -1.99576
19290 -2 -1.99576
19291 -2 -1.99576
19292 -2 -1.99576
19293 -2 -1.99576
19294 -2 -1.99576
19295 -2 -1.99576
19296 -2 -1.99576
19297 -2 -1.99576
19298 -1.98 -1.99576
19299 -2 -1.99576
19300 -2 -1.99576
19301 -2 -1.99576
19302 -2 -1.99576
19303 -2 -1.99576
19304 -2 -1.99576
19305 -2 -1.99576
19306 -1.98 -1.99576
19307 -1.98 -1.99576
19308 -1.98 -1.99576
19309 -2 -1.99576
19310 -1.98 -1.99576
19311 -2 -1.99576
19312 -2 -1.99576
19313 -1.98 -1.99576
19314 -1.96 -1.99576
19315 -2 -1.99576
19316 -2 -1.99576
19317 -2 -1.99576
19318 -2 -1.99576
19319 -2 -1.99576
19320 -2 -1.99576
19321 -2 -1.99576
19322 -2 -1.99576
19323 -1.98 -1.99576
19324 -2 -1.99576
19325 -2 -1.99576
19326 -1.98 -1.99576
19327 -1.98 -1.99576
19328 -1.98 -1.99575
19329 -2 -1.99575
19330 -2 -1.99576
19331 -2 -1.99576
19332 -1.98 -1.99575
19333 -2 -1.99575
19334 -2 -1.99575
19335 -1.98 -1.99575
19336 -2 -1.99575
19337 -2 -1.99575
19338 -2 -1.99575
19339 -2 -1.99575
19340 -2 -1.99576
19341 -2 -1.99576
19342 -2 -1.99576
19343 -2 -1.99576
19344 -2 -1.99576
19345 -2 -1.99576
19346 -2 -1.99576
19347 -2 -1.99576
19348 -2 -1.99576
19349 -2 -1.99576
19350 -2 -1.99576
19351 -2 -1.99576
19352 -2 -1.99576
19353 -2 -1.99576
19354 -2 -1.99576
19355 -2 -1.99576
19356 -2 -1.99576
19357 -2 -1.99576
19358 -2 -1.99576
19359 -2 -1.99576
19360 -2 -1.99576
19361 -2 -1.99576
19362 -1.98 -1.99576
19363 -2 -1.99576
19364 -2 -1.99576
19365 -2 -1.99576
19366 -2 -1.99576
19367 -2 -1.99576
19368 -2 -1.99576
19369 -2 -1.99576
19370 -2 -1.99576
19371 -2 -1.99576
19372 -2 -1.99576
19373 -2 -1.99576
19374 -2 -1.99576
19375 -2 -1.99576
19376 -2 -1.99576
19377 -2 -1.99576
19378 -2 -1.99576
19379 -2 -1.99576
19380 -2 -1.99576
19381 -2 -1.99576
19382 -2 -1.99576
19383 -2 -1.99576
19384 -2 -1.99576
19385 -2 -1.99576
19386 -2 -1.99576
19387 -2 -1.99576
19388 -2 -1.99576
19389 -2 -1.99576
19390 -2 -1.99577
19391 -2 -1.99577
19392 -2 -1.99577
19393 -2 -1.99577
19394 -2 -1.99577
19395 -2 -1.99577
19396 -2 -1.99577
19397 -2 -1.99577
19398 -2 -1.99577
19399 -2 -1.99577
19400 -2 -1.99577
19401 -2 -1.99577
19402 -2 -1.99577
19403 -2 -1.99577
19404 -1.98 -1.99577
19405 -2 -1.99577
19406 -2 -1.99577
19407 -1.98 -1.99577
19408 -1.98 -1.99577
19409 -1.98 -1.99577
19410 -2 -1.99577
19411 -2 -1.99577
19412 -2 -1.99577
19413 -2 -1.99577
19414 -2 -1.99577
19415 -2 -1.99577
19416 -2 -1.99577
19417 -2 -1.99577
19418 -2 -1.99577
19419 -2 -1.99577
19420 -2 -1.99577
19421 -2 -1.99577
19422 -2 -1.99577
19423 -2 -1.99577
19424 -2 -1.99577
19425 -2 -1.99577
19426 -2 -1.99577
19427 -2 -1.99577
19428 -1.98 -1.99577
19429 -1.98 -1.99577
19430 -1.96 -1.99577
19431 -1.98 -1.99576
19432 -2 -1.99576
19433 -2 -1.99577
19434 -2 -1.99577
19435 -2 -1.99577
19436 -2 -1.99577
19437 -2 -1.99577
19438 -2 -1.99577
19439 -2 -1.99577
19440 -2 -1.99577
19441 -2 -1.99577
19442 -2 -1.99577
19443 -2 -1.99577
19444 -2 -1.99577
19445 -2 -1.99577
19446 -2 -1.99577
19447 -1.98 -1.99577
19448 -2 -1.99577
19449 -2 -1.99577
19450 -2 -1.99577
19451 -2 -1.99577
19452 -2 -1.99577
19453 -2 -1.99577
19454 -2 -1.99577
19455 -2 -1.99577
19456 -2 -1.99577
19457 -2 -1.99577
19458 -2 -1.99577
19459 -2 -1.99577
19460 -2 -1.99577
19461 -1.98 -1.99577
19462 -2 -1.99577
19463 -2 -1.99577
19464 -2 -1.99577
19465 -2 -1.99577
19466 -2 -1.99577
19467 -2 -1.99577
19468 -2 -1.99577
19469 -2 -1.99577
19470 -2 -1.99577
19471 -2 -1.99577
19472 -2 -1.99577
19473 -2 -1.99577
19474 -2 -1.99577
19475 -1.98 -1.99577
19476 -2 -1.99577
19477 -2 -1.99577
19478 -2 -1.99577
19479 -2 -1.99577
19480 -2 -1.99577
19481 -2 -1.99577
19482 -2 -1.99577
19483 -2 -1.99577
19484 -2 -1.99577
19485 -2 -1.99577
19486 -2 -1.99577
19487 -2 -1.99577
19488 -2 -1.99577
19489 -2 -1.99577
19490 -2 -1.99577
19491 -2 -1.99577
19492 -2 -1.99577
19493 -2 -1.99578
19494 -1.98 -1.99577
19495 -1.98 -1.99577
19496 -2 -1.99577
19497 -2 -1.99577
19498 -2 -1.99577
19499 -2 -1.99577
19500 -2 -1.99577
19501 -2 -1.99577
19502 -2 -1.99578
19503 -2 -1.99578
19504 -2 -1.99578
19505 -2 -1.99578
19506 -1.98 -1.99577
19507 -2 -1.99578
19508 -2 -1.99578
19509 -2 -1.99578
19510 -1.98 -1.99577
19511 -2 -1.99577
19512 -2 -1.99578
19513 -2 -1.99578
19514 -2 -1.99578
19515 -2 -1.99578
19516 -1.98 -1.99577
19517 -2 -1.99578
19518 -2 -1.99578
19519 -2 -1.99578
19520 -2 -1.99578
19521 -2 -1.99578
19522 -2 -1.99578
19523 -2 -1.99578
19524 -2 -1.99578
19525 -2 -1.99578
19526 -1.98 -1.99578
19527 -2 -1.99578
19528 -2 -1.99578
19529 -2 -1.99578
19530 -2 -1.99578
19531 -2 -1.99578
19532 -2 -1.99578
19533 -2 -1.99578
19534 -2 -1.99578
19535 -2 -1.99578
19536 -2 -1.99578
19537 -1.98 -1.99578
19538 -2 -1.99578
19539 -1.98 -1.99578
19540 -2 -1.99578
19541 -2 -1.99578
19542 -2 -1.99578
19543 -1.98 -1.99578
19544 -1.97 -1.99578
19545 -2 -1.99578
19546 -2 -1.99578
19547 -2 -1.99578
19548 -2 -1.99578
19549 -2 -1.99578
19550 -2 -1.99578
19551 -2 -1.99578
19552 -1.98 -1.99578
19553 -2 -1.99578
19554 -2 -1.99578
19555 -1.96 -1.99577
19556 -2 -1.99577
19557 -2 -1.99578
19558 -1.98 -1.99577
19559 -2 -1.99577
19560 -2 -1.99577
19561 -2 -1.99577
19562 -2 -1.99578
19563 -2 -1.99578
19564 -2 -1.99578
19565 -2 -1.99578
19566 -2 -1.99578
19567 -2 -1.99578
19568 -2 -1.99578
19569 -2 -1.99578
19570 -2 -1.99578
19571 -2 -1.99578
19572 -2 -1.99578
19573 -2 -1.99578
19574 -2 -1.99578
19575 -2 -1.99578
19576 -2 -1.99578
19577 -2 -1.99578
19578 -2 -1.99578
19579 -2 -1.99578
19580 -2 -1.99578
19581 -2 -1.99578
19582 -2 -1.99578
19583 -2 -1.99578
19584 -2 -1.99578
19585 -2 -1.99578
19586 -2 -1.99578
19587 -2 -1.99578
19588 -2 -1.99578
19589 -1.98 -1.99578
19590 -1.98 -1.99578
19591 -1.98 -1.99578
19592 -1.98 -1.99578
19593 -2 -1.99578
19594 -2 -1.99578
19595 -2 -1.99578
19596 -2 -1.99578
19597 -2 -1.99578
19598 -2 -1.99578
19599 -2 -1.99578
19600 -2 -1.99578
19601 -2 -1.99578
19602 -2 -1.99578
19603 -2 -1.99578
19604 -2 -1.99578
19605 -2 -1.99578
19606 -2 -1.99578
19607 -2 -1.99578
19608 -2 -1.99578
19609 -2 -1.99578
19610 -2 -1.99578
19611 -2 -1.99578
19612 -2 -1.99578
19613 -2 -1.99578
19614 -2 -1.99578
19615 -2 -1.99578
19616 -1.98 -1.99578
19617 -2 -1.99578
19618 -2 -1.99578
19619 -2 -1.99578
19620 -2 -1.99578
19621 -2 -1.99578
19622 -1.98 -1.99578
19623 -2 -1.99578
19624 -2 -1.99578
19625 -2 -1.99578
19626 -2 -1.99578
19627 -2 -1.99578
19628 -2 -1.99578
19629 -2 -1.99578
19630 -2 -1.99578
19631 -1.98 -1.99578
19632 -1.98 -1.99578
19633 -2 -1.99578
19634 -2 -1.99578
19635 -2 -1.99578
19636 -2 -1.99578
19637 -2 -1.99578
19638 -2 -1.99578
19639 -2 -1.99578
19640 -2 -1.99578
19641 -2 -1.99578
19642 -2 -1.99578
19643 -2 -1.99578
19644 -2 -1.99578
19645 -2 -1.99578
19646 -2 -1.99579
19647 -2 -1.99579
19648 -2 -1.99579
19649 -2 -1.99579
19650 -2 -1.99579
19651 -2 -1.99579
19652 -2 -1.99579
19653 -2 -1.99579
19654 -2 -1.99579
19655 -2 -1.99579
19656 -2 -1.99579
19657 -2 -1.99579
19658 -2 -1.99579
19659 -2 -1.99579
19660 -2 -1.99579
19661 -2 -1.99579
19662 -2 -1.99579
19663 -2 -1.99579
19664 -2 -1.99579
19665 -1.98 -1.99579
19666 -2 -1.99579
19667 -2 -1.99579
19668 -2 -1.99579
19669 -2 -1.99579
19670 -2 -1.99579
19671 -2 -1.99579
19672 -2 -1.99579
19673 -2 -1.99579
19674 -2 -1.99579
19675 -2 -1.99579
19676 -2 -1.99579
19677 -2 -1.99579
19678 -2 -1.99579
19679 -2 -1.99579
19680 -2 -1.99579
19681 -2 -1.99579
19682 -2 -1.99579
19683 -2 -1.99579
19684 -2 -1.99579
19685 -2 -1.99579
19686 -2 -1.99579
19687 -2 -1.99579
19688 -2 -1.99579
19689 -2 -1.99579
19690 -2 -1.99579
19691 -2 -1.99579
19692 -2 -1.99579
19693 -2 -1.99579
19694 -2 -1.99579
19695 -2 -1.99579
19696 -2 -1.99579
19697 -2 -1.9958
19698 -2 -1.9958
19699 -2 -1.9958
19700 -2 -1.9958
19701 -2 -1.9958
19702 -2 -1.9958
19703 -2 -1.9958
19704 -2 -1.9958
19705 -2 -1.9958
19706 -2 -1.9958
19707 -2 -1.9958
19708 -2 -1.9958
19709 -2 -1.9958
19710 -2 -1.9958
19711 -2 -1.9958
19712 -2 -1.9958
19713 -2 -1.9958
19714 -2 -1.9958
19715 -2 -1.9958
19716 -2 -1.9958
19717 -2 -1.9958
19718 -2 -1.9958
19719 -2 -1.9958
19720 -2 -1.9958
19721 -2 -1.9958
19722 -2 -1.9958
19723 -2 -1.9958
19724 -2 -1.9958
19725 -2 -1.9958
19726 -2 -1.9958
19727 -2 -1.9958
19728 -2 -1.9958
19729 -2 -1.9958
19730 -2 -1.9958
19731 -2 -1.9958
19732 -2 -1.9958
19733 -2 -1.9958
19734 -2 -1.9958
19735 -1.98 -1.9958
19736 -2 -1.9958
19737 -2 -1.9958
19738 -2 -1.9958
19739 -2 -1.9958
19740 -2 -1.9958
19741 -2 -1.9958
19742 -2 -1.9958
19743 -2 -1.9958
19744 -2 -1.9958
19745 -2 -1.9958
19746 -2 -1.9958
19747 -2 -1.9958
19748 -2 -1.9958
19749 -2 -1.99581
19750 -2 -1.99581
19751 -2 -1.99581
19752 -2 -1.99581
19753 -2 -1.99581
19754 -2 -1.99581
19755 -2 -1.99581
19756 -2 -1.99581
19757 -2 -1.99581
19758 -2 -1.99581
19759 -2 -1.99581
19760 -2 -1.99581
19761 -2 -1.99581
19762 -2 -1.99581
19763 -2 -1.99581
19764 -2 -1.99581
19765 -2 -1.99581
19766 -2 -1.99581
19767 -2 -1.99581
19768 -2 -1.99581
19769 -2 -1.99581
19770 -2 -1.99581
19771 -2 -1.99581
19772 -2 -1.99581
19773 -2 -1.99581
19774 -2 -1.99581
19775 -2 -1.99581
19776 -2 -1.99581
19777 -2 -1.99581
19778 -2 -1.99581
19779 -2 -1.99581
19780 -2 -1.99581
19781 -2 -1.99581
19782 -2 -1.99581
19783 -2 -1.99581
19784 -2 -1.99581
19785 -2 -1.99581
19786 -2 -1.99581
19787 -2 -1.99581
19788 -1.98 -1.99581
19789 -1.98 -1.99581
19790 -1.98 -1.99581
19791 -2 -1.99581
19792 -2 -1.99581
19793 -2 -1.99581
19794 -2 -1.99581
19795 -2 -1.99581
19796 -2 -1.99581
19797 -1.98 -1.99581
19798 -2 -1.99581
19799 -2 -1.99581
19800 -2 -1.99581
19801 -2 -1.99581
19802 -2 -1.99581
19803 -1.98 -1.99581
19804 -1.96 -1.99581
19805 -2 -1.99581
19806 -2 -1.99581
19807 -2 -1.99581
19808 -2 -1.99581
19809 -2 -1.99581
19810 -1.98 -1.99581
19811 -1.98 -1.99581
19812 -2 -1.99581
19813 -2 -1.99581
19814 -2 -1.99581
19815 -2 -1.99581
19816 -2 -1.99581
19817 -2 -1.99581
19818 -2 -1.99581
19819 -2 -1.99581
19820 -2 -1.99581
19821 -2 -1.99581
19822 -2 -1.99581
19823 -2 -1.99581
19824 -2 -1.99581
19825 -2 -1.99581
19826 -2 -1.99581
19827 -2 -1.99581
19828 -1.98 -1.99581
19829 -1.98 -1.99581
19830 -2 -1.99581
19831 -2 -1.99581
19832 -2 -1.99581
19833 -2 -1.99581
19834 -2 -1.99581
19835 -2 -1.99581
19836 -2 -1.99581
19837 -2 -1.99581
19838 -2 -1.99581
19839 -1.98 -1.99581
19840 -2 -1.99581
19841 -2 -1.99581
19842 -2 -1.99581
19843 -2 -1.99581
19844 -2 -1.99581
19845 -2 -1.99581
19846 -1.98 -1.99581
19847 -1.98 -1.99581
19848 -1.98 -1.99581
19849 -2 -1.99581
19850 -1.98 -1.99581
19851 -2 -1.99581
19852 -2 -1.99581
19853 -2 -1.99581
19854 -2 -1.99581
19855 -2 -1.99581
19856 -2 -1.99581
19857 -2 -1.99581
19858 -2 -1.99581
19859 -2 -1.99581
19860 -2 -1.99581
19861 -1.97 -1.99581
19862 -2 -1.99581
19863 -1.98 -1.99581
19864 -2 -1.99581
19865 -2 -1.99581
19866 -2 -1.99581
19867 -2 -1.99581
19868 -2 -1.99581
19869 -2 -1.99581
19870 -2 -1.99581
19871 -2 -1.99581
19872 -1.98 -1.99581
19873 -1.97 -1.99581
19874 -2 -1.99581
19875 -2 -1.99581
19876 -2 -1.99581
19877 -2 -1.99581
19878 -2 -1.99581
19879 -2 -1.99581
19880 -2 -1.99581
19881 -2 -1.99581
19882 -2 -1.99581
19883 -2 -1.99581
19884 -2 -1.99581
19885 -2 -1.99581
19886 -2 -1.99581
19887 -2 -1.99581
19888 -2 -1.99581
19889 -2 -1.99581
19890 -2 -1.99581
19891 -1.98 -1.99581
19892 -1.98 -1.99581
19893 -1.98 -1.99581
19894 -2 -1.99581
19895 -1.98 -1.99581
19896 -2 -1.99581
19897 -2 -1.99581
19898 -2 -1.99581
19899 -2 -1.99581
19900 -2 -1.99581
19901 -2 -1.99581
19902 -2 -1.99581
19903 -2 -1.99581
19904 -2 -1.99581
19905 -2 -1.99581
19906 -2 -1.99581
19907 -2 -1.99581
19908 -2 -1.99581
19909 -2 -1.99581
19910 -2 -1.99581
19911 -2 -1.99581
19912 -2 -1.99581
19913 -2 -1.99581
19914 -1.98 -1.99581
19915 -1.98 -1.99581
19916 -1.98 -1.99581
19917 -2 -1.99581
19918 -2 -1.99581
19919 -1.98 -1.99581
19920 -1.95 -1.99581
19921 -1.98 -1.99581
19922 -2 -1.99581
19923 -2 -1.99581
19924 -2 -1.99581
19925 -2 -1.99581
19926 -2 -1.99581
19927 -2 -1.99581
19928 -1.98 -1.99581
19929 -2 -1.99581
19930 -2 -1.99581
19931 -2 -1.99581
19932 -2 -1.99581
19933 -2 -1.99581
19934 -2 -1.99581
19935 -2 -1.99581
19936 -2 -1.99581
19937 -2 -1.99581
19938 -2 -1.99581
19939 -2 -1.99581
19940 -2 -1.99581
19941 -2 -1.99581
19942 -2 -1.99581
19943 -2 -1.99581
19944 -2 -1.99581
19945 -2 -1.99581
19946 -2 -1.99581
19947 -2 -1.99581
19948 -2 -1.99581
19949 -2 -1.99581
19950 -2 -1.99581
19951 -1.98 -1.99581
19952 -2 -1.99581
19953 -2 -1.99581
19954 -2 -1.99581
19955 -2 -1.99581
19956 -2 -1.99581
19957 -2 -1.99581
19958 -2 -1.99581
19959 -2 -1.99581
19960 -2 -1.99581
19961 -2 -1.99582
19962 -2 -1.99582
19963 -2 -1.99582
19964 -1.98 -1.99581
19965 -1.98 -1.99581
19966 -2 -1.99581
19967 -2 -1.99581
19968 -2 -1.99581
19969 -2 -1.99581
19970 -2 -1.99581
19971 -2 -1.99582
19972 -2 -1.99582
19973 -2 -1.99582
19974 -1.98 -1.99581
19975 -2 -1.99581
19976 -2 -1.99582
19977 -2 -1.99582
19978 -1.98 -1.99581
19979 -1.98 -1.99581
19980 -1.98 -1.99581
19981 -2 -1.99581
19982 -2 -1.99581
19983 -2 -1.99581
19984 -2 -1.99581
19985 -2 -1.99581
19986 -2 -1.99581
19987 -2 -1.99581
19988 -2 -1.99581
19989 -2 -1.99581
19990 -2 -1.99582
19991 -2 -1.99582
19992 -2 -1.99582
19993 -2 -1.99582
19994 -2 -1.99582
19995 -2 -1.99582
19996 -2 -1.99582
19997 -2 -1.99582
19998 -2 -1.99582
19999 -2 -1.99582
20000 -2 -1.99582
20001 -2 -1.99582
20002 -2 -1.99582
20003 -2 -1.99582
20004 -2 -1.99582
20005 -2 -1.99582
20006 -2 -1.99582
20007 -2 -1.99582
20008 -2 -1.99582
20009 -2 -1.99582
20010 -1.98 -1.99582
20011 -2 -1.99582
20012 -2 -1.99582
20013 -2 -1.99582
20014 -2 -1.99582
20015 -2 -1.99582
20016 -2 -1.99582
20017 -2 -1.99582
20018 -2 -1.99582
20019 -2 -1.99582
20020 -2 -1.99582
20021 -2 -1.99582
20022 -2 -1.99582
20023 -2 -1.99582
20024 -2 -1.99582
20025 -2 -1.99582
20026 -2 -1.99582
20027 -2 -1.99582
20028 -2 -1.99582
20029 -1.98 -1.99582
20030 -1.98 -1.99582
20031 -1.98 -1.99582
20032 -2 -1.99582
20033 -1.98 -1.99582
20034 -1.98 -1.99582
20035 -1.98 -1.99582
20036 -2 -1.99582
20037 -2 -1.99582
20038 -2 -1.99582
20039 -2 -1.99582
20040 -2 -1.99582
20041 -2 -1.99582
20042 -2 -1.99582
20043 -2 -1.99582
20044 -1.98 -1.99582
20045 -2 -1.99582
20046 -2 -1.99582
20047 -2 -1.99582
20048 -2 -1.99582
20049 -2 -1.99582
20050 -1.98 -1.99582
20051 -2 -1.99582
20052 -2 -1.99582
20053 -2 -1.99582
20054 -2 -1.99582
20055 -2 -1.99582
20056 -2 -1.99582
20057 -2 -1.99582
20058 -2 -1.99582
20059 -2 -1.99582
20060 -2 -1.99582
20061 -2 -1.99582
20062 -2 -1.99582
20063 -2 -1.99582
20064 -2 -1.99582
20065 -2 -1.99582
20066 -2 -1.99582
20067 -2 -1.99582
20068 -2 -1.99582
20069 -2 -1.99582
20070 -2 -1.99582
20071 -2 -1.99582
20072 -2 -1.99582
20073 -2 -1.99582
20074 -2 -1.99582
20075 -1.98 -1.99582
20076 -2 -1.99582
20077 -2 -1.99582
20078 -2 -1.99582
20079 -2 -1.99582
20080 -2 -1.99582
20081 -2 -1.99582
20082 -2 -1.99582
20083 -1.98 -1.99582
20084 -2 -1.99582
20085 -2 -1.99582
20086 -2 -1.99582
20087 -2 -1.99582
20088 -2 -1.99582
20089 -1.96 -1.99582
20090 -1.96 -1.99582
20091 -1.98 -1.99582
20092 -2 -1.99582
20093 -2 -1.99582
20094 -2 -1.99582
20095 -1.98 -1.99582
20096 -1.98 -1.99582
20097 -2 -1.99582
20098 -2 -1.99582
20099 -2 -1.99582
20100 -2 -1.99582
20101 -2 -1.99582
20102 -2 -1.99582
20103 -2 -1.99582
20104 -2 -1.99582
20105 -2 -1.99582
20106 -2 -1.99582
20107 -2 -1.99582
20108 -2 -1.99582
20109 -2 -1.99582
20110 -1.98 -1.99582
20111 -2 -1.99582
20112 -2 -1.99582
20113 -2 -1.99582
20114 -2 -1.99582
20115 -2 -1.99582
20116 -2 -1.99582
20117 -2 -1.99582
20118 -2 -1.99582
20119 -1.98 -1.99582
20120 -1.98 -1.99582
20121 -1.98 -1.99582
20122 -2 -1.99582
20123 -2 -1.99582
20124 -2 -1.99582
20125 -1.98 -1.99582
20126 -2 -1.99582
20127 -2 -1.99582
20128 -2 -1.99582
20129 -2 -1.99582
20130 -2 -1.99582
20131 -1.98 -1.99582
20132 -1.98 -1.99582
20133 -2 -1.99582
20134 -2 -1.99582
20135 -2 -1.99582
20136 -2 -1.99582
20137 -2 -1.99582
20138 -2 -1.99582
20139 -2 -1.99582
20140 -2 -1.99582
20141 -2 -1.99582
20142 -2 -1.99582
20143 -2 -1.99582
20144 -2 -1.99582
20145 -2 -1.99582
20146 -2 -1.99582
20147 -2 -1.99582
20148 -1.98 -1.99582
20149 -2 -1.99582
20150 -2 -1.99582
20151 -2 -1.99582
20152 -2 -1.99582
20153 -2 -1.99582
20154 -2 -1.99582
20155 -2 -1.99582
20156 -2 -1.99582
20157 -2 -1.99582
20158 -2 -1.99582
20159 -2 -1.99582
20160 -2 -1.99582
20161 -2 -1.99582
20162 -2 -1.99583
20163 -2 -1.99583
20164 -2 -1.99583
20165 -2 -1.99583
20166 -2 -1.99583
20167 -2 -1.99583
20168 -2 -1.99583
20169 -2 -1.99583
20170 -2 -1.99583
20171 -2 -1.99583
20172 -1.98 -1.99583
20173 -1.98 -1.99583
20174 -2 -1.99583
20175 -2 -1.99583
20176 -1.98 -1.99582
20177 -2 -1.99583
20178 -2 -1.99583
20179 -2 -1.99583
20180 -2 -1.99583
20181 -2 -1.99583
20182 -2 -1.99583
20183 -2 -1.99583
20184 -2 -1.99583
20185 -2 -1.99583
20186 -2 -1.99583
20187 -2 -1.99583
20188 -2 -1.99583
20189 -2 -1.99583
20190 -2 -1.99583
20191 -2 -1.99583
20192 -2 -1.99583
20193 -2 -1.99583
20194 -2 -1.99583
20195 -2 -1.99583
20196 -2 -1.99583
20197 -2 -1.99583
20198 -2 -1.99583
20199 -2 -1.99583
20200 -2 -1.99583
20201 -1.98 -1.99583
20202 -2 -1.99583
20203 -2 -1.99583
20204 -2 -1.99583
20205 -2 -1.99583
20206 -2 -1.99583
20207 -2 -1.99583
20208 -2 -1.99583
20209 -2 -1.99583
20210 -2 -1.99583
20211 -1.98 -1.99583
20212 -2 -1.99583
20213 -2 -1.99583
20214 -2 -1.99583
20215 -2 -1.99583
20216 -2 -1.99583
20217 -2 -1.99583
20218 -2 -1.99583
20219 -2 -1.99583
20220 -2 -1.99583
20221 -2 -1.99583
20222 -2 -1.99583
20223 -2 -1.99583
20224 -2 -1.99583
20225 -2 -1.99583
20226 -2 -1.99583
20227 -2 -1.99583
20228 -2 -1.99583
20229 -2 -1.99583
20230 -2 -1.99583
20231 -2 -1.99583
20232 -2 -1.99583
20233 -2 -1.99583
20234 -2 -1.99583
20235 -2 -1.99584
20236 -2 -1.99584
20237 -2 -1.99584
20238 -2 -1.99584
20239 -2 -1.99584
20240 -2 -1.99584
20241 -2 -1.99584
20242 -2 -1.99584
20243 -2 -1.99584
20244 -1.98 -1.99584
20245 -1.98 -1.99584
20246 -1.96 -1.99583
20247 -1.98 -1.99583
20248 -1.96 -1.99583
20249 -2 -1.99583
20250 -2 -1.99583
20251 -2 -1.99583
20252 -2 -1.99583
20253 -2 -1.99583
20254 -2 -1.99583
20255 -2 -1.99583
20256 -2 -1.99583
20257 -2 -1.99583
20258 -2 -1.99583
20259 -2 -1.99583
20260 -2 -1.99583
20261 -2 -1.99583
20262 -2 -1.99583
20263 -1.98 -1.99583
20264 -1.98 -1.99583
20265 -2 -1.99583
20266 -2 -1.99583
20267 -2 -1.99583
20268 -2 -1.99583
20269 -2 -1.99583
20270 -2 -1.99583
20271 -2 -1.99583
20272 -2 -1.99583
20273 -2 -1.99583
20274 -2 -1.99583
20275 -2 -1.99583
20276 -2 -1.99583
20277 -1.98 -1.99583
20278 -1.98 -1.99583
20279 -2 -1.99583
20280 -2 -1.99583
20281 -2 -1.99583
20282 -2 -1.99583
20283 -2 -1.99583
20284 -2 -1.99583
20285 -2 -1.99583
20286 -2 -1.99583
20287 -2 -1.99583
20288 -2 -1.99584
20289 -2 -1.99584
20290 -1.98 -1.99583
20291 -1.98 -1.99583
20292 -1.98 -1.99583
20293 -1.98 -1.99583
20294 -2 -1.99583
20295 -2 -1.99583
20296 -1.96 -1.99583
20297 -1.98 -1.99583
20298 -2 -1.99583
20299 -2 -1.99583
20300 -1.98 -1.99583
20301 -2 -1.99583
20302 -2 -1.99583
20303 -2 -1.99583
20304 -2 -1.99583
20305 -2 -1.99583
20306 -2 -1.99583
20307 -2 -1.99583
20308 -2 -1.99583
20309 -1.98 -1.99583
20310 -1.97 -1.99583
20311 -1.94 -1.99583
20312 -1.98 -1.99583
20313 -2 -1.99583
20314 -2 -1.99583
20315 -2 -1.99583
20316 -2 -1.99583
20317 -2 -1.99583
20318 -2 -1.99583
20319 -2 -1.99583
20320 -2 -1.99583
20321 -1.98 -1.99583
20322 -2 -1.99583
20323 -1.98 -1.99583
20324 -1.98 -1.99583
20325 -2 -1.99583
20326 -2 -1.99583
20327 -1.98 -1.99582
20328 -1.98 -1.99582
20329 -1.98 -1.99582
20330 -1.98 -1.99582
20331 -2 -1.99582
20332 -2 -1.99582
20333 -2 -1.99582
20334 -2 -1.99582
20335 -2 -1.99582
20336 -2 -1.99582
20337 -2 -1.99582
20338 -2 -1.99582
20339 -2 -1.99582
20340 -2 -1.99582
20341 -2 -1.99582
20342 -2 -1.99583
20343 -2 -1.99583
20344 -2 -1.99583
20345 -2 -1.99583
20346 -2 -1.99583
20347 -2 -1.99583
20348 -2 -1.99583
20349 -2 -1.99583
20350 -2 -1.99583
20351 -2 -1.99583
20352 -2 -1.99583
20353 -2 -1.99583
20354 -2 -1.99583
20355 -2 -1.99583
20356 -2 -1.99583
20357 -2 -1.99583
20358 -2 -1.99583
20359 -2 -1.99583
20360 -2 -1.99583
20361 -2 -1.99583
20362 -2 -1.99583
20363 -2 -1.99583
20364 -2 -1.99583
20365 -2 -1.99583
20366 -2 -1.99583
20367 -2 -1.99583
20368 -1.98 -1.99583
20369 -2 -1.99583
20370 -2 -1.99583
20371 -2 -1.99583
20372 -2 -1.99583
20373 -2 -1.99583
20374 -2 -1.99583
20375 -2 -1.99583
20376 -2 -1.99583
20377 -2 -1.99583
20378 -2 -1.99583
20379 -2 -1.99583
20380 -2 -1.99583
20381 -2 -1.99583
20382 -2 -1.99583
20383 -2 -1.99583
20384 -2 -1.99583
20385 -2 -1.99583
20386 -2 -1.99583
20387 -2 -1.99583
20388 -2 -1.99583
20389 -2 -1.99583
20390 -2 -1.99583
20391 -2 -1.99583
20392 -2 -1.99583
20393 -2 -1.99583
20394 -2 -1.99583
20395 -2 -1.99583
20396 -2 -1.99584
20397 -1.98 -1.99583
20398 -1.98 -1.99583
20399 -2 -1.99583
20400 -2 -1.99583
20401 -2 -1.99583
20402 -2 -1.99583
20403 -2 -1.99583
20404 -2 -1.99583
20405 -2 -1.99584
20406 -2 -1.99584
20407 -2 -1.99584
20408 -2 -1.99584
20409 -2 -1.99584
20410 -2 -1.99584
20411 -2 -1.99584
20412 -2 -1.99584
20413 -2 -1.99584
20414 -2 -1.99584
20415 -2 -1.99584
20416 -1.98 -1.99584
20417 -2 -1.99584
20418 -2 -1.99584
20419 -2 -1.99584
20420 -2 -1.99584
20421 -2 -1.99584
20422 -2 -1.99584
20423 -2 -1.99584
20424 -2 -1.99584
20425 -2 -1.99584
20426 -2 -1.99584
20427 -2 -1.99584
20428 -2 -1.99584
20429 -2 -1.99584
20430 -2 -1.99584
20431 -2 -1.99584
20432 -2 -1.99584
20433 -2 -1.99584
20434 -2 -1.99584
20435 -2 -1.99584
20436 -2 -1.99584
20437 -2 -1.99584
20438 -2 -1.99584
20439 -2 -1.99584
20440 -2 -1.99584
20441 -2 -1.99584
20442 -2 -1.99584
20443 -2 -1.99584
20444 -2 -1.99584
20445 -2 -1.99584
20446 -2 -1.99584
20447 -2 -1.99584
20448 -2 -1.99584
20449 -2 -1.99584
20450 -2 -1.99584
20451 -2 -1.99584
20452 -2 -1.99584
20453 -2 -1.99584
20454 -2 -1.99584
20455 -2 -1.99584
20456 -2 -1.99584
20457 -2 -1.99584
20458 -2 -1.99584
20459 -2 -1.99585
20460 -2 -1.99585
20461 -2 -1.99585
20462 -2 -1.99585
20463 -2 -1.99585
20464 -2 -1.99585
20465 -2 -1.99585
20466 -1.98 -1.99585
20467 -2 -1.99585
20468 -2 -1.99585
20469 -2 -1.99585
20470 -2 -1.99585
20471 -2 -1.99585
20472 -2 -1.99585
20473 -2 -1.99585
20474 -2 -1.99585
20475 -2 -1.99585
20476 -2 -1.99585
20477 -2 -1.99585
20478 -2 -1.99585
20479 -2 -1.99585
20480 -2 -1.99585
20481 -2 -1.99585
20482 -2 -1.99585
20483 -2 -1.99585
20484 -2 -1.99585
20485 -2 -1.99585
20486 -2 -1.99585
20487 -2 -1.99585
20488 -2 -1.99585
20489 -2 -1.99585
20490 -2 -1.99585
20491 -2 -1.99585
20492 -1.98 -1.99585
20493 -2 -1.99585
20494 -2 -1.99585
20495 -2 -1.99585
20496 -2 -1.99585
20497 -1.98 -1.99585
20498 -2 -1.99585
20499 -2 -1.99585
20500 -2 -1.99585
20501 -2 -1.99585
20502 -2 -1.99585
20503 -2 -1.99585
20504 -2 -1.99585
20505 -2 -1.99585
20506 -2 -1.99585
20507 -1.98 -1.99585
20508 -2 -1.99585
20509 -2 -1.99585
20510 -2 -1.99585
20511 -2 -1.99585
20512 -2 -1.99585
20513 -2 -1.99585
20514 -2 -1.99585
20515 -1.98 -1.99585
20516 -2 -1.99585
20517 -2 -1.99585
20518 -1.98 -1.99585
20519 -2 -1.99585
20520 -2 -1.99585
20521 -2 -1.99585
20522 -2 -1.99585
20523 -2 -1.99585
20524 -2 -1.99585
20525 -2 -1.99585
20526 -2 -1.99585
20527 -2 -1.99585
20528 -1.98 -1.99585
20529 -1.98 -1.99585
20530 -1.98 -1.99585
20531 -1.98 -1.99585
20532 -2 -1.99585
20533 -2 -1.99585
20534 -2 -1.99585
20535 -2 -1.99585
20536 -2 -1.99585
20537 -2 -1.99585
20538 -2 -1.99585
20539 -2 -1.99585
20540 -2 -1.99585
20541 -2 -1.99585
20542 -2 -1.99585
20543 -2 -1.99585
20544 -2 -1.99585
20545 -2 -1.99585
20546 -2 -1.99585
20547 -2 -1.99585
20548 -2 -1.99585
20549 -2 -1.99585
20550 -2 -1.99585
20551 -2 -1.99585
20552 -1.98 -1.99585
20553 -2 -1.99585
20554 -2 -1.99585
20555 -2 -1.99585
20556 -2 -1.99585
20557 -2 -1.99585
20558 -2 -1.99585
20559 -2 -1.99585
20560 -2 -1.99585
20561 -2 -1.99585
20562 -2 -1.99586
20563 -2 -1.99586
20564 -1.98 -1.99585
20565 -2 -1.99585
20566 -2 -1.99586
20567 -2 -1.99586
20568 -2 -1.99586
20569 -2 -1.99586
20570 -2 -1.99586
20571 -2 -1.99586
20572 -2 -1.99586
20573 -1.98 -1.99586
20574 -2 -1.99586
20575 -2 -1.99586
20576 -2 -1.99586
20577 -2 -1.99586
20578 -2 -1.99586
20579 -2 -1.99586
20580 -2 -1.99586
20581 -1.98 -1.99586
20582 -1.98 -1.99586
20583 -2 -1.99586
20584 -2 -1.99586
20585 -2 -1.99586
20586 -2 -1.99586
20587 -2 -1.99586
20588 -1.98 -1.99586
20589 -2 -1.99586
20590 -2 -1.99586
20591 -2 -1.99586
20592 -2 -1.99586
20593 -2 -1.99586
20594 -2 -1.99586
20595 -2 -1.99586
20596 -2 -1.99586
20597 -2 -1.99586
20598 -2 -1.99586
20599 -1.98 -1.99586
20600 -2 -1.99586
20601 -1.98 -1.99586
20602 -1.98 -1.99586
20603 -1.98 -1.99585
20604 -1.98 -1.99585
20605 -2 -1.99585
20606 -2 -1.99585
20607 -2 -1.99585
20608 -2 -1.99585
20609 -2 -1.99585
20610 -2 -1.99586
20611 -2 -1.99586
20612 -2 -1.99586
20613 -1.98 -1.99585
20614 -2 -1.99585
20615 -2 -1.99586
20616 -2 -1.99586
20617 -2 -1.99586
20618 -2 -1.99586
20619 -2 -1.99586
20620 -2 -1.99586
20621 -2 -1.99586
20622 -2 -1.99586
20623 -2 -1.99586
20624 -2 -1.99586
20625 -2 -1.99586
20626 -2 -1.99586
20627 -2 -1.99586
20628 -2 -1.99586
20629 -2 -1.99586
20630 -2 -1.99586
20631 -2 -1.99586
20632 -2 -1.99586
20633 -2 -1.99586
20634 -2 -1.99586
20635 -2 -1.99586
20636 -2 -1.99586
20637 -2 -1.99586
20638 -2 -1.99586
20639 -2 -1.99586
20640 -2 -1.99586
20641 -2 -1.99586
20642 -2 -1.99586
20643 -2 -1.99586
20644 -2 -1.99586
20645 -2 -1.99586
20646 -2 -1.99586
20647 -2 -1.99586
20648 -2 -1.99586
20649 -2 -1.99586
20650 -2 -1.99586
20651 -2 -1.99586
20652 -2 -1.99586
20653 -2 -1.99586
20654 -2 -1.99586
20655 -2 -1.99586
20656 -2 -1.99586
20657 -2 -1.99586
20658 -2 -1.99586
20659 -2 -1.99586
20660 -2 -1.99586
20661 -2 -1.99586
20662 -2 -1.99586
20663 -2 -1.99586
20664 -2 -1.99586
20665 -1.98 -1.99586
20666 -2 -1.99586
20667 -2 -1.99586
20668 -1.98 -1.99586
20669 -2 -1.99586
20670 -2 -1.99586
20671 -2 -1.99586
20672 -1.98 -1.99586
20673 -2 -1.99586
20674 -2 -1.99586
20675 -2 -1.99586
20676 -1.98 -1.99586
20677 -1.98 -1.99586
20678 -2 -1.99586
20679 -2 -1.99586
20680 -2 -1.99586
20681 -2 -1.99586
20682 -2 -1.99586
20683 -2 -1.99586
20684 -2 -1.99586
20685 -2 -1.99586
20686 -1.98 -1.99586
20687 -2 -1.99586
20688 -2 -1.99586
20689 -2 -1.99586
20690 -2 -1.99586
20691 -2 -1.99586
20692 -2 -1.99586
20693 -2 -1.99586
20694 -2 -1.99587
20695 -2 -1.99587
20696 -2 -1.99587
20697 -2 -1.99587
20698 -2 -1.99587
20699 -2 -1.99587
20700 -2 -1.99587
20701 -2 -1.99587
20702 -2 -1.99587
20703 -2 -1.99587
20704 -2 -1.99587
20705 -1.98 -1.99587
20706 -1.98 -1.99587
20707 -1.98 -1.99586
20708 -2 -1.99587
20709 -1.98 -1.99586
20710 -2 -1.99586
20711 -2 -1.99586
20712 -2 -1.99586
20713 -2 -1.99587
20714 -2 -1.99587
20715 -2 -1.99587
20716 -2 -1.99587
20717 -2 -1.99587
20718 -2 -1.99587
20719 -2 -1.99587
20720 -2 -1.99587
20721 -2 -1.99587
20722 -2 -1.99587
20723 -2 -1.99587
20724 -2 -1.99587
20725 -2 -1.99587
20726 -2 -1.99587
20727 -2 -1.99587
20728 -2 -1.99587
20729 -2 -1.99587
20730 -2 -1.99587
20731 -2 -1.99587
20732 -2 -1.99587
20733 -2 -1.99587
20734 -2 -1.99587
20735 -2 -1.99587
20736 -2 -1.99587
20737 -2 -1.99587
20738 -2 -1.99587
20739 -2 -1.99587
20740 -2 -1.99587
20741 -2 -1.99587
20742 -2 -1.99587
20743 -2 -1.99587
20744 -2 -1.99587
20745 -2 -1.99587
20746 -2 -1.99587
20747 -2 -1.99587
20748 -2 -1.99587
20749 -2 -1.99587
20750 -2 -1.99587
20751 -2 -1.99587
20752 -2 -1.99587
20753 -2 -1.99587
20754 -2 -1.99587
20755 -2 -1.99587
20756 -2 -1.99587
20757 -2 -1.99587
20758 -2 -1.99587
20759 -2 -1.99587
20760 -2 -1.99587
20761 -2 -1.99587
20762 -2 -1.99587
20763 -2 -1.99588
20764 -2 -1.99588
20765 -1.98 -1.99587
20766 -2 -1.99587
20767 -2 -1.99587
20768 -2 -1.99588
20769 -2 -1.99588
20770 -2 -1.99588
20771 -2 -1.99588
20772 -2 -1.99588
20773 -2 -1.99588
20774 -1.98 -1.99588
20775 -1.96 -1.99587
20776 -1.98 -1.99587
20777 -1.96 -1.99587
20778 -1.96 -1.99587
20779 -2 -1.99587
20780 -2 -1.99587
20781 -2 -1.99587
20782 -2 -1.99587
20783 -2 -1.99587
20784 -2 -1.99587
20785 -2 -1.99587
20786 -2 -1.99587
20787 -2 -1.99587
20788 -2 -1.99587
20789 -2 -1.99587
20790 -2 -1.99587
20791 -2 -1.99587
20792 -2 -1.99587
20793 -2 -1.99587
20794 -2 -1.99587
20795 -2 -1.99587
20796 -2 -1.99587
20797 -2 -1.99587
20798 -2 -1.99587
20799 -2 -1.99587
20800 -2 -1.99587
20801 -1.98 -1.99587
20802 -1.98 -1.99587
20803 -2 -1.99587
20804 -2 -1.99587
20805 -2 -1.99587
20806 -2 -1.99587
20807 -2 -1.99587
20808 -2 -1.99587
20809 -2 -1.99587
20810 -2 -1.99587
20811 -2 -1.99587
20812 -2 -1.99587
20813 -2 -1.99587
20814 -2 -1.99587
20815 -2 -1.99587
20816 -2 -1.99588
20817 -2 -1.99588
20818 -2 -1.99588
20819 -2 -1.99588
20820 -2 -1.99588
20821 -2 -1.99588
20822 -2 -1.99588
20823 -2 -1.99588
20824 -2 -1.99588
20825 -2 -1.99588
20826 -2 -1.99588
20827 -2 -1.99588
20828 -2 -1.99588
20829 -2 -1.99588
20830 -2 -1.99588
20831 -2 -1.99588
20832 -2 -1.99588
20833 -1.98 -1.99588
20834 -1.98 -1.99588
20835 -2 -1.99588
20836 -1.98 -1.99588
20837 -2 -1.99588
20838 -2 -1.99588
20839 -2 -1.99588
20840 -2 -1.99588
20841 -1.98 -1.99588
20842 -2 -1.99588
20843 -2 -1.99588
20844 -2 -1.99588
20845 -2 -1.99588
20846 -2 -1.99588
20847 -2 -1.99588
20848 -2 -1.99588
20849 -2 -1.99588
20850 -2 -1.99588
20851 -2 -1.99588
20852 -2 -1.99588
20853 -2 -1.99588
20854 -2 -1.99588
20855 -2 -1.99588
20856 -2 -1.99588
20857 -2 -1.99588
20858 -1.98 -1.99588
20859 -2 -1.99588
20860 -2 -1.99588
20861 -2 -1.99588
20862 -2 -1.99588
20863 -2 -1.99588
20864 -2 -1.99588
20865 -2 -1.99588
20866 -2 -1.99588
20867 -2 -1.99588
20868 -2 -1.99588
20869 -2 -1.99588
20870 -1.98 -1.99588
20871 -2 -1.99588
20872 -2 -1.99588
20873 -2 -1.99588
20874 -2 -1.99588
20875 -2 -1.99588
20876 -1.98 -1.99588
20877 -2 -1.99588
20878 -2 -1.99588
20879 -1.98 -1.99588
20880 -1.98 -1.99588
20881 -2 -1.99588
20882 -2 -1.99588
20883 -2 -1.99588
20884 -2 -1.99588
20885 -2 -1.99588
20886 -2 -1.99588
20887 -2 -1.99588
20888 -2 -1.99588
20889 -2 -1.99588
20890 -2 -1.99588
20891 -2 -1.99588
20892 -2 -1.99588
20893 -2 -1.99588
20894 -2 -1.99588
20895 -2 -1.99588
20896 -2 -1.99588
20897 -2 -1.99588
20898 -2 -1.99588
20899 -1.98 -1.99588
20900 -2 -1.99588
20901 -2 -1.99588
20902 -2 -1.99588
20903 -2 -1.99588
20904 -2 -1.99588
20905 -2 -1.99588
20906 -2 -1.99588
20907 -2 -1.99588
20908 -2 -1.99588
20909 -2 -1.99588
20910 -2 -1.99588
20911 -2 -1.99588
20912 -2 -1.99588
20913 -2 -1.99588
20914 -2 -1.99588
20915 -2 -1.99588
20916 -2 -1.99589
20917 -2 -1.99589
20918 -1.98 -1.99588
20919 -2 -1.99588
20920 -2 -1.99588
20921 -2 -1.99589
20922 -2 -1.99589
20923 -2 -1.99589
20924 -2 -1.99589
20925 -2 -1.99589
20926 -2 -1.99589
20927 -2 -1.99589
20928 -2 -1.99589
20929 -2 -1.99589
20930 -1.98 -1.99589
20931 -2 -1.99589
20932 -2 -1.99589
20933 -2 -1.99589
20934 -2 -1.99589
20935 -2 -1.99589
20936 -2 -1.99589
20937 -1.98 -1.99589
20938 -2 -1.99589
20939 -2 -1.99589
20940 -2 -1.99589
20941 -2 -1.99589
20942 -1.98 -1.99589
20943 -1.98 -1.99589
20944 -2 -1.99589
20945 -2 -1.99589
20946 -1.98 -1.99589
20947 -2 -1.99589
20948 -2 -1.99589
20949 -2 -1.99589
20950 -2 -1.99589
20951 -1.98 -1.99589
20952 -1.98 -1.99588
20953 -1.98 -1.99588
20954 -1.98 -1.99588
20955 -2 -1.99588
20956 -2 -1.99588
20957 -2 -1.99588
20958 -2 -1.99588
20959 -2 -1.99588
20960 -2 -1.99588
20961 -2 -1.99588
20962 -2 -1.99588
20963 -2 -1.99588
20964 -2 -1.99589
20965 -2 -1.99589
20966 -2 -1.99589
20967 -2 -1.99589
20968 -2 -1.99589
20969 -2 -1.99589
20970 -2 -1.99589
20971 -2 -1.99589
20972 -2 -1.99589
20973 -2 -1.99589
20974 -2 -1.99589
20975 -2 -1.99589
20976 -2 -1.99589
20977 -2 -1.99589
20978 -2 -1.99589
20979 -2 -1.99589
20980 -1.98 -1.99589
20981 -1.98 -1.99589
20982 -2 -1.99589
20983 -2 -1.99589
20984 -1.98 -1.99589
20985 -1.98 -1.99589
20986 -2 -1.99589
20987 -2 -1.99589
20988 -2 -1.99589
20989 -2 -1.99589
20990 -2 -1.99589
20991 -2 -1.99589
20992 -2 -1.99589
20993 -2 -1.99589
20994 -2 -1.99589
20995 -2 -1.99589
20996 -2 -1.99589
20997 -2 -1.99589
20998 -2 -1.99589
20999 -2 -1.99589
21000 -2 -1.99589
21001 -2 -1.99589
21002 -2 -1.99589
21003 -1.98 -1.99589
21004 -2 -1.99589
21005 -2 -1.99589
21006 -1.98 -1.99589
21007 -2 -1.99589
21008 -2 -1.99589
21009 -2 -1.99589
21010 -2 -1.99589
21011 -1.98 -1.99589
21012 -1.98 -1.99589
21013 -1.98 -1.99589
21014 -1.96 -1.99588
21015 -1.98 -1.99588
21016 -1.96 -1.99588
21017 -1.98 -1.99588
21018 -1.98 -1.99588
21019 -2 -1.99588
21020 -2 -1.99588
21021 -2 -1.99588
21022 -2 -1.99588
21023 -2 -1.99588
21024 -2 -1.99588
21025 -2 -1.99588
21026 -2 -1.99588
21027 -2 -1.99588
21028 -2 -1.99588
21029 -2 -1.99588
21030 -2 -1.99588
21031 -2 -1.99588
21032 -2 -1.99588
21033 -2 -1.99588
21034 -2 -1.99588
21035 -2 -1.99588
21036 -1.98 -1.99588
21037 -1.98 -1.99588
21038 -1.98 -1.99588
21039 -2 -1.99588
21040 -2 -1.99588
21041 -2 -1.99588
21042 -2 -1.99588
21043 -2 -1.99588
21044 -2 -1.99588
21045 -2 -1.99588
21046 -2 -1.99588
21047 -2 -1.99588
21048 -2 -1.99588
21049 -2 -1.99588
21050 -2 -1.99588
21051 -2 -1.99588
21052 -2 -1.99588
21053 -2 -1.99588
21054 -2 -1.99588
21055 -2 -1.99588
21056 -2 -1.99588
21057 -2 -1.99589
21058 -2 -1.99589
21059 -2 -1.99589
21060 -2 -1.99589
21061 -2 -1.99589
21062 -2 -1.99589
21063 -2 -1.99589
21064 -2 -1.99589
21065 -2 -1.99589
21066 -2 -1.99589
21067 -2 -1.99589
21068 -2 -1.99589
21069 -2 -1.99589
21070 -1.98 -1.99589
21071 -2 -1.99589
21072 -2 -1.99589
21073 -1.98 -1.99589
21074 -2 -1.99589
21075 -2 -1.99589
21076 -2 -1.99589
21077 -2 -1.99589
21078 -2 -1.99589
21079 -2 -1.99589
21080 -2 -1.99589
21081 -2 -1.99589
21082 -2 -1.99589
21083 -2 -1.99589
21084 -2 -1.99589
21085 -2 -1.99589
21086 -2 -1.99589
21087 -2 -1.99589
21088 -2 -1.99589
21089 -2 -1.99589
21090 -1.98 -1.99589
21091 -2 -1.99589
21092 -2 -1.99589
21093 -2 -1.99589
21094 -2 -1.99589
21095 -2 -1.99589
21096 -2 -1.99589
21097 -2 -1.99589
21098 -2 -1.99589
21099 -2 -1.99589
21100 -2 -1.99589
21101 -2 -1.99589
21102 -2 -1.99589
21103 -2 -1.99589
21104 -2 -1.99589
21105 -2 -1.99589
21106 -2 -1.99589
21107 -2 -1.99589
21108 -2 -1.99589
21109 -2 -1.99589
21110 -2 -1.99589
21111 -2 -1.99589
21112 -2 -1.99589
21113 -2 -1.99589
21114 -2 -1.99589
21115 -2 -1.99589
21116 -2 -1.99589
21117 -2 -1.99589
21118 -2 -1.99589
21119 -2 -1.99589
21120 -2 -1.99589
21121 -2 -1.99589
21122 -2 -1.99589
21123 -2 -1.9959
21124 -2 -1.9959
21125 -2 -1.9959
21126 -2 -1.9959
21127 -2 -1.9959
21128 -2 -1.9959
21129 -2 -1.9959
21130 -2 -1.9959
21131 -2 -1.9959
21132 -2 -1.9959
21133 -2 -1.9959
21134 -2 -1.9959
21135 -2 -1.9959
21136 -2 -1.9959
21137 -2 -1.9959
21138 -2 -1.9959
21139 -2 -1.9959
21140 -2 -1.9959
21141 -2 -1.9959
21142 -2 -1.9959
21143 -2 -1.9959
21144 -2 -1.9959
21145 -2 -1.9959
21146 -1.98 -1.9959
21147 -2 -1.9959
21148 -2 -1.9959
21149 -2 -1.9959
21150 -2 -1.9959
21151 -1.98 -1.9959
21152 -1.98 -1.9959
21153 -1.98 -1.9959
21154 -1.98 -1.9959
21155 -2 -1.9959
21156 -2 -1.9959
21157 -2 -1.9959
21158 -2 -1.9959
21159 -2 -1.9959
21160 -2 -1.9959
21161 -2 -1.9959
21162 -2 -1.9959
21163 -2 -1.9959
21164 -2 -1.9959
21165 -2 -1.9959
21166 -2 -1.9959
21167 -2 -1.9959
21168 -2 -1.9959
21169 -2 -1.9959
21170 -2 -1.9959
21171 -2 -1.9959
21172 -2 -1.9959
21173 -2 -1.9959
21174 -2 -1.9959
21175 -2 -1.9959
21176 -2 -1.9959
21177 -2 -1.9959
21178 -2 -1.9959
21179 -2 -1.9959
21180 -2 -1.9959
21181 -1.98 -1.9959
21182 -2 -1.9959
21183 -2 -1.9959
21184 -2 -1.9959
21185 -2 -1.9959
21186 -1.98 -1.9959
21187 -2 -1.9959
21188 -2 -1.9959
21189 -2 -1.9959
21190 -2 -1.9959
21191 -2 -1.9959
21192 -2 -1.9959
21193 -2 -1.9959
21194 -2 -1.9959
21195 -2 -1.9959
21196 -2 -1.9959
21197 -2 -1.9959
21198 -2 -1.9959
21199 -2 -1.9959
21200 -2 -1.9959
21201 -2 -1.9959
21202 -2 -1.9959
21203 -2 -1.9959
21204 -2 -1.9959
21205 -2 -1.9959
21206 -2 -1.9959
21207 -2 -1.9959
21208 -2 -1.99591
21209 -2 -1.99591
21210 -2 -1.99591
21211 -2 -1.99591
21212 -2 -1.99591
21213 -2 -1.99591
21214 -2 -1.99591
21215 -2 -1.99591
21216 -2 -1.99591
21217 -2 -1.99591
21218 -2 -1.99591
21219 -2 -1.99591
21220 -2 -1.99591
21221 -1.98 -1.99591
21222 -1.98 -1.99591
21223 -2 -1.99591
21224 -2 -1.99591
21225 -2 -1.99591
21226 -2 -1.99591
21227 -2 -1.99591
21228 -2 -1.99591
21229 -2 -1.99591
21230 -2 -1.99591
21231 -2 -1.99591
21232 -1.98 -1.99591
21233 -1.98 -1.99591
21234 -2 -1.99591
21235 -2 -1.99591
21236 -1.98 -1.99591
21237 -1.98 -1.9959
21238 -2 -1.99591
21239 -2 -1.99591
21240 -2 -1.99591
21241 -2 -1.99591
21242 -2 -1.99591
21243 -2 -1.99591
21244 -2 -1.99591
21245 -2 -1.99591
21246 -2 -1.99591
21247 -2 -1.99591
21248 -2 -1.99591
21249 -2 -1.99591
21250 -2 -1.99591
21251 -2 -1.99591
21252 -2 -1.99591
21253 -2 -1.99591
21254 -1.98 -1.99591
21255 -2 -1.99591
21256 -2 -1.99591
21257 -2 -1.99591
21258 -2 -1.99591
21259 -2 -1.99591
21260 -2 -1.99591
21261 -1.98 -1.99591
21262 -1.98 -1.99591
21263 -2 -1.99591
21264 -2 -1.99591
21265 -2 -1.99591
21266 -2 -1.99591
21267 -2 -1.99591
21268 -2 -1.99591
21269 -1.98 -1.99591
21270 -2 -1.99591
21271 -1.98 -1.99591
21272 -1.98 -1.99591
21273 -1.96 -1.9959
21274 -1.98 -1.9959
21275 -1.97 -1.9959
21276 -1.98 -1.9959
21277 -2 -1.9959
21278 -2 -1.9959
21279 -2 -1.9959
21280 -2 -1.9959
21281 -2 -1.9959
21282 -2 -1.9959
21283 -1.98 -1.9959
21284 -2 -1.9959
21285 -2 -1.9959
21286 -2 -1.9959
21287 -2 -1.9959
21288 -2 -1.9959
21289 -2 -1.9959
21290 -2 -1.9959
21291 -2 -1.9959
21292 -2 -1.9959
21293 -2 -1.9959
21294 -2 -1.9959
21295 -2 -1.9959
21296 -2 -1.9959
21297 -2 -1.9959
21298 -2 -1.9959
21299 -2 -1.99591
21300 -2 -1.99591
21301 -1.98 -1.9959
21302 -2 -1.9959
21303 -2 -1.9959
21304 -2 -1.99591
21305 -2 -1.99591
21306 -2 -1.99591
21307 -2 -1.99591
21308 -2 -1.99591
21309 -2 -1.99591
21310 -2 -1.99591
21311 -2 -1.99591
21312 -2 -1.99591
21313 -2 -1.99591
21314 -1.98 -1.99591
21315 -1.98 -1.99591
21316 -2 -1.99591
21317 -2 -1.99591
21318 -2 -1.99591
21319 -2 -1.99591
21320 -1.98 -1.99591
21321 -1.98 -1.9959
21322 -1.98 -1.9959
21323 -1.97 -1.9959
21324 -1.97 -1.9959
21325 -1.96 -1.9959
21326 -1.96 -1.9959
21327 -1.98 -1.9959
21328 -1.96 -1.9959
21329 -2 -1.9959
21330 -2 -1.9959
21331 -2 -1.9959
21332 -2 -1.9959
21333 -2 -1.9959
21334 -2 -1.9959
21335 -2 -1.9959
21336 -2 -1.9959
21337 -2 -1.9959
21338 -2 -1.9959
21339 -1.98 -1.9959
21340 -2 -1.9959
21341 -2 -1.9959
21342 -2 -1.9959
21343 -2 -1.9959
21344 -2 -1.9959
21345 -2 -1.9959
21346 -2 -1.9959
21347 -2 -1.9959
21348 -2 -1.9959
21349 -2 -1.9959
21350 -2 -1.9959
21351 -2 -1.9959
21352 -2 -1.9959
21353 -1.98 -1.9959
21354 -2 -1.9959
21355 -2 -1.9959
21356 -2 -1.9959
21357 -2 -1.9959
21358 -2 -1.9959
21359 -2 -1.9959
21360 -2 -1.9959
21361 -2 -1.9959
21362 -2 -1.9959
21363 -2 -1.9959
21364 -2 -1.9959
21365 -2 -1.9959
21366 -2 -1.9959
21367 -2 -1.9959
21368 -2 -1.9959
21369 -2 -1.9959
21370 -1.98 -1.9959
21371 -2 -1.9959
21372 -1.98 -1.9959
21373 -2 -1.9959
21374 -2 -1.9959
21375 -2 -1.9959
21376 -2 -1.9959
21377 -2 -1.9959
21378 -2 -1.9959
21379 -2 -1.9959
21380 -2 -1.9959
21381 -2 -1.9959
21382 -2 -1.9959
21383 -2 -1.9959
21384 -2 -1.9959
21385 -2 -1.9959
21386 -2 -1.9959
21387 -1.98 -1.9959
21388 -1.98 -1.9959
21389 -1.98 -1.9959
21390 -2 -1.9959
21391 -2 -1.9959
21392 -2 -1.9959
21393 -2 -1.9959
21394 -2 -1.9959
21395 -2 -1.9959
21396 -2 -1.9959
21397 -2 -1.9959
21398 -2 -1.9959
21399 -2 -1.9959
21400 -2 -1.9959
21401 -1.98 -1.9959
21402 -2 -1.9959
21403 -2 -1.9959
21404 -2 -1.9959
21405 -2 -1.9959
21406 -2 -1.9959
21407 -2 -1.9959
21408 -2 -1.9959
21409 -2 -1.9959
21410 -2 -1.9959
21411 -2 -1.9959
21412 -2 -1.9959
21413 -2 -1.9959
21414 -2 -1.9959
21415 -2 -1.9959
21416 -2 -1.99591
21417 -2 -1.99591
21418 -2 -1.99591
21419 -2 -1.99591
21420 -2 -1.99591
21421 -2 -1.99591
21422 -2 -1.99591
21423 -2 -1.99591
21424 -1.98 -1.99591
21425 -2 -1.99591
21426 -2 -1.99591
21427 -2 -1.99591
21428 -2 -1.99591
21429 -2 -1.99591
21430 -2 -1.99591
21431 -2 -1.99591
21432 -2 -1.99591
21433 -2 -1.99591
21434 -2 -1.99591
21435 -1.98 -1.99591
21436 -2 -1.99591
21437 -2 -1.99591
21438 -2 -1.99591
21439 -2 -1.99591
21440 -2 -1.99591
21441 -2 -1.99591
21442 -1.98 -1.99591
21443 -2 -1.99591
21444 -2 -1.99591
21445 -2 -1.99591
21446 -1.98 -1.99591
21447 -2 -1.99591
21448 -2 -1.99591
21449 -2 -1.99591
21450 -2 -1.99591
21451 -2 -1.99591
21452 -1.98 -1.99591
21453 -2 -1.99591
21454 -2 -1.99591
21455 -2 -1.99591
21456 -2 -1.99591
21457 -2 -1.99591
21458 -2 -1.99591
21459 -2 -1.99591
21460 -2 -1.99591
21461 -2 -1.99591
21462 -2 -1.99591
21463 -2 -1.99591
21464 -2 -1.99591
21465 -2 -1.99591
21466 -2 -1.99591
21467 -2 -1.99591
21468 -1.98 -1.99591
21469 -2 -1.99591
21470 -2 -1.99591
21471 -2 -1.99591
21472 -2 -1.99591
21473 -2 -1.99591
21474 -1.98 -1.99591
21475 -2 -1.99591
21476 -2 -1.99591
21477 -2 -1.99591
21478 -2 -1.99591
21479 -2 -1.99591
21480 -2 -1.99591
21481 -2 -1.99591
21482 -2 -1.99591
21483 -2 -1.99591
21484 -2 -1.99591
21485 -2 -1.99591
21486 -2 -1.99591
21487 -2 -1.99591
21488 -2 -1.99591
21489 -2 -1.99591
21490 -2 -1.99591
21491 -2 -1.99591
21492 -1.98 -1.99591
21493 -1.98 -1.99591
21494 -2 -1.99591
21495 -2 -1.99591
21496 -2 -1.99591
21497 -2 -1.99591
21498 -2 -1.99591
21499 -2 -1.99591
21500 -2 -1.99591
21501 -2 -1.99591
21502 -2 -1.99591
21503 -2 -1.99591
21504 -1.98 -1.99591
21505 -2 -1.99591
21506 -2 -1.99591
21507 -2 -1.99591
21508 -2 -1.99591
21509 -2 -1.99591
21510 -2 -1.99591
21511 -2 -1.99591
21512 -2 -1.99591
21513 -2 -1.99591
21514 -1.98 -1.99591
21515 -2 -1.99591
21516 -2 -1.99591
21517 -2 -1.99591
21518 -2 -1.99591
21519 -2 -1.99591
21520 -2 -1.99591
21521 -2 -1.99591
21522 -2 -1.99592
21523 -2 -1.99592
21524 -2 -1.99592
21525 -2 -1.99592
21526 -2 -1.99592
21527 -2 -1.99592
21528 -2 -1.99592
21529 -2 -1.99592
21530 -2 -1.99592
21531 -2 -1.99592
21532 -2 -1.99592
21533 -2 -1.99592
21534 -2 -1.99592
21535 -2 -1.99592
21536 -2 -1.99592
21537 -2 -1.99592
21538 -2 -1.99592
21539 -2 -1.99592
21540 -2 -1.99592
21541 -2 -1.99592
21542 -2 -1.99592
21543 -2 -1.99592
21544 -2 -1.99592
21545 -2 -1.99592
21546 -2 -1.99592
21547 -2 -1.99592
21548 -2 -1.99592
21549 -2 -1.99592
21550 -1.98 -1.99592
21551 -2 -1.99592
21552 -2 -1.99592
21553 -2 -1.99592
21554 -2 -1.99592
21555 -2 -1.99592
21556 -2 -1.99592
21557 -2 -1.99592
21558 -2 -1.99592
21559 -2 -1.99592
21560 -2 -1.99592
21561 -2 -1.99592
21562 -2 -1.99592
21563 -2 -1.99592
21564 -2 -1.99592
21565 -2 -1.99592
21566 -2 -1.99592
21567 -2 -1.99592
21568 -1.98 -1.99592
21569 -2 -1.99592
21570 -2 -1.99592
21571 -2 -1.99592
21572 -2 -1.99592
21573 -1.98 -1.99592
21574 -2 -1.99592
21575 -2 -1.99592
21576 -2 -1.99592
21577 -2 -1.99592
21578 -2 -1.99592
21579 -1.98 -1.99592
21580 -1.98 -1.99592
21581 -1.98 -1.99592
21582 -1.98 -1.99592
21583 -1.98 -1.99592
21584 -2 -1.99592
21585 -2 -1.99592
21586 -2 -1.99592
21587 -2 -1.99592
21588 -2 -1.99592
21589 -2 -1.99592
21590 -2 -1.99592
21591 -1.98 -1.99592
21592 -2 -1.99592
21593 -2 -1.99592
21594 -2 -1.99592
21595 -2 -1.99592
21596 -2 -1.99592
21597 -2 -1.99592
21598 -1.98 -1.99592
21599 -2 -1.99592
21600 -2 -1.99592
21601 -2 -1.99592
21602 -2 -1.99592
21603 -2 -1.99592
21604 -2 -1.99592
21605 -2 -1.99592
21606 -2 -1.99592
21607 -2 -1.99592
21608 -2 -1.99592
21609 -2 -1.99592
21610 -2 -1.99592
21611 -2 -1.99592
21612 -2 -1.99592
21613 -1.98 -1.99592
21614 -1.98 -1.99592
21615 -2 -1.99592
21616 -1.98 -1.99592
21617 -1.96 -1.99592
21618 -1.98 -1.99592
21619 -2 -1.99592
21620 -2 -1.99592
21621 -2 -1.99592
21622 -2 -1.99592
21623 -2 -1.99592
21624 -2 -1.99592
21625 -2 -1.99592
21626 -2 -1.99592
21627 -2 -1.99592
21628 -1.98 -1.99592
21629 -1.98 -1.99592
21630 -1.98 -1.99592
21631 -2 -1.99592
21632 -2 -1.99592
21633 -2 -1.99592
21634 -2 -1.99592
21635 -2 -1.99592
21636 -2 -1.99592
21637 -2 -1.99592
21638 -2 -1.99592
21639 -2 -1.99592
21640 -2 -1.99592
21641 -2 -1.99592
21642 -2 -1.99592
21643 -2 -1.99592
21644 -2 -1.99592
21645 -2 -1.99592
21646 -1.98 -1.99592
21647 -2 -1.99592
21648 -2 -1.99592
21649 -2 -1.99592
21650 -2 -1.99592
21651 -2 -1.99592
21652 -2 -1.99592
21653 -2 -1.99592
21654 -1.98 -1.99592
21655 -1.96 -1.99592
21656 -1.98 -1.99592
21657 -2 -1.99592
21658 -1.97 -1.99592
21659 -2 -1.99592
21660 -2 -1.99592
21661 -2 -1.99592
21662 -1.98 -1.99592
21663 -1.98 -1.99592
21664 -2 -1.99592
21665 -2 -1.99592
21666 -2 -1.99592
21667 -2 -1.99592
21668 -2 -1.99592
21669 -1.98 -1.99592
21670 -2 -1.99592
21671 -1.98 -1.99592
21672 -1.98 -1.99592
21673 -1.98 -1.99591
21674 -1.98 -1.99591
21675 -2 -1.99591
21676 -2 -1.99591
21677 -2 -1.99591
21678 -2 -1.99591
21679 -2 -1.99591
21680 -2 -1.99591
21681 -2 -1.99592
21682 -2 -1.99592
21683 -2 -1.99592
21684 -2 -1.99592
21685 -2 -1.99592
21686 -2 -1.99592
21687 -2 -1.99592
21688 -2 -1.99592
21689 -2 -1.99592
21690 -1.98 -1.99592
21691 -2 -1.99592
21692 -1.98 -1.99592
21693 -1.98 -1.99591
21694 -2 -1.99591
21695 -2 -1.99591
21696 -2 -1.99592
21697 -2 -1.99592
21698 -2 -1.99592
21699 -2 -1.99592
21700 -2 -1.99592
21701 -2 -1.99592
21702 -2 -1.99592
21703 -2 -1.99592
21704 -2 -1.99592
21705 -2 -1.99592
21706 -2 -1.99592
21707 -1.98 -1.99592
21708 -2 -1.99592
21709 -2 -1.99592
21710 -2 -1.99592
21711 -2 -1.99592
21712 -2 -1.99592
21713 -2 -1.99592
21714 -2 -1.99592
21715 -2 -1.99592
21716 -2 -1.99592
21717 -2 -1.99592
21718 -2 -1.99592
21719 -2 -1.99592
21720 -2 -1.99592
21721 -2 -1.99592
21722 -2 -1.99592
21723 -2 -1.99592
21724 -2 -1.99592
21725 -2 -1.99592
21726 -2 -1.99592
21727 -2 -1.99592
21728 -2 -1.99592
21729 -2 -1.99592
21730 -2 -1.99592
21731 -2 -1.99592
21732 -2 -1.99592
21733 -2 -1.99592
21734 -1.98 -1.99592
21735 -2 -1.99592
21736 -2 -1.99592
21737 -2 -1.99592
21738 -2 -1.99592
21739 -2 -1.99592
21740 -1.98 -1.99592
21741 -2 -1.99592
21742 -2 -1.99592
21743 -2 -1.99592
21744 -2 -1.99592
21745 -2 -1.99592
21746 -2 -1.99592
21747 -2 -1.99592
21748 -2 -1.99592
21749 -2 -1.99592
21750 -2 -1.99592
21751 -1.98 -1.99592
21752 -1.98 -1.99592
21753 -1.98 -1.99592
21754 -2 -1.99592
21755 -2 -1.99592
21756 -2 -1.99592
21757 -2 -1.99592
21758 -2 -1.99592
21759 -2 -1.99592
21760 -2 -1.99592
21761 -2 -1.99592
21762 -2 -1.99592
21763 -2 -1.99592
21764 -2 -1.99592
21765 -2 -1.99592
21766 -2 -1.99592
21767 -2 -1.99592
21768 -2 -1.99592
21769 -2 -1.99592
21770 -2 -1.99592
21771 -2 -1.99592
21772 -2 -1.99592
21773 -2 -1.99592
21774 -2 -1.99592
21775 -1.98 -1.99592
21776 -2 -1.99592
21777 -2 -1.99592
21778 -2 -1.99592
21779 -2 -1.99592
21780 -2 -1.99592
21781 -2 -1.99592
21782 -2 -1.99592
21783 -2 -1.99592
21784 -2 -1.99593
21785 -1.98 -1.99592
21786 -2 -1.99592
21787 -2 -1.99592
21788 -2 -1.99593
21789 -2 -1.99593
21790 -2 -1.99593
21791 -2 -1.99593
21792 -2 -1.99593
21793 -2 -1.99593
21794 -2 -1.99593
21795 -2 -1.99593
21796 -1.98 -1.99593
21797 -1.95 -1.99592
21798 -2 -1.99592
21799 -2 -1.99592
21800 -2 -1.99592
21801 -2 -1.99592
21802 -2 -1.99592
21803 -2 -1.99592
21804 -2 -1.99592
21805 -2 -1.99592
21806 -2 -1.99593
21807 -2 -1.99593
21808 -2 -1.99593
21809 -2 -1.99593
21810 -2 -1.99593
21811 -2 -1.99593
21812 -2 -1.99593
21813 -2 -1.99593
21814 -1.98 -1.99593
21815 -1.98 -1.99593
21816 -1.98 -1.99592
21817 -1.98 -1.99592
21818 -1.98 -1.99592
21819 -2 -1.99592
21820 -2 -1.99592
21821 -2 -1.99592
21822 -2 -1.99592
21823 -2 -1.99592
21824 -2 -1.99592
21825 -1.98 -1.99592
21826 -2 -1.99592
21827 -2 -1.99592
21828 -2 -1.99592
21829 -2 -1.99592
21830 -2 -1.99592
21831 -2 -1.99592
21832 -2 -1.99592
21833 -2 -1.99592
21834 -2 -1.99592
21835 -2 -1.99593
21836 -2 -1.99593
21837 -2 -1.99593
21838 -2 -1.99593
21839 -2 -1.99593
21840 -2 -1.99593
21841 -2 -1.99593
21842 -2 -1.99593
21843 -2 -1.99593
21844 -2 -1.99593
21845 -2 -1.99593
21846 -2 -1.99593
21847 -2 -1.99593
21848 -2 -1.99593
21849 -2 -1.99593
21850 -1.98 -1.99593
21851 -2 -1.99593
21852 -2 -1.99593
21853 -2 -1.99593
21854 -2 -1.99593
21855 -2 -1.99593
21856 -2 -1.99593
21857 -2 -1.99593
21858 -2 -1.99593
21859 -1.98 -1.99593
21860 -1.98 -1.99593
21861 -2 -1.99593
21862 -2 -1.99593
21863 -2 -1.99593
21864 -2 -1.99593
21865 -2 -1.99593
21866 -2 -1.99593
21867 -2 -1.99593
21868 -2 -1.99593
21869 -2 -1.99593
21870 -2 -1.99593
21871 -2 -1.99593
21872 -2 -1.99593
21873 -2 -1.99593
21874 -2 -1.99593
21875 -2 -1.99593
21876 -2 -1.99593
21877 -2 -1.99593
21878 -2 -1.99593
21879 -2 -1.99593
21880 -2 -1.99593
21881 -2 -1.99593
21882 -2 -1.99593
21883 -2 -1.99593
21884 -2 -1.99593
21885 -2 -1.99593
21886 -2 -1.99593
21887 -2 -1.99593
21888 -2 -1.99593
21889 -2 -1.99593
21890 -2 -1.99593
21891 -2 -1.99593
21892 -2 -1.99593
21893 -2 -1.99593
21894 -2 -1.99593
21895 -2 -1.99593
21896 -2 -1.99593
21897 -2 -1.99593
21898 -2 -1.99593
21899 -2 -1.99593
21900 -2 -1.99593
21901 -1.98 -1.99593
21902 -2 -1.99593
21903 -2 -1.99593
21904 -2 -1.99593
21905 -2 -1.99593
21906 -2 -1.99593
21907 -2 -1.99593
21908 -2 -1.99594
21909 -2 -1.99594
21910 -2 -1.99594
21911 -2 -1.99594
21912 -1.98 -1.99593
21913 -2 -1.99594
21914 -1.98 -1.99593
21915 -2 -1.99593
21916 -2 -1.99593
21917 -2 -1.99593
21918 -2 -1.99594
21919 -2 -1.99594
21920 -2 -1.99594
21921 -2 -1.99594
21922 -2 -1.99594
21923 -2 -1.99594
21924 -2 -1.99594
21925 -2 -1.99594
21926 -2 -1.99594
21927 -2 -1.99594
21928 -2 -1.99594
21929 -2 -1.99594
21930 -2 -1.99594
21931 -2 -1.99594
21932 -2 -1.99594
21933 -2 -1.99594
21934 -2 -1.99594
21935 -2 -1.99594
21936 -2 -1.99594
21937 -2 -1.99594
21938 -2 -1.99594
21939 -2 -1.99594
21940 -2 -1.99594
21941 -2 -1.99594
21942 -2 -1.99594
21943 -2 -1.99594
21944 -2 -1.99594
21945 -2 -1.99594
21946 -2 -1.99594
21947 -2 -1.99594
21948 -2 -1.99594
21949 -2 -1.99594
21950 -2 -1.99594
21951 -2 -1.99594
21952 -2 -1.99594
21953 -1.98 -1.99594
21954 -2 -1.99594
21955 -2 -1.99594
21956 -2 -1.99594
21957 -2 -1.99594
21958 -2 -1.99594
21959 -2 -1.99594
21960 -2 -1.99594
21961 -2 -1.99594
21962 -2 -1.99594
21963 -2 -1.99594
21964 -2 -1.99594
21965 -2 -1.99594
21966 -2 -1.99594
21967 -2 -1.99594
21968 -2 -1.99594
21969 -2 -1.99594
21970 -2 -1.99594
21971 -2 -1.99594
21972 -1.98 -1.99594
21973 -2 -1.99594
21974 -2 -1.99594
21975 -2 -1.99594
21976 -1.98 -1.99594
21977 -2 -1.99594
21978 -1.98 -1.99594
21979 -2 -1.99594
21980 -2 -1.99594
21981 -1.98 -1.99594
21982 -1.98 -1.99594
21983 -2 -1.99594
21984 -2 -1.99594
21985 -2 -1.99594
21986 -1.98 -1.99594
21987 -2 -1.99594
21988 -2 -1.99594
21989 -2 -1.99594
21990 -1.98 -1.99594
21991 -2 -1.99594
21992 -2 -1.99594
21993 -2 -1.99594
21994 -2 -1.99594
21995 -2 -1.99594
21996 -2 -1.99594
21997 -2 -1.99594
21998 -2 -1.99594
21999 -2 -1.99594
22000 -2 -1.99594
22001 -2 -1.99594
22002 -2 -1.99594
22003 -2 -1.99594
22004 -2 -1.99594
22005 -2 -1.99594
22006 -2 -1.99594
22007 -2 -1.99594
22008 -2 -1.99594
22009 -1.98 -1.99594
22010 -2 -1.99594
22011 -2 -1.99594
22012 -1.98 -1.99594
22013 -2 -1.99594
22014 -2 -1.99594
22015 -2 -1.99594
22016 -2 -1.99594
22017 -2 -1.99594
22018 -2 -1.99594
22019 -2 -1.99594
22020 -2 -1.99594
22021 -2 -1.99594
22022 -2 -1.99595
22023 -2 -1.99595
22024 -2 -1.99595
22025 -2 -1.99595
22026 -2 -1.99595
22027 -2 -1.99595
22028 -2 -1.99595
22029 -2 -1.99595
22030 -2 -1.99595
22031 -2 -1.99595
22032 -2 -1.99595
22033 -2 -1.99595
22034 -2 -1.99595
22035 -2 -1.99595
22036 -2 -1.99595
22037 -2 -1.99595
22038 -2 -1.99595
22039 -2 -1.99595
22040 -2 -1.99595
22041 -2 -1.99595
22042 -2 -1.99595
22043 -2 -1.99595
22044 -2 -1.99595
22045 -2 -1.99595
22046 -2 -1.99595
22047 -2 -1.99595
22048 -2 -1.99595
22049 -2 -1.99595
22050 -1.98 -1.99595
22051 -1.98 -1.99595
22052 -1.98 -1.99595
22053 -2 -1.99595
22054 -2 -1.99595
22055 -1.98 -1.99595
22056 -1.96 -1.99595
22057 -1.98 -1.99595
22058 -1.98 -1.99594
22059 -2 -1.99594
22060 -2 -1.99594
22061 -2 -1.99595
22062 -2 -1.99595
22063 -2 -1.99595
22064 -2 -1.99595
22065 -2 -1.99595
22066 -2 -1.99595
22067 -2 -1.99595
22068 -2 -1.99595
22069 -2 -1.99595
22070 -2 -1.99595
22071 -2 -1.99595
22072 -2 -1.99595
22073 -2 -1.99595
22074 -2 -1.99595
22075 -2 -1.99595
22076 -2 -1.99595
22077 -2 -1.99595
22078 -2 -1.99595
22079 -2 -1.99595
22080 -2 -1.99595
22081 -1.98 -1.99595
22082 -2 -1.99595
22083 -2 -1.99595
22084 -2 -1.99595
22085 -2 -1.99595
22086 -2 -1.99595
22087 -2 -1.99595
22088 -2 -1.99595
22089 -1.98 -1.99595
22090 -1.98 -1.99595
22091 -2 -1.99595
22092 -2 -1.99595
22093 -2 -1.99595
22094 -2 -1.99595
22095 -2 -1.99595
22096 -2 -1.99595
22097 -2 -1.99595
22098 -2 -1.99595
22099 -1.98 -1.99595
22100 -1.98 -1.99595
22101 -2 -1.99595
22102 -2 -1.99595
22103 -1.98 -1.99595
22104 -2 -1.99595
22105 -2 -1.99595
22106 -2 -1.99595
22107 -2 -1.99595
22108 -2 -1.99595
22109 -2 -1.99595
22110 -2 -1.99595
22111 -2 -1.99595
22112 -2 -1.99595
22113 -2 -1.99595
22114 -2 -1.99595
22115 -2 -1.99595
22116 -2 -1.99595
22117 -2 -1.99595
22118 -2 -1.99595
22119 -2 -1.99595
22120 -2 -1.99595
22121 -2 -1.99595
22122 -2 -1.99595
22123 -2 -1.99595
22124 -2 -1.99595
22125 -2 -1.99595
22126 -2 -1.99595
22127 -2 -1.99595
22128 -2 -1.99595
22129 -2 -1.99595
22130 -2 -1.99595
22131 -1.98 -1.99595
22132 -2 -1.99595
22133 -2 -1.99595
22134 -2 -1.99595
22135 -2 -1.99595
22136 -2 -1.99595
22137 -2 -1.99595
22138 -2 -1.99595
22139 -2 -1.99595
22140 -2 -1.99595
22141 -2 -1.99595
22142 -2 -1.99595
22143 -2 -1.99595
22144 -2 -1.99595
22145 -2 -1.99595
22146 -2 -1.99595
22147 -2 -1.99595
22148 -2 -1.99595
22149 -2 -1.99595
22150 -2 -1.99596
22151 -2 -1.99596
22152 -2 -1.99596
22153 -2 -1.99596
22154 -2 -1.99596
22155 -2 -1.99596
22156 -2 -1.99596
22157 -2 -1.99596
22158 -2 -1.99596
22159 -2 -1.99596
22160 -2 -1.99596
22161 -2 -1.99596
22162 -2 -1.99596
22163 -2 -1.99596
22164 -2 -1.99596
22165 -2 -1.99596
22166 -2 -1.99596
22167 -2 -1.99596
22168 -1.98 -1.99596
22169 -2 -1.99596
22170 -2 -1.99596
22171 -2 -1.99596
22172 -2 -1.99596
22173 -2 -1.99596
22174 -2 -1.99596
22175 -2 -1.99596
22176 -1.98 -1.99596
22177 -2 -1.99596
22178 -2 -1.99596
22179 -2 -1.99596
22180 -2 -1.99596
22181 -2 -1.99596
22182 -2 -1.99596
22183 -2 -1.99596
22184 -2 -1.99596
22185 -2 -1.99596
22186 -2 -1.99596
22187 -2 -1.99596
22188 -2 -1.99596
22189 -2 -1.99596
22190 -2 -1.99596
22191 -2 -1.99596
22192 -2 -1.99596
22193 -2 -1.99596
22194 -2 -1.99596
22195 -2 -1.99596
22196 -2 -1.99596
22197 -2 -1.99596
22198 -2 -1.99596
22199 -2 -1.99596
22200 -2 -1.99596
22201 -2 -1.99596
22202 -2 -1.99596
22203 -2 -1.99596
22204 -1.98 -1.99596
22205 -2 -1.99596
22206 -2 -1.99596
22207 -2 -1.99596
22208 -2 -1.99596
22209 -2 -1.99596
22210 -2 -1.99596
22211 -2 -1.99596
22212 -1.98 -1.99596
22213 -2 -1.99596
22214 -2 -1.99596
22215 -2 -1.99596
22216 -2 -1.99596
22217 -2 -1.99596
22218 -2 -1.99596
22219 -2 -1.99596
22220 -2 -1.99596
22221 -2 -1.99596
22222 -2 -1.99596
22223 -2 -1.99596
22224 -2 -1.99596
22225 -2 -1.99597
22226 -2 -1.99597
22227 -2 -1.99597
22228 -2 -1.99597
22229 -2 -1.99597
22230 -2 -1.99597
22231 -2 -1.99597
22232 -2 -1.99597
22233 -2 -1.99597
22234 -2 -1.99597
22235 -2 -1.99597
22236 -1.98 -1.99597
22237 -2 -1.99597
22238 -2 -1.99597
22239 -2 -1.99597
22240 -2 -1.99597
22241 -2 -1.99597
22242 -2 -1.99597
22243 -2 -1.99597
22244 -2 -1.99597
22245 -2 -1.99597
22246 -2 -1.99597
22247 -2 -1.99597
22248 -2 -1.99597
22249 -2 -1.99597
22250 -2 -1.99597
22251 -2 -1.99597
22252 -1.98 -1.99597
22253 -2 -1.99597
22254 -1.98 -1.99597
22255 -1.98 -1.99597
22256 -2 -1.99597
22257 -2 -1.99597
22258 -2 -1.99597
22259 -2 -1.99597
22260 -2 -1.99597
22261 -2 -1.99597
22262 -2 -1.99597
22263 -2 -1.99597
22264 -2 -1.99597
22265 -2 -1.99597
22266 -2 -1.99597
22267 -2 -1.99597
22268 -2 -1.99597
22269 -2 -1.99597
22270 -1.98 -1.99597
22271 -2 -1.99597
22272 -2 -1.99597
22273 -2 -1.99597
22274 -1.98 -1.99597
22275 -1.98 -1.99597
22276 -1.98 -1.99597
22277 -1.98 -1.99597
22278 -2 -1.99597
22279 -2 -1.99597
22280 -2 -1.99597
22281 -2 -1.99597
22282 -2 -1.99597
22283 -2 -1.99597
22284 -2 -1.99597
22285 -2 -1.99597
22286 -2 -1.99597
22287 -2 -1.99597
22288 -2 -1.99597
22289 -2 -1.99597
22290 -2 -1.99597
22291 -2 -1.99597
22292 -2 -1.99597
22293 -2 -1.99597
22294 -2 -1.99597
22295 -2 -1.99597
22296 -2 -1.99597
22297 -2 -1.99597
22298 -2 -1.99597
22299 -2 -1.99597
22300 -2 -1.99597
22301 -2 -1.99597
22302 -2 -1.99597
22303 -2 -1.99597
22304 -2 -1.99597
22305 -2 -1.99597
22306 -2 -1.99597
22307 -2 -1.99597
22308 -2 -1.99597
22309 -2 -1.99597
22310 -2 -1.99597
22311 -2 -1.99597
22312 -2 -1.99597
22313 -2 -1.99597
22314 -2 -1.99597
22315 -2 -1.99597
22316 -2 -1.99597
22317 -2 -1.99597
22318 -2 -1.99597
22319 -2 -1.99597
22320 -2 -1.99597
22321 -2 -1.99597
22322 -2 -1.99597
22323 -2 -1.99597
22324 -2 -1.99597
22325 -2 -1.99598
22326 -2 -1.99598
22327 -2 -1.99598
22328 -2 -1.99598
22329 -1.97 -1.99597
22330 -1.98 -1.99597
22331 -1.98 -1.99597
22332 -2 -1.99597
22333 -2 -1.99597
22334 -2 -1.99597
22335 -2 -1.99597
22336 -1.98 -1.99597
22337 -2 -1.99597
22338 -2 -1.99597
22339 -2 -1.99597
22340 -2 -1.99597
22341 -2 -1.99597
22342 -2 -1.99597
22343 -2 -1.99597
22344 -2 -1.99597
22345 -2 -1.99597
22346 -2 -1.99597
22347 -2 -1.99598
22348 -1.98 -1.99597
22349 -1.98 -1.99597
22350 -1.98 -1.99597
22351 -2 -1.99597
22352 -1.98 -1.99597
22353 -2 -1.99597
22354 -2 -1.99597
22355 -2 -1.99597
22356 -2 -1.99597
22357 -2 -1.99597
22358 -2 -1.99597
22359 -1.98 -1.99597
22360 -2 -1.99597
22361 -2 -1.99597
22362 -2 -1.99597
22363 -2 -1.99597
22364 -1.98 -1.99597
22365 -1.98 -1.99597
22366 -2 -1.99597
22367 -2 -1.99597
22368 -2 -1.99597
22369 -2 -1.99597
22370 -2 -1.99597
22371 -2 -1.99597
22372 -2 -1.99597
22373 -2 -1.99597
22374 -1.98 -1.99597
22375 -1.98 -1.99597
22376 -1.98 -1.99597
22377 -1.98 -1.99597
22378 -1.98 -1.99597
22379 -1.98 -1.99597
22380 -1.98 -1.99597
22381 -1.98 -1.99597
22382 -1.98 -1.99597
22383 -2 -1.99597
22384 -2 -1.99597
22385 -1.98 -1.99597
22386 -2 -1.99597
22387 -2 -1.99597
22388 -2 -1.99597
22389 -1.98 -1.99597
22390 -2 -1.99597
22391 -2 -1.99597
22392 -2 -1.99597
22393 -2 -1.99597
22394 -2 -1.99597
22395 -2 -1.99597
22396 -1.98 -1.99597
22397 -1.98 -1.99597
22398 -2 -1.99597
22399 -2 -1.99597
22400 -2 -1.99597
22401 -2 -1.99597
22402 -2 -1.99597
22403 -2 -1.99597
22404 -2 -1.99597
22405 -2 -1.99597
22406 -2 -1.99597
22407 -2 -1.99597
22408 -2 -1.99597
22409 -2 -1.99597
22410 -2 -1.99597
22411 -2 -1.99597
22412 -1.97 -1.99597
22413 -1.98 -1.99597
22414 -1.98 -1.99597
22415 -2 -1.99597
22416 -2 -1.99597
22417 -2 -1.99597
22418 -2 -1.99597
22419 -1.98 -1.99597
22420 -1.98 -1.99597
22421 -2 -1.99597
22422 -2 -1.99597
22423 -2 -1.99597
22424 -2 -1.99597
22425 -2 -1.99597
22426 -2 -1.99597
22427 -2 -1.99597
22428 -1.98 -1.99597
22429 -2 -1.99597
22430 -2 -1.99597
22431 -2 -1.99597
22432 -2 -1.99597
22433 -2 -1.99597
22434 -2 -1.99597
22435 -2 -1.99597
22436 -2 -1.99597
22437 -2 -1.99597
22438 -2 -1.99597
22439 -2 -1.99597
22440 -2 -1.99597
22441 -2 -1.99597
22442 -2 -1.99597
22443 -2 -1.99597
22444 -2 -1.99597
22445 -2 -1.99597
22446 -2 -1.99597
22447 -2 -1.99597
22448 -1.98 -1.99597
22449 -2 -1.99597
22450 -2 -1.99597
22451 -2 -1.99597
22452 -2 -1.99597
22453 -2 -1.99597
22454 -2 -1.99597
22455 -2 -1.99597
22456 -1.98 -1.99597
22457 -2 -1.99597
22458 -2 -1.99597
22459 -2 -1.99597
22460 -2 -1.99597
22461 -2 -1.99597
22462 -2 -1.99597
22463 -2 -1.99597
22464 -2 -1.99597
22465 -2 -1.99597
22466 -2 -1.99597
22467 -2 -1.99597
22468 -1.98 -1.99597
22469 -1.98 -1.99597
22470 -1.98 -1.99597
22471 -2 -1.99597
22472 -2 -1.99597
22473 -2 -1.99597
22474 -2 -1.99597
22475 -2 -1.99597
22476 -2 -1.99597
22477 -2 -1.99597
22478 -2 -1.99597
22479 -2 -1.99597
22480 -1.98 -1.99597
22481 -1.98 -1.99597
22482 -2 -1.99597
22483 -2 -1.99597
22484 -1.98 -1.99597
22485 -2 -1.99597
22486 -2 -1.99597
22487 -2 -1.99597
22488 -2 -1.99597
22489 -2 -1.99597
22490 -2 -1.99597
22491 -2 -1.99597
22492 -2 -1.99597
22493 -2 -1.99597
22494 -2 -1.99597
22495 -2 -1.99597
22496 -2 -1.99597
22497 -2 -1.99597
22498 -2 -1.99597
22499 -2 -1.99597
22500 -2 -1.99597
22501 -2 -1.99597
22502 -2 -1.99597
22503 -2 -1.99597
22504 -2 -1.99597
22505 -2 -1.99597
22506 -2 -1.99597
22507 -2 -1.99597
22508 -2 -1.99597
22509 -2 -1.99597
22510 -2 -1.99597
22511 -1.98 -1.99597
22512 -2 -1.99597
22513 -2 -1.99597
22514 -2 -1.99597
22515 -2 -1.99597
22516 -2 -1.99597
22517 -2 -1.99597
22518 -2 -1.99597
22519 -2 -1.99597
22520 -2 -1.99597
22521 -2 -1.99597
22522 -2 -1.99597
22523 -2 -1.99597
22524 -2 -1.99598
22525 -2 -1.99598
22526 -2 -1.99598
22527 -2 -1.99598
22528 -2 -1.99598
22529 -2 -1.99598
22530 -2 -1.99598
22531 -2 -1.99598
22532 -2 -1.99598
22533 -2 -1.99598
22534 -2 -1.99598
22535 -2 -1.99598
22536 -2 -1.99598
22537 -2 -1.99598
22538 -1.98 -1.99598
22539 -1.98 -1.99598
22540 -2 -1.99598
22541 -2 -1.99598
22542 -2 -1.99598
22543 -2 -1.99598
22544 -2 -1.99598
22545 -2 -1.99598
22546 -2 -1.99598
22547 -2 -1.99598
22548 -2 -1.99598
22549 -2 -1.99598
22550 -2 -1.99598
22551 -2 -1.99598
22552 -2 -1.99598
22553 -1.98 -1.99598
22554 -1.98 -1.99598
22555 -1.98 -1.99598
22556 -2 -1.99598
22557 -2 -1.99598
22558 -2 -1.99598
22559 -2 -1.99598
22560 -2 -1.99598
22561 -2 -1.99598
22562 -2 -1.99598
22563 -2 -1.99598
22564 -2 -1.99598
22565 -2 -1.99598
22566 -2 -1.99598
22567 -2 -1.99598
22568 -1.98 -1.99598
22569 -2 -1.99598
22570 -2 -1.99598
22571 -2 -1.99598
22572 -2 -1.99598
22573 -2 -1.99598
22574 -2 -1.99598
22575 -2 -1.99598
22576 -2 -1.99598
22577 -2 -1.99598
22578 -1.98 -1.99598
22579 -1.98 -1.99598
22580 -2 -1.99598
22581 -2 -1.99598
22582 -2 -1.99598
22583 -2 -1.99598
22584 -2 -1.99598
22585 -2 -1.99598
22586 -2 -1.99598
22587 -2 -1.99598
22588 -2 -1.99598
22589 -2 -1.99598
22590 -2 -1.99598
22591 -1.98 -1.99598
22592 -1.98 -1.99598
22593 -1.98 -1.99598
22594 -2 -1.99598
22595 -2 -1.99598
22596 -2 -1.99598
22597 -2 -1.99598
22598 -2 -1.99598
22599 -2 -1.99598
22600 -2 -1.99598
22601 -2 -1.99598
22602 -2 -1.99598
22603 -2 -1.99598
22604 -2 -1.99598
22605 -2 -1.99598
22606 -2 -1.99598
22607 -2 -1.99598
22608 -2 -1.99598
22609 -2 -1.99598
22610 -2 -1.99598
22611 -2 -1.99598
22612 -2 -1.99598
22613 -2 -1.99598
22614 -2 -1.99598
22615 -2 -1.99598
22616 -2 -1.99598
22617 -2 -1.99598
22618 -2 -1.99598
22619 -2 -1.99598
22620 -2 -1.99598
22621 -2 -1.99598
22622 -2 -1.99598
22623 -2 -1.99598
22624 -2 -1.99598
22625 -2 -1.99598
22626 -2 -1.99598
22627 -2 -1.99598
22628 -1.98 -1.99598
22629 -2 -1.99598
22630 -2 -1.99598
22631 -2 -1.99598
22632 -2 -1.99598
22633 -2 -1.99598
22634 -1.98 -1.99598
22635 -2 -1.99598
22636 -2 -1.99598
22637 -2 -1.99598
22638 -1.98 -1.99598
22639 -2 -1.99598
22640 -2 -1.99598
22641 -2 -1.99598
22642 -2 -1.99598
22643 -1.96 -1.99598
22644 -1.98 -1.99598
22645 -2 -1.99598
22646 -2 -1.99598
22647 -2 -1.99598
22648 -2 -1.99598
22649 -1.98 -1.99598
22650 -2 -1.99598
22651 -2 -1.99598
22652 -2 -1.99598
22653 -2 -1.99598
22654 -2 -1.99598
22655 -1.98 -1.99598
22656 -1.98 -1.99598
22657 -2 -1.99598
22658 -2 -1.99598
22659 -2 -1.99598
22660 -2 -1.99598
22661 -1.98 -1.99598
22662 -2 -1.99598
22663 -2 -1.99598
22664 -2 -1.99598
22665 -2 -1.99598
22666 -2 -1.99598
22667 -2 -1.99598
22668 -2 -1.99598
22669 -2 -1.99598
22670 -2 -1.99598
22671 -2 -1.99598
22672 -2 -1.99598
22673 -2 -1.99598
22674 -2 -1.99598
22675 -2 -1.99598
22676 -2 -1.99598
22677 -2 -1.99598
22678 -2 -1.99598
22679 -2 -1.99598
22680 -2 -1.99598
22681 -2 -1.99598
22682 -2 -1.99598
22683 -2 -1.99598
22684 -2 -1.99599
22685 -2 -1.99599
22686 -2 -1.99599
22687 -2 -1.99599
22688 -2 -1.99599
22689 -2 -1.99599
22690 -2 -1.99599
22691 -2 -1.99599
22692 -2 -1.99599
22693 -2 -1.99599
22694 -2 -1.99599
22695 -2 -1.99599
22696 -2 -1.99599
22697 -2 -1.99599
22698 -2 -1.99599
22699 -2 -1.99599
22700 -1.98 -1.99599
22701 -2 -1.99599
22702 -1.98 -1.99599
22703 -1.98 -1.99599
22704 -2 -1.99599
22705 -2 -1.99599
22706 -2 -1.99599
22707 -1.98 -1.99599
22708 -2 -1.99599
22709 -1.98 -1.99599
22710 -2 -1.99599
22711 -2 -1.99599
22712 -1.98 -1.99598
22713 -1.96 -1.99598
22714 -2 -1.99598
22715 -2 -1.99598
22716 -2 -1.99598
22717 -2 -1.99598
22718 -2 -1.99598
22719 -2 -1.99598
22720 -2 -1.99598
22721 -2 -1.99598
22722 -2 -1.99598
22723 -2 -1.99598
22724 -2 -1.99599
22725 -2 -1.99599
22726 -1.98 -1.99598
22727 -2 -1.99598
22728 -2 -1.99598
22729 -2 -1.99599
22730 -2 -1.99599
22731 -2 -1.99599
22732 -2 -1.99599
22733 -2 -1.99599
22734 -1.98 -1.99599
22735 -2 -1.99599
22736 -2 -1.99599
22737 -2 -1.99599
22738 -1.98 -1.99598
22739 -1.98 -1.99598
22740 -2 -1.99598
22741 -2 -1.99598
22742 -2 -1.99598
22743 -2 -1.99598
22744 -2 -1.99599
22745 -2 -1.99599
22746 -2 -1.99599
22747 -2 -1.99599
22748 -2 -1.99599
22749 -2 -1.99599
22750 -2 -1.99599
22751 -2 -1.99599
22752 -2 -1.99599
22753 -2 -1.99599
22754 -2 -1.99599
22755 -2 -1.99599
22756 -2 -1.99599
22757 -2 -1.99599
22758 -2 -1.99599
22759 -2 -1.99599
22760 -2 -1.99599
22761 -1.98 -1.99599
22762 -1.98 -1.99599
22763 -2 -1.99599
22764 -2 -1.99599
22765 -2 -1.99599
22766 -2 -1.99599
22767 -2 -1.99599
22768 -2 -1.99599
22769 -2 -1.99599
22770 -2 -1.99599
22771 -2 -1.99599
22772 -2 -1.99599
22773 -2 -1.99599
22774 -2 -1.99599
22775 -2 -1.99599
22776 -1.98 -1.99599
22777 -2 -1.99599
22778 -2 -1.99599
22779 -2 -1.99599
22780 -2 -1.99599
22781 -2 -1.99599
22782 -2 -1.99599
22783 -2 -1.99599
22784 -2 -1.99599
22785 -1.98 -1.99599
22786 -2 -1.99599
22787 -1.98 -1.99599
22788 -2 -1.99599
22789 -2 -1.99599
22790 -2 -1.99599
22791 -2 -1.99599
22792 -2 -1.99599
22793 -2 -1.99599
22794 -2 -1.99599
22795 -2 -1.99599
22796 -2 -1.99599
22797 -1.98 -1.99599
22798 -1.98 -1.99599
22799 -2 -1.99599
22800 -2 -1.99599
22801 -2 -1.99599
22802 -2 -1.99599
22803 -2 -1.99599
22804 -1.98 -1.99599
22805 -2 -1.99599
22806 -2 -1.99599
22807 -2 -1.99599
22808 -2 -1.99599
22809 -2 -1.99599
22810 -2 -1.99599
22811 -2 -1.99599
22812 -2 -1.99599
22813 -2 -1.99599
22814 -2 -1.99599
22815 -2 -1.99599
22816 -2 -1.99599
22817 -2 -1.99599
22818 -2 -1.99599
22819 -2 -1.99599
22820 -2 -1.99599
22821 -2 -1.99599
22822 -1.98 -1.99599
22823 -1.97 -1.99599
22824 -1.98 -1.99599
22825 -1.98 -1.99599
22826 -2 -1.99599
22827 -2 -1.99599
22828 -2 -1.99599
22829 -2 -1.99599
22830 -2 -1.99599
22831 -2 -1.99599
22832 -2 -1.99599
22833 -2 -1.99599
22834 -2 -1.99599
22835 -1.98 -1.99599
22836 -2 -1.99599
22837 -2 -1.99599
22838 -2 -1.99599
22839 -2 -1.99599
22840 -2 -1.99599
22841 -2 -1.99599
22842 -2 -1.99599
22843 -2 -1.99599
22844 -2 -1.99599
22845 -2 -1.99599
22846 -2 -1.99599
22847 -2 -1.99599
22848 -1.98 -1.99599
22849 -1.98 -1.99599
22850 -2 -1.99599
22851 -2 -1.99599
22852 -2 -1.99599
22853 -2 -1.99599
22854 -2 -1.99599
22855 -2 -1.99599
22856 -2 -1.99599
22857 -2 -1.99599
22858 -2 -1.99599
22859 -2 -1.99599
22860 -2 -1.99599
22861 -2 -1.99599
22862 -2 -1.99599
22863 -2 -1.99599
22864 -2 -1.99599
22865 -2 -1.99599
22866 -2 -1.99599
22867 -2 -1.99599
22868 -1.98 -1.99599
22869 -1.98 -1.99599
22870 -1.98 -1.99599
22871 -2 -1.99599
22872 -2 -1.99599
22873 -2 -1.99599
22874 -2 -1.99599
22875 -2 -1.99599
22876 -2 -1.99599
22877 -2 -1.99599
22878 -2 -1.99599
22879 -2 -1.99599
22880 -2 -1.99599
22881 -2 -1.99599
22882 -2 -1.99599
22883 -2 -1.99599
22884 -2 -1.99599
22885 -2 -1.99599
22886 -2 -1.99599
22887 -2 -1.99599
22888 -2 -1.99599
22889 -1.98 -1.99599
22890 -2 -1.99599
22891 -2 -1.99599
22892 -2 -1.99599
22893 -2 -1.99599
22894 -2 -1.99599
22895 -2 -1.99599
22896 -2 -1.99599
22897 -2 -1.99599
22898 -2 -1.996
22899 -2 -1.996
22900 -2 -1.996
22901 -2 -1.996
22902 -2 -1.996
22903 -2 -1.996
22904 -2 -1.996
22905 -1.98 -1.996
22906 -2 -1.996
22907 -2 -1.996
22908 -2 -1.996
22909 -2 -1.996
22910 -2 -1.996
22911 -2 -1.996
22912 -2 -1.996
22913 -2 -1.996
22914 -2 -1.996
22915 -2 -1.996
22916 -2 -1.996
22917 -2 -1.996
22918 -2 -1.996
22919 -2 -1.996
22920 -2 -1.996
22921 -2 -1.996
22922 -2 -1.996
22923 -1.98 -1.996
22924 -2 -1.996
22925 -2 -1.996
22926 -2 -1.996
22927 -2 -1.996
22928 -1.98 -1.996
22929 -2 -1.996
22930 -2 -1.996
22931 -2 -1.996
22932 -2 -1.996
22933 -1.98 -1.996
22934 -2 -1.996
22935 -2 -1.996
22936 -2 -1.996
22937 -2 -1.996
22938 -2 -1.996
22939 -2 -1.996
22940 -2 -1.996
22941 -2 -1.996
22942 -2 -1.996
22943 -2 -1.996
22944 -2 -1.996
22945 -2 -1.996
22946 -2 -1.996
22947 -2 -1.996
22948 -2 -1.996
22949 -2 -1.996
22950 -2 -1.996
22951 -2 -1.996
22952 -2 -1.996
22953 -2 -1.996
22954 -2 -1.996
22955 -2 -1.996
22956 -2 -1.996
22957 -2 -1.996
22958 -1.98 -1.996
22959 -2 -1.996
22960 -2 -1.996
22961 -2 -1.996
22962 -2 -1.996
22963 -2 -1.996
22964 -2 -1.996
22965 -2 -1.996
22966 -2 -1.996
22967 -1.98 -1.996
22968 -1.98 -1.996
22969 -2 -1.996
22970 -2 -1.996
22971 -2 -1.996
22972 -2 -1.996
22973 -2 -1.996
22974 -2 -1.996
22975 -2 -1.996
22976 -2 -1.996
22977 -2 -1.996
22978 -2 -1.996
22979 -2 -1.996
22980 -2 -1.996
22981 -1.98 -1.996
22982 -2 -1.996
22983 -2 -1.996
22984 -2 -1.996
22985 -2 -1.996
22986 -2 -1.996
22987 -2 -1.996
22988 -2 -1.996
22989 -2 -1.996
22990 -2 -1.996
22991 -2 -1.996
22992 -2 -1.996
22993 -2 -1.996
22994 -1.98 -1.996
22995 -2 -1.996
22996 -2 -1.996
22997 -2 -1.996
22998 -2 -1.996
22999 -2 -1.996
23000 -2 -1.996
23001 -1.98 -1.996
23002 -2 -1.996
23003 -2 -1.996
23004 -2 -1.996
23005 -2 -1.996
23006 -2 -1.99601
23007 -2 -1.99601
23008 -2 -1.99601
23009 -2 -1.99601
23010 -2 -1.99601
23011 -2 -1.99601
23012 -2 -1.99601
23013 -2 -1.99601
23014 -2 -1.99601
23015 -1.98 -1.99601
23016 -2 -1.99601
23017 -2 -1.99601
23018 -1.98 -1.99601
23019 -2 -1.99601
23020 -2 -1.99601
23021 -2 -1.99601
23022 -2 -1.99601
23023 -2 -1.99601
23024 -2 -1.99601
23025 -2 -1.99601
23026 -2 -1.99601
23027 -2 -1.99601
23028 -2 -1.99601
23029 -2 -1.99601
23030 -2 -1.99601
23031 -2 -1.99601
23032 -2 -1.99601
23033 -2 -1.99601
23034 -2 -1.99601
23035 -2 -1.99601
23036 -2 -1.99601
23037 -2 -1.99601
23038 -2 -1.99601
23039 -2 -1.99601
23040 -2 -1.99601
23041 -2 -1.99601
23042 -2 -1.99601
23043 -2 -1.99601
23044 -2 -1.99601
23045 -2 -1.99601
23046 -2 -1.99601
23047 -2 -1.99601
23048 -1.98 -1.99601
23049 -2 -1.99601
23050 -2 -1.99601
23051 -2 -1.99601
23052 -2 -1.99601
23053 -2 -1.99601
23054 -2 -1.99601
23055 -2 -1.99601
23056 -2 -1.99601
23057 -2 -1.99601
23058 -2 -1.99601
23059 -2 -1.99601
23060 -2 -1.99601
23061 -2 -1.99601
23062 -2 -1.99601
23063 -2 -1.99601
23064 -2 -1.99601
23065 -2 -1.99601
23066 -2 -1.99601
23067 -2 -1.99601
23068 -2 -1.99601
23069 -2 -1.99601
23070 -2 -1.99601
23071 -2 -1.99601
23072 -2 -1.99601
23073 -2 -1.99601
23074 -2 -1.99601
23075 -2 -1.99601
23076 -2 -1.99601
23077 -2 -1.99601
23078 -2 -1.99601
23079 -2 -1.99602
23080 -2 -1.99602
23081 -2 -1.99602
23082 -2 -1.99602
23083 -2 -1.99602
23084 -2 -1.99602
23085 -1.98 -1.99602
23086 -2 -1.99602
23087 -2 -1.99602
23088 -2 -1.99602
23089 -2 -1.99602
23090 -2 -1.99602
23091 -2 -1.99602
23092 -2 -1.99602
23093 -2 -1.99602
23094 -2 -1.99602
23095 -2 -1.99602
23096 -2 -1.99602
23097 -1.98 -1.99602
23098 -2 -1.99602
23099 -2 -1.99602
23100 -2 -1.99602
23101 -2 -1.99602
23102 -1.98 -1.99602
23103 -1.97 -1.99602
23104 -1.98 -1.99601
23105 -1.98 -1.99601
23106 -2 -1.99601
23107 -1.98 -1.99601
23108 -2 -1.99601
23109 -2 -1.99601
23110 -2 -1.99601
23111 -2 -1.99601
23112 -2 -1.99601
23113 -2 -1.99601
23114 -2 -1.99601
23115 -1.96 -1.99601
23116 -1.98 -1.99601
23117 -2 -1.99601
23118 -1.98 -1.99601
23119 -1.98 -1.99601
23120 -2 -1.99601
23121 -2 -1.99601
23122 -2 -1.99601
23123 -2 -1.99601
23124 -2 -1.99601
23125 -2 -1.99601
23126 -1.98 -1.99601
23127 -2 -1.99601
23128 -2 -1.99601
23129 -2 -1.99601
23130 -2 -1.99601
23131 -2 -1.99601
23132 -2 -1.99601
23133 -2 -1.99601
23134 -2 -1.99601
23135 -2 -1.99601
23136 -2 -1.99601
23137 -2 -1.99601
23138 -2 -1.99601
23139 -2 -1.99601
23140 -2 -1.99601
23141 -1.98 -1.99601
23142 -1.98 -1.99601
23143 -2 -1.99601
23144 -2 -1.99601
23145 -2 -1.99601
23146 -2 -1.99601
23147 -2 -1.99601
23148 -2 -1.99601
23149 -1.98 -1.99601
23150 -1.98 -1.99601
23151 -1.98 -1.99601
23152 -1.98 -1.99601
23153 -2 -1.99601
23154 -2 -1.99601
23155 -2 -1.99601
23156 -2 -1.99601
23157 -1.98 -1.99601
23158 -1.98 -1.99601
23159 -2 -1.99601
23160 -2 -1.99601
23161 -2 -1.99601
23162 -2 -1.99601
23163 -2 -1.99601
23164 -2 -1.99601
23165 -2 -1.99601
23166 -2 -1.99601
23167 -2 -1.99601
23168 -2 -1.99601
23169 -2 -1.99601
23170 -2 -1.99601
23171 -2 -1.99601
23172 -2 -1.99601
23173 -2 -1.99601
23174 -2 -1.99601
23175 -2 -1.99601
23176 -2 -1.99601
23177 -2 -1.99601
23178 -2 -1.99601
23179 -2 -1.99601
23180 -2 -1.99601
23181 -2 -1.99601
23182 -2 -1.99601
23183 -2 -1.99601
23184 -2 -1.99601
23185 -2 -1.99601
23186 -2 -1.99602
23187 -2 -1.99602
23188 -2 -1.99602
23189 -2 -1.99602
23190 -2 -1.99602
23191 -2 -1.99602
23192 -2 -1.99602
23193 -2 -1.99602
23194 -2 -1.99602
23195 -2 -1.99602
23196 -2 -1.99602
23197 -2 -1.99602
23198 -2 -1.99602
23199 -2 -1.99602
23200 -2 -1.99602
23201 -2 -1.99602
23202 -2 -1.99602
23203 -2 -1.99602
23204 -2 -1.99602
23205 -2 -1.99602
23206 -2 -1.99602
23207 -2 -1.99602
23208 -2 -1.99602
23209 -2 -1.99602
23210 -2 -1.99602
23211 -1.98 -1.99602
23212 -1.98 -1.99602
23213 -2 -1.99602
23214 -2 -1.99602
23215 -2 -1.99602
23216 -2 -1.99602
23217 -1.98 -1.99602
23218 -2 -1.99602
23219 -2 -1.99602
23220 -2 -1.99602
23221 -2 -1.99602
23222 -2 -1.99602
23223 -2 -1.99602
23224 -2 -1.99602
23225 -2 -1.99602
23226 -2 -1.99602
23227 -2 -1.99602
23228 -2 -1.99602
23229 -2 -1.99602
23230 -2 -1.99602
23231 -2 -1.99602
23232 -2 -1.99602
23233 -2 -1.99602
23234 -2 -1.99602
23235 -2 -1.99602
23236 -2 -1.99602
23237 -2 -1.99602
23238 -2 -1.99602
23239 -2 -1.99602
23240 -2 -1.99602
23241 -2 -1.99602
23242 -1.98 -1.99602
23243 -1.98 -1.99602
23244 -1.98 -1.99602
23245 -2 -1.99602
23246 -2 -1.99602
23247 -2 -1.99602
23248 -2 -1.99602
23249 -2 -1.99602
23250 -2 -1.99602
23251 -2 -1.99602
23252 -2 -1.99602
23253 -1.98 -1.99602
23254 -2 -1.99602
23255 -1.98 -1.99602
23256 -1.98 -1.99602
23257 -2 -1.99602
23258 -2 -1.99602
23259 -2 -1.99602
23260 -2 -1.99602
23261 -2 -1.99602
23262 -2 -1.99602
23263 -2 -1.99602
23264 -2 -1.99602
23265 -2 -1.99602
23266 -2 -1.99602
23267 -2 -1.99602
23268 -2 -1.99602
23269 -2 -1.99602
23270 -2 -1.99602
23271 -1.96 -1.99602
23272 -1.98 -1.99602
23273 -1.98 -1.99602
23274 -2 -1.99602
23275 -2 -1.99602
23276 -2 -1.99602
23277 -2 -1.99602
23278 -2 -1.99602
23279 -1.98 -1.99602
23280 -2 -1.99602
23281 -2 -1.99602
23282 -2 -1.99602
23283 -2 -1.99602
23284 -2 -1.99602
23285 -2 -1.99602
23286 -2 -1.99602
23287 -2 -1.99602
23288 -2 -1.99602
23289 -2 -1.99602
23290 -2 -1.99602
23291 -2 -1.99602
23292 -1.98 -1.99602
23293 -2 -1.99602
23294 -2 -1.99602
23295 -2 -1.99602
23296 -2 -1.99602
23297 -2 -1.99602
23298 -2 -1.99602
23299 -2 -1.99602
23300 -2 -1.99602
23301 -2 -1.99602
23302 -2 -1.99602
23303 -2 -1.99602
23304 -2 -1.99602
23305 -2 -1.99602
23306 -2 -1.99602
23307 -2 -1.99602
23308 -2 -1.99602
23309 -2 -1.99602
23310 -2 -1.99602
23311 -2 -1.99602
23312 -2 -1.99602
23313 -2 -1.99602
23314 -2 -1.99602
23315 -2 -1.99602
23316 -2 -1.99602
23317 -2 -1.99602
23318 -2 -1.99602
23319 -2 -1.99602
23320 -2 -1.99603
23321 -2 -1.99603
23322 -2 -1.99603
23323 -2 -1.99603
23324 -2 -1.99603
23325 -2 -1.99603
23326 -2 -1.99603
23327 -2 -1.99603
23328 -2 -1.99603
23329 -1.98 -1.99603
23330 -1.96 -1.99602
23331 -1.96 -1.99602
23332 -1.96 -1.99602
23333 -1.96 -1.99602
23334 -2 -1.99602
23335 -2 -1.99602
23336 -2 -1.99602
23337 -2 -1.99602
23338 -2 -1.99602
23339 -2 -1.99602
23340 -2 -1.99602
23341 -2 -1.99602
23342 -2 -1.99602
23343 -2 -1.99602
23344 -2 -1.99602
23345 -2 -1.99602
23346 -2 -1.99602
23347 -2 -1.99602
23348 -1.98 -1.99602
23349 -1.97 -1.99602
23350 -1.97 -1.99602
23351 -1.97 -1.99602
23352 -1.98 -1.99602
23353 -2 -1.99602
23354 -2 -1.99602
23355 -2 -1.99602
23356 -2 -1.99602
23357 -2 -1.99602
23358 -2 -1.99602
23359 -2 -1.99602
23360 -2 -1.99602
23361 -2 -1.99602
23362 -2 -1.99602
23363 -2 -1.99602
23364 -2 -1.99602
23365 -2 -1.99602
23366 -2 -1.99602
23367 -2 -1.99602
23368 -2 -1.99602
23369 -2 -1.99602
23370 -2 -1.99602
23371 -2 -1.99602
23372 -2 -1.99602
23373 -2 -1.99602
23374 -2 -1.99602
23375 -2 -1.99602
23376 -2 -1.99602
23377 -1.98 -1.99602
23378 -1.98 -1.99602
23379 -1.98 -1.99602
23380 -1.98 -1.99602
23381 -2 -1.99602
23382 -2 -1.99602
23383 -2 -1.99602
23384 -2 -1.99602
23385 -2 -1.99602
23386 -2 -1.99602
23387 -1.98 -1.99602
23388 -2 -1.99602
23389 -2 -1.99602
23390 -1.98 -1.99602
23391 -1.98 -1.99602
23392 -2 -1.99602
23393 -2 -1.99602
23394 -1.98 -1.99602
23395 -2 -1.99602
23396 -1.98 -1.99602
23397 -2 -1.99602
23398 -2 -1.99602
23399 -2 -1.99602
23400 -2 -1.99602
23401 -2 -1.99602
23402 -2 -1.99602
23403 -1.98 -1.99602
23404 -1.98 -1.99602
23405 -2 -1.99602
23406 -2 -1.99602
23407 -2 -1.99602
23408 -1.96 -1.99602
23409 -1.98 -1.99601
23410 -1.98 -1.99601
23411 -2 -1.99601
23412 -2 -1.99601
23413 -2 -1.99601
23414 -2 -1.99601
23415 -2 -1.99602
23416 -2 -1.99602
23417 -2 -1.99602
23418 -2 -1.99602
23419 -2 -1.99602
23420 -1.98 -1.99602
23421 -2 -1.99602
23422 -2 -1.99602
23423 -2 -1.99602
23424 -2 -1.99602
23425 -2 -1.99602
23426 -2 -1.99602
23427 -2 -1.99602
23428 -1.98 -1.99602
23429 -1.98 -1.99601
23430 -2 -1.99602
23431 -2 -1.99602
23432 -2 -1.99602
23433 -2 -1.99602
23434 -2 -1.99602
23435 -2 -1.99602
23436 -2 -1.99602
23437 -2 -1.99602
23438 -2 -1.99602
23439 -2 -1.99602
23440 -2 -1.99602
23441 -2 -1.99602
23442 -2 -1.99602
23443 -2 -1.99602
23444 -2 -1.99602
23445 -2 -1.99602
23446 -2 -1.99602
23447 -2 -1.99602
23448 -2 -1.99602
23449 -1.98 -1.99602
23450 -2 -1.99602
23451 -2 -1.99602
23452 -2 -1.99602
23453 -2 -1.99602
23454 -2 -1.99602
23455 -2 -1.99602
23456 -2 -1.99602
23457 -2 -1.99602
23458 -2 -1.99602
23459 -2 -1.99602
23460 -2 -1.99602
23461 -2 -1.99602
23462 -2 -1.99602
23463 -2 -1.99602
23464 -2 -1.99602
23465 -1.98 -1.99602
23466 -2 -1.99602
23467 -2 -1.99602
23468 -2 -1.99602
23469 -2 -1.99602
23470 -2 -1.99602
23471 -2 -1.99602
23472 -2 -1.99602
23473 -2 -1.99602
23474 -2 -1.99602
23475 -2 -1.99602
23476 -2 -1.99602
23477 -2 -1.99602
23478 -2 -1.99602
23479 -2 -1.99602
23480 -2 -1.99602
23481 -2 -1.99602
23482 -2 -1.99602
23483 -2 -1.99602
23484 -2 -1.99602
23485 -2 -1.99602
23486 -2 -1.99602
23487 -1.98 -1.99602
23488 -2 -1.99602
23489 -2 -1.99602
23490 -2 -1.99602
23491 -2 -1.99602
23492 -2 -1.99602
23493 -2 -1.99602
23494 -2 -1.99602
23495 -2 -1.99602
23496 -2 -1.99602
23497 -1.98 -1.99602
23498 -1.98 -1.99602
23499 -1.98 -1.99602
23500 -1.96 -1.99602
23501 -1.98 -1.99602
23502 -1.98 -1.99602
23503 -2 -1.99602
23504 -2 -1.99602
23505 -2 -1.99602
23506 -1.98 -1.99602
23507 -1.98 -1.99602
23508 -2 -1.99602
23509 -2 -1.99602
23510 -2 -1.99602
23511 -2 -1.99602
23512 -2 -1.99602
23513 -2 -1.99602
23514 -2 -1.99602
23515 -2 -1.99602
23516 -2 -1.99602
23517 -2 -1.99602
23518 -2 -1.99602
23519 -2 -1.99602
23520 -2 -1.99602
23521 -2 -1.99602
23522 -2 -1.99602
23523 -2 -1.99602
23524 -2 -1.99602
23525 -2 -1.99602
23526 -2 -1.99602
23527 -2 -1.99602
23528 -2 -1.99602
23529 -2 -1.99602
23530 -2 -1.99602
23531 -2 -1.99602
23532 -2 -1.99602
23533 -2 -1.99602
23534 -2 -1.99602
23535 -1.98 -1.99602
23536 -2 -1.99602
23537 -2 -1.99602
23538 -1.98 -1.99602
23539 -2 -1.99602
23540 -1.98 -1.99602
23541 -2 -1.99602
23542 -2 -1.99602
23543 -2 -1.99602
23544 -2 -1.99602
23545 -2 -1.99602
23546 -2 -1.99602
23547 -2 -1.99602
23548 -2 -1.99602
23549 -2 -1.99602
23550 -2 -1.99602
23551 -2 -1.99602
23552 -2 -1.99602
23553 -2 -1.99602
23554 -2 -1.99602
23555 -2 -1.99602
23556 -2 -1.99602
23557 -2 -1.99602
23558 -2 -1.99602
23559 -2 -1.99602
23560 -2 -1.99602
23561 -2 -1.99602
23562 -1.98 -1.99602
23563 -1.98 -1.99602
23564 -2 -1.99602
23565 -2 -1.99602
23566 -2 -1.99602
23567 -2 -1.99602
23568 -2 -1.99602
23569 -2 -1.99602
23570 -2 -1.99602
23571 -2 -1.99602
23572 -2 -1.99602
23573 -2 -1.99602
23574 -2 -1.99603
23575 -2 -1.99603
23576 -2 -1.99603
23577 -2 -1.99603
23578 -2 -1.99603
23579 -2 -1.99603
23580 -2 -1.99603
23581 -2 -1.99603
23582 -2 -1.99603
23583 -2 -1.99603
23584 -2 -1.99603
23585 -2 -1.99603
23586 -2 -1.99603
23587 -2 -1.99603
23588 -2 -1.99603
23589 -2 -1.99603
23590 -2 -1.99603
23591 -2 -1.99603
23592 -2 -1.99603
23593 -2 -1.99603
23594 -2 -1.99603
23595 -2 -1.99603
23596 -2 -1.99603
23597 -2 -1.99603
23598 -2 -1.99603
23599 -2 -1.99603
23600 -2 -1.99603
23601 -2 -1.99603
23602 -2 -1.99603
23603 -2 -1.99603
23604 -2 -1.99603
23605 -2 -1.99603
23606 -1.98 -1.99603
23607 -2 -1.99603
23608 -2 -1.99603
23609 -2 -1.99603
23610 -2 -1.99603
23611 -2 -1.99603
23612 -2 -1.99603
23613 -2 -1.99603
23614 -2 -1.99603
23615 -2 -1.99603
23616 -2 -1.99603
23617 -1.98 -1.99603
23618 -2 -1.99603
23619 -2 -1.99603
23620 -2 -1.99603
23621 -1.98 -1.99603
23622 -1.98 -1.99603
23623 -2 -1.99603
23624 -2 -1.99603
23625 -2 -1.99603
23626 -2 -1.99603
23627 -2 -1.99603
23628 -2 -1.99603
23629 -1.98 -1.99603
23630 -1.96 -1.99603
23631 -1.96 -1.99603
23632 -1.96 -1.99603
23633 -2 -1.99603
23634 -2 -1.99603
23635 -2 -1.99603
23636 -2 -1.99603
23637 -2 -1.99603
23638 -2 -1.99603
23639 -2 -1.99603
23640 -2 -1.99603
23641 -1.98 -1.99603
23642 -1.98 -1.99603
23643 -2 -1.99603
23644 -2 -1.99603
23645 -2 -1.99603
23646 -2 -1.99603
23647 -2 -1.99603
23648 -2 -1.99603
23649 -2 -1.99603
23650 -2 -1.99603
23651 -2 -1.99603
23652 -2 -1.99603
23653 -2 -1.99603
23654 -2 -1.99603
23655 -2 -1.99603
23656 -2 -1.99603
23657 -1.98 -1.99603
23658 -1.98 -1.99603
23659 -1.98 -1.99603
23660 -1.98 -1.99603
23661 -2 -1.99603
23662 -2 -1.99603
23663 -2 -1.99603
23664 -1.98 -1.99602
23665 -2 -1.99603
23666 -1.98 -1.99602
23667 -1.98 -1.99602
23668 -1.98 -1.99602
23669 -2 -1.99602
23670 -2 -1.99602
23671 -2 -1.99602
23672 -2 -1.99602
23673 -2 -1.99602
23674 -2 -1.99602
23675 -2 -1.99602
23676 -2 -1.99602
23677 -2 -1.99602
23678 -2 -1.99602
23679 -2 -1.99602
23680 -2 -1.99603
23681 -2 -1.99603
23682 -2 -1.99603
23683 -1.98 -1.99602
23684 -2 -1.99602
23685 -1.98 -1.99602
23686 -2 -1.99602
23687 -2 -1.99602
23688 -2 -1.99602
23689 -2 -1.99602
23690 -2 -1.99603
23691 -2 -1.99603
23692 -2 -1.99603
23693 -2 -1.99603
23694 -2 -1.99603
23695 -2 -1.99603
23696 -2 -1.99603
23697 -2 -1.99603
23698 -2 -1.99603
23699 -2 -1.99603
23700 -1.98 -1.99603
23701 -1.98 -1.99603
23702 -2 -1.99603
23703 -2 -1.99603
23704 -2 -1.99603
23705 -2 -1.99603
23706 -1.98 -1.99603
23707 -2 -1.99603
23708 -2 -1.99603
23709 -2 -1.99603
23710 -2 -1.99603
23711 -2 -1.99603
23712 -2 -1.99603
23713 -2 -1.99603
23714 -2 -1.99603
23715 -2 -1.99603
23716 -2 -1.99603
23717 -2 -1.99603
23718 -2 -1.99603
23719 -2 -1.99603
23720 -2 -1.99603
23721 -2 -1.99603
23722 -2 -1.99603
23723 -2 -1.99603
23724 -1.98 -1.99603
23725 -2 -1.99603
23726 -2 -1.99603
23727 -1.98 -1.99603
23728 -1.98 -1.99603
23729 -2 -1.99603
23730 -2 -1.99603
23731 -2 -1.99603
23732 -2 -1.99603
23733 -2 -1.99603
23734 -2 -1.99603
23735 -2 -1.99603
23736 -2 -1.99603
23737 -2 -1.99603
23738 -2 -1.99603
23739 -2 -1.99603
23740 -1.98 -1.99603
23741 -2 -1.99603
23742 -2 -1.99603
23743 -2 -1.99603
23744 -2 -1.99603
23745 -2 -1.99603
23746 -2 -1.99603
23747 -2 -1.99603
23748 -2 -1.99603
23749 -2 -1.99603
23750 -2 -1.99603
23751 -2 -1.99603
23752 -2 -1.99603
23753 -2 -1.99603
23754 -2 -1.99603
23755 -2 -1.99603
23756 -2 -1.99603
23757 -2 -1.99603
23758 -2 -1.99603
23759 -2 -1.99603
23760 -2 -1.99603
23761 -2 -1.99603
23762 -2 -1.99603
23763 -2 -1.99603
23764 -2 -1.99603
23765 -2 -1.99603
23766 -2 -1.99603
23767 -2 -1.99603
23768 -1.98 -1.99603
23769 -2 -1.99603
23770 -2 -1.99603
23771 -2 -1.99603
23772 -2 -1.99603
23773 -1.98 -1.99603
23774 -1.98 -1.99603
23775 -2 -1.99603
23776 -2 -1.99603
23777 -1.98 -1.99603
23778 -1.98 -1.99603
23779 -2 -1.99603
23780 -2 -1.99603
23781 -2 -1.99603
23782 -2 -1.99603
23783 -2 -1.99603
23784 -2 -1.99603
23785 -2 -1.99603
23786 -2 -1.99603
23787 -2 -1.99603
23788 -1.98 -1.99603
23789 -1.98 -1.99603
23790 -2 -1.99603
23791 -2 -1.99603
23792 -2 -1.99603
23793 -2 -1.99603
23794 -2 -1.99603
23795 -2 -1.99603
23796 -2 -1.99603
23797 -2 -1.99603
23798 -2 -1.99603
23799 -2 -1.99603
23800 -1.96 -1.99603
23801 -1.96 -1.99603
23802 -1.98 -1.99603
23803 -2 -1.99603
23804 -2 -1.99603
23805 -2 -1.99603
23806 -2 -1.99603
23807 -2 -1.99603
23808 -2 -1.99603
23809 -2 -1.99603
23810 -2 -1.99603
23811 -2 -1.99603
23812 -2 -1.99603
23813 -2 -1.99603
23814 -2 -1.99603
23815 -2 -1.99603
23816 -2 -1.99603
23817 -2 -1.99603
23818 -2 -1.99603
23819 -2 -1.99603
23820 -2 -1.99603
23821 -2 -1.99603
23822 -2 -1.99603
23823 -2 -1.99603
23824 -2 -1.99603
23825 -2 -1.99603
23826 -2 -1.99603
23827 -2 -1.99603
23828 -2 -1.99603
23829 -2 -1.99603
23830 -2 -1.99603
23831 -2 -1.99603
23832 -2 -1.99603
23833 -2 -1.99603
23834 -2 -1.99603
23835 -2 -1.99603
23836 -2 -1.99603
23837 -2 -1.99603
23838 -2 -1.99603
23839 -2 -1.99603
23840 -2 -1.99603
23841 -2 -1.99603
23842 -2 -1.99603
23843 -2 -1.99603
23844 -2 -1.99603
23845 -2 -1.99603
23846 -2 -1.99604
23847 -2 -1.99604
23848 -2 -1.99604
23849 -2 -1.99604
23850 -2 -1.99604
23851 -1.98 -1.99604
23852 -2 -1.99604
23853 -2 -1.99604
23854 -2 -1.99604
23855 -2 -1.99604
23856 -2 -1.99604
23857 -2 -1.99604
23858 -2 -1.99604
23859 -2 -1.99604
23860 -2 -1.99604
23861 -2 -1.99604
23862 -2 -1.99604
23863 -2 -1.99604
23864 -2 -1.99604
23865 -2 -1.99604
23866 -2 -1.99604
23867 -2 -1.99604
23868 -2 -1.99604
23869 -2 -1.99604
23870 -2 -1.99604
23871 -2 -1.99604
23872 -2 -1.99604
23873 -2 -1.99604
23874 -2 -1.99604
23875 -2 -1.99604
23876 -2 -1.99604
23877 -1.97 -1.99604
23878 -1.98 -1.99604
23879 -2 -1.99604
23880 -2 -1.99604
23881 -2 -1.99604
23882 -2 -1.99604
23883 -2 -1.99604
23884 -2 -1.99604
23885 -2 -1.99604
23886 -2 -1.99604
23887 -2 -1.99604
23888 -2 -1.99604
23889 -2 -1.99604
23890 -2 -1.99604
23891 -2 -1.99604
23892 -2 -1.99604
23893 -2 -1.99604
23894 -2 -1.99604
23895 -2 -1.99604
23896 -2 -1.99604
23897 -2 -1.99604
23898 -2 -1.99604
23899 -2 -1.99604
23900 -2 -1.99604
23901 -2 -1.99604
23902 -2 -1.99604
23903 -2 -1.99604
23904 -2 -1.99604
23905 -2 -1.99604
23906 -2 -1.99604
23907 -2 -1.99604
23908 -2 -1.99604
23909 -2 -1.99604
23910 -2 -1.99604
23911 -2 -1.99604
23912 -2 -1.99604
23913 -2 -1.99604
23914 -2 -1.99604
23915 -2 -1.99604
23916 -2 -1.99604
23917 -2 -1.99604
23918 -2 -1.99604
23919 -2 -1.99604
23920 -2 -1.99604
23921 -2 -1.99604
23922 -2 -1.99604
23923 -2 -1.99604
23924 -2 -1.99605
23925 -2 -1.99605
23926 -2 -1.99605
23927 -2 -1.99605
23928 -1.98 -1.99604
23929 -1.96 -1.99604
23930 -2 -1.99604
23931 -2 -1.99604
23932 -2 -1.99604
23933 -2 -1.99604
23934 -2 -1.99604
23935 -2 -1.99604
23936 -2 -1.99604
23937 -2 -1.99604
23938 -2 -1.99604
23939 -2 -1.99605
23940 -2 -1.99605
23941 -2 -1.99605
23942 -2 -1.99605
23943 -2 -1.99605
23944 -1.98 -1.99605
23945 -2 -1.99605
23946 -2 -1.99605
23947 -2 -1.99605
23948 -2 -1.99605
23949 -2 -1.99605
23950 -2 -1.99605
23951 -2 -1.99605
23952 -2 -1.99605
23953 -2 -1.99605
23954 -2 -1.99605
23955 -2 -1.99605
23956 -2 -1.99605
23957 -2 -1.99605
23958 -2 -1.99605
23959 -2 -1.99605
23960 -2 -1.99605
23961 -2 -1.99605
23962 -2 -1.99605
23963 -1.98 -1.99605
23964 -1.98 -1.99605
23965 -2 -1.99605
23966 -1.98 -1.99605
23967 -2 -1.99605
23968 -1.98 -1.99605
23969 -2 -1.99605
23970 -2 -1.99605
23971 -2 -1.99605
23972 -2 -1.99605
23973 -2 -1.99605
23974 -2 -1.99605
23975 -2 -1.99605
23976 -2 -1.99605
23977 -2 -1.99605
23978 -2 -1.99605
23979 -2 -1.99605
23980 -2 -1.99605
23981 -2 -1.99605
23982 -2 -1.99605
23983 -2 -1.99605
23984 -2 -1.99605
23985 -2 -1.99605
23986 -2 -1.99605
23987 -2 -1.99605
23988 -2 -1.99605
23989 -2 -1.99605
23990 -2 -1.99605
23991 -2 -1.99605
23992 -2 -1.99605
23993 -2 -1.99605
23994 -1.98 -1.99605
23995 -1.98 -1.99605
23996 -2 -1.99605
23997 -2 -1.99605
23998 -2 -1.99605
23999 -2 -1.99605
24000 -2 -1.99605
24001 -2 -1.99605
24002 -2 -1.99605
24003 -2 -1.99605
24004 -2 -1.99605
24005 -2 -1.99605
24006 -2 -1.99605
24007 -2 -1.99605
24008 -2 -1.99605
24009 -2 -1.99605
24010 -2 -1.99605
24011 -2 -1.99605
24012 -1.98 -1.99605
24013 -2 -1.99605
24014 -2 -1.99605
24015 -2 -1.99605
24016 -2 -1.99605
24017 -2 -1.99605
24018 -2 -1.99605
24019 -2 -1.99605
24020 -2 -1.99605
24021 -2 -1.99605
24022 -2 -1.99605
24023 -2 -1.99605
24024 -2 -1.99605
24025 -2 -1.99605
24026 -2 -1.99605
24027 -2 -1.99605
24028 -2 -1.99605
24029 -2 -1.99605
24030 -2 -1.99605
24031 -2 -1.99605
24032 -2 -1.99605
24033 -1.98 -1.99605
24034 -1.98 -1.99605
24035 -2 -1.99605
24036 -2 -1.99605
24037 -2 -1.99605
24038 -2 -1.99605
24039 -2 -1.99605
24040 -2 -1.99605
24041 -2 -1.99605
24042 -2 -1.99605
24043 -2 -1.99605
24044 -2 -1.99605
24045 -2 -1.99605
24046 -2 -1.99605
24047 -2 -1.99605
24048 -2 -1.99605
24049 -2 -1.99605
24050 -2 -1.99606
24051 -2 -1.99606
24052 -2 -1.99606
24053 -2 -1.99606
24054 -2 -1.99606
24055 -2 -1.99606
24056 -2 -1.99606
24057 -2 -1.99606
24058 -2 -1.99606
24059 -2 -1.99606
24060 -2 -1.99606
24061 -2 -1.99606
24062 -2 -1.99606
24063 -2 -1.99606
24064 -2 -1.99606
24065 -2 -1.99606
24066 -2 -1.99606
24067 -2 -1.99606
24068 -1.98 -1.99606
24069 -2 -1.99606
24070 -2 -1.99606
24071 -2 -1.99606
24072 -2 -1.99606
24073 -2 -1.99606
24074 -2 -1.99606
24075 -2 -1.99606
24076 -2 -1.99606
24077 -2 -1.99606
24078 -2 -1.99606
24079 -2 -1.99606
24080 -1.98 -1.99606
24081 -2 -1.99606
24082 -2 -1.99606
24083 -2 -1.99606
24084 -2 -1.99606
24085 -2 -1.99606
24086 -2 -1.99606
24087 -2 -1.99606
24088 -2 -1.99606
24089 -1.98 -1.99606
24090 -2 -1.99606
24091 -2 -1.99606
24092 -2 -1.99606
24093 -2 -1.99606
24094 -2 -1.99606
24095 -2 -1.99606
24096 -2 -1.99606
24097 -2 -1.99606
24098 -2 -1.99606
24099 -2 -1.99606
24100 -2 -1.99606
24101 -2 -1.99606
24102 -2 -1.99606
24103 -2 -1.99606
24104 -2 -1.99606
24105 -2 -1.99606
24106 -2 -1.99606
24107 -2 -1.99606
24108 -2 -1.99606
24109 -2 -1.99606
24110 -2 -1.99606
24111 -2 -1.99606
24112 -2 -1.99606
24113 -2 -1.99606
24114 -2 -1.99606
24115 -2 -1.99606
24116 -1.98 -1.99606
24117 -2 -1.99606
24118 -2 -1.99606
24119 -2 -1.99606
24120 -2 -1.99606
24121 -2 -1.99606
24122 -2 -1.99606
24123 -2 -1.99606
24124 -1.98 -1.99606
24125 -1.98 -1.99606
24126 -2 -1.99606
24127 -2 -1.99606
24128 -1.98 -1.99606
24129 -1.98 -1.99606
24130 -2 -1.99606
24131 -2 -1.99606
24132 -1.98 -1.99606
24133 -1.98 -1.99606
24134 -2 -1.99606
24135 -2 -1.99606
24136 -2 -1.99606
24137 -2 -1.99606
24138 -2 -1.99606
24139 -2 -1.99606
24140 -2 -1.99606
24141 -2 -1.99606
24142 -2 -1.99606
24143 -2 -1.99606
24144 -2 -1.99606
24145 -2 -1.99606
24146 -2 -1.99606
24147 -2 -1.99606
24148 -2 -1.99606
24149 -2 -1.99606
24150 -2 -1.99606
24151 -2 -1.99606
24152 -2 -1.99606
24153 -2 -1.99606
24154 -2 -1.99606
24155 -2 -1.99606
24156 -2 -1.99606
24157 -2 -1.99606
24158 -2 -1.99606
24159 -2 -1.99606
24160 -2 -1.99606
24161 -2 -1.99606
24162 -2 -1.99607
24163 -2 -1.99607
24164 -2 -1.99607
24165 -2 -1.99607
24166 -2 -1.99607
24167 -2 -1.99607
24168 -2 -1.99607
24169 -2 -1.99607
24170 -2 -1.99607
24171 -2 -1.99607
24172 -2 -1.99607
24173 -2 -1.99607
24174 -2 -1.99607
24175 -2 -1.99607
24176 -2 -1.99607
24177 -2 -1.99607
24178 -2 -1.99607
24179 -2 -1.99607
24180 -2 -1.99607
24181 -2 -1.99607
24182 -2 -1.99607
24183 -2 -1.99607
24184 -2 -1.99607
24185 -2 -1.99607
24186 -2 -1.99607
24187 -2 -1.99607
24188 -2 -1.99607
24189 -2 -1.99607
24190 -2 -1.99607
24191 -2 -1.99607
24192 -2 -1.99607
24193 -2 -1.99607
24194 -2 -1.99607
24195 -2 -1.99607
24196 -2 -1.99607
24197 -2 -1.99607
24198 -1.98 -1.99607
24199 -2 -1.99607
24200 -2 -1.99607
24201 -2 -1.99607
24202 -2 -1.99607
24203 -2 -1.99607
24204 -2 -1.99607
24205 -2 -1.99607
24206 -2 -1.99607
24207 -2 -1.99607
24208 -2 -1.99607
24209 -2 -1.99607
24210 -2 -1.99607
24211 -2 -1.99607
24212 -2 -1.99607
24213 -2 -1.99607
24214 -2 -1.99607
24215 -2 -1.99607
24216 -2 -1.99607
24217 -2 -1.99607
24218 -2 -1.99607
24219 -2 -1.99607
24220 -2 -1.99607
24221 -2 -1.99607
24222 -2 -1.99607
24223 -2 -1.99607
24224 -2 -1.99607
24225 -2 -1.99607
24226 -2 -1.99607
24227 -2 -1.99607
24228 -1.98 -1.99607
24229 -2 -1.99607
24230 -2 -1.99607
24231 -1.98 -1.99607
24232 -1.98 -1.99607
24233 -1.98 -1.99607
24234 -2 -1.99607
24235 -2 -1.99607
24236 -2 -1.99607
24237 -2 -1.99607
24238 -1.98 -1.99607
24239 -1.98 -1.99607
24240 -2 -1.99607
24241 -2 -1.99607
24242 -2 -1.99607
24243 -2 -1.99607
24244 -2 -1.99607
24245 -2 -1.99607
24246 -2 -1.99607
24247 -2 -1.99607
24248 -2 -1.99607
24249 -2 -1.99607
24250 -2 -1.99607
24251 -2 -1.99607
24252 -2 -1.99607
24253 -2 -1.99607
24254 -2 -1.99607
24255 -2 -1.99607
24256 -2 -1.99607
24257 -2 -1.99607
24258 -2 -1.99607
24259 -2 -1.99608
24260 -1.98 -1.99607
24261 -1.98 -1.99607
24262 -2 -1.99607
24263 -2 -1.99607
24264 -2 -1.99607
24265 -2 -1.99607
24266 -2 -1.99607
24267 -2 -1.99607
24268 -2 -1.99607
24269 -2 -1.99607
24270 -2 -1.99608
24271 -2 -1.99608
24272 -2 -1.99608
24273 -2 -1.99608
24274 -2 -1.99608
24275 -2 -1.99608
24276 -2 -1.99608
24277 -2 -1.99608
24278 -2 -1.99608
24279 -2 -1.99608
24280 -2 -1.99608
24281 -2 -1.99608
24282 -2 -1.99608
24283 -2 -1.99608
24284 -1.98 -1.99608
24285 -2 -1.99608
24286 -2 -1.99608
24287 -2 -1.99608
24288 -2 -1.99608
24289 -1.98 -1.99608
24290 -1.98 -1.99608
24291 -1.98 -1.99608
24292 -1.98 -1.99607
24293 -2 -1.99607
24294 -2 -1.99607
24295 -2 -1.99608
24296 -2 -1.99608
24297 -2 -1.99608
24298 -2 -1.99608
24299 -2 -1.99608
24300 -2 -1.99608
24301 -2 -1.99608
24302 -2 -1.99608
24303 -2 -1.99608
24304 -2 -1.99608
24305 -2 -1.99608
24306 -1.98 -1.99608
24307 -2 -1.99608
24308 -2 -1.99608
24309 -2 -1.99608
24310 -2 -1.99608
24311 -2 -1.99608
24312 -1.98 -1.99608
24313 -1.98 -1.99608
24314 -2 -1.99608
24315 -2 -1.99608
24316 -2 -1.99608
24317 -2 -1.99608
24318 -2 -1.99608
24319 -2 -1.99608
24320 -2 -1.99608
24321 -2 -1.99608
24322 -1.98 -1.99608
24323 -2 -1.99608
24324 -2 -1.99608
24325 -2 -1.99608
24326 -2 -1.99608
24327 -2 -1.99608
24328 -2 -1.99608
24329 -2 -1.99608
24330 -2 -1.99608
24331 -2 -1.99608
24332 -2 -1.99608
24333 -2 -1.99608
24334 -2 -1.99608
24335 -2 -1.99608
24336 -2 -1.99608
24337 -2 -1.99608
24338 -2 -1.99608
24339 -2 -1.99608
24340 -2 -1.99608
24341 -2 -1.99608
24342 -2 -1.99608
24343 -1.98 -1.99608
24344 -2 -1.99608
24345 -2 -1.99608
24346 -2 -1.99608
24347 -2 -1.99608
24348 -2 -1.99608
24349 -2 -1.99608
24350 -2 -1.99608
24351 -2 -1.99608
24352 -2 -1.99608
24353 -2 -1.99608
24354 -2 -1.99608
24355 -1.98 -1.99608
24356 -2 -1.99608
24357 -2 -1.99608
24358 -2 -1.99608
24359 -2 -1.99608
24360 -2 -1.99608
24361 -2 -1.99608
24362 -2 -1.99608
24363 -2 -1.99608
24364 -2 -1.99608
24365 -2 -1.99608
24366 -2 -1.99608
24367 -1.98 -1.99608
24368 -2 -1.99608
24369 -2 -1.99608
24370 -2 -1.99608
24371 -2 -1.99608
24372 -2 -1.99608
24373 -2 -1.99608
24374 -2 -1.99608
24375 -2 -1.99608
24376 -2 -1.99608
24377 -2 -1.99608
24378 -2 -1.99608
24379 -2 -1.99608
24380 -2 -1.99608
24381 -2 -1.99608
24382 -2 -1.99608
24383 -2 -1.99608
24384 -2 -1.99608
24385 -2 -1.99608
24386 -2 -1.99608
24387 -2 -1.99608
24388 -2 -1.99608
24389 -2 -1.99608
24390 -1.98 -1.99608
24391 -2 -1.99608
24392 -2 -1.99608
24393 -2 -1.99608
24394 -2 -1.99608
24395 -2 -1.99608
24396 -2 -1.99608
24397 -2 -1.99608
24398 -2 -1.99609
24399 -2 -1.99609
24400 -2 -1.99609
24401 -2 -1.99609
24402 -2 -1.99609
24403 -2 -1.99609
24404 -2 -1.99609
24405 -2 -1.99609
24406 -2 -1.99609
24407 -2 -1.99609
24408 -2 -1.99609
24409 -2 -1.99609
24410 -1.98 -1.99609
24411 -2 -1.99609
24412 -2 -1.99609
24413 -2 -1.99609
24414 -2 -1.99609
24415 -2 -1.99609
24416 -2 -1.99609
24417 -2 -1.99609
24418 -2 -1.99609
24419 -2 -1.99609
24420 -2 -1.99609
24421 -2 -1.99609
24422 -2 -1.99609
24423 -2 -1.99609
24424 -1.98 -1.99609
24425 -1.98 -1.99609
24426 -2 -1.99609
24427 -2 -1.99609
24428 -2 -1.99609
24429 -2 -1.99609
24430 -2 -1.99609
24431 -2 -1.99609
24432 -2 -1.99609
24433 -2 -1.99609
24434 -2 -1.99609
24435 -2 -1.99609
24436 -2 -1.99609
24437 -2 -1.99609
24438 -2 -1.99609
24439 -2 -1.99609
24440 -2 -1.99609
24441 -2 -1.99609
24442 -2 -1.99609
24443 -2 -1.99609
24444 -2 -1.99609
24445 -2 -1.99609
24446 -1.98 -1.99609
24447 -2 -1.99609
24448 -2 -1.99609
24449 -1.98 -1.99609
24450 -2 -1.99609
24451 -2 -1.99609
24452 -1.98 -1.99609
24453 -1.98 -1.99609
24454 -1.97 -1.99609
24455 -1.97 -1.99609
24456 -2 -1.99609
24457 -2 -1.99609
24458 -2 -1.99609
24459 -2 -1.99609
24460 -2 -1.99609
24461 -2 -1.99609
24462 -2 -1.99609
24463 -2 -1.99609
24464 -2 -1.99609
24465 -2 -1.99609
24466 -2 -1.99609
24467 -2 -1.99609
24468 -2 -1.99609
24469 -2 -1.99609
24470 -2 -1.99609
24471 -2 -1.99609
24472 -2 -1.99609
24473 -2 -1.99609
24474 -2 -1.99609
24475 -2 -1.99609
24476 -1.96 -1.99609
24477 -1.93 -1.99609
24478 -1.98 -1.99608
24479 -1.98 -1.99608
24480 -2 -1.99608
24481 -2 -1.99608
24482 -1.98 -1.99608
24483 -2 -1.99608
24484 -2 -1.99608
24485 -2 -1.99608
24486 -2 -1.99608
24487 -2 -1.99608
24488 -2 -1.99608
24489 -2 -1.99608
24490 -2 -1.99608
24491 -2 -1.99608
24492 -2 -1.99609
24493 -2 -1.99609
24494 -2 -1.99609
24495 -2 -1.99609
24496 -2 -1.99609
24497 -2 -1.99609
24498 -2 -1.99609
24499 -2 -1.99609
24500 -2 -1.99609
24501 -1.98 -1.99609
24502 -1.98 -1.99608
24503 -1.98 -1.99608
24504 -2 -1.99608
24505 -2 -1.99608
24506 -2 -1.99608
24507 -1.98 -1.99608
24508 -2 -1.99608
24509 -2 -1.99608
24510 -2 -1.99608
24511 -2 -1.99608
24512 -2 -1.99608
24513 -2 -1.99609
24514 -2 -1.99609
24515 -2 -1.99609
24516 -2 -1.99609
24517 -2 -1.99609
24518 -2 -1.99609
24519 -2 -1.99609
24520 -2 -1.99609
24521 -2 -1.99609
24522 -2 -1.99609
24523 -2 -1.99609
24524 -2 -1.99609
24525 -2 -1.99609
24526 -1.98 -1.99609
24527 -1.98 -1.99609
24528 -2 -1.99609
24529 -2 -1.99609
24530 -2 -1.99609
24531 -2 -1.99609
24532 -2 -1.99609
24533 -2 -1.99609
24534 -2 -1.99609
24535 -2 -1.99609
24536 -2 -1.99609
24537 -2 -1.99609
24538 -2 -1.99609
24539 -2 -1.99609
24540 -2 -1.99609
24541 -1.98 -1.99609
24542 -1.98 -1.99609
24543 -1.98 -1.99609
24544 -2 -1.99609
24545 -2 -1.99609
24546 -2 -1.99609
24547 -2 -1.99609
24548 -2 -1.99609
24549 -2 -1.99609
24550 -2 -1.99609
24551 -2 -1.99609
24552 -2 -1.99609
24553 -2 -1.99609
24554 -2 -1.99609
24555 -2 -1.99609
24556 -2 -1.99609
24557 -2 -1.99609
24558 -2 -1.99609
24559 -2 -1.99609
24560 -2 -1.99609
24561 -2 -1.99609
24562 -2 -1.99609
24563 -2 -1.99609
24564 -1.98 -1.99609
24565 -1.98 -1.99609
24566 -1.98 -1.99609
24567 -2 -1.99609
24568 -2 -1.99609
24569 -2 -1.99609
24570 -2 -1.99609
24571 -2 -1.99609
24572 -1.98 -1.99609
24573 -2 -1.99609
24574 -2 -1.99609
24575 -2 -1.99609
24576 -2 -1.99609
24577 -2 -1.99609
24578 -2 -1.99609
24579 -1.98 -1.99609
24580 -2 -1.99609
24581 -2 -1.99609
24582 -2 -1.99609
24583 -2 -1.99609
24584 -2 -1.99609
24585 -2 -1.99609
24586 -2 -1.99609
24587 -2 -1.99609
24588 -2 -1.99609
24589 -2 -1.99609
24590 -2 -1.99609
24591 -2 -1.99609
24592 -2 -1.99609
24593 -2 -1.99609
24594 -2 -1.99609
24595 -2 -1.99609
24596 -1.98 -1.99609
24597 -1.98 -1.99609
24598 -1.98 -1.99609
24599 -2 -1.99609
24600 -2 -1.99609
24601 -2 -1.99609
24602 -2 -1.99609
24603 -2 -1.99609
24604 -2 -1.99609
24605 -2 -1.99609
24606 -2 -1.99609
24607 -2 -1.99609
24608 -2 -1.99609
24609 -2 -1.99609
24610 -2 -1.99609
24611 -2 -1.99609
24612 -2 -1.99609
24613 -2 -1.99609
24614 -1.98 -1.99609
24615 -2 -1.99609
24616 -2 -1.99609
24617 -2 -1.99609
24618 -2 -1.99609
24619 -2 -1.99609
24620 -2 -1.99609
24621 -2 -1.99609
24622 -1.98 -1.99609
24623 -1.98 -1.99609
24624 -2 -1.99609
24625 -2 -1.99609
24626 -2 -1.99609
24627 -2 -1.99609
24628 -2 -1.99609
24629 -2 -1.99609
24630 -2 -1.99609
24631 -2 -1.99609
24632 -2 -1.99609
24633 -2 -1.99609
24634 -2 -1.99609
24635 -1.98 -1.99609
24636 -1.98 -1.99609
24637 -1.98 -1.99609
24638 -2 -1.99609
24639 -2 -1.99609
24640 -2 -1.99609
24641 -1.98 -1.99609
24642 -1.98 -1.99609
24643 -2 -1.99609
24644 -2 -1.99609
24645 -2 -1.99609
24646 -2 -1.99609
24647 -2 -1.99609
24648 -2 -1.99609
24649 -2 -1.99609
24650 -2 -1.99609
24651 -2 -1.99609
24652 -2 -1.99609
24653 -2 -1.99609
24654 -2 -1.99609
24655 -2 -1.99609
24656 -2 -1.99609
24657 -2 -1.99609
24658 -2 -1.99609
24659 -2 -1.99609
24660 -2 -1.99609
24661 -2 -1.99609
24662 -2 -1.99609
24663 -2 -1.99609
24664 -2 -1.99609
24665 -2 -1.99609
24666 -2 -1.99609
24667 -2 -1.99609
24668 -2 -1.99609
24669 -2 -1.99609
24670 -2 -1.99609
24671 -2 -1.99609
24672 -2 -1.99609
24673 -2 -1.99609
24674 -2 -1.99609
24675 -2 -1.99609
24676 -1.98 -1.99609
24677 -2 -1.99609
24678 -2 -1.99609
24679 -2 -1.99609
24680 -2 -1.99609
24681 -2 -1.99609
24682 -2 -1.99609
24683 -2 -1.99609
24684 -2 -1.99609
24685 -2 -1.99609
24686 -2 -1.99609
24687 -2 -1.99609
24688 -2 -1.9961
24689 -2 -1.9961
24690 -2 -1.9961
24691 -2 -1.9961
24692 -2 -1.9961
24693 -2 -1.9961
24694 -2 -1.9961
24695 -2 -1.9961
24696 -2 -1.9961
24697 -2 -1.9961
24698 -2 -1.9961
24699 -2 -1.9961
24700 -2 -1.9961
24701 -2 -1.9961
24702 -1.98 -1.9961
24703 -1.98 -1.9961
24704 -1.98 -1.9961
24705 -2 -1.9961
24706 -1.98 -1.99609
24707 -2 -1.99609
24708 -2 -1.99609
24709 -2 -1.9961
24710 -2 -1.9961
24711 -1.97 -1.99609
24712 -1.98 -1.99609
24713 -1.98 -1.99609
24714 -1.98 -1.99609
24715 -2 -1.99609
24716 -2 -1.99609
24717 -2 -1.99609
24718 -2 -1.99609
24719 -2 -1.99609
24720 -2 -1.99609
24721 -2 -1.99609
24722 -2 -1.99609
24723 -2 -1.99609
24724 -2 -1.99609
24725 -1.98 -1.99609
24726 -2 -1.99609
24727 -2 -1.99609
24728 -2 -1.99609
24729 -2 -1.99609
24730 -2 -1.99609
24731 -2 -1.99609
24732 -2 -1.99609
24733 -2 -1.99609
24734 -2 -1.99609
24735 -2 -1.99609
24736 -2 -1.99609
24737 -2 -1.9961
24738 -2 -1.9961
24739 -2 -1.9961
24740 -2 -1.9961
24741 -2 -1.9961
24742 -2 -1.9961
24743 -2 -1.9961
24744 -2 -1.9961
24745 -2 -1.9961
24746 -2 -1.9961
24747 -2 -1.9961
24748 -2 -1.9961
24749 -2 -1.9961
24750 -2 -1.9961
24751 -2 -1.9961
24752 -2 -1.9961
24753 -2 -1.9961
24754 -2 -1.9961
24755 -2 -1.9961
24756 -1.98 -1.9961
24757 -2 -1.9961
24758 -2 -1.9961
24759 -2 -1.9961
24760 -2 -1.9961
24761 -2 -1.9961
24762 -2 -1.9961
24763 -2 -1.9961
24764 -2 -1.9961
24765 -2 -1.9961
24766 -2 -1.9961
24767 -2 -1.9961
24768 -1.98 -1.9961
24769 -1.98 -1.9961
24770 -1.98 -1.9961
24771 -2 -1.9961
24772 -2 -1.9961
24773 -2 -1.9961
24774 -2 -1.9961
24775 -2 -1.9961
24776 -2 -1.9961
24777 -2 -1.9961
24778 -2 -1.9961
24779 -2 -1.9961
24780 -2 -1.9961
24781 -2 -1.9961
24782 -2 -1.9961
24783 -2 -1.9961
24784 -2 -1.9961
24785 -2 -1.9961
24786 -2 -1.9961
24787 -2 -1.9961
24788 -2 -1.9961
24789 -2 -1.9961
24790 -2 -1.9961
24791 -2 -1.9961
24792 -1.98 -1.9961
24793 -1.98 -1.9961
24794 -2 -1.9961
24795 -2 -1.9961
24796 -2 -1.9961
24797 -2 -1.9961
24798 -2 -1.9961
24799 -2 -1.9961
24800 -2 -1.9961
24801 -1.98 -1.9961
24802 -1.98 -1.9961
24803 -2 -1.9961
24804 -2 -1.9961
24805 -2 -1.9961
24806 -2 -1.9961
24807 -2 -1.9961
24808 -1.98 -1.9961
24809 -1.98 -1.9961
24810 -1.98 -1.9961
24811 -2 -1.9961
24812 -1.98 -1.9961
24813 -2 -1.9961
24814 -2 -1.9961
24815 -2 -1.9961
24816 -1.98 -1.9961
24817 -2 -1.9961
24818 -2 -1.9961
24819 -2 -1.9961
24820 -2 -1.9961
24821 -2 -1.9961
24822 -2 -1.9961
24823 -2 -1.9961
24824 -2 -1.9961
24825 -2 -1.9961
24826 -2 -1.9961
24827 -2 -1.9961
24828 -2 -1.9961
24829 -1.97 -1.9961
24830 -2 -1.9961
24831 -2 -1.9961
24832 -2 -1.9961
24833 -2 -1.9961
24834 -2 -1.9961
24835 -2 -1.9961
24836 -2 -1.9961
24837 -2 -1.9961
24838 -2 -1.9961
24839 -2 -1.9961
24840 -2 -1.9961
24841 -2 -1.9961
24842 -2 -1.9961
24843 -2 -1.9961
24844 -2 -1.9961
24845 -2 -1.9961
24846 -2 -1.9961
24847 -2 -1.9961
24848 -2 -1.9961
24849 -2 -1.9961
24850 -2 -1.9961
24851 -1.98 -1.9961
24852 -2 -1.9961
24853 -1.98 -1.9961
24854 -2 -1.9961
24855 -2 -1.9961
24856 -2 -1.9961
24857 -2 -1.9961
24858 -2 -1.9961
24859 -2 -1.9961
24860 -2 -1.9961
24861 -1.98 -1.9961
24862 -1.98 -1.9961
24863 -2 -1.9961
24864 -2 -1.9961
24865 -2 -1.9961
24866 -2 -1.9961
24867 -2 -1.9961
24868 -1.98 -1.9961
24869 -1.96 -1.9961
24870 -1.98 -1.9961
24871 -1.98 -1.9961
24872 -2 -1.9961
24873 -2 -1.9961
24874 -2 -1.9961
24875 -2 -1.9961
24876 -1.98 -1.9961
24877 -1.98 -1.9961
24878 -2 -1.9961
24879 -2 -1.9961
24880 -2 -1.9961
24881 -2 -1.9961
24882 -2 -1.9961
24883 -1.98 -1.9961
24884 -2 -1.9961
24885 -2 -1.9961
24886 -2 -1.9961
24887 -2 -1.9961
24888 -1.98 -1.9961
24889 -2 -1.9961
24890 -2 -1.9961
24891 -2 -1.9961
24892 -2 -1.9961
24893 -2 -1.9961
24894 -1.98 -1.9961
24895 -2 -1.9961
24896 -2 -1.9961
24897 -2 -1.9961
24898 -2 -1.9961
24899 -1.98 -1.9961
24900 -2 -1.9961
24901 -1.98 -1.9961
24902 -1.98 -1.9961
24903 -2 -1.9961
24904 -2 -1.9961
24905 -2 -1.9961
24906 -2 -1.9961
24907 -2 -1.9961
24908 -2 -1.9961
24909 -1.96 -1.9961
24910 -2 -1.9961
24911 -2 -1.9961
24912 -2 -1.9961
24913 -2 -1.9961
24914 -2 -1.9961
24915 -2 -1.9961
24916 -2 -1.9961
24917 -2 -1.9961
24918 -2 -1.9961
24919 -2 -1.9961
24920 -2 -1.9961
24921 -2 -1.9961
24922 -2 -1.9961
24923 -2 -1.9961
24924 -2 -1.9961
24925 -2 -1.9961
24926 -1.98 -1.9961
24927 -1.98 -1.9961
24928 -2 -1.9961
24929 -2 -1.9961
24930 -2 -1.9961
24931 -2 -1.9961
24932 -2 -1.9961
24933 -2 -1.9961
24934 -2 -1.9961
24935 -2 -1.9961
24936 -2 -1.9961
24937 -2 -1.9961
24938 -2 -1.9961
24939 -2 -1.9961
24940 -2 -1.9961
24941 -2 -1.9961
24942 -2 -1.9961
24943 -2 -1.9961
24944 -2 -1.9961
24945 -2 -1.9961
24946 -2 -1.9961
24947 -2 -1.9961
24948 -2 -1.9961
24949 -2 -1.9961
24950 -2 -1.9961
24951 -2 -1.9961
24952 -2 -1.9961
24953 -2 -1.9961
24954 -2 -1.9961
24955 -2 -1.9961
24956 -2 -1.9961
24957 -2 -1.9961
24958 -2 -1.9961
24959 -2 -1.9961
24960 -2 -1.9961
24961 -2 -1.9961
24962 -2 -1.9961
24963 -2 -1.9961
24964 -2 -1.9961
24965 -2 -1.9961
24966 -2 -1.9961
24967 -1.98 -1.9961
24968 -1.98 -1.9961
24969 -2 -1.9961
24970 -2 -1.9961
24971 -2 -1.9961
24972 -1.98 -1.9961
24973 -1.98 -1.9961
24974 -1.96 -1.9961
24975 -1.98 -1.9961
24976 -1.98 -1.9961
24977 -1.98 -1.9961
24978 -2 -1.9961
24979 -2 -1.9961
24980 -2 -1.9961
24981 -1.98 -1.9961
24982 -2 -1.9961
24983 -1.98 -1.9961
24984 -1.98 -1.9961
24985 -2 -1.9961
24986 -2 -1.9961
24987 -2 -1.9961
24988 -1.98 -1.9961
24989 -1.98 -1.99609
24990 -1.96 -1.99609
24991 -1.96 -1.99609
24992 -1.98 -1.99609
24993 -1.98 -1.99609
24994 -2 -1.99609
24995 -2 -1.99609
24996 -2 -1.99609
24997 -2 -1.99609
24998 -2 -1.99609
24999 -2 -1.99609
25000 -2 -1.99609
25001 -2 -1.99609
25002 -2 -1.99609
25003 -2 -1.99609
25004 -2 -1.99609
25005 -2 -1.99609
25006 -2 -1.99609
25007 -2 -1.99609
25008 -2 -1.99609
25009 -2 -1.99609
25010 -2 -1.99609
25011 -2 -1.99609
25012 -2 -1.99609
25013 -2 -1.99609
25014 -2 -1.99609
25015 -2 -1.99609
25016 -2 -1.99609
25017 -2 -1.99609
25018 -2 -1.99609
25019 -2 -1.99609
25020 -2 -1.99609
25021 -2 -1.9961
25022 -1.98 -1.99609
25023 -2 -1.99609
25024 -2 -1.99609
25025 -2 -1.99609
25026 -2 -1.9961
25027 -2 -1.9961
25028 -2 -1.9961
25029 -2 -1.9961
25030 -2 -1.9961
25031 -2 -1.9961
25032 -2 -1.9961
25033 -2 -1.9961
25034 -2 -1.9961
25035 -2 -1.9961
25036 -2 -1.9961
25037 -2 -1.9961
25038 -2 -1.9961
25039 -2 -1.9961
25040 -2 -1.9961
25041 -2 -1.9961
25042 -2 -1.9961
25043 -2 -1.9961
25044 -2 -1.9961
25045 -2 -1.9961
25046 -2 -1.9961
25047 -2 -1.9961
25048 -2 -1.9961
25049 -2 -1.9961
25050 -2 -1.9961
25051 -2 -1.9961
25052 -2 -1.9961
25053 -1.98 -1.9961
25054 -2 -1.9961
25055 -2 -1.9961
25056 -2 -1.9961
25057 -2 -1.9961
25058 -2 -1.9961
25059 -2 -1.9961
25060 -2 -1.9961
25061 -2 -1.9961
25062 -2 -1.9961
25063 -2 -1.9961
25064 -2 -1.9961
25065 -2 -1.9961
25066 -2 -1.9961
25067 -2 -1.9961
25068 -2 -1.9961
25069 -2 -1.9961
25070 -2 -1.9961
25071 -1.98 -1.9961
25072 -1.98 -1.9961
25073 -2 -1.9961
25074 -2 -1.9961
25075 -2 -1.9961
25076 -2 -1.9961
25077 -2 -1.9961
25078 -2 -1.9961
25079 -2 -1.9961
25080 -2 -1.9961
25081 -2 -1.9961
25082 -2 -1.9961
25083 -2 -1.9961
25084 -2 -1.9961
25085 -2 -1.9961
25086 -2 -1.9961
25087 -2 -1.9961
25088 -2 -1.9961
25089 -2 -1.9961
25090 -2 -1.9961
25091 -1.98 -1.9961
25092 -2 -1.9961
25093 -2 -1.9961
25094 -2 -1.9961
25095 -2 -1.9961
25096 -1.98 -1.9961
25097 -1.98 -1.9961
25098 -1.98 -1.9961
25099 -1.98 -1.9961
25100 -1.98 -1.9961
25101 -1.98 -1.9961
25102 -2 -1.9961
25103 -2 -1.9961
25104 -2 -1.9961
25105 -2 -1.9961
25106 -2 -1.9961
25107 -2 -1.9961
25108 -2 -1.9961
25109 -2 -1.9961
25110 -2 -1.9961
25111 -2 -1.9961
25112 -1.98 -1.9961
25113 -2 -1.9961
25114 -2 -1.9961
25115 -2 -1.9961
25116 -2 -1.9961
25117 -2 -1.9961
25118 -2 -1.9961
25119 -2 -1.9961
25120 -2 -1.9961
25121 -2 -1.9961
25122 -2 -1.9961
25123 -2 -1.9961
25124 -2 -1.9961
25125 -2 -1.9961
25126 -2 -1.9961
25127 -2 -1.9961
25128 -2 -1.9961
25129 -2 -1.9961
25130 -2 -1.9961
25131 -2 -1.9961
25132 -2 -1.9961
25133 -1.98 -1.9961
25134 -2 -1.9961
25135 -2 -1.9961
25136 -2 -1.9961
25137 -2 -1.9961
25138 -2 -1.9961
25139 -2 -1.9961
25140 -2 -1.9961
25141 -2 -1.9961
25142 -1.98 -1.9961
25143 -2 -1.9961
25144 -2 -1.9961
25145 -2 -1.9961
25146 -2 -1.9961
25147 -2 -1.9961
25148 -2 -1.9961
25149 -2 -1.9961
25150 -2 -1.9961
25151 -2 -1.9961
25152 -2 -1.9961
25153 -2 -1.9961
25154 -2 -1.9961
25155 -2 -1.9961
25156 -2 -1.9961
25157 -2 -1.99611
25158 -2 -1.99611
25159 -2 -1.99611
25160 -2 -1.99611
25161 -2 -1.99611
25162 -2 -1.99611
25163 -2 -1.99611
25164 -2 -1.99611
25165 -2 -1.99611
25166 -2 -1.99611
25167 -2 -1.99611
25168 -2 -1.99611
25169 -2 -1.99611
25170 -2 -1.99611
25171 -2 -1.99611
25172 -2 -1.99611
25173 -2 -1.99611
25174 -2 -1.99611
25175 -2 -1.99611
25176 -2 -1.99611
25177 -2 -1.99611
25178 -2 -1.99611
25179 -2 -1.99611
25180 -1.98 -1.99611
25181 -2 -1.99611
25182 -2 -1.99611
25183 -2 -1.99611
25184 -1.98 -1.99611
25185 -1.96 -1.99611
25186 -1.98 -1.99611
25187 -2 -1.99611
25188 -2 -1.99611
25189 -2 -1.99611
25190 -2 -1.99611
25191 -1.98 -1.99611
25192 -2 -1.99611
25193 -2 -1.99611
25194 -2 -1.99611
25195 -2 -1.99611
25196 -2 -1.99611
25197 -2 -1.99611
25198 -2 -1.99611
25199 -2 -1.99611
25200 -2 -1.99611
25201 -2 -1.99611
25202 -2 -1.99611
25203 -2 -1.99611
25204 -2 -1.99611
25205 -2 -1.99611
25206 -2 -1.99611
25207 -2 -1.99611
25208 -2 -1.99611
25209 -2 -1.99611
25210 -2 -1.99611
25211 -2 -1.99611
25212 -2 -1.99611
25213 -2 -1.99611
25214 -2 -1.99611
25215 -2 -1.99611
25216 -2 -1.99611
25217 -2 -1.99611
25218 -1.98 -1.99611
25219 -2 -1.99611
25220 -2 -1.99611
25221 -2 -1.99611
25222 -2 -1.99611
25223 -2 -1.99611
25224 -2 -1.99611
25225 -2 -1.99611
25226 -2 -1.99611
25227 -2 -1.99611
25228 -2 -1.99611
25229 -2 -1.99611
25230 -2 -1.99611
25231 -2 -1.99611
25232 -2 -1.99611
25233 -2 -1.99611
25234 -1.98 -1.99611
25235 -2 -1.99611
25236 -2 -1.99611
25237 -2 -1.99611
25238 -2 -1.99611
25239 -2 -1.99611
25240 -2 -1.99611
25241 -2 -1.99611
25242 -2 -1.99611
25243 -2 -1.99611
25244 -2 -1.99611
25245 -2 -1.99611
25246 -2 -1.99611
25247 -2 -1.99611
25248 -2 -1.99611
25249 -2 -1.99611
25250 -2 -1.99611
25251 -2 -1.99611
25252 -2 -1.99611
25253 -2 -1.99611
25254 -2 -1.99611
25255 -2 -1.99611
25256 -2 -1.99611
25257 -2 -1.99611
25258 -2 -1.99611
25259 -2 -1.99611
25260 -2 -1.99611
25261 -2 -1.99611
25262 -2 -1.99611
25263 -2 -1.99612
25264 -2 -1.99612
25265 -1.98 -1.99611
25266 -2 -1.99611
25267 -2 -1.99611
25268 -2 -1.99612
25269 -2 -1.99612
25270 -1.98 -1.99611
25271 -2 -1.99611
25272 -2 -1.99611
25273 -2 -1.99611
25274 -2 -1.99612
25275 -2 -1.99612
25276 -2 -1.99612
25277 -2 -1.99612
25278 -2 -1.99612
25279 -2 -1.99612
25280 -2 -1.99612
25281 -2 -1.99612
25282 -2 -1.99612
25283 -2 -1.99612
25284 -2 -1.99612
25285 -2 -1.99612
25286 -2 -1.99612
25287 -2 -1.99612
25288 -2 -1.99612
25289 -2 -1.99612
25290 -1.98 -1.99612
25291 -2 -1.99612
25292 -2 -1.99612
25293 -2 -1.99612
25294 -1.98 -1.99612
25295 -1.98 -1.99612
25296 -1.98 -1.99612
25297 -2 -1.99612
25298 -2 -1.99612
25299 -2 -1.99612
25300 -2 -1.99612
25301 -2 -1.99612
25302 -1.98 -1.99612
25303 -1.98 -1.99611
25304 -1.96 -1.99611
25305 -2 -1.99611
25306 -2 -1.99611
25307 -2 -1.99611
25308 -2 -1.99611
25309 -2 -1.99611
25310 -2 -1.99611
25311 -2 -1.99611
25312 -2 -1.99611
25313 -2 -1.99611
25314 -2 -1.99611
25315 -2 -1.99612
25316 -2 -1.99612
25317 -2 -1.99612
25318 -2 -1.99612
25319 -2 -1.99612
25320 -2 -1.99612
25321 -2 -1.99612
25322 -2 -1.99612
25323 -1.98 -1.99612
25324 -2 -1.99612
25325 -2 -1.99612
25326 -2 -1.99612
25327 -2 -1.99612
25328 -2 -1.99612
25329 -2 -1.99612
25330 -2 -1.99612
25331 -2 -1.99612
25332 -2 -1.99612
25333 -2 -1.99612
25334 -2 -1.99612
25335 -2 -1.99612
25336 -2 -1.99612
25337 -2 -1.99612
25338 -2 -1.99612
25339 -2 -1.99612
25340 -2 -1.99612
25341 -2 -1.99612
25342 -2 -1.99612
25343 -2 -1.99612
25344 -2 -1.99612
25345 -2 -1.99612
25346 -2 -1.99612
25347 -2 -1.99612
25348 -2 -1.99612
25349 -2 -1.99612
25350 -2 -1.99612
25351 -2 -1.99612
25352 -2 -1.99612
25353 -2 -1.99612
25354 -2 -1.99612
25355 -2 -1.99612
25356 -2 -1.99612
25357 -2 -1.99612
25358 -2 -1.99612
25359 -2 -1.99612
25360 -2 -1.99612
25361 -1.98 -1.99612
25362 -1.98 -1.99612
25363 -2 -1.99612
25364 -1.98 -1.99612
25365 -2 -1.99612
25366 -2 -1.99612
25367 -2 -1.99612
25368 -2 -1.99612
25369 -1.98 -1.99612
25370 -1.98 -1.99612
25371 -2 -1.99612
25372 -2 -1.99612
25373 -2 -1.99612
25374 -2 -1.99612
25375 -2 -1.99612
25376 -1.98 -1.99612
25377 -1.98 -1.99612
25378 -1.98 -1.99612
25379 -2 -1.99612
25380 -2 -1.99612
25381 -2 -1.99612
25382 -2 -1.99612
25383 -2 -1.99612
25384 -2 -1.99612
25385 -2 -1.99612
25386 -2 -1.99612
25387 -2 -1.99612
25388 -2 -1.99612
25389 -2 -1.99612
25390 -1.98 -1.99612
25391 -1.98 -1.99612
25392 -2 -1.99612
25393 -2 -1.99612
25394 -2 -1.99612
25395 -1.98 -1.99612
25396 -1.98 -1.99612
25397 -2 -1.99612
25398 -2 -1.99612
25399 -2 -1.99612
25400 -2 -1.99612
25401 -2 -1.99612
25402 -2 -1.99612
25403 -1.98 -1.99612
25404 -2 -1.99612
25405 -2 -1.99612
25406 -2 -1.99612
25407 -2 -1.99612
25408 -2 -1.99612
25409 -2 -1.99612
25410 -2 -1.99612
25411 -2 -1.99612
25412 -2 -1.99612
25413 -2 -1.99612
25414 -2 -1.99612
25415 -2 -1.99612
25416 -2 -1.99612
25417 -2 -1.99612
25418 -2 -1.99612
25419 -2 -1.99612
25420 -2 -1.99612
25421 -1.98 -1.99612
25422 -1.98 -1.99612
25423 -2 -1.99612
25424 -1.98 -1.99612
25425 -1.98 -1.99612
25426 -2 -1.99612
25427 -2 -1.99612
25428 -2 -1.99612
25429 -2 -1.99612
25430 -2 -1.99612
25431 -2 -1.99612
25432 -2 -1.99612
25433 -2 -1.99612
25434 -2 -1.99612
25435 -2 -1.99612
25436 -2 -1.99612
25437 -2 -1.99612
25438 -2 -1.99612
25439 -2 -1.99612
25440 -1.98 -1.99612
25441 -1.96 -1.99612
25442 -1.98 -1.99612
25443 -1.98 -1.99612
25444 -2 -1.99612
25445 -2 -1.99612
25446 -2 -1.99612
25447 -1.98 -1.99612
25448 -1.96 -1.99611
25449 -2 -1.99612
25450 -2 -1.99612
25451 -2 -1.99612
25452 -2 -1.99612
25453 -2 -1.99612
25454 -2 -1.99612
25455 -2 -1.99612
25456 -2 -1.99612
25457 -2 -1.99612
25458 -2 -1.99612
25459 -2 -1.99612
25460 -2 -1.99612
25461 -2 -1.99612
25462 -2 -1.99612
25463 -2 -1.99612
25464 -2 -1.99612
25465 -2 -1.99612
25466 -2 -1.99612
25467 -2 -1.99612
25468 -2 -1.99612
25469 -2 -1.99612
25470 -2 -1.99612
25471 -2 -1.99612
25472 -2 -1.99612
25473 -2 -1.99612
25474 -2 -1.99612
25475 -2 -1.99612
25476 -2 -1.99612
25477 -2 -1.99612
25478 -2 -1.99612
25479 -2 -1.99612
25480 -2 -1.99612
25481 -2 -1.99612
25482 -2 -1.99612
25483 -2 -1.99612
25484 -2 -1.99612
25485 -1.98 -1.99612
25486 -2 -1.99612
25487 -2 -1.99612
25488 -2 -1.99612
25489 -2 -1.99612
25490 -2 -1.99612
25491 -2 -1.99612
25492 -2 -1.99612
25493 -1.98 -1.99612
25494 -1.98 -1.99612
25495 -2 -1.99612
25496 -1.98 -1.99612
25497 -2 -1.99612
25498 -2 -1.99612
25499 -2 -1.99612
25500 -1.98 -1.99612
25501 -2 -1.99612
25502 -2 -1.99612
25503 -2 -1.99612
25504 -2 -1.99612
25505 -2 -1.99612
25506 -2 -1.99612
25507 -2 -1.99612
25508 -2 -1.99612
25509 -2 -1.99612
25510 -2 -1.99612
25511 -2 -1.99612
25512 -2 -1.99612
25513 -2 -1.99612
25514 -2 -1.99612
25515 -2 -1.99612
25516 -2 -1.99612
25517 -2 -1.99612
25518 -2 -1.99612
25519 -2 -1.99612
25520 -2 -1.99612
25521 -2 -1.99612
25522 -2 -1.99612
25523 -2 -1.99612
25524 -2 -1.99612
25525 -2 -1.99612
25526 -2 -1.99612
25527 -2 -1.99612
25528 -2 -1.99612
25529 -2 -1.99612
25530 -2 -1.99612
25531 -2 -1.99612
25532 -2 -1.99612
25533 -2 -1.99612
25534 -2 -1.99612
25535 -2 -1.99612
25536 -1.97 -1.99612
25537 -2 -1.99612
25538 -2 -1.99612
25539 -2 -1.99612
25540 -2 -1.99612
25541 -2 -1.99612
25542 -2 -1.99612
25543 -2 -1.99612
25544 -2 -1.99612
25545 -2 -1.99612
25546 -2 -1.99612
25547 -2 -1.99612
25548 -2 -1.99613
25549 -2 -1.99613
25550 -2 -1.99613
25551 -2 -1.99613
25552 -2 -1.99613
25553 -2 -1.99613
25554 -2 -1.99613
25555 -2 -1.99613
25556 -2 -1.99613
25557 -2 -1.99613
25558 -2 -1.99613
25559 -2 -1.99613
25560 -2 -1.99613
25561 -2 -1.99613
25562 -2 -1.99613
25563 -1.98 -1.99613
25564 -2 -1.99613
25565 -2 -1.99613
25566 -2 -1.99613
25567 -2 -1.99613
25568 -2 -1.99613
25569 -2 -1.99613
25570 -2 -1.99613
25571 -2 -1.99613
25572 -2 -1.99613
25573 -2 -1.99613
25574 -2 -1.99613
25575 -2 -1.99613
25576 -2 -1.99613
25577 -2 -1.99613
25578 -2 -1.99613
25579 -1.98 -1.99613
25580 -1.98 -1.99613
25581 -1.96 -1.99613
25582 -1.98 -1.99613
25583 -1.98 -1.99612
25584 -2 -1.99613
25585 -2 -1.99613
25586 -2 -1.99613
25587 -2 -1.99613
25588 -2 -1.99613
25589 -2 -1.99613
25590 -2 -1.99613
25591 -2 -1.99613
25592 -1.98 -1.99613
25593 -2 -1.99613
25594 -2 -1.99613
25595 -2 -1.99613
25596 -2 -1.99613
25597 -2 -1.99613
25598 -2 -1.99613
25599 -2 -1.99613
25600 -2 -1.99613
25601 -1.98 -1.99613
25602 -1.98 -1.99613
25603 -2 -1.99613
25604 -2 -1.99613
25605 -2 -1.99613
25606 -2 -1.99613
25607 -1.98 -1.99613
25608 -1.98 -1.99612
25609 -2 -1.99612
25610 -1.98 -1.99612
25611 -1.98 -1.99612
25612 -1.98 -1.99612
25613 -2 -1.99612
25614 -2 -1.99612
25615 -2 -1.99612
25616 -2 -1.99612
25617 -2 -1.99612
25618 -1.98 -1.99612
25619 -2 -1.99612
25620 -2 -1.99612
25621 -2 -1.99612
25622 -2 -1.99612
25623 -2 -1.99612
25624 -2 -1.99612
25625 -2 -1.99612
25626 -2 -1.99612
25627 -2 -1.99612
25628 -2 -1.99612
25629 -2 -1.99612
25630 -2 -1.99613
25631 -2 -1.99613
25632 -2 -1.99613
25633 -2 -1.99613
25634 -2 -1.99613
25635 -2 -1.99613
25636 -2 -1.99613
25637 -2 -1.99613
25638 -1.98 -1.99613
25639 -2 -1.99613
25640 -2 -1.99613
25641 -2 -1.99613
25642 -2 -1.99613
25643 -2 -1.99613
25644 -2 -1.99613
25645 -2 -1.99613
25646 -1.98 -1.99613
25647 -2 -1.99613
25648 -2 -1.99613
25649 -2 -1.99613
25650 -2 -1.99613
25651 -2 -1.99613
25652 -2 -1.99613
25653 -2 -1.99613
25654 -2 -1.99613
25655 -1.98 -1.99613
25656 -2 -1.99613
25657 -2 -1.99613
25658 -2 -1.99613
25659 -2 -1.99613
25660 -2 -1.99613
25661 -2 -1.99613
25662 -2 -1.99613
25663 -2 -1.99613
25664 -2 -1.99613
25665 -2 -1.99613
25666 -2 -1.99613
25667 -2 -1.99613
25668 -2 -1.99613
25669 -2 -1.99613
25670 -2 -1.99613
25671 -2 -1.99613
25672 -2 -1.99613
25673 -2 -1.99613
25674 -2 -1.99613
25675 -1.97 -1.99613
25676 -1.97 -1.99613
25677 -1.96 -1.99613
25678 -1.98 -1.99613
25679 -2 -1.99613
25680 -2 -1.99613
25681 -2 -1.99613
25682 -2 -1.99613
25683 -2 -1.99613
25684 -2 -1.99613
25685 -2 -1.99613
25686 -2 -1.99613
25687 -1.98 -1.99613
25688 -2 -1.99613
25689 -2 -1.99613
25690 -2 -1.99613
25691 -2 -1.99613
25692 -1.98 -1.99613
25693 -2 -1.99613
25694 -1.98 -1.99613
25695 -1.98 -1.99612
25696 -2 -1.99612
25697 -2 -1.99612
25698 -2 -1.99613
25699 -2 -1.99613
25700 -2 -1.99613
25701 -2 -1.99613
25702 -2 -1.99613
25703 -2 -1.99613
25704 -2 -1.99613
25705 -2 -1.99613
25706 -2 -1.99613
25707 -2 -1.99613
25708 -2 -1.99613
25709 -2 -1.99613
25710 -1.98 -1.99613
25711 -2 -1.99613
25712 -1.98 -1.99613
25713 -2 -1.99613
25714 -2 -1.99613
25715 -2 -1.99613
25716 -2 -1.99613
25717 -1.98 -1.99613
25718 -2 -1.99613
25719 -2 -1.99613
25720 -1.96 -1.99612
25721 -1.98 -1.99612
25722 -2 -1.99612
25723 -2 -1.99612
25724 -2 -1.99612
25725 -2 -1.99612
25726 -1.98 -1.99612
25727 -1.98 -1.99612
25728 -1.98 -1.99612
25729 -2 -1.99612
25730 -2 -1.99612
25731 -2 -1.99612
25732 -2 -1.99612
25733 -2 -1.99612
25734 -2 -1.99612
25735 -2 -1.99612
25736 -2 -1.99612
25737 -2 -1.99612
25738 -2 -1.99612
25739 -2 -1.99612
25740 -2 -1.99612
25741 -2 -1.99612
25742 -2 -1.99612
25743 -2 -1.99612
25744 -2 -1.99613
25745 -1.97 -1.99612
25746 -1.98 -1.99612
25747 -1.98 -1.99612
25748 -1.97 -1.99612
25749 -2 -1.99612
25750 -2 -1.99612
25751 -2 -1.99612
25752 -2 -1.99612
25753 -1.98 -1.99612
25754 -2 -1.99612
25755 -2 -1.99612
25756 -1.98 -1.99612
25757 -2 -1.99612
25758 -2 -1.99612
25759 -2 -1.99612
25760 -2 -1.99612
25761 -2 -1.99612
25762 -2 -1.99612
25763 -2 -1.99612
25764 -2 -1.99612
25765 -2 -1.99612
25766 -2 -1.99612
25767 -2 -1.99612
25768 -2 -1.99612
25769 -2 -1.99612
25770 -2 -1.99612
25771 -2 -1.99612
25772 -2 -1.99612
25773 -2 -1.99612
25774 -2 -1.99612
25775 -2 -1.99612
25776 -2 -1.99612
25777 -2 -1.99612
25778 -2 -1.99612
25779 -2 -1.99612
25780 -2 -1.99613
25781 -2 -1.99613
25782 -2 -1.99613
25783 -2 -1.99613
25784 -2 -1.99613
25785 -2 -1.99613
25786 -2 -1.99613
25787 -2 -1.99613
25788 -2 -1.99613
25789 -2 -1.99613
25790 -2 -1.99613
25791 -2 -1.99613
25792 -2 -1.99613
25793 -1.96 -1.99613
25794 -1.98 -1.99612
25795 -1.98 -1.99612
25796 -2 -1.99612
25797 -2 -1.99612
25798 -2 -1.99612
25799 -2 -1.99612
25800 -2 -1.99612
25801 -2 -1.99613
25802 -2 -1.99613
25803 -2 -1.99613
25804 -2 -1.99613
25805 -2 -1.99613
25806 -2 -1.99613
25807 -2 -1.99613
25808 -2 -1.99613
25809 -2 -1.99613
25810 -2 -1.99613
25811 -2 -1.99613
25812 -2 -1.99613
25813 -2 -1.99613
25814 -2 -1.99613
25815 -2 -1.99613
25816 -2 -1.99613
25817 -1.98 -1.99613
25818 -2 -1.99613
25819 -2 -1.99613
25820 -2 -1.99613
25821 -2 -1.99613
25822 -2 -1.99613
25823 -2 -1.99613
25824 -2 -1.99613
25825 -2 -1.99613
25826 -2 -1.99613
25827 -2 -1.99613
25828 -2 -1.99613
25829 -1.98 -1.99613
25830 -1.98 -1.99613
25831 -1.98 -1.99613
25832 -2 -1.99613
25833 -2 -1.99613
25834 -1.98 -1.99613
25835 -1.98 -1.99613
25836 -2 -1.99613
25837 -1.98 -1.99613
25838 -1.98 -1.99612
25839 -1.98 -1.99612
25840 -2 -1.99612
25841 -2 -1.99612
25842 -2 -1.99612
25843 -2 -1.99612
25844 -2 -1.99612
25845 -2 -1.99612
25846 -2 -1.99612
25847 -2 -1.99613
25848 -2 -1.99613
25849 -2 -1.99613
25850 -2 -1.99613
25851 -2 -1.99613
25852 -2 -1.99613
25853 -2 -1.99613
25854 -2 -1.99613
25855 -2 -1.99613
25856 -2 -1.99613
25857 -2 -1.99613
25858 -2 -1.99613
25859 -1.98 -1.99613
25860 -1.98 -1.99613
25861 -1.98 -1.99612
25862 -1.98 -1.99612
25863 -1.98 -1.99612
25864 -1.98 -1.99612
25865 -1.98 -1.99612
25866 -2 -1.99612
25867 -2 -1.99612
25868 -2 -1.99612
25869 -1.98 -1.99612
25870 -2 -1.99612
25871 -2 -1.99612
25872 -2 -1.99612
25873 -2 -1.99612
25874 -2 -1.99612
25875 -2 -1.99612
25876 -2 -1.99612
25877 -2 -1.99612
25878 -2 -1.99612
25879 -2 -1.99612
25880 -2 -1.99612
25881 -2 -1.99612
25882 -2 -1.99612
25883 -1.98 -1.99612
25884 -1.96 -1.99612
25885 -1.95 -1.99612
25886 -1.98 -1.99612
25887 -2 -1.99612
25888 -2 -1.99612
25889 -2 -1.99612
25890 -2 -1.99612
25891 -2 -1.99612
25892 -1.98 -1.99612
25893 -1.98 -1.99612
25894 -2 -1.99612
25895 -2 -1.99612
25896 -2 -1.99612
25897 -2 -1.99612
25898 -2 -1.99612
25899 -2 -1.99612
25900 -2 -1.99612
25901 -1.98 -1.99612
25902 -2 -1.99612
25903 -2 -1.99612
25904 -2 -1.99612
25905 -2 -1.99612
25906 -2 -1.99612
25907 -2 -1.99612
25908 -2 -1.99612
25909 -2 -1.99612
25910 -2 -1.99612
25911 -2 -1.99612
25912 -2 -1.99612
25913 -2 -1.99612
25914 -2 -1.99612
25915 -2 -1.99612
25916 -2 -1.99612
25917 -2 -1.99612
25918 -2 -1.99612
25919 -2 -1.99612
25920 -2 -1.99612
25921 -2 -1.99612
25922 -2 -1.99612
25923 -2 -1.99612
25924 -2 -1.99612
25925 -2 -1.99612
25926 -2 -1.99612
25927 -2 -1.99612
25928 -2 -1.99612
25929 -2 -1.99612
25930 -2 -1.99612
25931 -2 -1.99612
25932 -2 -1.99612
25933 -2 -1.99612
25934 -2 -1.99612
25935 -2 -1.99612
25936 -1.98 -1.99612
25937 -2 -1.99612
25938 -2 -1.99612
25939 -2 -1.99612
25940 -1.98 -1.99612
25941 -2 -1.99612
25942 -2 -1.99612
25943 -2 -1.99612
25944 -2 -1.99612
25945 -2 -1.99612
25946 -2 -1.99612
25947 -2 -1.99612
25948 -2 -1.99613
25949 -2 -1.99613
25950 -2 -1.99613
25951 -2 -1.99613
25952 -2 -1.99613
25953 -1.98 -1.99613
25954 -2 -1.99613
25955 -2 -1.99613
25956 -2 -1.99613
25957 -2 -1.99613
25958 -1.95 -1.99612
25959 -1.97 -1.99612
25960 -1.98 -1.99612
25961 -2 -1.99612
25962 -2 -1.99612
25963 -2 -1.99612
25964 -2 -1.99612
25965 -1.98 -1.99612
25966 -2 -1.99612
25967 -2 -1.99612
25968 -2 -1.99612
25969 -2 -1.99612
25970 -2 -1.99612
25971 -2 -1.99612
25972 -2 -1.99612
25973 -2 -1.99612
25974 -2 -1.99612
25975 -2 -1.99612
25976 -2 -1.99612
25977 -2 -1.99612
25978 -2 -1.99612
25979 -2 -1.99612
25980 -2 -1.99612
25981 -2 -1.99612
25982 -2 -1.99612
25983 -2 -1.99612
25984 -1.98 -1.99612
25985 -2 -1.99612
25986 -2 -1.99612
25987 -2 -1.99612
25988 -2 -1.99612
25989 -2 -1.99613
25990 -2 -1.99613
25991 -2 -1.99613
25992 -2 -1.99613
25993 -2 -1.99613
25994 -2 -1.99613
25995 -2 -1.99613
25996 -2 -1.99613
25997 -2 -1.99613
25998 -2 -1.99613
25999 -2 -1.99613
26000 -2 -1.99613
26001 -2 -1.99613
26002 -2 -1.99613
26003 -2 -1.99613
26004 -2 -1.99613
26005 -2 -1.99613
26006 -2 -1.99613
26007 -2 -1.99613
26008 -1.98 -1.99613
26009 -1.98 -1.99613
26010 -1.98 -1.99613
26011 -1.96 -1.99612
26012 -1.98 -1.99612
26013 -2 -1.99612
26014 -2 -1.99612
26015 -2 -1.99612
26016 -2 -1.99612
26017 -2 -1.99612
26018 -2 -1.99612
26019 -2 -1.99612
26020 -2 -1.99613
26021 -2 -1.99613
26022 -2 -1.99613
26023 -2 -1.99613
26024 -2 -1.99613
26025 -2 -1.99613
26026 -2 -1.99613
26027 -2 -1.99613
26028 -2 -1.99613
26029 -2 -1.99613
26030 -2 -1.99613
26031 -2 -1.99613
26032 -2 -1.99613
26033 -2 -1.99613
26034 -2 -1.99613
26035 -2 -1.99613
26036 -2 -1.99613
26037 -2 -1.99613
26038 -2 -1.99613
26039 -2 -1.99613
26040 -2 -1.99613
26041 -2 -1.99613
26042 -2 -1.99613
26043 -2 -1.99613
26044 -2 -1.99613
26045 -2 -1.99613
26046 -2 -1.99613
26047 -2 -1.99613
26048 -2 -1.99613
26049 -2 -1.99613
26050 -2 -1.99613
26051 -2 -1.99613
26052 -2 -1.99613
26053 -2 -1.99613
26054 -2 -1.99613
26055 -2 -1.99613
26056 -2 -1.99613
26057 -2 -1.99613
26058 -2 -1.99613
26059 -2 -1.99613
26060 -1.98 -1.99613
26061 -1.98 -1.99613
26062 -2 -1.99613
26063 -2 -1.99613
26064 -2 -1.99613
26065 -1.98 -1.99613
26066 -1.98 -1.99613
26067 -1.98 -1.99613
26068 -2 -1.99613
26069 -2 -1.99613
26070 -2 -1.99613
26071 -2 -1.99613
26072 -2 -1.99613
26073 -2 -1.99613
26074 -2 -1.99613
26075 -2 -1.99613
26076 -2 -1.99613
26077 -2 -1.99613
26078 -2 -1.99613
26079 -2 -1.99613
26080 -2 -1.99613
26081 -2 -1.99613
26082 -2 -1.99613
26083 -2 -1.99613
26084 -1.98 -1.99613
26085 -1.98 -1.99613
26086 -1.98 -1.99613
26087 -1.98 -1.99613
26088 -1.98 -1.99613
26089 -2 -1.99613
26090 -2 -1.99613
26091 -2 -1.99613
26092 -2 -1.99613
26093 -2 -1.99613
26094 -2 -1.99613
26095 -2 -1.99613
26096 -2 -1.99613
26097 -2 -1.99613
26098 -1.98 -1.99613
26099 -1.98 -1.99613
26100 -2 -1.99613
26101 -2 -1.99613
26102 -2 -1.99613
26103 -2 -1.99613
26104 -2 -1.99613
26105 -2 -1.99613
26106 -2 -1.99613
26107 -2 -1.99613
26108 -2 -1.99613
26109 -2 -1.99613
26110 -2 -1.99613
26111 -2 -1.99613
26112 -2 -1.99613
26113 -2 -1.99613
26114 -1.98 -1.99613
26115 -2 -1.99613
26116 -2 -1.99613
26117 -2 -1.99613
26118 -2 -1.99613
26119 -2 -1.99613
26120 -2 -1.99613
26121 -1.98 -1.99613
26122 -2 -1.99613
26123 -2 -1.99613
26124 -2 -1.99613
26125 -2 -1.99613
26126 -2 -1.99613
26127 -2 -1.99613
26128 -2 -1.99613
26129 -1.98 -1.99613
26130 -2 -1.99613
26131 -2 -1.99613
26132 -2 -1.99613
26133 -2 -1.99613
26134 -2 -1.99613
26135 -2 -1.99613
26136 -2 -1.99613
26137 -2 -1.99613
26138 -2 -1.99613
26139 -1.98 -1.99613
26140 -1.98 -1.99613
26141 -2 -1.99613
26142 -2 -1.99613
26143 -2 -1.99613
26144 -2 -1.99613
26145 -2 -1.99613
26146 -2 -1.99613
26147 -2 -1.99613
26148 -2 -1.99613
26149 -2 -1.99613
26150 -2 -1.99613
26151 -2 -1.99613
26152 -2 -1.99613
26153 -1.98 -1.99613
26154 -2 -1.99613
26155 -2 -1.99613
26156 -2 -1.99613
26157 -2 -1.99613
26158 -2 -1.99613
26159 -2 -1.99613
26160 -2 -1.99613
26161 -2 -1.99613
26162 -2 -1.99613
26163 -2 -1.99613
26164 -2 -1.99613
26165 -2 -1.99613
26166 -2 -1.99613
26167 -2 -1.99613
26168 -2 -1.99613
26169 -2 -1.99613
26170 -2 -1.99613
26171 -2 -1.99613
26172 -2 -1.99613
26173 -2 -1.99613
26174 -2 -1.99613
26175 -2 -1.99613
26176 -1.98 -1.99613
26177 -1.98 -1.99613
26178 -2 -1.99613
26179 -1.98 -1.99613
26180 -1.98 -1.99613
26181 -2 -1.99613
26182 -2 -1.99613
26183 -2 -1.99613
26184 -2 -1.99613
26185 -2 -1.99613
26186 -2 -1.99613
26187 -2 -1.99613
26188 -2 -1.99613
26189 -2 -1.99613
26190 -2 -1.99613
26191 -2 -1.99613
26192 -2 -1.99613
26193 -2 -1.99613
26194 -2 -1.99613
26195 -1.98 -1.99613
26196 -1.97 -1.99613
26197 -2 -1.99613
26198 -2 -1.99613
26199 -2 -1.99613
26200 -2 -1.99613
26201 -2 -1.99613
26202 -2 -1.99613
26203 -2 -1.99613
26204 -2 -1.99613
26205 -2 -1.99613
26206 -2 -1.99613
26207 -2 -1.99613
26208 -2 -1.99613
26209 -2 -1.99613
26210 -1.98 -1.99613
26211 -2 -1.99613
26212 -2 -1.99613
26213 -2 -1.99613
26214 -2 -1.99613
26215 -2 -1.99613
26216 -2 -1.99613
26217 -2 -1.99613
26218 -2 -1.99613
26219 -2 -1.99614
26220 -1.98 -1.99613
26221 -2 -1.99613
26222 -2 -1.99613
26223 -2 -1.99613
26224 -2 -1.99613
26225 -1.98 -1.99613
26226 -1.98 -1.99613
26227 -1.98 -1.99613
26228 -1.98 -1.99613
26229 -1.98 -1.99613
26230 -1.98 -1.99613
26231 -1.98 -1.99613
26232 -1.98 -1.99613
26233 -1.98 -1.99613
26234 -1.98 -1.99613
26235 -2 -1.99613
26236 -2 -1.99613
26237 -2 -1.99613
26238 -1.98 -1.99613
26239 -1.98 -1.99613
26240 -2 -1.99613
26241 -2 -1.99613
26242 -2 -1.99613
26243 -2 -1.99613
26244 -2 -1.99613
26245 -2 -1.99613
26246 -1.98 -1.99613
26247 -2 -1.99613
26248 -2 -1.99613
26249 -2 -1.99613
26250 -2 -1.99613
26251 -2 -1.99613
26252 -2 -1.99613
26253 -1.98 -1.99613
26254 -2 -1.99613
26255 -2 -1.99613
26256 -2 -1.99613
26257 -1.98 -1.99613
26258 -2 -1.99613
26259 -2 -1.99613
26260 -1.98 -1.99613
26261 -2 -1.99613
26262 -2 -1.99613
26263 -2 -1.99613
26264 -2 -1.99613
26265 -2 -1.99613
26266 -2 -1.99613
26267 -2 -1.99613
26268 -2 -1.99613
26269 -2 -1.99613
26270 -2 -1.99613
26271 -2 -1.99613
26272 -2 -1.99613
26273 -2 -1.99613
26274 -2 -1.99613
26275 -2 -1.99613
26276 -2 -1.99613
26277 -2 -1.99613
26278 -1.98 -1.99613
26279 -1.98 -1.99613
26280 -2 -1.99613
26281 -2 -1.99613
26282 -2 -1.99613
26283 -2 -1.99613
26284 -2 -1.99613
26285 -2 -1.99613
26286 -2 -1.99613
26287 -2 -1.99613
26288 -2 -1.99613
26289 -1.98 -1.99613
26290 -2 -1.99613
26291 -2 -1.99613
26292 -2 -1.99613
26293 -2 -1.99613
26294 -2 -1.99613
26295 -2 -1.99613
26296 -2 -1.99613
26297 -2 -1.99613
26298 -2 -1.99613
26299 -2 -1.99613
26300 -2 -1.99613
26301 -2 -1.99613
26302 -2 -1.99613
26303 -2 -1.99613
26304 -2 -1.99613
26305 -2 -1.99613
26306 -2 -1.99613
26307 -2 -1.99613
26308 -2 -1.99613
26309 -2 -1.99613
26310 -2 -1.99613
26311 -2 -1.99613
26312 -2 -1.99613
26313 -2 -1.99613
26314 -2 -1.99613
26315 -2 -1.99613
26316 -2 -1.99613
26317 -2 -1.99613
26318 -2 -1.99613
26319 -2 -1.99613
26320 -2 -1.99613
26321 -2 -1.99613
26322 -1.98 -1.99613
26323 -1.98 -1.99613
26324 -1.98 -1.99613
26325 -2 -1.99613
26326 -2 -1.99613
26327 -2 -1.99613
26328 -2 -1.99613
26329 -2 -1.99613
26330 -2 -1.99613
26331 -2 -1.99613
26332 -2 -1.99613
26333 -2 -1.99613
26334 -2 -1.99613
26335 -2 -1.99613
26336 -2 -1.99613
26337 -2 -1.99613
26338 -2 -1.99614
26339 -2 -1.99614
26340 -2 -1.99614
26341 -2 -1.99614
26342 -2 -1.99614
26343 -2 -1.99614
26344 -2 -1.99614
26345 -2 -1.99614
26346 -2 -1.99614
26347 -2 -1.99614
26348 -2 -1.99614
26349 -1.98 -1.99614
26350 -1.98 -1.99614
26351 -2 -1.99614
26352 -2 -1.99614
26353 -2 -1.99614
26354 -2 -1.99614
26355 -2 -1.99614
26356 -2 -1.99614
26357 -2 -1.99614
26358 -2 -1.99614
26359 -2 -1.99614
26360 -2 -1.99614
26361 -2 -1.99614
26362 -2 -1.99614
26363 -2 -1.99614
26364 -2 -1.99614
26365 -2 -1.99614
26366 -2 -1.99614
26367 -2 -1.99614
26368 -2 -1.99614
26369 -2 -1.99614
26370 -2 -1.99614
26371 -2 -1.99614
26372 -2 -1.99614
26373 -2 -1.99614
26374 -2 -1.99614
26375 -2 -1.99614
26376 -2 -1.99614
26377 -2 -1.99614
26378 -2 -1.99614
26379 -2 -1.99614
26380 -1.98 -1.99614
26381 -2 -1.99614
26382 -2 -1.99614
26383 -2 -1.99614
26384 -2 -1.99614
26385 -2 -1.99614
26386 -2 -1.99614
26387 -2 -1.99614
26388 -2 -1.99614
26389 -2 -1.99614
26390 -2 -1.99614
26391 -2 -1.99614
26392 -2 -1.99614
26393 -2 -1.99614
26394 -2 -1.99614
26395 -2 -1.99614
26396 -2 -1.99614
26397 -2 -1.99614
26398 -2 -1.99614
26399 -2 -1.99614
26400 -2 -1.99614
26401 -2 -1.99614
26402 -2 -1.99614
26403 -2 -1.99614
26404 -2 -1.99614
26405 -2 -1.99614
26406 -2 -1.99614
26407 -2 -1.99614
26408 -2 -1.99614
26409 -2 -1.99614
26410 -2 -1.99614
26411 -2 -1.99614
26412 -2 -1.99614
26413 -2 -1.99614
26414 -2 -1.99614
26415 -2 -1.99614
26416 -2 -1.99614
26417 -2 -1.99614
26418 -2 -1.99614
26419 -2 -1.99614
26420 -2 -1.99614
26421 -2 -1.99614
26422 -2 -1.99615
26423 -1.98 -1.99614
26424 -2 -1.99614
26425 -2 -1.99614
26426 -2 -1.99614
26427 -2 -1.99614
26428 -2 -1.99615
26429 -2 -1.99615
26430 -2 -1.99615
26431 -2 -1.99615
26432 -2 -1.99615
26433 -2 -1.99615
26434 -2 -1.99615
26435 -2 -1.99615
26436 -2 -1.99615
26437 -2 -1.99615
26438 -2 -1.99615
26439 -2 -1.99615
26440 -2 -1.99615
26441 -2 -1.99615
26442 -2 -1.99615
26443 -2 -1.99615
26444 -2 -1.99615
26445 -2 -1.99615
26446 -2 -1.99615
26447 -2 -1.99615
26448 -2 -1.99615
26449 -2 -1.99615
26450 -2 -1.99615
26451 -2 -1.99615
26452 -1.96 -1.99615
26453 -1.98 -1.99615
26454 -1.98 -1.99615
26455 -2 -1.99615
26456 -2 -1.99615
26457 -2 -1.99615
26458 -2 -1.99615
26459 -1.98 -1.99615
26460 -2 -1.99615
26461 -2 -1.99615
26462 -2 -1.99615
26463 -2 -1.99615
26464 -2 -1.99615
26465 -2 -1.99615
26466 -2 -1.99615
26467 -2 -1.99615
26468 -2 -1.99615
26469 -1.98 -1.99615
26470 -1.98 -1.99615
26471 -2 -1.99615
26472 -2 -1.99615
26473 -2 -1.99615
26474 -2 -1.99615
26475 -2 -1.99615
26476 -2 -1.99615
26477 -2 -1.99615
26478 -1.98 -1.99615
26479 -2 -1.99615
26480 -2 -1.99615
26481 -2 -1.99615
26482 -2 -1.99615
26483 -2 -1.99615
26484 -2 -1.99615
26485 -2 -1.99615
26486 -2 -1.99615
26487 -2 -1.99615
26488 -2 -1.99615
26489 -2 -1.99615
26490 -2 -1.99615
26491 -2 -1.99615
26492 -1.98 -1.99615
26493 -1.98 -1.99615
26494 -1.98 -1.99615
26495 -2 -1.99615
26496 -2 -1.99615
26497 -2 -1.99615
26498 -2 -1.99615
26499 -2 -1.99615
26500 -2 -1.99615
26501 -2 -1.99615
26502 -2 -1.99615
26503 -2 -1.99615
26504 -2 -1.99615
26505 -2 -1.99615
26506 -2 -1.99615
26507 -2 -1.99615
26508 -2 -1.99615
26509 -1.98 -1.99615
26510 -2 -1.99615
26511 -2 -1.99615
26512 -2 -1.99615
26513 -2 -1.99615
26514 -1.98 -1.99615
26515 -1.98 -1.99615
26516 -1.98 -1.99615
26517 -2 -1.99615
26518 -2 -1.99615
26519 -2 -1.99615
26520 -2 -1.99615
26521 -2 -1.99615
26522 -2 -1.99615
26523 -2 -1.99615
26524 -2 -1.99615
26525 -2 -1.99615
26526 -2 -1.99615
26527 -2 -1.99615
26528 -2 -1.99615
26529 -2 -1.99615
26530 -2 -1.99615
26531 -2 -1.99615
26532 -2 -1.99615
26533 -2 -1.99615
26534 -2 -1.99615
26535 -2 -1.99615
26536 -2 -1.99615
26537 -1.98 -1.99615
26538 -2 -1.99615
26539 -1.98 -1.99615
26540 -2 -1.99615
26541 -1.98 -1.99615
26542 -1.98 -1.99615
26543 -1.98 -1.99615
26544 -2 -1.99615
26545 -2 -1.99615
26546 -2 -1.99615
26547 -2 -1.99615
26548 -2 -1.99615
26549 -2 -1.99615
26550 -2 -1.99615
26551 -2 -1.99615
26552 -2 -1.99615
26553 -2 -1.99615
26554 -1.98 -1.99615
26555 -2 -1.99615
26556 -2 -1.99615
26557 -2 -1.99615
26558 -2 -1.99615
26559 -1.98 -1.99615
26560 -2 -1.99615
26561 -2 -1.99615
26562 -2 -1.99615
26563 -2 -1.99615
26564 -1.98 -1.99615
26565 -2 -1.99615
26566 -2 -1.99615
26567 -2 -1.99615
26568 -2 -1.99615
26569 -2 -1.99615
26570 -2 -1.99615
26571 -2 -1.99615
26572 -1.98 -1.99615
26573 -2 -1.99615
26574 -2 -1.99615
26575 -2 -1.99615
26576 -2 -1.99615
26577 -2 -1.99615
26578 -2 -1.99615
26579 -2 -1.99615
26580 -2 -1.99615
26581 -2 -1.99615
26582 -2 -1.99615
26583 -2 -1.99615
26584 -2 -1.99615
26585 -2 -1.99615
26586 -1.98 -1.99615
26587 -2 -1.99615
26588 -2 -1.99615
26589 -2 -1.99615
26590 -2 -1.99615
26591 -2 -1.99615
26592 -2 -1.99615
26593 -2 -1.99615
26594 -1.98 -1.99615
26595 -1.98 -1.99615
26596 -2 -1.99615
26597 -2 -1.99615
26598 -2 -1.99615
26599 -2 -1.99615
26600 -2 -1.99615
26601 -2 -1.99615
26602 -2 -1.99615
26603 -2 -1.99615
26604 -2 -1.99615
26605 -2 -1.99615
26606 -2 -1.99615
26607 -2 -1.99615
26608 -2 -1.99615
26609 -2 -1.99615
26610 -2 -1.99615
26611 -2 -1.99615
26612 -2 -1.99615
26613 -2 -1.99615
26614 -2 -1.99615
26615 -2 -1.99615
26616 -2 -1.99615
26617 -2 -1.99615
26618 -2 -1.99615
26619 -2 -1.99615
26620 -2 -1.99615
26621 -2 -1.99615
26622 -2 -1.99615
26623 -2 -1.99615
26624 -1.98 -1.99615
26625 -2 -1.99615
26626 -2 -1.99615
26627 -2 -1.99615
26628 -2 -1.99615
26629 -1.98 -1.99615
26630 -2 -1.99615
26631 -2 -1.99615
26632 -2 -1.99615
26633 -2 -1.99615
26634 -1.98 -1.99615
26635 -1.98 -1.99615
26636 -2 -1.99615
26637 -2 -1.99615
26638 -2 -1.99615
26639 -2 -1.99615
26640 -2 -1.99615
26641 -2 -1.99615
26642 -2 -1.99615
26643 -2 -1.99615
26644 -2 -1.99615
26645 -2 -1.99615
26646 -2 -1.99615
26647 -2 -1.99615
26648 -2 -1.99615
26649 -2 -1.99615
26650 -2 -1.99615
26651 -2 -1.99615
26652 -2 -1.99615
26653 -2 -1.99615
26654 -2 -1.99615
26655 -2 -1.99615
26656 -2 -1.99615
26657 -2 -1.99616
26658 -2 -1.99616
26659 -2 -1.99616
26660 -2 -1.99616
26661 -2 -1.99616
26662 -2 -1.99616
26663 -2 -1.99616
26664 -2 -1.99616
26665 -2 -1.99616
26666 -2 -1.99616
26667 -2 -1.99616
26668 -2 -1.99616
26669 -2 -1.99616
26670 -2 -1.99616
26671 -1.98 -1.99616
26672 -2 -1.99616
26673 -2 -1.99616
26674 -2 -1.99616
26675 -2 -1.99616
26676 -2 -1.99616
26677 -2 -1.99616
26678 -2 -1.99616
26679 -1.98 -1.99616
26680 -2 -1.99616
26681 -2 -1.99616
26682 -2 -1.99616
26683 -2 -1.99616
26684 -2 -1.99616
26685 -1.98 -1.99616
26686 -2 -1.99616
26687 -2 -1.99616
26688 -1.98 -1.99616
26689 -2 -1.99616
26690 -2 -1.99616
26691 -2 -1.99616
26692 -2 -1.99616
26693 -2 -1.99616
26694 -2 -1.99616
26695 -2 -1.99616
26696 -1.98 -1.99616
26697 -2 -1.99616
26698 -2 -1.99616
26699 -2 -1.99616
26700 -2 -1.99616
26701 -2 -1.99616
26702 -2 -1.99616
26703 -2 -1.99616
26704 -2 -1.99616
26705 -1.98 -1.99616
26706 -2 -1.99616
26707 -2 -1.99616
26708 -2 -1.99616
26709 -2 -1.99616
26710 -2 -1.99616
26711 -2 -1.99616
26712 -2 -1.99616
26713 -2 -1.99616
26714 -2 -1.99616
26715 -2 -1.99616
26716 -2 -1.99616
26717 -2 -1.99616
26718 -2 -1.99616
26719 -2 -1.99616
26720 -2 -1.99616
26721 -2 -1.99616
26722 -2 -1.99616
26723 -2 -1.99616
26724 -2 -1.99616
26725 -2 -1.99616
26726 -1.97 -1.99616
26727 -1.98 -1.99616
26728 -2 -1.99616
26729 -2 -1.99616
26730 -2 -1.99616
26731 -2 -1.99616
26732 -2 -1.99616
26733 -2 -1.99616
26734 -2 -1.99616
26735 -1.98 -1.99616
26736 -2 -1.99616
26737 -2 -1.99616
26738 -2 -1.99616
26739 -2 -1.99616
26740 -2 -1.99616
26741 -2 -1.99616
26742 -2 -1.99616
26743 -2 -1.99616
26744 -1.98 -1.99616
26745 -2 -1.99616
26746 -2 -1.99616
26747 -2 -1.99616
26748 -2 -1.99616
26749 -2 -1.99616
26750 -2 -1.99616
26751 -2 -1.99616
26752 -2 -1.99616
26753 -2 -1.99616
26754 -2 -1.99616
26755 -2 -1.99616
26756 -2 -1.99616
26757 -2 -1.99616
26758 -2 -1.99616
26759 -1.98 -1.99616
26760 -2 -1.99616
26761 -2 -1.99616
26762 -2 -1.99616
26763 -2 -1.99616
26764 -2 -1.99616
26765 -2 -1.99616
26766 -2 -1.99616
26767 -2 -1.99616
26768 -2 -1.99616
26769 -2 -1.99616
26770 -2 -1.99616
26771 -1.98 -1.99616
26772 -2 -1.99616
26773 -1.98 -1.99616
26774 -2 -1.99616
26775 -2 -1.99616
26776 -2 -1.99616
26777 -2 -1.99616
26778 -1.98 -1.99616
26779 -1.96 -1.99616
26780 -2 -1.99616
26781 -2 -1.99616
26782 -2 -1.99616
26783 -1.98 -1.99616
26784 -2 -1.99616
26785 -2 -1.99616
26786 -2 -1.99616
26787 -2 -1.99616
26788 -2 -1.99616
26789 -2 -1.99616
26790 -2 -1.99616
26791 -2 -1.99616
26792 -2 -1.99616
26793 -2 -1.99616
26794 -2 -1.99616
26795 -2 -1.99616
26796 -2 -1.99616
26797 -2 -1.99616
26798 -2 -1.99616
26799 -2 -1.99616
26800 -2 -1.99616
26801 -2 -1.99616
26802 -2 -1.99616
26803 -2 -1.99616
26804 -2 -1.99616
26805 -2 -1.99616
26806 -2 -1.99616
26807 -1.98 -1.99616
26808 -1.96 -1.99616
26809 -2 -1.99616
26810 -2 -1.99616
26811 -2 -1.99616
26812 -1.98 -1.99616
26813 -1.98 -1.99616
26814 -2 -1.99616
26815 -2 -1.99616
26816 -1.98 -1.99616
26817 -2 -1.99616
26818 -2 -1.99616
26819 -2 -1.99616
26820 -2 -1.99616
26821 -2 -1.99616
26822 -2 -1.99616
26823 -1.98 -1.99616
26824 -1.96 -1.99616
26825 -1.98 -1.99616
26826 -2 -1.99616
26827 -2 -1.99616
26828 -2 -1.99616
26829 -2 -1.99616
26830 -2 -1.99616
26831 -2 -1.99616
26832 -2 -1.99616
26833 -2 -1.99616
26834 -2 -1.99616
26835 -2 -1.99616
26836 -2 -1.99616
26837 -2 -1.99616
26838 -2 -1.99616
26839 -2 -1.99616
26840 -1.98 -1.99616
26841 -1.98 -1.99616
26842 -1.98 -1.99616
26843 -2 -1.99616
26844 -2 -1.99616
26845 -2 -1.99616
26846 -2 -1.99616
26847 -2 -1.99616
26848 -2 -1.99616
26849 -2 -1.99616
26850 -2 -1.99616
26851 -2 -1.99616
26852 -2 -1.99616
26853 -2 -1.99616
26854 -2 -1.99616
26855 -2 -1.99616
26856 -2 -1.99616
26857 -2 -1.99616
26858 -2 -1.99616
26859 -2 -1.99616
26860 -2 -1.99616
26861 -2 -1.99616
26862 -2 -1.99616
26863 -2 -1.99616
26864 -2 -1.99616
26865 -2 -1.99616
26866 -2 -1.99616
26867 -2 -1.99616
26868 -2 -1.99616
26869 -2 -1.99616
26870 -2 -1.99616
26871 -2 -1.99616
26872 -2 -1.99616
26873 -2 -1.99616
26874 -2 -1.99616
26875 -1.98 -1.99616
26876 -1.98 -1.99616
26877 -2 -1.99616
26878 -2 -1.99616
26879 -2 -1.99616
26880 -2 -1.99616
26881 -1.98 -1.99616
26882 -2 -1.99616
26883 -2 -1.99616
26884 -2 -1.99616
26885 -2 -1.99616
26886 -2 -1.99616
26887 -2 -1.99616
26888 -2 -1.99616
26889 -2 -1.99616
26890 -2 -1.99616
26891 -2 -1.99616
26892 -2 -1.99616
26893 -1.96 -1.99616
26894 -1.98 -1.99616
26895 -1.97 -1.99616
26896 -2 -1.99616
26897 -2 -1.99616
26898 -2 -1.99616
26899 -2 -1.99616
26900 -2 -1.99616
26901 -2 -1.99616
26902 -2 -1.99616
26903 -1.98 -1.99616
26904 -2 -1.99616
26905 -2 -1.99616
26906 -2 -1.99616
26907 -2 -1.99616
26908 -2 -1.99616
26909 -2 -1.99616
26910 -2 -1.99616
26911 -2 -1.99616
26912 -1.98 -1.99616
26913 -2 -1.99616
26914 -2 -1.99616
26915 -2 -1.99616
26916 -2 -1.99616
26917 -2 -1.99616
26918 -2 -1.99616
26919 -2 -1.99616
26920 -2 -1.99616
26921 -1.98 -1.99616
26922 -1.96 -1.99616
26923 -1.98 -1.99616
26924 -2 -1.99616
26925 -2 -1.99616
26926 -1.96 -1.99616
26927 -1.98 -1.99616
26928 -2 -1.99616
26929 -2 -1.99616
26930 -2 -1.99616
26931 -2 -1.99616
26932 -2 -1.99616
26933 -2 -1.99616
26934 -2 -1.99616
26935 -2 -1.99616
26936 -2 -1.99616
26937 -2 -1.99616
26938 -1.98 -1.99616
26939 -2 -1.99616
26940 -2 -1.99616
26941 -2 -1.99616
26942 -2 -1.99616
26943 -1.98 -1.99616
26944 -1.96 -1.99616
26945 -2 -1.99616
26946 -2 -1.99616
26947 -2 -1.99616
26948 -2 -1.99616
26949 -2 -1.99616
26950 -2 -1.99616
26951 -2 -1.99616
26952 -2 -1.99616
26953 -2 -1.99616
26954 -1.98 -1.99616
26955 -2 -1.99616
26956 -2 -1.99616
26957 -2 -1.99616
26958 -2 -1.99616
26959 -2 -1.99616
26960 -2 -1.99616
26961 -2 -1.99616
26962 -2 -1.99616
26963 -2 -1.99616
26964 -2 -1.99616
26965 -2 -1.99616
26966 -2 -1.99616
26967 -2 -1.99616
26968 -2 -1.99616
26969 -2 -1.99616
26970 -2 -1.99616
26971 -2 -1.99616
26972 -2 -1.99616
26973 -2 -1.99616
26974 -2 -1.99616
26975 -2 -1.99616
26976 -2 -1.99616
26977 -2 -1.99616
26978 -2 -1.99616
26979 -2 -1.99616
26980 -2 -1.99616
26981 -2 -1.99616
26982 -2 -1.99616
26983 -2 -1.99616
26984 -2 -1.99616
26985 -2 -1.99616
26986 -2 -1.99616
26987 -2 -1.99616
26988 -2 -1.99616
26989 -2 -1.99616
26990 -2 -1.99616
26991 -2 -1.99616
26992 -2 -1.99616
26993 -2 -1.99616
26994 -2 -1.99616
26995 -2 -1.99616
26996 -2 -1.99616
26997 -2 -1.99616
26998 -2 -1.99617
26999 -1.98 -1.99616
27000 -1.98 -1.99616
27001 -1.98 -1.99616
27002 -1.98 -1.99616
27003 -1.98 -1.99616
27004 -2 -1.99616
27005 -2 -1.99616
27006 -2 -1.99616
27007 -2 -1.99616
27008 -2 -1.99616
27009 -2 -1.99616
27010 -2 -1.99616
27011 -2 -1.99616
27012 -2 -1.99616
27013 -1.98 -1.99616
27014 -2 -1.99616
27015 -1.98 -1.99616
27016 -1.98 -1.99616
27017 -2 -1.99616
27018 -2 -1.99616
27019 -2 -1.99616
27020 -2 -1.99616
27021 -2 -1.99616
27022 -2 -1.99616
27023 -2 -1.99616
27024 -2 -1.99616
27025 -2 -1.99616
27026 -2 -1.99616
27027 -2 -1.99616
27028 -2 -1.99616
27029 -2 -1.99616
27030 -2 -1.99616
27031 -2 -1.99616
27032 -2 -1.99616
27033 -2 -1.99616
27034 -2 -1.99616
27035 -2 -1.99616
27036 -2 -1.99616
27037 -2 -1.99616
27038 -2 -1.99616
27039 -2 -1.99616
27040 -2 -1.99617
27041 -2 -1.99617
27042 -2 -1.99617
27043 -2 -1.99617
27044 -2 -1.99617
27045 -2 -1.99617
27046 -2 -1.99617
27047 -2 -1.99617
27048 -2 -1.99617
27049 -2 -1.99617
27050 -2 -1.99617
27051 -2 -1.99617
27052 -2 -1.99617
27053 -2 -1.99617
27054 -2 -1.99617
27055 -2 -1.99617
27056 -2 -1.99617
27057 -2 -1.99617
27058 -2 -1.99617
27059 -2 -1.99617
27060 -2 -1.99617
27061 -2 -1.99617
27062 -2 -1.99617
27063 -2 -1.99617
27064 -2 -1.99617
27065 -2 -1.99617
27066 -1.98 -1.99617
27067 -1.98 -1.99617
27068 -2 -1.99617
27069 -2 -1.99617
27070 -2 -1.99617
27071 -2 -1.99617
27072 -2 -1.99617
27073 -2 -1.99617
27074 -2 -1.99617
27075 -2 -1.99617
27076 -2 -1.99617
27077 -2 -1.99617
27078 -2 -1.99617
27079 -2 -1.99617
27080 -2 -1.99617
27081 -2 -1.99617
27082 -2 -1.99617
27083 -2 -1.99617
27084 -2 -1.99617
27085 -2 -1.99617
27086 -2 -1.99617
27087 -2 -1.99617
27088 -2 -1.99617
27089 -2 -1.99617
27090 -1.98 -1.99617
27091 -2 -1.99617
27092 -2 -1.99617
27093 -2 -1.99617
27094 -2 -1.99617
27095 -2 -1.99617
27096 -2 -1.99617
27097 -2 -1.99617
27098 -2 -1.99617
27099 -2 -1.99617
27100 -2 -1.99617
27101 -2 -1.99617
27102 -2 -1.99617
27103 -2 -1.99617
27104 -2 -1.99617
27105 -2 -1.99617
27106 -2 -1.99617
27107 -1.98 -1.99617
27108 -2 -1.99617
27109 -2 -1.99617
27110 -2 -1.99617
27111 -2 -1.99617
27112 -2 -1.99617
27113 -2 -1.99617
27114 -2 -1.99617
27115 -2 -1.99617
27116 -2 -1.99617
27117 -2 -1.99617
27118 -2 -1.99617
27119 -2 -1.99617
27120 -2 -1.99617
27121 -2 -1.99617
27122 -1.98 -1.99617
27123 -2 -1.99617
27124 -2 -1.99617
27125 -2 -1.99617
27126 -1.98 -1.99617
27127 -1.98 -1.99617
27128 -2 -1.99617
27129 -2 -1.99617
27130 -2 -1.99617
27131 -2 -1.99617
27132 -2 -1.99617
27133 -2 -1.99617
27134 -2 -1.99617
27135 -2 -1.99617
27136 -2 -1.99617
27137 -2 -1.99617
27138 -2 -1.99617
27139 -2 -1.99617
27140 -2 -1.99617
27141 -2 -1.99617
27142 -2 -1.99617
27143 -2 -1.99617
27144 -2 -1.99617
27145 -2 -1.99617
27146 -2 -1.99617
27147 -2 -1.99618
27148 -2 -1.99618
27149 -2 -1.99618
27150 -2 -1.99618
27151 -2 -1.99618
27152 -2 -1.99618
27153 -2 -1.99618
27154 -2 -1.99618
27155 -2 -1.99618
27156 -1.98 -1.99618
27157 -2 -1.99618
27158 -2 -1.99618
27159 -2 -1.99618
27160 -2 -1.99618
27161 -2 -1.99618
27162 -2 -1.99618
27163 -2 -1.99618
27164 -2 -1.99618
27165 -2 -1.99618
27166 -2 -1.99618
27167 -2 -1.99618
27168 -2 -1.99618
27169 -2 -1.99618
27170 -2 -1.99618
27171 -2 -1.99618
27172 -2 -1.99618
27173 -2 -1.99618
27174 -2 -1.99618
27175 -1.98 -1.99618
27176 -1.98 -1.99618
27177 -1.98 -1.99618
27178 -2 -1.99618
27179 -2 -1.99618
27180 -2 -1.99618
27181 -2 -1.99618
27182 -2 -1.99618
27183 -1.98 -1.99618
27184 -1.98 -1.99618
27185 -1.98 -1.99618
27186 -2 -1.99618
27187 -2 -1.99618
27188 -2 -1.99618
27189 -2 -1.99618
27190 -1.98 -1.99618
27191 -2 -1.99618
27192 -2 -1.99618
27193 -2 -1.99618
27194 -2 -1.99618
27195 -2 -1.99618
27196 -2 -1.99618
27197 -2 -1.99618
27198 -2 -1.99618
27199 -2 -1.99618
27200 -2 -1.99618
27201 -2 -1.99618
27202 -2 -1.99618
27203 -2 -1.99618
27204 -2 -1.99618
27205 -2 -1.99618
27206 -2 -1.99618
27207 -2 -1.99618
27208 -1.98 -1.99618
27209 -1.98 -1.99618
27210 -1.98 -1.99618
27211 -2 -1.99618
27212 -2 -1.99618
27213 -2 -1.99618
27214 -2 -1.99618
27215 -2 -1.99618
27216 -2 -1.99618
27217 -2 -1.99618
27218 -2 -1.99618
27219 -2 -1.99618
27220 -2 -1.99618
27221 -2 -1.99618
27222 -2 -1.99618
27223 -2 -1.99618
27224 -2 -1.99618
27225 -2 -1.99618
27226 -2 -1.99618
27227 -2 -1.99618
27228 -2 -1.99618
27229 -2 -1.99618
27230 -2 -1.99618
27231 -2 -1.99618
27232 -2 -1.99618
27233 -2 -1.99618
27234 -2 -1.99618
27235 -2 -1.99618
27236 -2 -1.99618
27237 -2 -1.99618
27238 -2 -1.99618
27239 -2 -1.99618
27240 -2 -1.99618
27241 -2 -1.99618
27242 -2 -1.99618
27243 -2 -1.99618
27244 -2 -1.99618
27245 -2 -1.99618
27246 -2 -1.99618
27247 -2 -1.99618
27248 -2 -1.99618
27249 -1.98 -1.99618
27250 -1.98 -1.99618
27251 -1.96 -1.99618
27252 -1.98 -1.99618
27253 -2 -1.99618
27254 -2 -1.99618
27255 -2 -1.99618
27256 -2 -1.99618
27257 -2 -1.99618
27258 -2 -1.99618
27259 -1.98 -1.99618
27260 -2 -1.99618
27261 -2 -1.99618
27262 -2 -1.99618
27263 -2 -1.99618
27264 -2 -1.99618
27265 -2 -1.99618
27266 -2 -1.99618
27267 -1.98 -1.99618
27268 -1.98 -1.99618
27269 -2 -1.99618
27270 -2 -1.99618
27271 -2 -1.99618
27272 -2 -1.99618
27273 -2 -1.99618
27274 -2 -1.99618
27275 -2 -1.99618
27276 -2 -1.99618
27277 -1.98 -1.99618
27278 -2 -1.99618
27279 -2 -1.99618
27280 -2 -1.99618
27281 -1.98 -1.99618
27282 -1.98 -1.99618
27283 -2 -1.99618
27284 -2 -1.99618
27285 -2 -1.99618
27286 -2 -1.99618
27287 -2 -1.99618
27288 -2 -1.99618
27289 -2 -1.99618
27290 -2 -1.99618
27291 -2 -1.99618
27292 -2 -1.99618
27293 -2 -1.99618
27294 -2 -1.99618
27295 -2 -1.99618
27296 -2 -1.99618
27297 -2 -1.99618
27298 -2 -1.99618
27299 -2 -1.99618
27300 -2 -1.99618
27301 -2 -1.99618
27302 -2 -1.99618
27303 -2 -1.99618
27304 -2 -1.99618
27305 -2 -1.99618
27306 -2 -1.99618
27307 -2 -1.99618
27308 -2 -1.99618
27309 -2 -1.99618
27310 -2 -1.99618
27311 -2 -1.99618
27312 -2 -1.99618
27313 -2 -1.99618
27314 -2 -1.99618
27315 -2 -1.99618
27316 -2 -1.99618
27317 -1.98 -1.99618
27318 -2 -1.99618
27319 -2 -1.99618
27320 -2 -1.99618
27321 -2 -1.99618
27322 -2 -1.99618
27323 -2 -1.99618
27324 -1.98 -1.99618
27325 -2 -1.99618
27326 -2 -1.99618
27327 -2 -1.99618
27328 -2 -1.99618
27329 -2 -1.99618
27330 -2 -1.99618
27331 -1.98 -1.99618
27332 -1.98 -1.99618
27333 -1.98 -1.99618
27334 -2 -1.99618
27335 -2 -1.99618
27336 -2 -1.99618
27337 -2 -1.99618
27338 -2 -1.99618
27339 -1.98 -1.99618
27340 -2 -1.99618
27341 -2 -1.99618
27342 -2 -1.99618
27343 -2 -1.99618
27344 -2 -1.99618
27345 -2 -1.99618
27346 -2 -1.99618
27347 -2 -1.99618
27348 -2 -1.99618
27349 -2 -1.99618
27350 -2 -1.99618
27351 -1.98 -1.99618
27352 -2 -1.99618
27353 -2 -1.99618
27354 -2 -1.99618
27355 -2 -1.99618
27356 -2 -1.99618
27357 -2 -1.99618
27358 -1.98 -1.99618
27359 -2 -1.99618
27360 -2 -1.99618
27361 -2 -1.99618
27362 -2 -1.99618
27363 -2 -1.99618
27364 -2 -1.99618
27365 -2 -1.99618
27366 -2 -1.99618
27367 -2 -1.99618
27368 -2 -1.99618
27369 -2 -1.99618
27370 -2 -1.99618
27371 -2 -1.99618
27372 -2 -1.99618
27373 -2 -1.99618
27374 -2 -1.99618
27375 -2 -1.99618
27376 -2 -1.99619
27377 -2 -1.99619
27378 -1.98 -1.99618
27379 -2 -1.99618
27380 -2 -1.99618
27381 -2 -1.99619
27382 -2 -1.99619
27383 -2 -1.99619
27384 -2 -1.99619
27385 -2 -1.99619
27386 -2 -1.99619
27387 -1.98 -1.99619
27388 -1.98 -1.99618
27389 -1.98 -1.99618
27390 -2 -1.99618
27391 -2 -1.99618
27392 -2 -1.99618
27393 -2 -1.99618
27394 -2 -1.99618
27395 -2 -1.99618
27396 -2 -1.99618
27397 -1.98 -1.99618
27398 -2 -1.99618
27399 -2 -1.99618
27400 -1.98 -1.99618
27401 -2 -1.99618
27402 -2 -1.99618
27403 -2 -1.99618
27404 -2 -1.99618
27405 -2 -1.99618
27406 -2 -1.99618
27407 -2 -1.99619
27408 -2 -1.99619
27409 -2 -1.99619
27410 -2 -1.99619
27411 -2 -1.99619
27412 -2 -1.99619
27413 -2 -1.99619
27414 -1.98 -1.99619
27415 -1.98 -1.99618
27416 -2 -1.99618
27417 -2 -1.99618
27418 -2 -1.99619
27419 -2 -1.99619
27420 -2 -1.99619
27421 -2 -1.99619
27422 -2 -1.99619
27423 -2 -1.99619
27424 -2 -1.99619
27425 -2 -1.99619
27426 -2 -1.99619
27427 -2 -1.99619
27428 -2 -1.99619
27429 -2 -1.99619
27430 -2 -1.99619
27431 -1.98 -1.99619
27432 -1.98 -1.99619
27433 -1.98 -1.99619
27434 -2 -1.99619
27435 -2 -1.99619
27436 -2 -1.99619
27437 -2 -1.99619
27438 -2 -1.99619
27439 -2 -1.99619
27440 -2 -1.99619
27441 -2 -1.99619
27442 -2 -1.99619
27443 -2 -1.99619
27444 -2 -1.99619
27445 -2 -1.99619
27446 -2 -1.99619
27447 -2 -1.99619
27448 -2 -1.99619
27449 -1.98 -1.99619
27450 -1.98 -1.99619
27451 -2 -1.99619
27452 -2 -1.99619
27453 -2 -1.99619
27454 -2 -1.99619
27455 -1.98 -1.99619
27456 -2 -1.99619
27457 -2 -1.99619
27458 -2 -1.99619
27459 -2 -1.99619
27460 -1.98 -1.99619
27461 -1.98 -1.99619
27462 -1.98 -1.99618
27463 -2 -1.99618
27464 -2 -1.99618
27465 -2 -1.99619
27466 -2 -1.99619
27467 -2 -1.99619
27468 -2 -1.99619
27469 -2 -1.99619
27470 -2 -1.99619
27471 -2 -1.99619
27472 -2 -1.99619
27473 -2 -1.99619
27474 -2 -1.99619
27475 -2 -1.99619
27476 -2 -1.99619
27477 -1.98 -1.99619
27478 -2 -1.99619
27479 -2 -1.99619
27480 -1.98 -1.99619
27481 -2 -1.99619
27482 -2 -1.99619
27483 -2 -1.99619
27484 -2 -1.99619
27485 -2 -1.99619
27486 -2 -1.99619
27487 -2 -1.99619
27488 -2 -1.99619
27489 -1.98 -1.99619
27490 -2 -1.99619
27491 -2 -1.99619
27492 -2 -1.99619
27493 -1.98 -1.99619
27494 -2 -1.99619
27495 -2 -1.99619
27496 -2 -1.99619
27497 -2 -1.99619
27498 -2 -1.99619
27499 -1.98 -1.99619
27500 -1.98 -1.99619
27501 -2 -1.99619
27502 -2 -1.99619
27503 -2 -1.99619
27504 -2 -1.99619
27505 -2 -1.99619
27506 -2 -1.99619
27507 -2 -1.99619
27508 -2 -1.99619
27509 -2 -1.99619
27510 -2 -1.99619
27511 -2 -1.99619
27512 -2 -1.99619
27513 -2 -1.99619
27514 -2 -1.99619
27515 -2 -1.99619
27516 -2 -1.99619
27517 -2 -1.99619
27518 -2 -1.99619
27519 -2 -1.99619
27520 -1.98 -1.99619
27521 -2 -1.99619
27522 -2 -1.99619
27523 -2 -1.99619
27524 -2 -1.99619
27525 -2 -1.99619
27526 -2 -1.99619
27527 -2 -1.99619
27528 -2 -1.99619
27529 -2 -1.99619
27530 -2 -1.99619
27531 -2 -1.99619
27532 -2 -1.99619
27533 -1.98 -1.99619
27534 -1.98 -1.99619
27535 -1.98 -1.99619
27536 -1.98 -1.99619
27537 -1.98 -1.99619
27538 -2 -1.99619
27539 -2 -1.99619
27540 -2 -1.99619
27541 -2 -1.99619
27542 -2 -1.99619
27543 -2 -1.99619
27544 -2 -1.99619
27545 -2 -1.99619
27546 -2 -1.99619
27547 -2 -1.99619
27548 -2 -1.99619
27549 -2 -1.99619
27550 -2 -1.99619
27551 -2 -1.99619
27552 -2 -1.99619
27553 -2 -1.99619
27554 -2 -1.99619
27555 -2 -1.99619
27556 -1.98 -1.99619
27557 -2 -1.99619
27558 -2 -1.99619
27559 -2 -1.99619
27560 -2 -1.99619
27561 -2 -1.99619
27562 -2 -1.99619
27563 -2 -1.99619
27564 -2 -1.99619
27565 -2 -1.99619
27566 -2 -1.99619
27567 -2 -1.99619
27568 -2 -1.99619
27569 -2 -1.99619
27570 -2 -1.99619
27571 -2 -1.99619
27572 -2 -1.99619
27573 -2 -1.99619
27574 -2 -1.99619
27575 -1.98 -1.99619
27576 -1.96 -1.99619
27577 -2 -1.99619
27578 -2 -1.99619
27579 -2 -1.99619
27580 -2 -1.99619
27581 -2 -1.99619
27582 -2 -1.99619
27583 -2 -1.99619
27584 -2 -1.99619
27585 -2 -1.99619
27586 -1.98 -1.99619
27587 -2 -1.99619
27588 -2 -1.99619
27589 -2 -1.99619
27590 -2 -1.99619
27591 -2 -1.99619
27592 -2 -1.99619
27593 -2 -1.99619
27594 -2 -1.99619
27595 -1.98 -1.99619
27596 -2 -1.99619
27597 -2 -1.99619
27598 -2 -1.99619
27599 -2 -1.99619
27600 -2 -1.99619
27601 -2 -1.99619
27602 -2 -1.99619
27603 -2 -1.99619
27604 -2 -1.99619
27605 -2 -1.99619
27606 -2 -1.99619
27607 -2 -1.99619
27608 -2 -1.99619
27609 -2 -1.99619
27610 -2 -1.99619
27611 -2 -1.99619
27612 -2 -1.99619
27613 -2 -1.99619
27614 -2 -1.99619
27615 -2 -1.99619
27616 -2 -1.99619
27617 -2 -1.99619
27618 -1.98 -1.99619
27619 -1.98 -1.99619
27620 -2 -1.99619
27621 -2 -1.99619
27622 -2 -1.99619
27623 -2 -1.99619
27624 -2 -1.99619
27625 -2 -1.99619
27626 -2 -1.99619
27627 -2 -1.99619
27628 -2 -1.99619
27629 -2 -1.99619
27630 -2 -1.99619
27631 -2 -1.99619
27632 -2 -1.99619
27633 -1.98 -1.99619
27634 -1.97 -1.99619
27635 -1.98 -1.99619
27636 -1.98 -1.99619
27637 -2 -1.99619
27638 -2 -1.99619
27639 -2 -1.99619
27640 -2 -1.99619
27641 -2 -1.99619
27642 -2 -1.99619
27643 -2 -1.99619
27644 -2 -1.99619
27645 -2 -1.99619
27646 -2 -1.99619
27647 -2 -1.99619
27648 -2 -1.99619
27649 -2 -1.99619
27650 -2 -1.99619
27651 -2 -1.99619
27652 -2 -1.99619
27653 -2 -1.99619
27654 -2 -1.99619
27655 -2 -1.99619
27656 -2 -1.99619
27657 -2 -1.99619
27658 -2 -1.99619
27659 -2 -1.99619
27660 -2 -1.99619
27661 -2 -1.99619
27662 -2 -1.99619
27663 -2 -1.99619
27664 -2 -1.99619
27665 -2 -1.99619
27666 -2 -1.9962
27667 -2 -1.9962
27668 -2 -1.9962
27669 -2 -1.9962
27670 -2 -1.9962
27671 -2 -1.9962
27672 -2 -1.9962
27673 -2 -1.9962
27674 -2 -1.9962
27675 -2 -1.9962
27676 -1.98 -1.9962
27677 -2 -1.9962
27678 -2 -1.9962
27679 -2 -1.9962
27680 -2 -1.9962
27681 -2 -1.9962
27682 -2 -1.9962
27683 -2 -1.9962
27684 -2 -1.9962
27685 -2 -1.9962
27686 -2 -1.9962
27687 -2 -1.9962
27688 -2 -1.9962
27689 -2 -1.9962
27690 -2 -1.9962
27691 -2 -1.9962
27692 -2 -1.9962
27693 -2 -1.9962
27694 -2 -1.9962
27695 -2 -1.9962
27696 -2 -1.9962
27697 -2 -1.9962
27698 -2 -1.9962
27699 -2 -1.9962
27700 -2 -1.9962
27701 -2 -1.9962
27702 -2 -1.9962
27703 -2 -1.9962
27704 -2 -1.9962
27705 -2 -1.9962
27706 -2 -1.9962
27707 -2 -1.9962
27708 -2 -1.9962
27709 -2 -1.9962
27710 -1.98 -1.9962
27711 -2 -1.9962
27712 -2 -1.9962
27713 -2 -1.9962
27714 -2 -1.9962
27715 -2 -1.9962
27716 -2 -1.9962
27717 -2 -1.9962
27718 -2 -1.9962
27719 -2 -1.9962
27720 -2 -1.9962
27721 -2 -1.9962
27722 -2 -1.9962
27723 -2 -1.9962
27724 -2 -1.9962
27725 -2 -1.9962
27726 -2 -1.9962
27727 -2 -1.9962
27728 -2 -1.9962
27729 -2 -1.9962
27730 -2 -1.9962
27731 -2 -1.9962
27732 -2 -1.9962
27733 -1.98 -1.9962
27734 -2 -1.9962
27735 -1.98 -1.9962
27736 -1.98 -1.9962
27737 -2 -1.9962
27738 -2 -1.9962
27739 -2 -1.9962
27740 -1.98 -1.9962
27741 -2 -1.9962
27742 -2 -1.9962
27743 -2 -1.9962
27744 -2 -1.9962
27745 -2 -1.9962
27746 -2 -1.9962
27747 -2 -1.9962
27748 -2 -1.9962
27749 -2 -1.9962
27750 -1.98 -1.9962
27751 -1.98 -1.9962
27752 -2 -1.9962
27753 -2 -1.9962
27754 -2 -1.9962
27755 -2 -1.9962
27756 -2 -1.9962
27757 -2 -1.9962
27758 -2 -1.9962
27759 -2 -1.9962
27760 -2 -1.9962
27761 -2 -1.9962
27762 -2 -1.9962
27763 -2 -1.9962
27764 -2 -1.9962
27765 -2 -1.9962
27766 -2 -1.9962
27767 -2 -1.9962
27768 -2 -1.9962
27769 -2 -1.9962
27770 -2 -1.9962
27771 -2 -1.9962
27772 -2 -1.9962
27773 -2 -1.9962
27774 -1.98 -1.9962
27775 -1.98 -1.9962
27776 -1.98 -1.9962
27777 -1.96 -1.9962
27778 -1.98 -1.9962
27779 -2 -1.9962
27780 -2 -1.9962
27781 -2 -1.9962
27782 -2 -1.9962
27783 -1.98 -1.9962
27784 -2 -1.9962
27785 -2 -1.9962
27786 -2 -1.9962
27787 -2 -1.9962
27788 -2 -1.9962
27789 -2 -1.9962
27790 -2 -1.9962
27791 -2 -1.9962
27792 -2 -1.9962
27793 -2 -1.9962
27794 -2 -1.9962
27795 -2 -1.9962
27796 -2 -1.9962
27797 -2 -1.9962
27798 -2 -1.9962
27799 -2 -1.9962
27800 -2 -1.9962
27801 -2 -1.9962
27802 -2 -1.9962
27803 -2 -1.9962
27804 -2 -1.9962
27805 -2 -1.9962
27806 -2 -1.9962
27807 -2 -1.9962
27808 -2 -1.9962
27809 -2 -1.9962
27810 -2 -1.9962
27811 -2 -1.9962
27812 -2 -1.9962
27813 -2 -1.9962
27814 -2 -1.9962
27815 -2 -1.9962
27816 -2 -1.9962
27817 -2 -1.9962
27818 -2 -1.99621
27819 -1.98 -1.9962
27820 -2 -1.9962
27821 -2 -1.9962
27822 -2 -1.9962
27823 -2 -1.99621
27824 -2 -1.99621
27825 -2 -1.99621
27826 -2 -1.99621
27827 -2 -1.99621
27828 -2 -1.99621
27829 -2 -1.99621
27830 -2 -1.99621
27831 -1.98 -1.99621
27832 -2 -1.99621
27833 -2 -1.99621
27834 -2 -1.99621
27835 -2 -1.99621
27836 -2 -1.99621
27837 -2 -1.99621
27838 -2 -1.99621
27839 -2 -1.99621
27840 -2 -1.99621
27841 -2 -1.99621
27842 -2 -1.99621
27843 -1.98 -1.99621
27844 -1.97 -1.99621
27845 -1.96 -1.9962
27846 -2 -1.9962
27847 -2 -1.9962
27848 -2 -1.9962
27849 -2 -1.9962
27850 -2 -1.9962
27851 -2 -1.9962
27852 -2 -1.99621
27853 -2 -1.99621
27854 -2 -1.99621
27855 -2 -1.99621
27856 -2 -1.99621
27857 -2 -1.99621
27858 -2 -1.99621
27859 -2 -1.99621
27860 -2 -1.99621
27861 -2 -1.99621
27862 -2 -1.99621
27863 -2 -1.99621
27864 -2 -1.99621
27865 -2 -1.99621
27866 -2 -1.99621
27867 -2 -1.99621
27868 -2 -1.99621
27869 -2 -1.99621
27870 -1.97 -1.99621
27871 -1.98 -1.99621
27872 -1.98 -1.99621
27873 -2 -1.99621
27874 -2 -1.99621
27875 -2 -1.99621
27876 -2 -1.99621
27877 -2 -1.99621
27878 -2 -1.99621
27879 -2 -1.99621
27880 -2 -1.99621
27881 -2 -1.99621
27882 -2 -1.99621
27883 -2 -1.99621
27884 -2 -1.99621
27885 -2 -1.99621
27886 -2 -1.99621
27887 -2 -1.99621
27888 -2 -1.99621
27889 -2 -1.99621
27890 -2 -1.99621
27891 -2 -1.99621
27892 -2 -1.99621
27893 -2 -1.99621
27894 -2 -1.99621
27895 -2 -1.99621
27896 -2 -1.99621
27897 -2 -1.99621
27898 -2 -1.99621
27899 -2 -1.99621
27900 -2 -1.99621
27901 -2 -1.99621
27902 -2 -1.99621
27903 -2 -1.99621
27904 -2 -1.99621
27905 -2 -1.99621
27906 -2 -1.99621
27907 -2 -1.99621
27908 -2 -1.99621
27909 -2 -1.99621
27910 -2 -1.99621
27911 -2 -1.99621
27912 -2 -1.99621
27913 -2 -1.99621
27914 -2 -1.99621
27915 -2 -1.99621
27916 -2 -1.99621
27917 -2 -1.99621
27918 -2 -1.99621
27919 -2 -1.99621
27920 -2 -1.99621
27921 -2 -1.99621
27922 -2 -1.99621
27923 -2 -1.99621
27924 -2 -1.99621
27925 -2 -1.99621
27926 -2 -1.99621
27927 -2 -1.99621
27928 -2 -1.99621
27929 -2 -1.99621
27930 -2 -1.99621
27931 -2 -1.99621
27932 -2 -1.99621
27933 -2 -1.99621
27934 -2 -1.99621
27935 -2 -1.99621
27936 -2 -1.99621
27937 -2 -1.99621
27938 -2 -1.99621
27939 -2 -1.99621
27940 -2 -1.99621
27941 -2 -1.99621
27942 -2 -1.99621
27943 -2 -1.99621
27944 -2 -1.99622
27945 -2 -1.99622
27946 -2 -1.99622
27947 -2 -1.99622
27948 -2 -1.99622
27949 -2 -1.99622
27950 -2 -1.99622
27951 -2 -1.99622
27952 -2 -1.99622
27953 -2 -1.99622
27954 -2 -1.99622
27955 -2 -1.99622
27956 -2 -1.99622
27957 -2 -1.99622
27958 -2 -1.99622
27959 -2 -1.99622
27960 -2 -1.99622
27961 -2 -1.99622
27962 -2 -1.99622
27963 -2 -1.99622
27964 -2 -1.99622
27965 -2 -1.99622
27966 -1.98 -1.99622
27967 -2 -1.99622
27968 -2 -1.99622
27969 -2 -1.99622
27970 -2 -1.99622
27971 -2 -1.99622
27972 -2 -1.99622
27973 -2 -1.99622
27974 -2 -1.99622
27975 -2 -1.99622
27976 -2 -1.99622
27977 -2 -1.99622
27978 -2 -1.99622
27979 -2 -1.99622
27980 -2 -1.99622
27981 -2 -1.99622
27982 -2 -1.99622
27983 -2 -1.99622
27984 -2 -1.99622
27985 -2 -1.99622
27986 -2 -1.99622
27987 -2 -1.99622
27988 -2 -1.99622
27989 -2 -1.99622
27990 -2 -1.99622
27991 -2 -1.99622
27992 -2 -1.99622
27993 -2 -1.99622
27994 -2 -1.99622
27995 -2 -1.99622
27996 -2 -1.99622
27997 -2 -1.99622
27998 -2 -1.99622
27999 -2 -1.99622
28000 -2 -1.99622
28001 -1.98 -1.99622
28002 -2 -1.99622
28003 -2 -1.99622
28004 -2 -1.99622
28005 -2 -1.99622
28006 -1.98 -1.99622
28007 -2 -1.99622
28008 -2 -1.99622
28009 -2 -1.99622
28010 -2 -1.99622
28011 -2 -1.99622
28012 -2 -1.99622
28013 -2 -1.99622
28014 -2 -1.99622
28015 -2 -1.99622
28016 -2 -1.99622
28017 -2 -1.99622
28018 -1.98 -1.99622
28019 -2 -1.99622
28020 -2 -1.99622
28021 -2 -1.99622
28022 -2 -1.99622
28023 -2 -1.99622
28024 -2 -1.99622
28025 -2 -1.99622
28026 -2 -1.99622
28027 -2 -1.99622
28028 -2 -1.99622
28029 -2 -1.99622
28030 -2 -1.99622
28031 -2 -1.99622
28032 -2 -1.99622
28033 -2 -1.99622
28034 -2 -1.99622
28035 -2 -1.99622
28036 -2 -1.99622
28037 -2 -1.99622
28038 -2 -1.99622
28039 -2 -1.99623
28040 -2 -1.99623
28041 -2 -1.99623
28042 -2 -1.99623
28043 -2 -1.99623
28044 -2 -1.99623
28045 -2 -1.99623
28046 -1.98 -1.99623
28047 -1.98 -1.99622
28048 -2 -1.99622
28049 -2 -1.99622
28050 -2 -1.99623
28051 -2 -1.99623
28052 -2 -1.99623
28053 -2 -1.99623
28054 -2 -1.99623
28055 -2 -1.99623
28056 -2 -1.99623
28057 -1.98 -1.99623
28058 -1.98 -1.99622
28059 -2 -1.99622
28060 -2 -1.99623
28061 -2 -1.99623
28062 -2 -1.99623
28063 -2 -1.99623
28064 -2 -1.99623
28065 -2 -1.99623
28066 -2 -1.99623
28067 -2 -1.99623
28068 -2 -1.99623
28069 -1.98 -1.99623
28070 -1.98 -1.99622
28071 -2 -1.99623
28072 -2 -1.99623
28073 -2 -1.99623
28074 -2 -1.99623
28075 -2 -1.99623
28076 -2 -1.99623
28077 -2 -1.99623
28078 -1.98 -1.99623
28079 -2 -1.99623
28080 -1.98 -1.99622
28081 -2 -1.99622
28082 -2 -1.99623
28083 -2 -1.99623
28084 -2 -1.99623
28085 -2 -1.99623
28086 -2 -1.99623
28087 -2 -1.99623
28088 -2 -1.99623
28089 -2 -1.99623
28090 -2 -1.99623
28091 -2 -1.99623
28092 -1.98 -1.99623
28093 -1.98 -1.99623
28094 -1.98 -1.99622
28095 -2 -1.99622
28096 -2 -1.99622
28097 -1.98 -1.99622
28098 -2 -1.99622
28099 -2 -1.99622
28100 -2 -1.99622
28101 -2 -1.99622
28102 -2 -1.99622
28103 -2 -1.99623
28104 -2 -1.99623
28105 -2 -1.99623
28106 -1.95 -1.99622
28107 -1.94 -1.99622
28108 -1.98 -1.99622
28109 -2 -1.99622
28110 -1.98 -1.99622
28111 -1.98 -1.99622
28112 -2 -1.99622
28113 -2 -1.99622
28114 -2 -1.99622
28115 -2 -1.99622
28116 -2 -1.99622
28117 -2 -1.99622
28118 -2 -1.99622
28119 -2 -1.99622
28120 -2 -1.99622
28121 -2 -1.99622
28122 -2 -1.99622
28123 -2 -1.99622
28124 -1.98 -1.99622
28125 -2 -1.99622
28126 -2 -1.99622
28127 -2 -1.99622
28128 -2 -1.99622
28129 -2 -1.99622
28130 -2 -1.99622
28131 -2 -1.99622
28132 -2 -1.99622
28133 -2 -1.99622
28134 -2 -1.99622
28135 -1.96 -1.99622
28136 -1.98 -1.99622
28137 -1.98 -1.99622
28138 -2 -1.99622
28139 -2 -1.99622
28140 -2 -1.99622
28141 -2 -1.99622
28142 -2 -1.99622
28143 -2 -1.99622
28144 -2 -1.99622
28145 -2 -1.99622
28146 -2 -1.99622
28147 -2 -1.99622
28148 -2 -1.99622
28149 -2 -1.99622
28150 -2 -1.99622
28151 -2 -1.99622
28152 -2 -1.99622
28153 -2 -1.99622
28154 -2 -1.99622
28155 -2 -1.99622
28156 -2 -1.99622
28157 -2 -1.99622
28158 -2 -1.99622
28159 -2 -1.99622
28160 -1.98 -1.99622
28161 -1.98 -1.99622
28162 -1.98 -1.99622
28163 -2 -1.99622
28164 -2 -1.99622
28165 -2 -1.99622
28166 -2 -1.99622
28167 -2 -1.99622
28168 -2 -1.99622
28169 -2 -1.99622
28170 -2 -1.99622
28171 -2 -1.99622
28172 -2 -1.99622
28173 -2 -1.99622
28174 -2 -1.99622
28175 -2 -1.99622
28176 -2 -1.99622
28177 -2 -1.99622
28178 -2 -1.99622
28179 -2 -1.99622
28180 -2 -1.99622
28181 -2 -1.99622
28182 -1.98 -1.99622
28183 -2 -1.99622
28184 -2 -1.99622
28185 -2 -1.99622
28186 -2 -1.99622
28187 -2 -1.99622
28188 -2 -1.99622
28189 -2 -1.99622
28190 -2 -1.99622
28191 -2 -1.99622
28192 -2 -1.99622
28193 -2 -1.99622
28194 -2 -1.99622
28195 -2 -1.99622
28196 -2 -1.99623
28197 -2 -1.99623
28198 -2 -1.99623
28199 -2 -1.99623
28200 -2 -1.99623
28201 -2 -1.99623
28202 -1.98 -1.99623
28203 -1.98 -1.99622
28204 -1.98 -1.99622
28205 -2 -1.99622
28206 -2 -1.99622
28207 -2 -1.99622
28208 -2 -1.99622
28209 -2 -1.99622
28210 -1.98 -1.99622
28211 -2 -1.99622
28212 -2 -1.99622
28213 -2 -1.99622
28214 -1.98 -1.99622
28215 -2 -1.99622
28216 -2 -1.99622
28217 -2 -1.99622
28218 -2 -1.99622
28219 -2 -1.99622
28220 -2 -1.99622
28221 -2 -1.99622
28222 -2 -1.99623
28223 -2 -1.99623
28224 -1.98 -1.99622
28225 -2 -1.99622
28226 -2 -1.99622
28227 -2 -1.99623
28228 -2 -1.99623
28229 -2 -1.99623
28230 -2 -1.99623
28231 -2 -1.99623
28232 -1.98 -1.99622
28233 -2 -1.99623
28234 -1.98 -1.99622
28235 -1.98 -1.99622
28236 -1.96 -1.99622
28237 -1.98 -1.99622
28238 -1.98 -1.99622
28239 -1.98 -1.99622
28240 -2 -1.99622
28241 -1.98 -1.99622
28242 -1.98 -1.99622
28243 -1.98 -1.99622
28244 -2 -1.99622
28245 -2 -1.99622
28246 -2 -1.99622
28247 -2 -1.99622
28248 -2 -1.99622
28249 -2 -1.99622
28250 -2 -1.99622
28251 -2 -1.99622
28252 -2 -1.99622
28253 -1.98 -1.99622
28254 -1.98 -1.99622
28255 -2 -1.99622
28256 -2 -1.99622
28257 -2 -1.99622
28258 -2 -1.99622
28259 -2 -1.99622
28260 -2 -1.99622
28261 -2 -1.99622
28262 -2 -1.99622
28263 -2 -1.99622
28264 -2 -1.99622
28265 -1.98 -1.99622
28266 -2 -1.99622
28267 -2 -1.99622
28268 -1.98 -1.99622
28269 -1.98 -1.99622
28270 -1.98 -1.99622
28271 -1.98 -1.99622
28272 -2 -1.99622
28273 -2 -1.99622
28274 -2 -1.99622
28275 -2 -1.99622
28276 -2 -1.99622
28277 -2 -1.99622
28278 -2 -1.99622
28279 -2 -1.99622
28280 -2 -1.99622
28281 -2 -1.99622
28282 -2 -1.99622
28283 -2 -1.99622
28284 -2 -1.99622
28285 -2 -1.99622
28286 -2 -1.99622
28287 -2 -1.99622
28288 -2 -1.99622
28289 -2 -1.99622
28290 -2 -1.99622
28291 -2 -1.99622
28292 -2 -1.99622
28293 -2 -1.99622
28294 -2 -1.99622
28295 -2 -1.99622
28296 -2 -1.99622
28297 -2 -1.99622
28298 -1.98 -1.99622
28299 -1.98 -1.99622
28300 -1.98 -1.99622
28301 -2 -1.99622
28302 -2 -1.99622
28303 -2 -1.99622
28304 -2 -1.99622
28305 -2 -1.99622
28306 -2 -1.99622
28307 -2 -1.99622
28308 -2 -1.99622
28309 -2 -1.99622
28310 -2 -1.99622
28311 -2 -1.99622
28312 -2 -1.99622
28313 -2 -1.99622
28314 -2 -1.99622
28315 -2 -1.99622
28316 -2 -1.99622
28317 -2 -1.99622
28318 -2 -1.99622
28319 -1.96 -1.99622
28320 -1.98 -1.99622
28321 -2 -1.99622
28322 -2 -1.99622
28323 -2 -1.99622
28324 -2 -1.99622
28325 -2 -1.99622
28326 -2 -1.99622
28327 -2 -1.99622
28328 -2 -1.99622
28329 -2 -1.99622
28330 -2 -1.99622
28331 -2 -1.99622
28332 -2 -1.99622
28333 -2 -1.99622
28334 -2 -1.99622
28335 -2 -1.99622
28336 -2 -1.99622
28337 -2 -1.99622
28338 -2 -1.99622
28339 -2 -1.99622
28340 -1.98 -1.99622
28341 -2 -1.99622
28342 -2 -1.99622
28343 -2 -1.99622
28344 -2 -1.99622
28345 -2 -1.99622
28346 -2 -1.99622
28347 -2 -1.99622
28348 -2 -1.99622
28349 -2 -1.99622
28350 -2 -1.99622
28351 -2 -1.99622
28352 -2 -1.99622
28353 -2 -1.99622
28354 -2 -1.99622
28355 -2 -1.99622
28356 -2 -1.99622
28357 -2 -1.99622
28358 -1.98 -1.99622
28359 -1.98 -1.99622
28360 -2 -1.99622
28361 -2 -1.99622
28362 -2 -1.99622
28363 -2 -1.99622
28364 -1.98 -1.99622
28365 -2 -1.99622
28366 -2 -1.99622
28367 -2 -1.99622
28368 -2 -1.99622
28369 -2 -1.99622
28370 -2 -1.99622
28371 -2 -1.99622
28372 -2 -1.99622
28373 -2 -1.99622
28374 -2 -1.99622
28375 -2 -1.99622
28376 -2 -1.99623
28377 -2 -1.99623
28378 -2 -1.99623
28379 -2 -1.99623
28380 -2 -1.99623
28381 -2 -1.99623
28382 -2 -1.99623
28383 -2 -1.99623
28384 -2 -1.99623
28385 -2 -1.99623
28386 -1.98 -1.99623
28387 -1.98 -1.99623
28388 -2 -1.99623
28389 -2 -1.99623
28390 -2 -1.99623
28391 -2 -1.99623
28392 -2 -1.99623
28393 -2 -1.99623
28394 -2 -1.99623
28395 -2 -1.99623
28396 -2 -1.99623
28397 -2 -1.99623
28398 -2 -1.99623
28399 -2 -1.99623
28400 -2 -1.99623
28401 -2 -1.99623
28402 -1.98 -1.99623
28403 -1.98 -1.99623
28404 -1.96 -1.99622
28405 -2 -1.99622
28406 -2 -1.99622
28407 -2 -1.99623
28408 -2 -1.99623
28409 -2 -1.99623
28410 -2 -1.99623
28411 -2 -1.99623
28412 -2 -1.99623
28413 -2 -1.99623
28414 -2 -1.99623
28415 -2 -1.99623
28416 -2 -1.99623
28417 -2 -1.99623
28418 -2 -1.99623
28419 -2 -1.99623
28420 -2 -1.99623
28421 -2 -1.99623
28422 -2 -1.99623
28423 -2 -1.99623
28424 -2 -1.99623
28425 -2 -1.99623
28426 -2 -1.99623
28427 -2 -1.99623
28428 -2 -1.99623
28429 -2 -1.99623
28430 -2 -1.99623
28431 -2 -1.99623
28432 -2 -1.99623
28433 -2 -1.99623
28434 -2 -1.99623
28435 -2 -1.99623
28436 -2 -1.99623
28437 -2 -1.99623
28438 -2 -1.99623
28439 -2 -1.99623
28440 -2 -1.99623
28441 -2 -1.99623
28442 -2 -1.99623
28443 -2 -1.99623
28444 -2 -1.99623
28445 -2 -1.99623
28446 -2 -1.99623
28447 -1.98 -1.99623
28448 -2 -1.99623
28449 -2 -1.99623
28450 -2 -1.99623
28451 -2 -1.99623
28452 -2 -1.99623
28453 -2 -1.99623
28454 -2 -1.99623
28455 -2 -1.99623
28456 -2 -1.99623
28457 -2 -1.99623
28458 -2 -1.99623
28459 -2 -1.99623
28460 -2 -1.99623
28461 -2 -1.99623
28462 -2 -1.99623
28463 -2 -1.99623
28464 -2 -1.99623
28465 -2 -1.99623
28466 -2 -1.99623
28467 -2 -1.99623
28468 -2 -1.99623
28469 -2 -1.99623
28470 -2 -1.99623
28471 -2 -1.99623
28472 -2 -1.99623
28473 -2 -1.99623
28474 -2 -1.99623
28475 -2 -1.99623
28476 -2 -1.99623
28477 -2 -1.99623
28478 -2 -1.99623
28479 -2 -1.99623
28480 -2 -1.99623
28481 -2 -1.99623
28482 -2 -1.99623
28483 -2 -1.99623
28484 -2 -1.99623
28485 -2 -1.99623
28486 -2 -1.99623
28487 -2 -1.99623
28488 -2 -1.99624
28489 -2 -1.99624
28490 -2 -1.99624
28491 -2 -1.99624
28492 -2 -1.99624
28493 -2 -1.99624
28494 -2 -1.99624
28495 -2 -1.99624
28496 -2 -1.99624
28497 -2 -1.99624
28498 -2 -1.99624
28499 -2 -1.99624
28500 -2 -1.99624
28501 -2 -1.99624
28502 -2 -1.99624
28503 -1.98 -1.99624
28504 -2 -1.99624
28505 -2 -1.99624
28506 -2 -1.99624
28507 -2 -1.99624
28508 -2 -1.99624
28509 -2 -1.99624
28510 -1.98 -1.99624
28511 -1.98 -1.99624
28512 -1.98 -1.99624
28513 -2 -1.99624
28514 -2 -1.99624
28515 -2 -1.99624
28516 -2 -1.99624
28517 -2 -1.99624
28518 -2 -1.99624
28519 -1.98 -1.99624
28520 -2 -1.99624
28521 -2 -1.99624
28522 -2 -1.99624
28523 -1.98 -1.99624
28524 -2 -1.99624
28525 -2 -1.99624
28526 -2 -1.99624
28527 -2 -1.99624
28528 -2 -1.99624
28529 -2 -1.99624
28530 -2 -1.99624
28531 -2 -1.99624
28532 -2 -1.99624
28533 -2 -1.99624
28534 -2 -1.99624
28535 -2 -1.99624
28536 -2 -1.99624
28537 -2 -1.99624
28538 -2 -1.99624
28539 -2 -1.99624
28540 -2 -1.99624
28541 -2 -1.99624
28542 -1.98 -1.99624
28543 -2 -1.99624
28544 -2 -1.99624
28545 -2 -1.99624
28546 -2 -1.99624
28547 -2 -1.99624
28548 -2 -1.99624
28549 -2 -1.99624
28550 -2 -1.99624
28551 -2 -1.99624
28552 -2 -1.99624
28553 -1.98 -1.99624
28554 -2 -1.99624
28555 -2 -1.99624
28556 -2 -1.99624
28557 -2 -1.99624
28558 -2 -1.99624
28559 -2 -1.99624
28560 -2 -1.99624
28561 -1.98 -1.99624
28562 -2 -1.99624
28563 -2 -1.99624
28564 -2 -1.99624
28565 -2 -1.99624
28566 -2 -1.99624
28567 -2 -1.99624
28568 -2 -1.99624
28569 -2 -1.99624
28570 -2 -1.99624
28571 -2 -1.99624
28572 -2 -1.99624
28573 -2 -1.99624
28574 -2 -1.99624
28575 -2 -1.99624
28576 -2 -1.99624
28577 -2 -1.99624
28578 -2 -1.99624
28579 -2 -1.99624
28580 -2 -1.99624
28581 -2 -1.99624
28582 -2 -1.99624
28583 -1.96 -1.99624
28584 -2 -1.99624
28585 -2 -1.99624
28586 -1.98 -1.99624
28587 -2 -1.99624
28588 -1.98 -1.99624
28589 -2 -1.99624
28590 -2 -1.99624
28591 -2 -1.99624
28592 -2 -1.99624
28593 -2 -1.99624
28594 -2 -1.99624
28595 -2 -1.99624
28596 -2 -1.99624
28597 -2 -1.99624
28598 -2 -1.99624
28599 -2 -1.99624
28600 -1.98 -1.99624
28601 -2 -1.99624
28602 -2 -1.99624
28603 -2 -1.99624
28604 -2 -1.99624
28605 -2 -1.99624
28606 -2 -1.99624
28607 -2 -1.99624
28608 -2 -1.99624
28609 -1.98 -1.99624
28610 -2 -1.99624
28611 -2 -1.99624
28612 -2 -1.99624
28613 -1.98 -1.99624
28614 -1.96 -1.99624
28615 -2 -1.99624
28616 -2 -1.99624
28617 -2 -1.99624
28618 -2 -1.99624
28619 -2 -1.99624
28620 -2 -1.99624
28621 -2 -1.99624
28622 -2 -1.99624
28623 -2 -1.99624
28624 -2 -1.99624
28625 -2 -1.99624
28626 -2 -1.99624
28627 -2 -1.99624
28628 -2 -1.99624
28629 -2 -1.99624
28630 -2 -1.99624
28631 -2 -1.99624
28632 -1.98 -1.99624
28633 -2 -1.99624
28634 -2 -1.99624
28635 -2 -1.99624
28636 -2 -1.99624
28637 -2 -1.99624
28638 -1.98 -1.99624
28639 -2 -1.99624
28640 -2 -1.99624
28641 -2 -1.99624
28642 -2 -1.99624
28643 -2 -1.99624
28644 -2 -1.99624
28645 -2 -1.99624
28646 -2 -1.99624
28647 -2 -1.99624
28648 -2 -1.99624
28649 -2 -1.99624
28650 -2 -1.99624
28651 -2 -1.99624
28652 -2 -1.99624
28653 -2 -1.99624
28654 -2 -1.99624
28655 -2 -1.99624
28656 -2 -1.99624
28657 -2 -1.99624
28658 -2 -1.99624
28659 -2 -1.99624
28660 -2 -1.99624
28661 -2 -1.99624
28662 -2 -1.99624
28663 -2 -1.99624
28664 -2 -1.99624
28665 -2 -1.99624
28666 -2 -1.99624
28667 -1.98 -1.99624
28668 -1.97 -1.99624
28669 -2 -1.99624
28670 -2 -1.99624
28671 -1.98 -1.99624
28672 -1.98 -1.99624
28673 -2 -1.99624
28674 -2 -1.99624
28675 -2 -1.99624
28676 -2 -1.99624
28677 -2 -1.99624
28678 -2 -1.99624
28679 -2 -1.99624
28680 -2 -1.99624
28681 -2 -1.99624
28682 -2 -1.99624
28683 -2 -1.99624
28684 -2 -1.99624
28685 -2 -1.99624
28686 -2 -1.99624
28687 -2 -1.99624
28688 -2 -1.99624
28689 -2 -1.99624
28690 -2 -1.99624
28691 -1.98 -1.99624
28692 -2 -1.99624
28693 -2 -1.99624
28694 -2 -1.99624
28695 -2 -1.99624
28696 -2 -1.99624
28697 -2 -1.99624
28698 -2 -1.99624
28699 -1.98 -1.99624
28700 -2 -1.99624
28701 -2 -1.99624
28702 -2 -1.99624
28703 -2 -1.99624
28704 -2 -1.99624
28705 -2 -1.99625
28706 -2 -1.99625
28707 -2 -1.99625
28708 -2 -1.99625
28709 -2 -1.99625
28710 -2 -1.99625
28711 -2 -1.99625
28712 -2 -1.99625
28713 -2 -1.99625
28714 -2 -1.99625
28715 -2 -1.99625
28716 -2 -1.99625
28717 -2 -1.99625
28718 -2 -1.99625
28719 -2 -1.99625
28720 -1.98 -1.99625
28721 -1.98 -1.99625
28722 -2 -1.99625
28723 -2 -1.99625
28724 -2 -1.99625
28725 -2 -1.99625
28726 -2 -1.99625
28727 -2 -1.99625
28728 -2 -1.99625
28729 -2 -1.99625
28730 -2 -1.99625
28731 -2 -1.99625
28732 -2 -1.99625
28733 -2 -1.99625
28734 -2 -1.99625
28735 -2 -1.99625
28736 -2 -1.99625
28737 -2 -1.99625
28738 -2 -1.99625
28739 -2 -1.99625
28740 -2 -1.99625
28741 -2 -1.99625
28742 -2 -1.99625
28743 -2 -1.99625
28744 -2 -1.99625
28745 -2 -1.99625
28746 -2 -1.99625
28747 -2 -1.99625
28748 -2 -1.99625
28749 -2 -1.99625
28750 -2 -1.99625
28751 -2 -1.99625
28752 -2 -1.99625
28753 -2 -1.99625
28754 -2 -1.99625
28755 -2 -1.99625
28756 -2 -1.99625
28757 -2 -1.99625
28758 -2 -1.99625
28759 -2 -1.99625
28760 -2 -1.99625
28761 -2 -1.99625
28762 -2 -1.99625
28763 -2 -1.99625
28764 -1.98 -1.99625
28765 -1.98 -1.99625
28766 -2 -1.99625
28767 -2 -1.99625
28768 -2 -1.99625
28769 -2 -1.99625
28770 -2 -1.99625
28771 -2 -1.99625
28772 -2 -1.99625
28773 -2 -1.99625
28774 -2 -1.99625
28775 -2 -1.99625
28776 -2 -1.99625
28777 -2 -1.99625
28778 -2 -1.99625
28779 -2 -1.99625
28780 -2 -1.99625
28781 -2 -1.99625
28782 -2 -1.99625
28783 -2 -1.99625
28784 -2 -1.99625
28785 -2 -1.99625
28786 -2 -1.99625
28787 -2 -1.99625
28788 -2 -1.99625
28789 -2 -1.99625
28790 -1.98 -1.99625
28791 -1.98 -1.99625
28792 -2 -1.99625
28793 -2 -1.99625
28794 -2 -1.99625
28795 -2 -1.99625
28796 -2 -1.99625
28797 -2 -1.99625
28798 -2 -1.99625
28799 -2 -1.99625
28800 -2 -1.99625
28801 -2 -1.99625
28802 -2 -1.99625
28803 -2 -1.99625
28804 -2 -1.99625
28805 -2 -1.99625
28806 -2 -1.99625
28807 -2 -1.99625
28808 -2 -1.99625
28809 -2 -1.99625
28810 -2 -1.99625
28811 -2 -1.99625
28812 -2 -1.99625
28813 -2 -1.99625
28814 -2 -1.99626
28815 -2 -1.99626
28816 -2 -1.99626
28817 -2 -1.99626
28818 -2 -1.99626
28819 -2 -1.99626
28820 -2 -1.99626
28821 -2 -1.99626
28822 -2 -1.99626
28823 -2 -1.99626
28824 -2 -1.99626
28825 -2 -1.99626
28826 -2 -1.99626
28827 -2 -1.99626
28828 -2 -1.99626
28829 -2 -1.99626
28830 -2 -1.99626
28831 -2 -1.99626
28832 -2 -1.99626
28833 -1.98 -1.99626
28834 -2 -1.99626
28835 -2 -1.99626
28836 -2 -1.99626
28837 -2 -1.99626
28838 -2 -1.99626
28839 -2 -1.99626
28840 -2 -1.99626
28841 -1.98 -1.99626
28842 -1.98 -1.99626
28843 -2 -1.99626
28844 -2 -1.99626
28845 -2 -1.99626
28846 -2 -1.99626
28847 -2 -1.99626
28848 -2 -1.99626
28849 -2 -1.99626
28850 -2 -1.99626
28851 -2 -1.99626
28852 -1.98 -1.99626
28853 -1.98 -1.99626
28854 -2 -1.99626
28855 -2 -1.99626
28856 -2 -1.99626
28857 -2 -1.99626
28858 -2 -1.99626
28859 -2 -1.99626
28860 -2 -1.99626
28861 -2 -1.99626
28862 -2 -1.99626
28863 -2 -1.99626
28864 -2 -1.99626
28865 -2 -1.99626
28866 -2 -1.99626
28867 -2 -1.99626
28868 -2 -1.99626
28869 -1.98 -1.99626
28870 -2 -1.99626
28871 -2 -1.99626
28872 -1.98 -1.99626
28873 -2 -1.99626
28874 -1.98 -1.99626
28875 -1.98 -1.99626
28876 -1.98 -1.99626
28877 -1.98 -1.99626
28878 -1.98 -1.99626
28879 -2 -1.99626
28880 -2 -1.99626
28881 -2 -1.99626
28882 -2 -1.99626
28883 -2 -1.99626
28884 -2 -1.99626
28885 -2 -1.99626
28886 -2 -1.99626
28887 -2 -1.99626
28888 -2 -1.99626
28889 -2 -1.99626
28890 -2 -1.99626
28891 -2 -1.99626
28892 -2 -1.99626
28893 -2 -1.99626
28894 -2 -1.99626
28895 -2 -1.99626
28896 -2 -1.99626
28897 -2 -1.99626
28898 -2 -1.99626
28899 -2 -1.99626
28900 -2 -1.99626
28901 -2 -1.99626
28902 -2 -1.99626
28903 -2 -1.99626
28904 -2 -1.99626
28905 -2 -1.99626
28906 -2 -1.99626
28907 -1.98 -1.99626
28908 -2 -1.99626
28909 -2 -1.99626
28910 -2 -1.99626
28911 -2 -1.99626
28912 -2 -1.99626
28913 -2 -1.99626
28914 -2 -1.99626
28915 -2 -1.99626
28916 -2 -1.99626
28917 -2 -1.99626
28918 -2 -1.99626
28919 -2 -1.99626
28920 -2 -1.99626
28921 -2 -1.99626
28922 -2 -1.99626
28923 -2 -1.99626
28924 -2 -1.99626
28925 -2 -1.99626
28926 -2 -1.99626
28927 -2 -1.99626
28928 -2 -1.99626
28929 -2 -1.99626
28930 -2 -1.99626
28931 -2 -1.99626
28932 -2 -1.99626
28933 -2 -1.99626
28934 -2 -1.99626
28935 -1.98 -1.99626
28936 -2 -1.99626
28937 -2 -1.99626
28938 -2 -1.99626
28939 -2 -1.99626
28940 -2 -1.99626
28941 -2 -1.99626
28942 -2 -1.99626
28943 -2 -1.99626
28944 -2 -1.99626
28945 -2 -1.99626
28946 -1.98 -1.99626
28947 -2 -1.99626
28948 -2 -1.99626
28949 -2 -1.99626
28950 -2 -1.99626
28951 -2 -1.99626
28952 -2 -1.99626
28953 -2 -1.99626
28954 -2 -1.99626
28955 -2 -1.99626
28956 -2 -1.99626
28957 -2 -1.99626
28958 -2 -1.99626
28959 -2 -1.99626
28960 -1.98 -1.99626
28961 -2 -1.99626
28962 -2 -1.99626
28963 -2 -1.99626
28964 -2 -1.99626
28965 -2 -1.99626
28966 -2 -1.99626
28967 -2 -1.99626
28968 -2 -1.99626
28969 -2 -1.99626
28970 -2 -1.99626
28971 -2 -1.99626
28972 -2 -1.99626
28973 -2 -1.99626
28974 -2 -1.99626
28975 -2 -1.99626
28976 -2 -1.99626
28977 -2 -1.99627
28978 -2 -1.99627
28979 -2 -1.99627
28980 -2 -1.99627
28981 -2 -1.99627
28982 -2 -1.99627
28983 -1.98 -1.99627
28984 -1.98 -1.99626
28985 -1.98 -1.99626
28986 -1.98 -1.99626
28987 -2 -1.99626
28988 -2 -1.99626
28989 -2 -1.99626
28990 -2 -1.99626
28991 -1.98 -1.99626
28992 -1.98 -1.99626
28993 -1.98 -1.99626
28994 -1.98 -1.99626
28995 -2 -1.99626
28996 -1.98 -1.99626
28997 -2 -1.99626
28998 -2 -1.99626
28999 -1.98 -1.99626
29000 -1.98 -1.99626
29001 -2 -1.99626
29002 -2 -1.99626
29003 -2 -1.99626
29004 -1.98 -1.99626
29005 -2 -1.99626
29006 -2 -1.99626
29007 -2 -1.99626
29008 -1.98 -1.99626
29009 -2 -1.99626
29010 -2 -1.99626
29011 -2 -1.99626
29012 -2 -1.99626
29013 -2 -1.99626
29014 -1.98 -1.99626
29015 -1.96 -1.99626
29016 -2 -1.99626
29017 -1.98 -1.99626
29018 -2 -1.99626
29019 -2 -1.99626
29020 -1.98 -1.99626
29021 -2 -1.99626
29022 -2 -1.99626
29023 -2 -1.99626
29024 -2 -1.99626
29025 -2 -1.99626
29026 -2 -1.99626
29027 -2 -1.99626
29028 -1.98 -1.99626
29029 -2 -1.99626
29030 -2 -1.99626
29031 -2 -1.99626
29032 -2 -1.99626
29033 -2 -1.99626
29034 -2 -1.99626
29035 -2 -1.99626
29036 -2 -1.99626
29037 -2 -1.99626
29038 -2 -1.99626
29039 -2 -1.99626
29040 -1.96 -1.99626
29041 -1.98 -1.99626
29042 -1.98 -1.99626
29043 -2 -1.99626
29044 -2 -1.99626
29045 -2 -1.99626
29046 -2 -1.99626
29047 -2 -1.99626
29048 -2 -1.99626
29049 -2 -1.99626
29050 -2 -1.99626
29051 -1.98 -1.99626
29052 -1.98 -1.99626
29053 -1.98 -1.99626
29054 -2 -1.99626
29055 -2 -1.99626
29056 -2 -1.99626
29057 -2 -1.99626
29058 -2 -1.99626
29059 -2 -1.99626
29060 -2 -1.99626
29061 -2 -1.99626
29062 -2 -1.99626
29063 -2 -1.99626
29064 -2 -1.99626
29065 -2 -1.99626
29066 -2 -1.99626
29067 -2 -1.99626
29068 -2 -1.99626
29069 -2 -1.99626
29070 -2 -1.99626
29071 -2 -1.99626
29072 -2 -1.99626
29073 -2 -1.99626
29074 -1.98 -1.99626
29075 -2 -1.99626
29076 -2 -1.99626
29077 -2 -1.99626
29078 -2 -1.99626
29079 -2 -1.99626
29080 -2 -1.99626
29081 -1.98 -1.99626
29082 -1.98 -1.99626
29083 -1.98 -1.99626
29084 -2 -1.99626
29085 -2 -1.99626
29086 -1.98 -1.99626
29087 -2 -1.99626
29088 -2 -1.99626
29089 -2 -1.99626
29090 -2 -1.99626
29091 -2 -1.99626
29092 -2 -1.99626
29093 -2 -1.99626
29094 -2 -1.99626
29095 -2 -1.99626
29096 -2 -1.99626
29097 -2 -1.99626
29098 -2 -1.99626
29099 -2 -1.99626
29100 -2 -1.99626
29101 -2 -1.99626
29102 -2 -1.99626
29103 -2 -1.99626
29104 -2 -1.99626
29105 -2 -1.99626
29106 -2 -1.99626
29107 -2 -1.99626
29108 -2 -1.99626
29109 -1.98 -1.99626
29110 -2 -1.99626
29111 -2 -1.99626
29112 -2 -1.99626
29113 -2 -1.99626
29114 -2 -1.99626
29115 -2 -1.99626
29116 -2 -1.99626
29117 -2 -1.99626
29118 -2 -1.99626
29119 -2 -1.99626
29120 -1.98 -1.99626
29121 -2 -1.99626
29122 -2 -1.99626
29123 -2 -1.99626
29124 -2 -1.99626
29125 -2 -1.99626
29126 -2 -1.99626
29127 -2 -1.99626
29128 -2 -1.99626
29129 -2 -1.99626
29130 -2 -1.99626
29131 -2 -1.99626
29132 -2 -1.99626
29133 -2 -1.99626
29134 -2 -1.99626
29135 -2 -1.99626
29136 -2 -1.99626
29137 -2 -1.99626
29138 -2 -1.99626
29139 -2 -1.99626
29140 -2 -1.99626
29141 -2 -1.99626
29142 -2 -1.99626
29143 -2 -1.99626
29144 -2 -1.99626
29145 -2 -1.99626
29146 -2 -1.99626
29147 -2 -1.99626
29148 -1.98 -1.99626
29149 -2 -1.99626
29150 -2 -1.99626
29151 -2 -1.99626
29152 -2 -1.99626
29153 -2 -1.99626
29154 -1.98 -1.99626
29155 -2 -1.99626
29156 -2 -1.99626
29157 -2 -1.99626
29158 -2 -1.99626
29159 -2 -1.99626
29160 -2 -1.99626
29161 -2 -1.99626
29162 -2 -1.99626
29163 -2 -1.99626
29164 -2 -1.99627
29165 -2 -1.99627
29166 -2 -1.99627
29167 -2 -1.99627
29168 -2 -1.99627
29169 -2 -1.99627
29170 -2 -1.99627
29171 -2 -1.99627
29172 -2 -1.99627
29173 -1.98 -1.99627
29174 -2 -1.99627
29175 -2 -1.99627
29176 -2 -1.99627
29177 -2 -1.99627
29178 -2 -1.99627
29179 -2 -1.99627
29180 -2 -1.99627
29181 -2 -1.99627
29182 -2 -1.99627
29183 -2 -1.99627
29184 -2 -1.99627
29185 -2 -1.99627
29186 -1.98 -1.99627
29187 -2 -1.99627
29188 -2 -1.99627
29189 -2 -1.99627
29190 -2 -1.99627
29191 -2 -1.99627
29192 -2 -1.99627
29193 -2 -1.99627
29194 -2 -1.99627
29195 -2 -1.99627
29196 -2 -1.99627
29197 -2 -1.99627
29198 -1.98 -1.99627
29199 -1.98 -1.99627
29200 -1.98 -1.99627
29201 -2 -1.99627
29202 -2 -1.99627
29203 -2 -1.99627
29204 -2 -1.99627
29205 -2 -1.99627
29206 -2 -1.99627
29207 -2 -1.99627
29208 -2 -1.99627
29209 -2 -1.99627
29210 -2 -1.99627
29211 -1.98 -1.99627
29212 -2 -1.99627
29213 -2 -1.99627
29214 -2 -1.99627
29215 -1.98 -1.99627
29216 -2 -1.99627
29217 -2 -1.99627
29218 -2 -1.99627
29219 -2 -1.99627
29220 -2 -1.99627
29221 -2 -1.99627
29222 -2 -1.99627
29223 -2 -1.99627
29224 -2 -1.99627
29225 -2 -1.99627
29226 -1.98 -1.99627
29227 -1.97 -1.99627
29228 -1.98 -1.99627
29229 -2 -1.99627
29230 -2 -1.99627
29231 -2 -1.99627
29232 -1.98 -1.99627
29233 -2 -1.99627
29234 -2 -1.99627
29235 -2 -1.99627
29236 -2 -1.99627
29237 -2 -1.99627
29238 -2 -1.99627
29239 -2 -1.99627
29240 -2 -1.99627
29241 -2 -1.99627
29242 -2 -1.99627
29243 -1.98 -1.99627
29244 -1.98 -1.99627
29245 -2 -1.99627
29246 -1.98 -1.99627
29247 -1.98 -1.99627
29248 -2 -1.99627
29249 -2 -1.99627
29250 -2 -1.99627
29251 -2 -1.99627
29252 -2 -1.99627
29253 -2 -1.99627
29254 -2 -1.99627
29255 -2 -1.99627
29256 -2 -1.99627
29257 -2 -1.99627
29258 -2 -1.99627
29259 -2 -1.99627
29260 -2 -1.99627
29261 -2 -1.99627
29262 -2 -1.99627
29263 -2 -1.99627
29264 -2 -1.99627
29265 -2 -1.99627
29266 -1.98 -1.99627
29267 -1.98 -1.99627
29268 -2 -1.99627
29269 -2 -1.99627
29270 -2 -1.99627
29271 -2 -1.99627
29272 -2 -1.99627
29273 -2 -1.99627
29274 -2 -1.99627
29275 -2 -1.99627
29276 -2 -1.99627
29277 -2 -1.99627
29278 -2 -1.99627
29279 -2 -1.99627
29280 -2 -1.99627
29281 -2 -1.99627
29282 -2 -1.99627
29283 -2 -1.99627
29284 -2 -1.99627
29285 -2 -1.99627
29286 -1.98 -1.99627
29287 -1.98 -1.99627
29288 -2 -1.99627
29289 -2 -1.99627
29290 -2 -1.99627
29291 -2 -1.99627
29292 -2 -1.99627
29293 -2 -1.99627
29294 -2 -1.99627
29295 -2 -1.99627
29296 -1.98 -1.99627
29297 -2 -1.99627
29298 -2 -1.99627
29299 -2 -1.99627
29300 -2 -1.99627
29301 -2 -1.99627
29302 -1.98 -1.99627
29303 -2 -1.99627
29304 -2 -1.99627
29305 -1.98 -1.99627
29306 -2 -1.99627
29307 -2 -1.99627
29308 -1.98 -1.99627
29309 -2 -1.99627
29310 -2 -1.99627
29311 -2 -1.99627
29312 -2 -1.99627
29313 -2 -1.99627
29314 -2 -1.99627
29315 -2 -1.99627
29316 -2 -1.99627
29317 -2 -1.99627
29318 -2 -1.99627
29319 -2 -1.99627
29320 -2 -1.99627
29321 -2 -1.99627
29322 -2 -1.99627
29323 -2 -1.99627
29324 -2 -1.99627
29325 -2 -1.99627
29326 -2 -1.99627
29327 -2 -1.99627
29328 -2 -1.99627
29329 -2 -1.99627
29330 -2 -1.99627
29331 -2 -1.99627
29332 -2 -1.99627
29333 -2 -1.99627
29334 -2 -1.99627
29335 -2 -1.99627
29336 -1.98 -1.99627
29337 -1.98 -1.99627
29338 -2 -1.99627
29339 -2 -1.99627
29340 -2 -1.99627
29341 -2 -1.99627
29342 -2 -1.99627
29343 -2 -1.99627
29344 -2 -1.99627
29345 -2 -1.99627
29346 -2 -1.99627
29347 -2 -1.99627
29348 -2 -1.99627
29349 -2 -1.99627
29350 -1.98 -1.99627
29351 -2 -1.99627
29352 -2 -1.99627
29353 -2 -1.99627
29354 -2 -1.99627
29355 -2 -1.99627
29356 -2 -1.99627
29357 -2 -1.99627
29358 -2 -1.99627
29359 -2 -1.99627
29360 -2 -1.99627
29361 -2 -1.99627
29362 -2 -1.99627
29363 -2 -1.99627
29364 -2 -1.99627
29365 -2 -1.99627
29366 -2 -1.99627
29367 -2 -1.99627
29368 -2 -1.99627
29369 -2 -1.99627
29370 -2 -1.99627
29371 -2 -1.99627
29372 -2 -1.99627
29373 -2 -1.99627
29374 -2 -1.99627
29375 -2 -1.99627
29376 -2 -1.99627
29377 -2 -1.99627
29378 -1.98 -1.99627
29379 -2 -1.99627
29380 -2 -1.99627
29381 -2 -1.99627
29382 -2 -1.99627
29383 -2 -1.99627
29384 -2 -1.99627
29385 -1.98 -1.99627
29386 -2 -1.99627
29387 -2 -1.99627
29388 -2 -1.99627
29389 -2 -1.99627
29390 -2 -1.99627
29391 -2 -1.99627
29392 -2 -1.99627
29393 -2 -1.99627
29394 -2 -1.99627
29395 -2 -1.99628
29396 -2 -1.99628
29397 -2 -1.99628
29398 -1.98 -1.99627
29399 -1.98 -1.99627
29400 -1.98 -1.99627
29401 -1.98 -1.99627
29402 -1.98 -1.99627
29403 -1.98 -1.99627
29404 -2 -1.99627
29405 -2 -1.99627
29406 -2 -1.99627
29407 -2 -1.99627
29408 -2 -1.99627
29409 -2 -1.99627
29410 -2 -1.99627
29411 -2 -1.99627
29412 -2 -1.99627
29413 -2 -1.99627
29414 -2 -1.99627
29415 -2 -1.99627
29416 -2 -1.99627
29417 -2 -1.99627
29418 -1.98 -1.99627
29419 -1.98 -1.99627
29420 -1.98 -1.99627
29421 -1.98 -1.99627
29422 -2 -1.99627
29423 -2 -1.99627
29424 -2 -1.99627
29425 -2 -1.99627
29426 -2 -1.99627
29427 -2 -1.99627
29428 -2 -1.99627
29429 -2 -1.99627
29430 -2 -1.99627
29431 -2 -1.99627
29432 -2 -1.99627
29433 -2 -1.99627
29434 -2 -1.99627
29435 -2 -1.99627
29436 -2 -1.99627
29437 -2 -1.99627
29438 -2 -1.99627
29439 -2 -1.99627
29440 -2 -1.99627
29441 -2 -1.99627
29442 -2 -1.99627
29443 -2 -1.99627
29444 -2 -1.99627
29445 -2 -1.99627
29446 -2 -1.99627
29447 -2 -1.99627
29448 -2 -1.99627
29449 -2 -1.99628
29450 -2 -1.99628
29451 -2 -1.99628
29452 -2 -1.99628
29453 -2 -1.99628
29454 -2 -1.99628
29455 -2 -1.99628
29456 -2 -1.99628
29457 -2 -1.99628
29458 -2 -1.99628
29459 -1.98 -1.99628
29460 -1.98 -1.99628
29461 -2 -1.99628
29462 -2 -1.99628
29463 -2 -1.99628
29464 -2 -1.99628
29465 -2 -1.99628
29466 -2 -1.99628
29467 -2 -1.99628
29468 -2 -1.99628
29469 -2 -1.99628
29470 -2 -1.99628
29471 -2 -1.99628
29472 -2 -1.99628
29473 -2 -1.99628
29474 -2 -1.99628
29475 -1.98 -1.99628
29476 -2 -1.99628
29477 -1.98 -1.99628
29478 -1.98 -1.99628
29479 -1.98 -1.99627
29480 -1.98 -1.99627
29481 -2 -1.99627
29482 -2 -1.99627
29483 -2 -1.99627
29484 -2 -1.99627
29485 -2 -1.99627
29486 -2 -1.99627
29487 -2 -1.99628
29488 -2 -1.99628
29489 -2 -1.99628
29490 -2 -1.99628
29491 -2 -1.99628
29492 -2 -1.99628
29493 -2 -1.99628
29494 -2 -1.99628
29495 -2 -1.99628
29496 -2 -1.99628
29497 -2 -1.99628
29498 -2 -1.99628
29499 -2 -1.99628
29500 -2 -1.99628
29501 -2 -1.99628
29502 -2 -1.99628
29503 -2 -1.99628
29504 -2 -1.99628
29505 -2 -1.99628
29506 -2 -1.99628
29507 -2 -1.99628
29508 -2 -1.99628
29509 -2 -1.99628
29510 -2 -1.99628
29511 -2 -1.99628
29512 -2 -1.99628
29513 -2 -1.99628
29514 -2 -1.99628
29515 -2 -1.99628
29516 -2 -1.99628
29517 -2 -1.99628
29518 -2 -1.99628
29519 -1.98 -1.99628
29520 -2 -1.99628
29521 -2 -1.99628
29522 -2 -1.99628
29523 -2 -1.99628
29524 -2 -1.99628
29525 -2 -1.99628
29526 -2 -1.99628
29527 -2 -1.99628
29528 -1.98 -1.99628
29529 -2 -1.99628
29530 -2 -1.99628
29531 -2 -1.99628
29532 -2 -1.99628
29533 -2 -1.99628
29534 -1.98 -1.99628
29535 -2 -1.99628
29536 -2 -1.99628
29537 -2 -1.99628
29538 -2 -1.99628
29539 -2 -1.99628
29540 -2 -1.99628
29541 -1.98 -1.99628
29542 -2 -1.99628
29543 -1.98 -1.99628
29544 -2 -1.99628
29545 -2 -1.99628
29546 -2 -1.99628
29547 -1.98 -1.99628
29548 -1.98 -1.99628
29549 -1.98 -1.99628
29550 -1.98 -1.99628
29551 -2 -1.99628
29552 -1.98 -1.99628
29553 -2 -1.99628
29554 -2 -1.99628
29555 -2 -1.99628
29556 -2 -1.99628
29557 -2 -1.99628
29558 -2 -1.99628
29559 -2 -1.99628
29560 -2 -1.99628
29561 -2 -1.99628
29562 -2 -1.99628
29563 -2 -1.99628
29564 -2 -1.99628
29565 -2 -1.99628
29566 -2 -1.99628
29567 -2 -1.99628
29568 -2 -1.99628
29569 -2 -1.99628
29570 -2 -1.99628
29571 -2 -1.99628
29572 -2 -1.99628
29573 -2 -1.99628
29574 -2 -1.99628
29575 -2 -1.99628
29576 -1.98 -1.99628
29577 -2 -1.99628
29578 -2 -1.99628
29579 -1.98 -1.99628
29580 -2 -1.99628
29581 -2 -1.99628
29582 -1.98 -1.99628
29583 -2 -1.99628
29584 -2 -1.99628
29585 -2 -1.99628
29586 -2 -1.99628
29587 -2 -1.99628
29588 -2 -1.99628
29589 -2 -1.99628
29590 -2 -1.99628
29591 -2 -1.99628
29592 -2 -1.99628
29593 -2 -1.99628
29594 -2 -1.99628
29595 -2 -1.99628
29596 -2 -1.99628
29597 -2 -1.99628
29598 -2 -1.99628
29599 -2 -1.99628
29600 -2 -1.99628
29601 -2 -1.99628
29602 -1.98 -1.99628
29603 -2 -1.99628
29604 -2 -1.99628
29605 -2 -1.99628
29606 -2 -1.99628
29607 -1.98 -1.99628
29608 -1.98 -1.99628
29609 -1.98 -1.99628
29610 -2 -1.99628
29611 -2 -1.99628
29612 -2 -1.99628
29613 -2 -1.99628
29614 -2 -1.99628
29615 -2 -1.99628
29616 -1.98 -1.99628
29617 -1.98 -1.99628
29618 -1.96 -1.99628
29619 -1.98 -1.99628
29620 -2 -1.99628
29621 -2 -1.99628
29622 -2 -1.99628
29623 -2 -1.99628
29624 -2 -1.99628
29625 -2 -1.99628
29626 -2 -1.99628
29627 -2 -1.99628
29628 -2 -1.99628
29629 -2 -1.99628
29630 -1.98 -1.99628
29631 -1.98 -1.99628
29632 -2 -1.99628
29633 -2 -1.99628
29634 -2 -1.99628
29635 -2 -1.99628
29636 -2 -1.99628
29637 -2 -1.99628
29638 -2 -1.99628
29639 -2 -1.99628
29640 -2 -1.99628
29641 -2 -1.99628
29642 -2 -1.99628
29643 -2 -1.99628
29644 -2 -1.99628
29645 -2 -1.99628
29646 -2 -1.99628
29647 -2 -1.99628
29648 -2 -1.99628
29649 -2 -1.99628
29650 -2 -1.99628
29651 -2 -1.99628
29652 -2 -1.99628
29653 -2 -1.99628
29654 -2 -1.99628
29655 -2 -1.99628
29656 -2 -1.99628
29657 -2 -1.99628
29658 -2 -1.99628
29659 -2 -1.99628
29660 -2 -1.99628
29661 -2 -1.99628
29662 -2 -1.99628
29663 -1.98 -1.99628
29664 -2 -1.99628
29665 -2 -1.99628
29666 -2 -1.99628
29667 -2 -1.99628
29668 -2 -1.99628
29669 -2 -1.99628
29670 -2 -1.99628
29671 -2 -1.99628
29672 -2 -1.99628
29673 -2 -1.99628
29674 -2 -1.99628
29675 -2 -1.99628
29676 -2 -1.99628
29677 -1.98 -1.99628
29678 -1.98 -1.99628
29679 -1.98 -1.99628
29680 -2 -1.99628
29681 -2 -1.99628
29682 -2 -1.99628
29683 -2 -1.99628
29684 -2 -1.99628
29685 -2 -1.99628
29686 -2 -1.99628
29687 -2 -1.99628
29688 -2 -1.99628
29689 -2 -1.99628
29690 -2 -1.99628
29691 -2 -1.99628
29692 -2 -1.99628
29693 -2 -1.99628
29694 -2 -1.99628
29695 -2 -1.99628
29696 -2 -1.99628
29697 -2 -1.99628
29698 -2 -1.99628
29699 -2 -1.99628
29700 -2 -1.99628
29701 -2 -1.99628
29702 -2 -1.99628
29703 -2 -1.99628
29704 -2 -1.99628
29705 -2 -1.99628
29706 -2 -1.99628
29707 -2 -1.99628
29708 -2 -1.99628
29709 -2 -1.99628
29710 -2 -1.99628
29711 -2 -1.99628
29712 -2 -1.99628
29713 -2 -1.99628
29714 -2 -1.99628
29715 -2 -1.99628
29716 -2 -1.99628
29717 -2 -1.99629
29718 -2 -1.99629
29719 -2 -1.99629
29720 -2 -1.99629
29721 -2 -1.99629
29722 -2 -1.99629
29723 -2 -1.99629
29724 -2 -1.99629
29725 -2 -1.99629
29726 -2 -1.99629
29727 -2 -1.99629
29728 -2 -1.99629
29729 -1.98 -1.99629
29730 -2 -1.99629
29731 -2 -1.99629
29732 -2 -1.99629
29733 -2 -1.99629
29734 -2 -1.99629
29735 -2 -1.99629
29736 -2 -1.99629
29737 -2 -1.99629
29738 -1.98 -1.99629
29739 -2 -1.99629
29740 -2 -1.99629
29741 -2 -1.99629
29742 -1.98 -1.99629
29743 -2 -1.99629
29744 -2 -1.99629
29745 -2 -1.99629
29746 -2 -1.99629
29747 -2 -1.99629
29748 -2 -1.99629
29749 -2 -1.99629
29750 -2 -1.99629
29751 -2 -1.99629
29752 -2 -1.99629
29753 -2 -1.99629
29754 -2 -1.99629
29755 -2 -1.99629
29756 -2 -1.99629
29757 -2 -1.99629
29758 -2 -1.99629
29759 -2 -1.99629
29760 -2 -1.99629
29761 -2 -1.99629
29762 -2 -1.99629
29763 -2 -1.99629
29764 -1.98 -1.99629
29765 -2 -1.99629
29766 -1.98 -1.99629
29767 -1.98 -1.99629
29768 -2 -1.99629
29769 -2 -1.99629
29770 -2 -1.99629
29771 -2 -1.99629
29772 -2 -1.99629
29773 -2 -1.99629
29774 -2 -1.99629
29775 -2 -1.99629
29776 -2 -1.99629
29777 -2 -1.99629
29778 -2 -1.99629
29779 -2 -1.99629
29780 -2 -1.99629
29781 -2 -1.99629
29782 -2 -1.99629
29783 -2 -1.99629
29784 -2 -1.99629
29785 -2 -1.99629
29786 -2 -1.99629
29787 -2 -1.99629
29788 -1.98 -1.99629
29789 -1.98 -1.99629
29790 -2 -1.99629
29791 -2 -1.99629
29792 -2 -1.99629
29793 -2 -1.99629
29794 -2 -1.99629
29795 -2 -1.99629
29796 -2 -1.99629
29797 -2 -1.99629
29798 -2 -1.99629
29799 -2 -1.99629
29800 -2 -1.99629
29801 -2 -1.99629
29802 -1.98 -1.99629
29803 -1.98 -1.99629
29804 -2 -1.99629
29805 -2 -1.99629
29806 -2 -1.99629
29807 -2 -1.99629
29808 -2 -1.99629
29809 -2 -1.99629
29810 -2 -1.99629
29811 -2 -1.99629
29812 -2 -1.99629
29813 -2 -1.99629
29814 -2 -1.99629
29815 -2 -1.99629
29816 -2 -1.99629
29817 -2 -1.99629
29818 -2 -1.99629
29819 -2 -1.99629
29820 -2 -1.99629
29821 -2 -1.99629
29822 -2 -1.99629
29823 -2 -1.99629
29824 -2 -1.99629
29825 -2 -1.99629
29826 -2 -1.99629
29827 -2 -1.99629
29828 -1.98 -1.99629
29829 -2 -1.99629
29830 -2 -1.99629
29831 -2 -1.99629
29832 -1.98 -1.99629
29833 -2 -1.99629
29834 -2 -1.99629
29835 -2 -1.99629
29836 -2 -1.99629
29837 -1.98 -1.99629
29838 -1.98 -1.99629
29839 -1.97 -1.99629
29840 -2 -1.99629
29841 -2 -1.99629
29842 -1.98 -1.99629
29843 -2 -1.99629
29844 -2 -1.99629
29845 -2 -1.99629
29846 -2 -1.99629
29847 -2 -1.99629
29848 -2 -1.99629
29849 -2 -1.99629
29850 -1.98 -1.99629
29851 -2 -1.99629
29852 -1.98 -1.99629
29853 -2 -1.99629
29854 -2 -1.99629
29855 -2 -1.99629
29856 -2 -1.99629
29857 -2 -1.99629
29858 -2 -1.99629
29859 -2 -1.99629
29860 -2 -1.99629
29861 -2 -1.99629
29862 -2 -1.99629
29863 -2 -1.99629
29864 -2 -1.99629
29865 -2 -1.99629
29866 -2 -1.99629
29867 -2 -1.99629
29868 -2 -1.99629
29869 -2 -1.99629
29870 -2 -1.99629
29871 -2 -1.99629
29872 -1.98 -1.99629
29873 -2 -1.99629
29874 -2 -1.99629
29875 -2 -1.99629
29876 -1.98 -1.99629
29877 -1.98 -1.99629
29878 -1.98 -1.99629
29879 -2 -1.99629
29880 -2 -1.99629
29881 -2 -1.99629
29882 -2 -1.99629
29883 -2 -1.99629
29884 -2 -1.99629
29885 -2 -1.99629
29886 -2 -1.99629
29887 -2 -1.99629
29888 -2 -1.99629
29889 -2 -1.99629
29890 -2 -1.99629
29891 -2 -1.99629
29892 -2 -1.99629
29893 -2 -1.99629
29894 -1.98 -1.99629
29895 -1.98 -1.99629
29896 -2 -1.99629
29897 -2 -1.99629
29898 -2 -1.99629
29899 -2 -1.99629
29900 -2 -1.99629
29901 -2 -1.99629
29902 -2 -1.99629
29903 -2 -1.99629
29904 -2 -1.99629
29905 -2 -1.99629
29906 -2 -1.99629
29907 -2 -1.99629
29908 -2 -1.99629
29909 -2 -1.99629
29910 -2 -1.99629
29911 -2 -1.99629
29912 -2 -1.99629
29913 -2 -1.99629
29914 -2 -1.99629
29915 -2 -1.99629
29916 -2 -1.99629
29917 -2 -1.99629
29918 -2 -1.99629
29919 -2 -1.99629
29920 -2 -1.99629
29921 -2 -1.99629
29922 -2 -1.99629
29923 -2 -1.99629
29924 -2 -1.99629
29925 -2 -1.99629
29926 -2 -1.99629
29927 -2 -1.99629
29928 -2 -1.99629
29929 -2 -1.9963
29930 -2 -1.9963
29931 -2 -1.9963
29932 -2 -1.9963
29933 -2 -1.9963
29934 -1.98 -1.99629
29935 -2 -1.9963
29936 -2 -1.9963
29937 -2 -1.9963
29938 -2 -1.9963
29939 -2 -1.9963
29940 -2 -1.9963
29941 -2 -1.9963
29942 -2 -1.9963
29943 -2 -1.9963
29944 -2 -1.9963
29945 -1.98 -1.9963
29946 -1.98 -1.9963
29947 -1.98 -1.99629
29948 -2 -1.99629
29949 -2 -1.99629
29950 -2 -1.99629
29951 -2 -1.9963
29952 -2 -1.9963
29953 -2 -1.9963
29954 -2 -1.9963
29955 -1.98 -1.99629
29956 -2 -1.9963
29957 -2 -1.9963
29958 -2 -1.9963
29959 -2 -1.9963
29960 -2 -1.9963
29961 -2 -1.9963
29962 -2 -1.9963
29963 -2 -1.9963
29964 -2 -1.9963
29965 -2 -1.9963
29966 -2 -1.9963
29967 -2 -1.9963
29968 -2 -1.9963
29969 -2 -1.9963
29970 -2 -1.9963
29971 -2 -1.9963
29972 -2 -1.9963
29973 -2 -1.9963
29974 -2 -1.9963
29975 -2 -1.9963
29976 -2 -1.9963
29977 -2 -1.9963
29978 -2 -1.9963
29979 -1.98 -1.9963
29980 -2 -1.9963
29981 -2 -1.9963
29982 -2 -1.9963
29983 -2 -1.9963
29984 -2 -1.9963
29985 -2 -1.9963
29986 -2 -1.9963
29987 -2 -1.9963
29988 -2 -1.9963
29989 -2 -1.9963
29990 -1.98 -1.9963
29991 -2 -1.9963
29992 -2 -1.9963
29993 -2 -1.9963
29994 -2 -1.9963
29995 -2 -1.9963
29996 -1.98 -1.9963
29997 -2 -1.9963
29998 -2 -1.9963
29999 -2 -1.9963
30000 -1.98 -1.9963
30001 -2 -1.9963
30002 -2 -1.9963
30003 -2 -1.9963
30004 -2 -1.9963
30005 -2 -1.9963
30006 -2 -1.9963
30007 -1.98 -1.9963
30008 -1.98 -1.9963
30009 -2 -1.9963
30010 -2 -1.9963
30011 -2 -1.9963
30012 -2 -1.9963
30013 -2 -1.9963
30014 -2 -1.9963
30015 -2 -1.9963
30016 -2 -1.9963
30017 -2 -1.9963
30018 -2 -1.9963
30019 -2 -1.9963
30020 -2 -1.9963
30021 -2 -1.9963
30022 -2 -1.9963
30023 -2 -1.9963
30024 -2 -1.9963
30025 -2 -1.9963
30026 -2 -1.9963
30027 -2 -1.9963
30028 -2 -1.9963
30029 -2 -1.9963
30030 -2 -1.9963
30031 -2 -1.9963
30032 -2 -1.9963
30033 -2 -1.9963
30034 -2 -1.9963
30035 -2 -1.9963
30036 -2 -1.9963
30037 -2 -1.9963
30038 -2 -1.9963
30039 -2 -1.9963
30040 -2 -1.9963
30041 -1.98 -1.9963
30042 -1.98 -1.9963
30043 -1.98 -1.9963
30044 -2 -1.9963
30045 -1.98 -1.9963
30046 -2 -1.9963
30047 -1.98 -1.9963
30048 -2 -1.9963
30049 -2 -1.9963
30050 -2 -1.9963
30051 -2 -1.9963
30052 -2 -1.9963
30053 -2 -1.9963
30054 -2 -1.9963
30055 -1.98 -1.9963
30056 -1.98 -1.9963
30057 -2 -1.9963
30058 -2 -1.9963
30059 -2 -1.9963
30060 -2 -1.9963
30061 -2 -1.9963
30062 -2 -1.9963
30063 -2 -1.9963
30064 -2 -1.9963
30065 -2 -1.9963
30066 -2 -1.9963
30067 -2 -1.9963
30068 -1.97 -1.9963
30069 -1.98 -1.9963
30070 -2 -1.9963
30071 -2 -1.9963
30072 -2 -1.9963
30073 -2 -1.9963
30074 -2 -1.9963
30075 -2 -1.9963
30076 -2 -1.9963
30077 -2 -1.9963
30078 -2 -1.9963
30079 -2 -1.9963
30080 -2 -1.9963
30081 -2 -1.9963
30082 -2 -1.9963
30083 -2 -1.9963
30084 -2 -1.9963
30085 -2 -1.9963
30086 -2 -1.9963
30087 -2 -1.9963
30088 -2 -1.9963
30089 -2 -1.9963
30090 -1.98 -1.9963
30091 -2 -1.9963
30092 -2 -1.9963
30093 -2 -1.9963
30094 -2 -1.9963
30095 -2 -1.9963
30096 -2 -1.9963
30097 -2 -1.9963
30098 -2 -1.9963
30099 -2 -1.9963
30100 -2 -1.9963
30101 -2 -1.9963
30102 -2 -1.9963
30103 -2 -1.9963
30104 -2 -1.9963
30105 -2 -1.9963
30106 -2 -1.9963
30107 -2 -1.9963
30108 -2 -1.9963
30109 -2 -1.9963
30110 -2 -1.9963
30111 -2 -1.9963
30112 -2 -1.9963
30113 -2 -1.9963
30114 -2 -1.9963
30115 -2 -1.9963
30116 -2 -1.9963
30117 -2 -1.9963
30118 -2 -1.9963
30119 -2 -1.9963
30120 -2 -1.9963
30121 -2 -1.9963
30122 -2 -1.9963
30123 -2 -1.9963
30124 -1.98 -1.9963
30125 -1.98 -1.9963
30126 -1.98 -1.9963
30127 -1.98 -1.9963
30128 -1.98 -1.9963
30129 -2 -1.9963
30130 -2 -1.9963
30131 -2 -1.9963
30132 -2 -1.9963
30133 -2 -1.9963
30134 -2 -1.9963
30135 -2 -1.9963
30136 -2 -1.9963
30137 -2 -1.9963
30138 -1.98 -1.9963
30139 -2 -1.9963
30140 -2 -1.9963
30141 -2 -1.9963
30142 -2 -1.9963
30143 -2 -1.9963
30144 -2 -1.9963
30145 -2 -1.9963
30146 -2 -1.9963
30147 -2 -1.9963
30148 -2 -1.9963
30149 -2 -1.9963
30150 -1.98 -1.9963
30151 -2 -1.9963
30152 -2 -1.9963
30153 -2 -1.9963
30154 -2 -1.9963
30155 -2 -1.9963
30156 -2 -1.9963
30157 -1.98 -1.9963
30158 -2 -1.9963
30159 -2 -1.9963
30160 -2 -1.9963
30161 -2 -1.9963
30162 -2 -1.9963
30163 -2 -1.9963
30164 -2 -1.9963
30165 -2 -1.9963
30166 -2 -1.9963
30167 -2 -1.9963
30168 -2 -1.9963
30169 -1.98 -1.9963
30170 -1.98 -1.9963
30171 -1.98 -1.9963
30172 -2 -1.9963
30173 -2 -1.9963
30174 -2 -1.9963
30175 -2 -1.9963
30176 -2 -1.9963
30177 -2 -1.9963
30178 -1.98 -1.9963
30179 -2 -1.9963
30180 -2 -1.9963
30181 -2 -1.9963
30182 -1.98 -1.9963
30183 -2 -1.9963
30184 -2 -1.9963
30185 -2 -1.9963
30186 -2 -1.9963
30187 -2 -1.9963
30188 -2 -1.9963
30189 -2 -1.9963
30190 -2 -1.9963
30191 -2 -1.9963
30192 -2 -1.9963
30193 -2 -1.9963
30194 -2 -1.9963
30195 -2 -1.9963
30196 -2 -1.9963
30197 -2 -1.99631
30198 -2 -1.99631
30199 -2 -1.99631
30200 -2 -1.99631
30201 -2 -1.99631
30202 -2 -1.99631
30203 -2 -1.99631
30204 -2 -1.99631
30205 -2 -1.99631
30206 -1.98 -1.99631
30207 -1.98 -1.9963
30208 -2 -1.99631
30209 -2 -1.99631
30210 -2 -1.99631
30211 -2 -1.99631
30212 -2 -1.99631
30213 -2 -1.99631
30214 -2 -1.99631
30215 -2 -1.99631
30216 -2 -1.99631
30217 -2 -1.99631
30218 -2 -1.99631
30219 -2 -1.99631
30220 -2 -1.99631
30221 -2 -1.99631
30222 -2 -1.99631
30223 -2 -1.99631
30224 -2 -1.99631
30225 -2 -1.99631
30226 -2 -1.99631
30227 -2 -1.99631
30228 -2 -1.99631
30229 -2 -1.99631
30230 -2 -1.99631
30231 -2 -1.99631
30232 -2 -1.99631
30233 -2 -1.99631
30234 -2 -1.99631
30235 -2 -1.99631
30236 -2 -1.99631
30237 -2 -1.99631
30238 -2 -1.99631
30239 -2 -1.99631
30240 -2 -1.99631
30241 -2 -1.99631
30242 -1.98 -1.99631
30243 -1.98 -1.99631
30244 -2 -1.99631
30245 -2 -1.99631
30246 -1.98 -1.99631
30247 -2 -1.99631
30248 -2 -1.99631
30249 -2 -1.99631
30250 -2 -1.99631
30251 -1.98 -1.99631
30252 -2 -1.99631
30253 -2 -1.99631
30254 -2 -1.99631
30255 -2 -1.99631
30256 -2 -1.99631
30257 -2 -1.99631
30258 -2 -1.99631
30259 -2 -1.99631
30260 -1.98 -1.99631
30261 -2 -1.99631
30262 -2 -1.99631
30263 -2 -1.99631
30264 -2 -1.99631
30265 -2 -1.99631
30266 -1.98 -1.99631
30267 -2 -1.99631
30268 -2 -1.99631
30269 -2 -1.99631
30270 -1.98 -1.99631
30271 -2 -1.99631
30272 -2 -1.99631
30273 -1.98 -1.99631
30274 -2 -1.99631
30275 -1.98 -1.99631
30276 -2 -1.99631
30277 -2 -1.99631
30278 -2 -1.99631
30279 -2 -1.99631
30280 -2 -1.99631
30281 -2 -1.99631
30282 -2 -1.99631
30283 -2 -1.99631
30284 -2 -1.99631
30285 -2 -1.99631
30286 -1.98 -1.99631
30287 -2 -1.99631
30288 -2 -1.99631
30289 -2 -1.99631
30290 -1.98 -1.99631
30291 -2 -1.99631
30292 -2 -1.99631
30293 -2 -1.99631
30294 -2 -1.99631
30295 -2 -1.99631
30296 -2 -1.99631
30297 -1.98 -1.99631
30298 -2 -1.99631
30299 -1.98 -1.99631
30300 -1.98 -1.99631
30301 -2 -1.99631
30302 -2 -1.99631
30303 -2 -1.99631
30304 -2 -1.99631
30305 -2 -1.99631
30306 -2 -1.99631
30307 -1.98 -1.99631
30308 -2 -1.99631
30309 -2 -1.99631
30310 -2 -1.99631
30311 -2 -1.99631
30312 -2 -1.99631
30313 -2 -1.99631
30314 -2 -1.99631
30315 -1.98 -1.99631
30316 -2 -1.99631
30317 -2 -1.99631
30318 -2 -1.99631
30319 -2 -1.99631
30320 -2 -1.99631
30321 -2 -1.99631
30322 -2 -1.99631
30323 -2 -1.99631
30324 -2 -1.99631
30325 -2 -1.99631
30326 -2 -1.99631
30327 -2 -1.99631
30328 -2 -1.99631
30329 -2 -1.99631
30330 -2 -1.99631
30331 -2 -1.99631
30332 -2 -1.99631
30333 -2 -1.99631
30334 -2 -1.99631
30335 -2 -1.99631
30336 -2 -1.99631
30337 -2 -1.99631
30338 -2 -1.99631
30339 -2 -1.99631
30340 -1.98 -1.99631
30341 -2 -1.99631
30342 -2 -1.99631
30343 -2 -1.99631
30344 -2 -1.99631
30345 -2 -1.99631
30346 -2 -1.99631
30347 -2 -1.99631
30348 -2 -1.99631
30349 -2 -1.99631
30350 -2 -1.99631
30351 -2 -1.99631
30352 -2 -1.99631
30353 -1.98 -1.99631
30354 -1.98 -1.99631
30355 -1.98 -1.99631
30356 -2 -1.99631
30357 -2 -1.99631
30358 -2 -1.99631
30359 -2 -1.99631
30360 -2 -1.99631
30361 -2 -1.99631
30362 -2 -1.99631
30363 -2 -1.99631
30364 -2 -1.99631
30365 -2 -1.99631
30366 -2 -1.99631
30367 -2 -1.99631
30368 -2 -1.99631
30369 -2 -1.99631
30370 -2 -1.99631
30371 -2 -1.99631
30372 -2 -1.99631
30373 -2 -1.99631
30374 -2 -1.99631
30375 -2 -1.99631
30376 -2 -1.99631
30377 -2 -1.99631
30378 -2 -1.99631
30379 -2 -1.99631
30380 -1.98 -1.99631
30381 -1.98 -1.99631
30382 -2 -1.99631
30383 -2 -1.99631
30384 -2 -1.99631
30385 -2 -1.99631
30386 -2 -1.99631
30387 -2 -1.99631
30388 -2 -1.99631
30389 -2 -1.99631
30390 -2 -1.99631
30391 -2 -1.99631
30392 -2 -1.99631
30393 -2 -1.99631
30394 -2 -1.99631
30395 -2 -1.99631
30396 -2 -1.99631
30397 -2 -1.99631
30398 -2 -1.99631
30399 -2 -1.99631
30400 -2 -1.99631
30401 -2 -1.99631
30402 -2 -1.99631
30403 -2 -1.99631
30404 -2 -1.99631
30405 -2 -1.99631
30406 -2 -1.99631
30407 -2 -1.99631
30408 -2 -1.99631
30409 -1.98 -1.99631
30410 -2 -1.99631
30411 -2 -1.99631
30412 -2 -1.99631
30413 -2 -1.99631
30414 -2 -1.99631
30415 -2 -1.99632
30416 -2 -1.99632
30417 -1.98 -1.99631
30418 -2 -1.99631
30419 -2 -1.99631
30420 -2 -1.99632
30421 -2 -1.99632
30422 -2 -1.99632
30423 -1.98 -1.99631
30424 -2 -1.99631
30425 -2 -1.99631
30426 -2 -1.99632
30427 -2 -1.99632
30428 -2 -1.99632
30429 -2 -1.99632
30430 -2 -1.99632
30431 -2 -1.99632
30432 -2 -1.99632
30433 -2 -1.99632
30434 -2 -1.99632
30435 -2 -1.99632
30436 -1.98 -1.99632
30437 -1.98 -1.99632
30438 -2 -1.99632
30439 -2 -1.99632
30440 -2 -1.99632
30441 -1.98 -1.99631
30442 -2 -1.99632
30443 -2 -1.99632
30444 -2 -1.99632
30445 -2 -1.99632
30446 -2 -1.99632
30447 -2 -1.99632
30448 -2 -1.99632
30449 -2 -1.99632
30450 -2 -1.99632
30451 -2 -1.99632
30452 -2 -1.99632
30453 -2 -1.99632
30454 -2 -1.99632
30455 -1.98 -1.99632
30456 -1.98 -1.99632
30457 -1.98 -1.99631
30458 -1.98 -1.99631
30459 -1.96 -1.99631
30460 -1.98 -1.99631
30461 -2 -1.99631
30462 -2 -1.99631
30463 -2 -1.99631
30464 -2 -1.99631
30465 -2 -1.99631
30466 -2 -1.99631
30467 -2 -1.99631
30468 -2 -1.99631
30469 -2 -1.99631
30470 -1.98 -1.99631
30471 -2 -1.99631
30472 -2 -1.99631
30473 -2 -1.99631
30474 -2 -1.99631
30475 -2 -1.99631
30476 -2 -1.99631
30477 -2 -1.99631
30478 -2 -1.99631
30479 -1.98 -1.99631
30480 -1.98 -1.99631
30481 -2 -1.99631
30482 -2 -1.99631
30483 -2 -1.99631
30484 -1.98 -1.99631
30485 -2 -1.99631
30486 -2 -1.99631
30487 -2 -1.99631
30488 -2 -1.99631
30489 -2 -1.99631
30490 -2 -1.99631
30491 -2 -1.99631
30492 -2 -1.99631
30493 -2 -1.99631
30494 -2 -1.99631
30495 -2 -1.99631
30496 -2 -1.99631
30497 -1.98 -1.99631
30498 -1.98 -1.99631
30499 -2 -1.99631
30500 -2 -1.99631
30501 -2 -1.99631
30502 -2 -1.99631
30503 -2 -1.99631
30504 -2 -1.99631
30505 -2 -1.99631
30506 -2 -1.99631
30507 -2 -1.99631
30508 -2 -1.99631
30509 -2 -1.99631
30510 -2 -1.99631
30511 -2 -1.99631
30512 -2 -1.99632
30513 -2 -1.99632
30514 -2 -1.99632
30515 -2 -1.99632
30516 -2 -1.99632
30517 -2 -1.99632
30518 -2 -1.99632
30519 -2 -1.99632
30520 -2 -1.99632
30521 -2 -1.99632
30522 -2 -1.99632
30523 -2 -1.99632
30524 -2 -1.99632
30525 -2 -1.99632
30526 -2 -1.99632
30527 -2 -1.99632
30528 -1.98 -1.99632
30529 -2 -1.99632
30530 -2 -1.99632
30531 -2 -1.99632
30532 -2 -1.99632
30533 -2 -1.99632
30534 -2 -1.99632
30535 -2 -1.99632
30536 -2 -1.99632
30537 -2 -1.99632
30538 -2 -1.99632
30539 -1.98 -1.99632
30540 -1.98 -1.99632
30541 -2 -1.99632
30542 -2 -1.99632
30543 -2 -1.99632
30544 -2 -1.99632
30545 -1.98 -1.99632
30546 -1.98 -1.99632
30547 -2 -1.99632
30548 -2 -1.99632
30549 -2 -1.99632
30550 -2 -1.99632
30551 -2 -1.99632
30552 -2 -1.99632
30553 -2 -1.99632
30554 -2 -1.99632
30555 -2 -1.99632
30556 -2 -1.99632
30557 -2 -1.99632
30558 -2 -1.99632
30559 -2 -1.99632
30560 -2 -1.99632
30561 -2 -1.99632
30562 -2 -1.99632
30563 -2 -1.99632
30564 -2 -1.99632
30565 -2 -1.99632
30566 -1.98 -1.99632
30567 -2 -1.99632
30568 -2 -1.99632
30569 -2 -1.99632
30570 -2 -1.99632
30571 -2 -1.99632
30572 -2 -1.99632
30573 -2 -1.99632
30574 -2 -1.99632
30575 -2 -1.99632
30576 -2 -1.99632
30577 -2 -1.99632
30578 -2 -1.99632
30579 -2 -1.99632
30580 -1.98 -1.99632
30581 -2 -1.99632
30582 -2 -1.99632
30583 -1.98 -1.99632
30584 -2 -1.99632
30585 -2 -1.99632
30586 -2 -1.99632
30587 -2 -1.99632
30588 -2 -1.99632
30589 -2 -1.99632
30590 -2 -1.99632
30591 -2 -1.99632
30592 -2 -1.99632
30593 -2 -1.99632
30594 -2 -1.99632
30595 -2 -1.99632
30596 -2 -1.99632
30597 -2 -1.99632
30598 -2 -1.99632
30599 -2 -1.99632
30600 -2 -1.99632
30601 -2 -1.99632
30602 -2 -1.99632
30603 -2 -1.99632
30604 -2 -1.99632
30605 -2 -1.99632
30606 -2 -1.99632
30607 -2 -1.99632
30608 -2 -1.99632
30609 -2 -1.99632
30610 -2 -1.99632
30611 -2 -1.99632
30612 -2 -1.99632
30613 -2 -1.99632
30614 -2 -1.99632
30615 -2 -1.99632
30616 -2 -1.99632
30617 -2 -1.99632
30618 -2 -1.99632
30619 -2 -1.99632
30620 -2 -1.99632
30621 -2 -1.99632
30622 -2 -1.99632
30623 -2 -1.99632
30624 -2 -1.99632
30625 -2 -1.99632
30626 -2 -1.99632
30627 -2 -1.99632
30628 -2 -1.99632
30629 -2 -1.99632
30630 -2 -1.99632
30631 -2 -1.99632
30632 -2 -1.99632
30633 -2 -1.99632
30634 -2 -1.99632
30635 -2 -1.99632
30636 -2 -1.99632
30637 -2 -1.99632
30638 -2 -1.99632
30639 -2 -1.99633
30640 -2 -1.99633
30641 -2 -1.99633
30642 -2 -1.99633
30643 -2 -1.99633
30644 -2 -1.99633
30645 -2 -1.99633
30646 -2 -1.99633
30647 -2 -1.99633
30648 -2 -1.99633
30649 -2 -1.99633
30650 -1.98 -1.99633
30651 -2 -1.99633
30652 -2 -1.99633
30653 -2 -1.99633
30654 -2 -1.99633
30655 -2 -1.99633
30656 -2 -1.99633
30657 -2 -1.99633
30658 -2 -1.99633
30659 -2 -1.99633
30660 -2 -1.99633
30661 -2 -1.99633
30662 -2 -1.99633
30663 -2 -1.99633
30664 -2 -1.99633
30665 -2 -1.99633
30666 -2 -1.99633
30667 -2 -1.99633
30668 -2 -1.99633
30669 -2 -1.99633
30670 -2 -1.99633
30671 -2 -1.99633
30672 -1.98 -1.99633
30673 -1.98 -1.99633
30674 -2 -1.99633
30675 -2 -1.99633
30676 -2 -1.99633
30677 -2 -1.99633
30678 -2 -1.99633
30679 -2 -1.99633
30680 -2 -1.99633
30681 -2 -1.99633
30682 -2 -1.99633
30683 -2 -1.99633
30684 -2 -1.99633
30685 -2 -1.99633
30686 -2 -1.99633
30687 -2 -1.99633
30688 -2 -1.99633
30689 -2 -1.99633
30690 -2 -1.99633
30691 -2 -1.99633
30692 -2 -1.99633
30693 -2 -1.99633
30694 -1.98 -1.99633
30695 -1.98 -1.99633
30696 -2 -1.99633
30697 -2 -1.99633
30698 -2 -1.99633
30699 -2 -1.99633
30700 -2 -1.99633
30701 -2 -1.99633
30702 -2 -1.99633
30703 -2 -1.99633
30704 -2 -1.99633
30705 -2 -1.99633
30706 -2 -1.99633
30707 -2 -1.99633
30708 -2 -1.99633
30709 -2 -1.99633
30710 -2 -1.99633
30711 -2 -1.99633
30712 -2 -1.99633
30713 -2 -1.99633
30714 -2 -1.99633
30715 -2 -1.99633
30716 -2 -1.99633
30717 -2 -1.99633
30718 -1.98 -1.99633
30719 -2 -1.99633
30720 -2 -1.99633
30721 -2 -1.99633
30722 -2 -1.99633
30723 -2 -1.99633
30724 -2 -1.99633
30725 -1.98 -1.99633
30726 -1.98 -1.99633
30727 -2 -1.99633
30728 -2 -1.99633
30729 -2 -1.99633
30730 -2 -1.99633
30731 -2 -1.99633
30732 -2 -1.99633
30733 -2 -1.99633
30734 -2 -1.99633
30735 -2 -1.99633
30736 -2 -1.99633
30737 -2 -1.99633
30738 -2 -1.99633
30739 -2 -1.99633
30740 -2 -1.99633
30741 -1.98 -1.99633
30742 -2 -1.99633
30743 -2 -1.99633
30744 -2 -1.99633
30745 -2 -1.99633
30746 -2 -1.99633
30747 -2 -1.99633
30748 -2 -1.99633
30749 -2 -1.99633
30750 -2 -1.99633
30751 -2 -1.99633
30752 -2 -1.99633
30753 -2 -1.99633
30754 -2 -1.99633
30755 -2 -1.99633
30756 -2 -1.99633
30757 -2 -1.99633
30758 -2 -1.99633
30759 -2 -1.99633
30760 -2 -1.99633
30761 -2 -1.99633
30762 -2 -1.99633
30763 -2 -1.99633
30764 -2 -1.99633
30765 -2 -1.99633
30766 -2 -1.99633
30767 -2 -1.99633
30768 -1.98 -1.99633
30769 -2 -1.99633
30770 -2 -1.99633
30771 -1.98 -1.99633
30772 -2 -1.99633
30773 -2 -1.99633
30774 -1.98 -1.99633
30775 -1.98 -1.99633
30776 -1.95 -1.99633
30777 -1.96 -1.99633
30778 -2 -1.99633
30779 -2 -1.99633
30780 -2 -1.99633
30781 -2 -1.99633
30782 -2 -1.99633
30783 -2 -1.99633
30784 -2 -1.99633
30785 -2 -1.99633
30786 -2 -1.99633
30787 -2 -1.99633
30788 -2 -1.99633
30789 -2 -1.99633
30790 -2 -1.99633
30791 -1.96 -1.99633
30792 -1.98 -1.99633
30793 -2 -1.99633
30794 -2 -1.99633
30795 -2 -1.99633
30796 -2 -1.99633
30797 -2 -1.99633
30798 -2 -1.99633
30799 -2 -1.99633
30800 -2 -1.99633
30801 -2 -1.99633
30802 -2 -1.99633
30803 -2 -1.99633
30804 -2 -1.99633
30805 -2 -1.99633
30806 -1.98 -1.99633
30807 -1.98 -1.99633
30808 -2 -1.99633
30809 -2 -1.99633
30810 -1.98 -1.99633
30811 -1.98 -1.99633
30812 -2 -1.99633
30813 -2 -1.99633
30814 -2 -1.99633
30815 -2 -1.99633
30816 -2 -1.99633
30817 -2 -1.99633
30818 -1.98 -1.99633
30819 -2 -1.99633
30820 -2 -1.99633
30821 -2 -1.99633
30822 -2 -1.99633
30823 -2 -1.99633
30824 -2 -1.99633
30825 -2 -1.99633
30826 -2 -1.99633
30827 -1.98 -1.99633
30828 -1.98 -1.99633
30829 -2 -1.99633
30830 -2 -1.99633
30831 -2 -1.99633
30832 -2 -1.99633
30833 -2 -1.99633
30834 -2 -1.99633
30835 -2 -1.99633
30836 -2 -1.99633
30837 -1.98 -1.99633
30838 -1.98 -1.99633
30839 -2 -1.99633
30840 -2 -1.99633
30841 -2 -1.99633
30842 -2 -1.99633
30843 -2 -1.99633
30844 -2 -1.99633
30845 -2 -1.99633
30846 -2 -1.99633
30847 -2 -1.99633
30848 -2 -1.99633
30849 -2 -1.99633
30850 -1.98 -1.99633
30851 -2 -1.99633
30852 -2 -1.99633
30853 -2 -1.99633
30854 -2 -1.99633
30855 -2 -1.99633
30856 -2 -1.99633
30857 -2 -1.99633
30858 -1.98 -1.99633
30859 -1.98 -1.99633
30860 -2 -1.99633
30861 -2 -1.99633
30862 -2 -1.99633
30863 -2 -1.99633
30864 -2 -1.99633
30865 -2 -1.99633
30866 -2 -1.99633
30867 -2 -1.99633
30868 -2 -1.99633
30869 -2 -1.99633
30870 -2 -1.99633
30871 -2 -1.99633
30872 -2 -1.99633
30873 -1.98 -1.99633
30874 -1.98 -1.99633
30875 -2 -1.99633
30876 -1.98 -1.99633
30877 -2 -1.99633
30878 -2 -1.99633
30879 -2 -1.99633
30880 -2 -1.99633
30881 -2 -1.99633
30882 -2 -1.99633
30883 -2 -1.99633
30884 -2 -1.99633
30885 -2 -1.99633
30886 -2 -1.99633
30887 -2 -1.99633
30888 -2 -1.99633
30889 -2 -1.99633
30890 -2 -1.99633
30891 -2 -1.99633
30892 -2 -1.99633
30893 -2 -1.99633
30894 -1.97 -1.99633
30895 -1.98 -1.99633
30896 -1.98 -1.99633
30897 -2 -1.99633
30898 -2 -1.99633
30899 -2 -1.99633
30900 -2 -1.99633
30901 -2 -1.99633
30902 -2 -1.99633
30903 -2 -1.99633
30904 -2 -1.99633
30905 -2 -1.99633
30906 -2 -1.99633
30907 -2 -1.99633
30908 -2 -1.99633
30909 -2 -1.99633
30910 -2 -1.99633
30911 -1.98 -1.99633
30912 -1.98 -1.99633
30913 -1.98 -1.99633
30914 -2 -1.99633
30915 -2 -1.99633
30916 -2 -1.99633
30917 -2 -1.99633
30918 -2 -1.99633
30919 -1.98 -1.99633
30920 -1.98 -1.99633
30921 -2 -1.99633
30922 -2 -1.99633
30923 -2 -1.99633
30924 -2 -1.99633
30925 -2 -1.99633
30926 -2 -1.99633
30927 -2 -1.99633
30928 -2 -1.99633
30929 -2 -1.99633
30930 -2 -1.99633
30931 -2 -1.99633
30932 -2 -1.99633
30933 -2 -1.99633
30934 -2 -1.99633
30935 -2 -1.99633
30936 -2 -1.99633
30937 -2 -1.99633
30938 -2 -1.99633
30939 -2 -1.99633
30940 -2 -1.99633
30941 -2 -1.99633
30942 -2 -1.99633
30943 -2 -1.99633
30944 -2 -1.99633
30945 -2 -1.99633
30946 -2 -1.99633
30947 -2 -1.99633
30948 -2 -1.99633
30949 -2 -1.99633
30950 -2 -1.99633
30951 -2 -1.99633
30952 -2 -1.99633
30953 -1.98 -1.99633
30954 -1.98 -1.99633
30955 -2 -1.99633
30956 -2 -1.99633
30957 -2 -1.99633
30958 -2 -1.99633
30959 -2 -1.99633
30960 -2 -1.99633
30961 -1.98 -1.99633
30962 -2 -1.99633
30963 -2 -1.99633
30964 -2 -1.99633
30965 -2 -1.99633
30966 -2 -1.99633
30967 -2 -1.99633
30968 -2 -1.99633
30969 -2 -1.99633
30970 -2 -1.99633
30971 -2 -1.99633
30972 -2 -1.99633
30973 -2 -1.99633
30974 -2 -1.99633
30975 -2 -1.99633
30976 -2 -1.99633
30977 -1.98 -1.99633
30978 -2 -1.99633
30979 -2 -1.99633
30980 -2 -1.99633
30981 -2 -1.99633
30982 -2 -1.99633
30983 -2 -1.99633
30984 -2 -1.99634
30985 -2 -1.99634
30986 -2 -1.99634
30987 -2 -1.99634
30988 -2 -1.99634
30989 -2 -1.99634
30990 -2 -1.99634
30991 -2 -1.99634
30992 -2 -1.99634
30993 -2 -1.99634
30994 -2 -1.99634
30995 -2 -1.99634
30996 -2 -1.99634
30997 -2 -1.99634
30998 -2 -1.99634
30999 -2 -1.99634
31000 -2 -1.99634
31001 -2 -1.99634
31002 -2 -1.99634
31003 -2 -1.99634
31004 -2 -1.99634
31005 -2 -1.99634
31006 -2 -1.99634
31007 -2 -1.99634
31008 -2 -1.99634
31009 -2 -1.99634
31010 -2 -1.99634
31011 -2 -1.99634
31012 -1.98 -1.99634
31013 -2 -1.99634
31014 -1.98 -1.99634
31015 -2 -1.99634
31016 -2 -1.99634
31017 -2 -1.99634
31018 -2 -1.99634
31019 -2 -1.99634
31020 -1.98 -1.99634
31021 -2 -1.99634
31022 -2 -1.99634
31023 -2 -1.99634
31024 -2 -1.99634
31025 -2 -1.99634
31026 -2 -1.99634
31027 -2 -1.99634
31028 -2 -1.99634
31029 -2 -1.99634
31030 -2 -1.99634
31031 -2 -1.99634
31032 -2 -1.99634
31033 -1.98 -1.99634
31034 -2 -1.99634
31035 -2 -1.99634
31036 -2 -1.99634
31037 -2 -1.99634
31038 -2 -1.99634
31039 -2 -1.99634
31040 -2 -1.99634
31041 -2 -1.99634
31042 -2 -1.99634
31043 -2 -1.99634
31044 -2 -1.99634
31045 -2 -1.99634
31046 -2 -1.99634
31047 -2 -1.99634
31048 -1.98 -1.99634
31049 -2 -1.99634
31050 -2 -1.99634
31051 -2 -1.99634
31052 -2 -1.99634
31053 -2 -1.99634
31054 -2 -1.99634
31055 -2 -1.99634
31056 -2 -1.99634
31057 -2 -1.99634
31058 -2 -1.99634
31059 -2 -1.99634
31060 -2 -1.99634
31061 -1.98 -1.99634
31062 -2 -1.99634
31063 -2 -1.99634
31064 -2 -1.99634
31065 -2 -1.99634
31066 -1.98 -1.99634
31067 -2 -1.99634
31068 -2 -1.99634
31069 -1.98 -1.99634
31070 -2 -1.99634
31071 -2 -1.99634
31072 -2 -1.99634
31073 -2 -1.99634
31074 -2 -1.99634
31075 -2 -1.99634
31076 -2 -1.99634
31077 -2 -1.99634
31078 -2 -1.99634
31079 -2 -1.99634
31080 -2 -1.99634
31081 -2 -1.99634
31082 -2 -1.99634
31083 -2 -1.99634
31084 -2 -1.99634
31085 -2 -1.99634
31086 -2 -1.99634
31087 -1.98 -1.99634
31088 -1.98 -1.99634
31089 -1.96 -1.99634
31090 -1.98 -1.99634
31091 -2 -1.99634
31092 -2 -1.99634
31093 -2 -1.99634
31094 -2 -1.99634
31095 -2 -1.99634
31096 -2 -1.99634
31097 -2 -1.99634
31098 -2 -1.99634
31099 -2 -1.99634
31100 -2 -1.99634
31101 -2 -1.99634
31102 -1.98 -1.99634
31103 -1.98 -1.99634
31104 -1.98 -1.99634
31105 -1.98 -1.99634
31106 -2 -1.99634
31107 -2 -1.99634
31108 -2 -1.99634
31109 -2 -1.99634
31110 -2 -1.99634
31111 -1.98 -1.99634
31112 -1.98 -1.99634
31113 -1.98 -1.99634
31114 -1.98 -1.99634
31115 -1.96 -1.99634
31116 -2 -1.99634
31117 -2 -1.99634
31118 -1.98 -1.99634
31119 -1.98 -1.99633
31120 -2 -1.99633
31121 -2 -1.99634
31122 -2 -1.99634
31123 -2 -1.99634
31124 -2 -1.99634
31125 -2 -1.99634
31126 -2 -1.99634
31127 -2 -1.99634
31128 -2 -1.99634
31129 -1.98 -1.99634
31130 -1.98 -1.99633
31131 -2 -1.99633
31132 -2 -1.99634
31133 -2 -1.99634
31134 -1.98 -1.99633
31135 -1.98 -1.99633
31136 -1.98 -1.99633
31137 -2 -1.99633
31138 -2 -1.99633
31139 -2 -1.99633
31140 -2 -1.99633
31141 -2 -1.99633
31142 -2 -1.99633
31143 -2 -1.99633
31144 -2 -1.99633
31145 -1.98 -1.99633
31146 -2 -1.99633
31147 -2 -1.99633
31148 -2 -1.99633
31149 -2 -1.99633
31150 -2 -1.99633
31151 -2 -1.99633
31152 -2 -1.99633
31153 -2 -1.99633
31154 -2 -1.99634
31155 -2 -1.99634
31156 -1.98 -1.99633
31157 -2 -1.99633
31158 -2 -1.99633
31159 -2 -1.99634
31160 -1.98 -1.99633
31161 -2 -1.99633
31162 -2 -1.99633
31163 -2 -1.99633
31164 -2 -1.99633
31165 -2 -1.99634
31166 -2 -1.99634
31167 -2 -1.99634
31168 -2 -1.99634
31169 -2 -1.99634
31170 -2 -1.99634
31171 -2 -1.99634
31172 -2 -1.99634
31173 -2 -1.99634
31174 -2 -1.99634
31175 -2 -1.99634
31176 -2 -1.99634
31177 -1.98 -1.99634
31178 -1.98 -1.99634
31179 -2 -1.99634
31180 -2 -1.99634
31181 -2 -1.99634
31182 -2 -1.99634
31183 -2 -1.99634
31184 -2 -1.99634
31185 -2 -1.99634
31186 -2 -1.99634
31187 -2 -1.99634
31188 -2 -1.99634
31189 -2 -1.99634
31190 -2 -1.99634
31191 -2 -1.99634
31192 -2 -1.99634
31193 -2 -1.99634
31194 -2 -1.99634
31195 -2 -1.99634
31196 -2 -1.99634
31197 -2 -1.99634
31198 -2 -1.99634
31199 -2 -1.99634
31200 -2 -1.99634
31201 -2 -1.99634
31202 -2 -1.99634
31203 -1.98 -1.99634
31204 -2 -1.99634
31205 -2 -1.99634
31206 -2 -1.99634
31207 -2 -1.99634
31208 -2 -1.99634
31209 -2 -1.99634
31210 -2 -1.99634
31211 -2 -1.99634
31212 -2 -1.99634
31213 -2 -1.99634
31214 -2 -1.99634
31215 -2 -1.99634
31216 -2 -1.99634
31217 -2 -1.99634
31218 -2 -1.99634
31219 -2 -1.99634
31220 -2 -1.99634
31221 -2 -1.99634
31222 -2 -1.99634
31223 -2 -1.99634
31224 -2 -1.99634
31225 -2 -1.99634
31226 -2 -1.99634
31227 -2 -1.99634
31228 -2 -1.99634
31229 -2 -1.99634
31230 -2 -1.99634
31231 -2 -1.99634
31232 -2 -1.99634
31233 -1.98 -1.99634
31234 -2 -1.99634
31235 -2 -1.99634
31236 -2 -1.99634
31237 -2 -1.99634
31238 -1.98 -1.99634
31239 -1.98 -1.99634
31240 -1.98 -1.99634
31241 -1.98 -1.99634
31242 -2 -1.99634
31243 -2 -1.99634
31244 -1.98 -1.99634
31245 -2 -1.99634
31246 -2 -1.99634
31247 -2 -1.99634
31248 -2 -1.99634
31249 -2 -1.99634
31250 -1.96 -1.99634
31251 -2 -1.99634
31252 -2 -1.99634
31253 -2 -1.99634
31254 -2 -1.99634
31255 -2 -1.99634
31256 -2 -1.99634
31257 -2 -1.99634
31258 -2 -1.99634
31259 -2 -1.99634
31260 -2 -1.99634
31261 -2 -1.99634
31262 -2 -1.99634
31263 -2 -1.99634
31264 -2 -1.99634
31265 -2 -1.99634
31266 -2 -1.99634
31267 -2 -1.99634
31268 -2 -1.99634
31269 -2 -1.99634
31270 -2 -1.99634
31271 -2 -1.99634
31272 -2 -1.99634
31273 -1.98 -1.99634
31274 -2 -1.99634
31275 -2 -1.99634
31276 -2 -1.99634
31277 -2 -1.99634
31278 -2 -1.99634
31279 -2 -1.99634
31280 -2 -1.99634
31281 -2 -1.99634
31282 -1.98 -1.99634
31283 -1.98 -1.99634
31284 -2 -1.99634
31285 -2 -1.99634
31286 -2 -1.99634
31287 -1.98 -1.99634
31288 -2 -1.99634
31289 -2 -1.99634
31290 -2 -1.99634
31291 -2 -1.99634
31292 -2 -1.99634
31293 -2 -1.99634
31294 -2 -1.99634
31295 -2 -1.99634
31296 -2 -1.99634
31297 -2 -1.99634
31298 -2 -1.99634
31299 -2 -1.99634
31300 -2 -1.99634
31301 -2 -1.99634
31302 -2 -1.99634
31303 -2 -1.99634
31304 -2 -1.99634
31305 -2 -1.99634
31306 -2 -1.99634
31307 -2 -1.99634
31308 -2 -1.99634
31309 -2 -1.99634
31310 -2 -1.99634
31311 -1.98 -1.99634
31312 -2 -1.99634
31313 -2 -1.99634
31314 -2 -1.99634
31315 -2 -1.99634
31316 -2 -1.99634
31317 -2 -1.99634
31318 -2 -1.99634
31319 -2 -1.99634
31320 -2 -1.99634
31321 -2 -1.99634
31322 -2 -1.99634
31323 -2 -1.99634
31324 -2 -1.99634
31325 -2 -1.99634
31326 -2 -1.99634
31327 -2 -1.99634
31328 -2 -1.99634
31329 -2 -1.99634
31330 -2 -1.99634
31331 -2 -1.99634
31332 -2 -1.99634
31333 -2 -1.99634
31334 -2 -1.99634
31335 -2 -1.99634
31336 -2 -1.99634
31337 -2 -1.99635
31338 -2 -1.99635
31339 -2 -1.99635
31340 -2 -1.99635
31341 -2 -1.99635
31342 -2 -1.99635
31343 -2 -1.99635
31344 -2 -1.99635
31345 -2 -1.99635
31346 -2 -1.99635
31347 -2 -1.99635
31348 -2 -1.99635
31349 -2 -1.99635
31350 -2 -1.99635
31351 -2 -1.99635
31352 -2 -1.99635
31353 -2 -1.99635
31354 -2 -1.99635
31355 -2 -1.99635
31356 -2 -1.99635
31357 -1.98 -1.99635
31358 -1.98 -1.99635
31359 -2 -1.99635
31360 -2 -1.99635
31361 -1.98 -1.99635
31362 -2 -1.99635
31363 -1.98 -1.99635
31364 -2 -1.99635
31365 -2 -1.99635
31366 -2 -1.99635
31367 -2 -1.99635
31368 -2 -1.99635
31369 -2 -1.99635
31370 -2 -1.99635
31371 -2 -1.99635
31372 -2 -1.99635
31373 -2 -1.99635
31374 -2 -1.99635
31375 -1.98 -1.99635
31376 -2 -1.99635
31377 -2 -1.99635
31378 -2 -1.99635
31379 -2 -1.99635
31380 -2 -1.99635
31381 -2 -1.99635
31382 -2 -1.99635
31383 -1.98 -1.99635
31384 -2 -1.99635
31385 -2 -1.99635
31386 -2 -1.99635
31387 -2 -1.99635
31388 -2 -1.99635
31389 -2 -1.99635
31390 -2 -1.99635
31391 -2 -1.99635
31392 -2 -1.99635
31393 -2 -1.99635
31394 -1.98 -1.99635
31395 -2 -1.99635
31396 -1.98 -1.99635
31397 -1.98 -1.99635
31398 -2 -1.99635
31399 -2 -1.99635
31400 -1.98 -1.99635
31401 -2 -1.99635
31402 -2 -1.99635
31403 -2 -1.99635
31404 -2 -1.99635
31405 -2 -1.99635
31406 -2 -1.99635
31407 -2 -1.99635
31408 -2 -1.99635
31409 -2 -1.99635
31410 -1.98 -1.99635
31411 -1.98 -1.99635
31412 -2 -1.99635
31413 -2 -1.99635
31414 -2 -1.99635
31415 -2 -1.99635
31416 -2 -1.99635
31417 -2 -1.99635
31418 -2 -1.99635
31419 -2 -1.99635
31420 -2 -1.99635
31421 -2 -1.99635
31422 -2 -1.99635
31423 -2 -1.99635
31424 -2 -1.99635
31425 -2 -1.99635
31426 -2 -1.99635
31427 -2 -1.99635
31428 -2 -1.99635
31429 -2 -1.99635
31430 -2 -1.99635
31431 -2 -1.99635
31432 -1.98 -1.99635
31433 -2 -1.99635
31434 -1.96 -1.99635
31435 -1.97 -1.99635
31436 -1.98 -1.99635
31437 -1.98 -1.99634
31438 -1.96 -1.99634
31439 -2 -1.99634
31440 -2 -1.99634
31441 -2 -1.99634
31442 -2 -1.99634
31443 -2 -1.99634
31444 -2 -1.99634
31445 -2 -1.99634
31446 -2 -1.99634
31447 -2 -1.99634
31448 -1.98 -1.99634
31449 -1.98 -1.99634
31450 -2 -1.99634
31451 -2 -1.99634
31452 -2 -1.99634
31453 -2 -1.99634
31454 -2 -1.99634
31455 -2 -1.99634
31456 -2 -1.99634
31457 -2 -1.99634
31458 -2 -1.99634
31459 -2 -1.99634
31460 -1.98 -1.99634
31461 -1.98 -1.99634
31462 -1.98 -1.99634
31463 -2 -1.99634
31464 -2 -1.99634
31465 -1.96 -1.99634
31466 -1.98 -1.99634
31467 -2 -1.99634
31468 -2 -1.99634
31469 -2 -1.99634
31470 -2 -1.99634
31471 -2 -1.99634
31472 -2 -1.99634
31473 -2 -1.99634
31474 -2 -1.99634
31475 -2 -1.99634
31476 -2 -1.99634
31477 -2 -1.99634
31478 -2 -1.99634
31479 -2 -1.99634
31480 -2 -1.99634
31481 -2 -1.99634
31482 -2 -1.99634
31483 -2 -1.99634
31484 -2 -1.99634
31485 -2 -1.99634
31486 -2 -1.99634
31487 -2 -1.99634
31488 -2 -1.99634
31489 -2 -1.99634
31490 -2 -1.99634
31491 -2 -1.99634
31492 -2 -1.99634
31493 -1.98 -1.99634
31494 -1.98 -1.99634
31495 -1.98 -1.99634
31496 -1.98 -1.99634
31497 -2 -1.99634
31498 -2 -1.99634
31499 -2 -1.99634
31500 -2 -1.99634
31501 -2 -1.99634
31502 -2 -1.99634
31503 -2 -1.99634
31504 -2 -1.99634
31505 -2 -1.99634
31506 -2 -1.99634
31507 -2 -1.99634
31508 -2 -1.99634
31509 -2 -1.99634
31510 -2 -1.99634
31511 -2 -1.99634
31512 -2 -1.99634
31513 -2 -1.99634
31514 -2 -1.99634
31515 -2 -1.99635
31516 -2 -1.99635
31517 -2 -1.99635
31518 -2 -1.99635
31519 -2 -1.99635
31520 -2 -1.99635
31521 -2 -1.99635
31522 -2 -1.99635
31523 -2 -1.99635
31524 -2 -1.99635
31525 -2 -1.99635
31526 -2 -1.99635
31527 -2 -1.99635
31528 -2 -1.99635
31529 -1.98 -1.99635
31530 -2 -1.99635
31531 -2 -1.99635
31532 -2 -1.99635
31533 -2 -1.99635
31534 -2 -1.99635
31535 -2 -1.99635
31536 -2 -1.99635
31537 -2 -1.99635
31538 -2 -1.99635
31539 -2 -1.99635
31540 -2 -1.99635
31541 -1.98 -1.99635
31542 -1.98 -1.99635
31543 -2 -1.99635
31544 -2 -1.99635
31545 -2 -1.99635
31546 -2 -1.99635
31547 -2 -1.99635
31548 -2 -1.99635
31549 -2 -1.99635
31550 -2 -1.99635
31551 -2 -1.99635
31552 -2 -1.99635
31553 -2 -1.99635
31554 -2 -1.99635
31555 -2 -1.99635
31556 -2 -1.99635
31557 -2 -1.99635
31558 -2 -1.99635
31559 -1.98 -1.99635
31560 -2 -1.99635
31561 -2 -1.99635
31562 -2 -1.99635
31563 -1.96 -1.99635
31564 -2 -1.99635
31565 -2 -1.99635
31566 -2 -1.99635
31567 -2 -1.99635
31568 -2 -1.99635
31569 -2 -1.99635
31570 -2 -1.99635
31571 -2 -1.99635
31572 -2 -1.99635
31573 -2 -1.99635
31574 -2 -1.99635
31575 -2 -1.99635
31576 -2 -1.99635
31577 -2 -1.99635
31578 -2 -1.99635
31579 -2 -1.99635
31580 -2 -1.99635
31581 -2 -1.99635
31582 -2 -1.99635
31583 -2 -1.99635
31584 -2 -1.99635
31585 -2 -1.99635
31586 -2 -1.99635
31587 -2 -1.99635
31588 -2 -1.99635
31589 -2 -1.99635
31590 -2 -1.99635
31591 -2 -1.99635
31592 -2 -1.99635
31593 -2 -1.99635
31594 -2 -1.99635
31595 -2 -1.99635
31596 -2 -1.99635
31597 -2 -1.99635
31598 -2 -1.99635
31599 -2 -1.99635
31600 -2 -1.99635
31601 -2 -1.99635
31602 -2 -1.99635
31603 -2 -1.99635
31604 -2 -1.99635
31605 -2 -1.99635
31606 -2 -1.99635
31607 -2 -1.99635
31608 -1.98 -1.99635
31609 -1.98 -1.99635
31610 -1.96 -1.99635
31611 -1.98 -1.99635
31612 -2 -1.99635
31613 -2 -1.99635
31614 -2 -1.99635
31615 -2 -1.99635
31616 -2 -1.99635
31617 -2 -1.99635
31618 -1.98 -1.99635
31619 -1.95 -1.99635
31620 -2 -1.99635
31621 -2 -1.99635
31622 -2 -1.99635
31623 -2 -1.99635
31624 -2 -1.99635
31625 -2 -1.99635
31626 -2 -1.99635
31627 -2 -1.99635
31628 -2 -1.99635
31629 -2 -1.99635
31630 -2 -1.99635
31631 -2 -1.99635
31632 -1.98 -1.99635
31633 -2 -1.99635
31634 -2 -1.99635
31635 -2 -1.99635
31636 -2 -1.99635
31637 -2 -1.99635
31638 -2 -1.99635
31639 -2 -1.99635
31640 -2 -1.99635
31641 -2 -1.99635
31642 -2 -1.99635
31643 -2 -1.99635
31644 -2 -1.99635
31645 -2 -1.99635
31646 -2 -1.99635
31647 -2 -1.99635
31648 -2 -1.99635
31649 -2 -1.99635
31650 -2 -1.99635
31651 -2 -1.99635
31652 -2 -1.99635
31653 -2 -1.99635
31654 -2 -1.99635
31655 -2 -1.99635
31656 -2 -1.99635
31657 -2 -1.99635
31658 -2 -1.99635
31659 -2 -1.99635
31660 -2 -1.99635
31661 -2 -1.99635
31662 -2 -1.99635
31663 -2 -1.99635
31664 -2 -1.99635
31665 -2 -1.99635
31666 -2 -1.99635
31667 -2 -1.99635
31668 -2 -1.99635
31669 -2 -1.99635
31670 -2 -1.99635
31671 -2 -1.99635
31672 -2 -1.99635
31673 -2 -1.99635
31674 -2 -1.99635
31675 -2 -1.99635
31676 -1.98 -1.99635
31677 -1.98 -1.99635
31678 -2 -1.99635
31679 -2 -1.99635
31680 -2 -1.99635
31681 -2 -1.99635
31682 -2 -1.99635
31683 -2 -1.99635
31684 -2 -1.99635
31685 -2 -1.99635
31686 -2 -1.99635
31687 -2 -1.99635
31688 -2 -1.99635
31689 -2 -1.99635
31690 -2 -1.99635
31691 -2 -1.99635
31692 -2 -1.99635
31693 -2 -1.99635
31694 -1.98 -1.99635
31695 -1.98 -1.99635
31696 -1.98 -1.99635
31697 -2 -1.99635
31698 -1.98 -1.99635
31699 -1.98 -1.99635
31700 -2 -1.99635
31701 -1.98 -1.99635
31702 -2 -1.99635
31703 -2 -1.99635
31704 -2 -1.99635
31705 -2 -1.99635
31706 -2 -1.99635
31707 -2 -1.99635
31708 -2 -1.99635
31709 -2 -1.99635
31710 -2 -1.99635
31711 -2 -1.99635
31712 -2 -1.99635
31713 -2 -1.99635
31714 -2 -1.99635
31715 -2 -1.99635
31716 -2 -1.99635
31717 -2 -1.99635
31718 -2 -1.99635
31719 -2 -1.99635
31720 -2 -1.99635
31721 -2 -1.99635
31722 -1.98 -1.99635
31723 -2 -1.99635
31724 -2 -1.99635
31725 -1.98 -1.99635
31726 -2 -1.99635
31727 -2 -1.99635
31728 -2 -1.99635
31729 -2 -1.99635
31730 -2 -1.99635
31731 -1.96 -1.99635
31732 -2 -1.99635
31733 -2 -1.99635
31734 -2 -1.99635
31735 -2 -1.99635
31736 -2 -1.99635
31737 -2 -1.99635
31738 -2 -1.99635
31739 -2 -1.99635
31740 -2 -1.99635
31741 -2 -1.99635
31742 -2 -1.99635
31743 -2 -1.99635
31744 -2 -1.99635
31745 -2 -1.99635
31746 -2 -1.99635
31747 -2 -1.99635
31748 -2 -1.99635
31749 -2 -1.99635
31750 -2 -1.99635
31751 -2 -1.99635
31752 -2 -1.99635
31753 -2 -1.99636
31754 -1.98 -1.99635
31755 -1.98 -1.99635
31756 -2 -1.99635
31757 -2 -1.99635
31758 -2 -1.99635
31759 -2 -1.99635
31760 -2 -1.99635
31761 -2 -1.99635
31762 -2 -1.99635
31763 -2 -1.99635
31764 -2 -1.99636
31765 -2 -1.99636
31766 -2 -1.99636
31767 -2 -1.99636
31768 -2 -1.99636
31769 -2 -1.99636
31770 -2 -1.99636
31771 -2 -1.99636
31772 -2 -1.99636
31773 -2 -1.99636
31774 -2 -1.99636
31775 -2 -1.99636
31776 -2 -1.99636
31777 -2 -1.99636
31778 -2 -1.99636
31779 -2 -1.99636
31780 -2 -1.99636
31781 -2 -1.99636
31782 -2 -1.99636
31783 -2 -1.99636
31784 -2 -1.99636
31785 -2 -1.99636
31786 -2 -1.99636
31787 -2 -1.99636
31788 -2 -1.99636
31789 -2 -1.99636
31790 -2 -1.99636
31791 -2 -1.99636
31792 -2 -1.99636
31793 -2 -1.99636
31794 -2 -1.99636
31795 -2 -1.99636
31796 -2 -1.99636
31797 -2 -1.99636
31798 -2 -1.99636
31799 -2 -1.99636
31800 -2 -1.99636
31801 -2 -1.99636
31802 -2 -1.99636
31803 -2 -1.99636
31804 -2 -1.99636
31805 -2 -1.99636
31806 -2 -1.99636
31807 -2 -1.99636
31808 -2 -1.99636
31809 -2 -1.99636
31810 -2 -1.99636
31811 -2 -1.99636
31812 -1.98 -1.99636
31813 -1.98 -1.99636
31814 -1.98 -1.99636
31815 -1.98 -1.99636
31816 -1.98 -1.99636
31817 -1.98 -1.99636
31818 -1.98 -1.99636
31819 -1.98 -1.99636
31820 -1.98 -1.99636
31821 -2 -1.99636
31822 -2 -1.99636
31823 -2 -1.99636
31824 -2 -1.99636
31825 -2 -1.99636
31826 -2 -1.99636
31827 -2 -1.99636
31828 -2 -1.99636
31829 -2 -1.99636
31830 -2 -1.99636
31831 -2 -1.99636
31832 -2 -1.99636
31833 -2 -1.99636
31834 -2 -1.99636
31835 -2 -1.99636
31836 -2 -1.99636
31837 -2 -1.99636
31838 -2 -1.99636
31839 -2 -1.99636
31840 -2 -1.99636
31841 -2 -1.99636
31842 -2 -1.99636
31843 -2 -1.99636
31844 -2 -1.99636
31845 -2 -1.99636
31846 -2 -1.99636
31847 -2 -1.99636
31848 -2 -1.99636
31849 -2 -1.99636
31850 -2 -1.99636
31851 -2 -1.99636
31852 -2 -1.99636
31853 -1.98 -1.99636
31854 -2 -1.99636
31855 -2 -1.99636
31856 -2 -1.99636
31857 -2 -1.99636
31858 -2 -1.99636
31859 -2 -1.99636
31860 -2 -1.99636
31861 -2 -1.99636
31862 -2 -1.99636
31863 -1.98 -1.99636
31864 -2 -1.99636
31865 -2 -1.99636
31866 -2 -1.99636
31867 -2 -1.99636
31868 -2 -1.99636
31869 -2 -1.99636
31870 -2 -1.99636
31871 -1.98 -1.99636
31872 -1.98 -1.99636
31873 -2 -1.99636
31874 -2 -1.99636
31875 -1.98 -1.99636
31876 -1.98 -1.99636
31877 -1.98 -1.99636
31878 -2 -1.99636
31879 -2 -1.99636
31880 -2 -1.99636
31881 -2 -1.99636
31882 -2 -1.99636
31883 -1.98 -1.99636
31884 -1.98 -1.99636
31885 -1.98 -1.99636
31886 -2 -1.99636
31887 -2 -1.99636
31888 -2 -1.99636
31889 -2 -1.99636
31890 -2 -1.99636
31891 -2 -1.99636
31892 -2 -1.99636
31893 -2 -1.99636
31894 -2 -1.99636
31895 -2 -1.99636
31896 -2 -1.99636
31897 -2 -1.99636
31898 -2 -1.99636
31899 -2 -1.99636
31900 -2 -1.99636
31901 -2 -1.99636
31902 -2 -1.99636
31903 -2 -1.99636
31904 -2 -1.99636
31905 -2 -1.99636
31906 -2 -1.99636
31907 -2 -1.99636
31908 -1.98 -1.99636
31909 -1.98 -1.99636
31910 -1.98 -1.99636
31911 -2 -1.99636
31912 -2 -1.99636
31913 -2 -1.99636
31914 -2 -1.99636
31915 -2 -1.99636
31916 -2 -1.99636
31917 -2 -1.99636
31918 -2 -1.99636
31919 -2 -1.99636
31920 -2 -1.99636
31921 -2 -1.99636
31922 -2 -1.99636
31923 -2 -1.99636
31924 -2 -1.99636
31925 -2 -1.99636
31926 -2 -1.99636
31927 -2 -1.99636
31928 -2 -1.99636
31929 -2 -1.99636
31930 -2 -1.99636
31931 -2 -1.99636
31932 -2 -1.99636
31933 -2 -1.99636
31934 -2 -1.99636
31935 -2 -1.99636
31936 -2 -1.99636
31937 -2 -1.99636
31938 -2 -1.99636
31939 -2 -1.99636
31940 -1.98 -1.99636
31941 -2 -1.99636
31942 -2 -1.99636
31943 -1.98 -1.99636
31944 -2 -1.99636
31945 -2 -1.99636
31946 -1.98 -1.99636
31947 -1.98 -1.99636
31948 -2 -1.99636
31949 -2 -1.99636
31950 -2 -1.99636
31951 -2 -1.99636
31952 -2 -1.99636
31953 -2 -1.99636
31954 -2 -1.99636
31955 -2 -1.99636
31956 -2 -1.99636
31957 -2 -1.99636
31958 -2 -1.99636
31959 -2 -1.99636
31960 -2 -1.99636
31961 -2 -1.99636
31962 -2 -1.99636
31963 -2 -1.99636
31964 -2 -1.99636
31965 -2 -1.99636
31966 -2 -1.99636
31967 -2 -1.99636
31968 -2 -1.99636
31969 -2 -1.99636
31970 -2 -1.99636
31971 -2 -1.99636
31972 -2 -1.99636
31973 -2 -1.99636
31974 -2 -1.99636
31975 -2 -1.99636
31976 -2 -1.99636
31977 -2 -1.99636
31978 -2 -1.99636
31979 -1.98 -1.99636
31980 -2 -1.99636
31981 -2 -1.99636
31982 -2 -1.99636
31983 -1.98 -1.99636
31984 -2 -1.99636
31985 -2 -1.99636
31986 -2 -1.99636
31987 -2 -1.99636
31988 -2 -1.99636
31989 -2 -1.99636
31990 -2 -1.99636
31991 -2 -1.99636
31992 -2 -1.99636
31993 -2 -1.99636
31994 -2 -1.99636
31995 -2 -1.99636
31996 -2 -1.99636
31997 -2 -1.99636
31998 -2 -1.99636
31999 -2 -1.99636
32000 -2 -1.99636
32001 -2 -1.99636
32002 -1.98 -1.99636
32003 -2 -1.99636
32004 -1.98 -1.99636
32005 -1.96 -1.99636
32006 -1.98 -1.99636
32007 -1.98 -1.99636
32008 -2 -1.99636
32009 -2 -1.99636
32010 -2 -1.99636
32011 -2 -1.99636
32012 -2 -1.99636
32013 -2 -1.99636
32014 -2 -1.99636
32015 -2 -1.99636
32016 -2 -1.99636
32017 -2 -1.99636
32018 -2 -1.99636
32019 -2 -1.99636
32020 -2 -1.99636
32021 -2 -1.99636
32022 -2 -1.99636
32023 -2 -1.99636
32024 -2 -1.99636
32025 -2 -1.99636
32026 -2 -1.99636
32027 -2 -1.99636
32028 -2 -1.99636
32029 -2 -1.99636
32030 -2 -1.99636
32031 -1.96 -1.99636
32032 -1.98 -1.99636
32033 -1.98 -1.99636
32034 -2 -1.99636
32035 -2 -1.99636
32036 -2 -1.99636
32037 -2 -1.99636
32038 -2 -1.99636
32039 -2 -1.99636
32040 -2 -1.99636
32041 -2 -1.99636
32042 -2 -1.99636
32043 -2 -1.99636
32044 -2 -1.99636
32045 -2 -1.99636
32046 -2 -1.99636
32047 -2 -1.99636
32048 -2 -1.99636
32049 -2 -1.99636
32050 -2 -1.99636
32051 -1.98 -1.99636
32052 -2 -1.99636
32053 -1.96 -1.99636
32054 -1.98 -1.99636
32055 -2 -1.99636
32056 -2 -1.99636
32057 -2 -1.99636
32058 -2 -1.99636
32059 -2 -1.99636
32060 -2 -1.99636
32061 -2 -1.99636
32062 -2 -1.99636
32063 -2 -1.99636
32064 -2 -1.99636
32065 -2 -1.99636
32066 -1.98 -1.99636
32067 -1.98 -1.99636
32068 -1.98 -1.99636
32069 -2 -1.99636
32070 -2 -1.99636
32071 -2 -1.99636
32072 -1.98 -1.99636
32073 -1.98 -1.99636
32074 -1.98 -1.99636
32075 -2 -1.99636
32076 -2 -1.99636
32077 -2 -1.99636
32078 -2 -1.99636
32079 -2 -1.99636
32080 -2 -1.99636
32081 -2 -1.99636
32082 -2 -1.99636
32083 -2 -1.99636
32084 -2 -1.99636
32085 -2 -1.99636
32086 -2 -1.99636
32087 -2 -1.99636
32088 -2 -1.99636
32089 -2 -1.99636
32090 -2 -1.99636
32091 -2 -1.99636
32092 -2 -1.99636
32093 -2 -1.99636
32094 -2 -1.99636
32095 -2 -1.99636
32096 -2 -1.99636
32097 -2 -1.99636
32098 -2 -1.99636
32099 -2 -1.99636
32100 -2 -1.99636
32101 -2 -1.99636
32102 -2 -1.99636
32103 -2 -1.99636
32104 -2 -1.99636
32105 -2 -1.99636
32106 -2 -1.99636
32107 -2 -1.99636
32108 -2 -1.99636
32109 -2 -1.99636
32110 -2 -1.99636
32111 -2 -1.99636
32112 -2 -1.99636
32113 -2 -1.99636
32114 -2 -1.99636
32115 -2 -1.99637
32116 -2 -1.99637
32117 -2 -1.99637
32118 -2 -1.99637
32119 -2 -1.99637
32120 -2 -1.99637
32121 -2 -1.99637
32122 -2 -1.99637
32123 -2 -1.99637
32124 -2 -1.99637
32125 -2 -1.99637
32126 -1.98 -1.99637
32127 -2 -1.99637
32128 -2 -1.99637
32129 -2 -1.99637
32130 -1.98 -1.99637
32131 -1.98 -1.99636
32132 -2 -1.99637
32133 -2 -1.99637
32134 -2 -1.99637
32135 -2 -1.99637
32136 -2 -1.99637
32137 -2 -1.99637
32138 -2 -1.99637
32139 -2 -1.99637
32140 -2 -1.99637
32141 -2 -1.99637
32142 -2 -1.99637
32143 -2 -1.99637
32144 -2 -1.99637
32145 -2 -1.99637
32146 -2 -1.99637
32147 -2 -1.99637
32148 -2 -1.99637
32149 -2 -1.99637
32150 -2 -1.99637
32151 -2 -1.99637
32152 -2 -1.99637
32153 -1.96 -1.99637
32154 -1.98 -1.99637
32155 -2 -1.99637
32156 -2 -1.99637
32157 -2 -1.99637
32158 -2 -1.99637
32159 -2 -1.99637
32160 -2 -1.99637
32161 -2 -1.99637
32162 -2 -1.99637
32163 -2 -1.99637
32164 -2 -1.99637
32165 -2 -1.99637
32166 -2 -1.99637
32167 -2 -1.99637
32168 -2 -1.99637
32169 -2 -1.99637
32170 -2 -1.99637
32171 -2 -1.99637
32172 -2 -1.99637
32173 -2 -1.99637
32174 -2 -1.99637
32175 -2 -1.99637
32176 -2 -1.99637
32177 -1.98 -1.99637
32178 -2 -1.99637
32179 -2 -1.99637
32180 -1.98 -1.99637
32181 -2 -1.99637
32182 -2 -1.99637
32183 -2 -1.99637
32184 -2 -1.99637
32185 -2 -1.99637
32186 -2 -1.99637
32187 -2 -1.99637
32188 -2 -1.99637
32189 -2 -1.99637
32190 -2 -1.99637
32191 -2 -1.99637
32192 -2 -1.99637
32193 -2 -1.99637
32194 -2 -1.99637
32195 -2 -1.99637
32196 -2 -1.99637
32197 -1.98 -1.99637
32198 -1.97 -1.99637
32199 -2 -1.99637
32200 -2 -1.99637
32201 -2 -1.99637
32202 -2 -1.99637
32203 -2 -1.99637
32204 -2 -1.99637
32205 -1.98 -1.99637
32206 -1.98 -1.99637
32207 -2 -1.99637
32208 -2 -1.99637
32209 -2 -1.99637
32210 -2 -1.99637
32211 -2 -1.99637
32212 -2 -1.99637
32213 -2 -1.99637
32214 -2 -1.99637
32215 -1.98 -1.99637
32216 -1.98 -1.99637
32217 -2 -1.99637
32218 -2 -1.99637
32219 -2 -1.99637
32220 -2 -1.99637
32221 -2 -1.99637
32222 -2 -1.99637
32223 -2 -1.99637
32224 -2 -1.99637
32225 -2 -1.99637
32226 -2 -1.99637
32227 -1.97 -1.99637
32228 -1.98 -1.99637
32229 -2 -1.99637
32230 -2 -1.99637
32231 -2 -1.99637
32232 -2 -1.99637
32233 -2 -1.99637
32234 -2 -1.99637
32235 -2 -1.99637
32236 -2 -1.99637
32237 -2 -1.99637
32238 -2 -1.99637
32239 -1.98 -1.99637
32240 -2 -1.99637
32241 -2 -1.99637
32242 -2 -1.99637
32243 -2 -1.99637
32244 -1.98 -1.99637
32245 -1.98 -1.99637
32246 -2 -1.99637
32247 -2 -1.99637
32248 -2 -1.99637
32249 -2 -1.99637
32250 -2 -1.99637
32251 -2 -1.99637
32252 -2 -1.99637
32253 -1.98 -1.99637
32254 -2 -1.99637
32255 -2 -1.99637
32256 -2 -1.99637
32257 -2 -1.99637
32258 -2 -1.99637
32259 -2 -1.99637
32260 -2 -1.99637
32261 -1.98 -1.99637
32262 -1.98 -1.99637
32263 -2 -1.99637
32264 -2 -1.99637
32265 -2 -1.99637
32266 -2 -1.99637
32267 -2 -1.99637
32268 -2 -1.99637
32269 -2 -1.99637
32270 -2 -1.99637
32271 -2 -1.99637
32272 -2 -1.99637
32273 -2 -1.99637
32274 -1.98 -1.99637
32275 -2 -1.99637
32276 -2 -1.99637
32277 -2 -1.99637
32278 -2 -1.99637
32279 -2 -1.99637
32280 -1.98 -1.99637
32281 -2 -1.99637
32282 -2 -1.99637
32283 -2 -1.99637
32284 -2 -1.99637
32285 -2 -1.99637
32286 -2 -1.99637
32287 -2 -1.99637
32288 -2 -1.99637
32289 -2 -1.99637
32290 -1.98 -1.99637
32291 -1.98 -1.99637
32292 -2 -1.99637
32293 -2 -1.99637
32294 -2 -1.99637
32295 -2 -1.99637
32296 -2 -1.99637
32297 -2 -1.99637
32298 -1.98 -1.99637
32299 -1.98 -1.99637
32300 -2 -1.99637
32301 -2 -1.99637
32302 -2 -1.99637
32303 -2 -1.99637
32304 -2 -1.99637
32305 -2 -1.99637
32306 -2 -1.99637
32307 -2 -1.99637
32308 -2 -1.99637
32309 -2 -1.99637
32310 -2 -1.99637
32311 -2 -1.99637
32312 -2 -1.99637
32313 -2 -1.99637
32314 -2 -1.99637
32315 -2 -1.99637
32316 -2 -1.99637
32317 -2 -1.99637
32318 -2 -1.99637
32319 -2 -1.99637
32320 -1.98 -1.99637
32321 -2 -1.99637
32322 -2 -1.99637
32323 -2 -1.99637
32324 -1.98 -1.99637
32325 -1.98 -1.99637
32326 -2 -1.99637
32327 -2 -1.99637
32328 -2 -1.99637
32329 -1.98 -1.99637
32330 -1.98 -1.99637
32331 -2 -1.99637
32332 -2 -1.99637
32333 -2 -1.99637
32334 -2 -1.99637
32335 -2 -1.99637
32336 -2 -1.99637
32337 -2 -1.99637
32338 -2 -1.99637
32339 -2 -1.99637
32340 -2 -1.99637
32341 -2 -1.99637
32342 -2 -1.99637
32343 -2 -1.99637
32344 -2 -1.99637
32345 -1.98 -1.99637
32346 -2 -1.99637
32347 -2 -1.99637
32348 -2 -1.99637
32349 -2 -1.99637
32350 -2 -1.99637
32351 -2 -1.99637
32352 -2 -1.99637
32353 -2 -1.99637
32354 -2 -1.99637
32355 -2 -1.99637
32356 -1.98 -1.99637
32357 -2 -1.99637
32358 -2 -1.99637
32359 -2 -1.99637
32360 -2 -1.99637
32361 -2 -1.99637
32362 -2 -1.99637
32363 -2 -1.99637
32364 -2 -1.99637
32365 -2 -1.99637
32366 -1.98 -1.99637
32367 -2 -1.99637
32368 -2 -1.99637
32369 -2 -1.99637
32370 -2 -1.99637
32371 -2 -1.99637
32372 -2 -1.99637
32373 -2 -1.99637
32374 -2 -1.99637
32375 -1.98 -1.99637
32376 -2 -1.99637
32377 -2 -1.99637
32378 -2 -1.99637
32379 -2 -1.99637
32380 -2 -1.99637
32381 -2 -1.99637
32382 -2 -1.99637
32383 -2 -1.99637
32384 -2 -1.99637
32385 -1.98 -1.99637
32386 -1.98 -1.99637
32387 -1.97 -1.99637
32388 -1.98 -1.99637
32389 -1.98 -1.99637
32390 -2 -1.99637
32391 -2 -1.99637
32392 -2 -1.99637
32393 -2 -1.99637
32394 -2 -1.99637
32395 -2 -1.99637
32396 -2 -1.99637
32397 -2 -1.99637
32398 -2 -1.99637
32399 -2 -1.99637
32400 -2 -1.99637
32401 -2 -1.99637
32402 -2 -1.99637
32403 -2 -1.99637
32404 -2 -1.99637
32405 -2 -1.99637
32406 -2 -1.99637
32407 -2 -1.99637
32408 -2 -1.99637
32409 -2 -1.99637
32410 -2 -1.99637
32411 -2 -1.99637
32412 -2 -1.99637
32413 -2 -1.99637
32414 -2 -1.99637
32415 -2 -1.99637
32416 -2 -1.99637
32417 -2 -1.99637
32418 -2 -1.99637
32419 -2 -1.99637
32420 -2 -1.99637
32421 -2 -1.99637
32422 -2 -1.99637
32423 -2 -1.99637
32424 -2 -1.99637
32425 -2 -1.99637
32426 -2 -1.99637
32427 -2 -1.99637
32428 -2 -1.99637
32429 -2 -1.99637
32430 -2 -1.99637
32431 -2 -1.99637
32432 -2 -1.99637
32433 -2 -1.99637
32434 -2 -1.99637
32435 -2 -1.99637
32436 -2 -1.99637
32437 -2 -1.99637
32438 -2 -1.99637
32439 -2 -1.99637
32440 -2 -1.99637
32441 -2 -1.99637
32442 -2 -1.99637
32443 -2 -1.99637
32444 -1.98 -1.99637
32445 -2 -1.99637
32446 -2 -1.99637
32447 -2 -1.99637
32448 -2 -1.99637
32449 -2 -1.99638
32450 -2 -1.99638
32451 -2 -1.99638
32452 -2 -1.99638
32453 -2 -1.99638
32454 -2 -1.99638
32455 -2 -1.99638
32456 -2 -1.99638
32457 -2 -1.99638
32458 -2 -1.99638
32459 -2 -1.99638
32460 -2 -1.99638
32461 -2 -1.99638
32462 -1.96 -1.99638
32463 -1.98 -1.99637
32464 -1.98 -1.99637
32465 -1.97 -1.99637
32466 -1.98 -1.99637
32467 -1.98 -1.99637
32468 -2 -1.99637
32469 -2 -1.99637
32470 -2 -1.99637
32471 -2 -1.99637
32472 -2 -1.99637
32473 -2 -1.99637
32474 -2 -1.99637
32475 -2 -1.99637
32476 -2 -1.99637
32477 -2 -1.99637
32478 -2 -1.99637
32479 -2 -1.99637
32480 -2 -1.99637
32481 -1.98 -1.99637
32482 -2 -1.99637
32483 -2 -1.99637
32484 -1.98 -1.99637
32485 -2 -1.99637
32486 -2 -1.99637
32487 -2 -1.99637
32488 -2 -1.99637
32489 -2 -1.99637
32490 -2 -1.99637
32491 -2 -1.99637
32492 -2 -1.99637
32493 -2 -1.99637
32494 -2 -1.99637
32495 -2 -1.99637
32496 -2 -1.99637
32497 -2 -1.99637
32498 -2 -1.99637
32499 -2 -1.99637
32500 -2 -1.99637
32501 -2 -1.99637
32502 -2 -1.99638
32503 -2 -1.99638
32504 -2 -1.99638
32505 -2 -1.99638
32506 -1.98 -1.99637
32507 -2 -1.99638
32508 -2 -1.99638
32509 -2 -1.99638
32510 -1.98 -1.99637
32511 -2 -1.99637
32512 -2 -1.99637
32513 -2 -1.99638
32514 -2 -1.99638
32515 -2 -1.99638
32516 -2 -1.99638
32517 -2 -1.99638
32518 -2 -1.99638
32519 -2 -1.99638
32520 -2 -1.99638
32521 -2 -1.99638
32522 -2 -1.99638
32523 -2 -1.99638
32524 -2 -1.99638
32525 -2 -1.99638
32526 -1.98 -1.99638
32527 -2 -1.99638
32528 -2 -1.99638
32529 -2 -1.99638
32530 -2 -1.99638
32531 -2 -1.99638
32532 -2 -1.99638
32533 -2 -1.99638
32534 -2 -1.99638
32535 -2 -1.99638
32536 -1.98 -1.99638
32537 -1.98 -1.99638
32538 -2 -1.99638
32539 -2 -1.99638
32540 -2 -1.99638
32541 -2 -1.99638
32542 -2 -1.99638
32543 -2 -1.99638
32544 -2 -1.99638
32545 -2 -1.99638
32546 -1.98 -1.99638
32547 -2 -1.99638
32548 -1.98 -1.99638
32549 -2 -1.99638
32550 -2 -1.99638
32551 -2 -1.99638
32552 -2 -1.99638
32553 -2 -1.99638
32554 -2 -1.99638
32555 -1.98 -1.99638
32556 -2 -1.99638
32557 -1.98 -1.99638
32558 -2 -1.99638
32559 -2 -1.99638
32560 -2 -1.99638
32561 -2 -1.99638
32562 -2 -1.99638
32563 -2 -1.99638
32564 -1.98 -1.99638
32565 -2 -1.99638
32566 -2 -1.99638
32567 -2 -1.99638
32568 -2 -1.99638
32569 -2 -1.99638
32570 -2 -1.99638
32571 -2 -1.99638
32572 -2 -1.99638
32573 -2 -1.99638
32574 -2 -1.99638
32575 -2 -1.99638
32576 -2 -1.99638
32577 -2 -1.99638
32578 -2 -1.99638
32579 -2 -1.99638
32580 -2 -1.99638
32581 -2 -1.99638
32582 -2 -1.99638
32583 -2 -1.99638
32584 -2 -1.99638
32585 -2 -1.99638
32586 -2 -1.99638
32587 -1.98 -1.99638
32588 -1.98 -1.99638
32589 -2 -1.99638
32590 -2 -1.99638
32591 -2 -1.99638
32592 -1.98 -1.99638
32593 -2 -1.99638
32594 -2 -1.99638
32595 -2 -1.99638
32596 -2 -1.99638
32597 -2 -1.99638
32598 -2 -1.99638
32599 -1.98 -1.99638
32600 -2 -1.99638
32601 -2 -1.99638
32602 -2 -1.99638
32603 -2 -1.99638
32604 -2 -1.99638
32605 -2 -1.99638
32606 -2 -1.99638
32607 -2 -1.99638
32608 -2 -1.99638
32609 -2 -1.99638
32610 -2 -1.99638
32611 -2 -1.99638
32612 -2 -1.99638
32613 -2 -1.99638
32614 -2 -1.99638
32615 -2 -1.99638
32616 -2 -1.99638
32617 -2 -1.99638
32618 -2 -1.99638
32619 -2 -1.99638
32620 -2 -1.99638
32621 -1.98 -1.99638
32622 -1.98 -1.99638
32623 -2 -1.99638
32624 -2 -1.99638
32625 -2 -1.99638
32626 -2 -1.99638
32627 -2 -1.99638
32628 -2 -1.99638
32629 -2 -1.99638
32630 -2 -1.99638
32631 -2 -1.99638
32632 -2 -1.99638
32633 -2 -1.99638
32634 -2 -1.99638
32635 -2 -1.99638
32636 -2 -1.99638
32637 -2 -1.99638
32638 -2 -1.99638
32639 -2 -1.99638
32640 -2 -1.99638
32641 -2 -1.99638
32642 -2 -1.99638
32643 -2 -1.99638
32644 -2 -1.99638
32645 -2 -1.99638
32646 -2 -1.99638
32647 -2 -1.99638
32648 -2 -1.99638
32649 -2 -1.99638
32650 -2 -1.99638
32651 -2 -1.99638
32652 -2 -1.99638
32653 -2 -1.99638
32654 -2 -1.99638
32655 -2 -1.99638
32656 -2 -1.99638
32657 -2 -1.99638
32658 -2 -1.99638
32659 -2 -1.99638
32660 -2 -1.99638
32661 -2 -1.99638
32662 -2 -1.99638
32663 -2 -1.99638
32664 -2 -1.99638
32665 -2 -1.99638
32666 -2 -1.99638
32667 -2 -1.99638
32668 -2 -1.99638
32669 -2 -1.99638
32670 -1.98 -1.99638
32671 -2 -1.99638
32672 -2 -1.99638
32673 -2 -1.99638
32674 -2 -1.99638
32675 -2 -1.99638
32676 -2 -1.99638
32677 -2 -1.99638
32678 -1.98 -1.99638
32679 -2 -1.99638
32680 -2 -1.99638
32681 -2 -1.99638
32682 -2 -1.99638
32683 -2 -1.99638
32684 -2 -1.99638
32685 -2 -1.99638
32686 -2 -1.99638
32687 -2 -1.99638
32688 -2 -1.99638
32689 -1.98 -1.99638
32690 -1.98 -1.99638
32691 -1.98 -1.99638
32692 -2 -1.99638
32693 -2 -1.99638
32694 -2 -1.99638
32695 -2 -1.99638
32696 -1.98 -1.99638
32697 -1.98 -1.99638
32698 -2 -1.99638
32699 -2 -1.99638
32700 -2 -1.99638
32701 -2 -1.99638
32702 -2 -1.99638
32703 -2 -1.99638
32704 -2 -1.99638
32705 -2 -1.99638
32706 -2 -1.99638
32707 -2 -1.99638
32708 -2 -1.99638
32709 -2 -1.99638
32710 -1.98 -1.99638
32711 -2 -1.99638
32712 -1.98 -1.99638
32713 -1.98 -1.99638
32714 -2 -1.99638
32715 -2 -1.99638
32716 -2 -1.99638
32717 -2 -1.99638
32718 -2 -1.99638
32719 -2 -1.99638
32720 -2 -1.99638
32721 -2 -1.99638
32722 -2 -1.99638
32723 -1.98 -1.99638
32724 -1.98 -1.99638
32725 -1.98 -1.99638
32726 -1.98 -1.99638
32727 -1.96 -1.99638
32728 -1.98 -1.99638
32729 -1.98 -1.99638
32730 -1.98 -1.99638
32731 -2 -1.99638
32732 -2 -1.99638
32733 -2 -1.99638
32734 -2 -1.99638
32735 -2 -1.99638
32736 -2 -1.99638
32737 -2 -1.99638
32738 -2 -1.99638
32739 -1.98 -1.99638
32740 -1.97 -1.99638
32741 -1.98 -1.99638
32742 -1.98 -1.99638
32743 -2 -1.99638
32744 -2 -1.99638
32745 -1.98 -1.99638
32746 -2 -1.99638
32747 -2 -1.99638
32748 -2 -1.99638
32749 -2 -1.99638
32750 -2 -1.99638
32751 -2 -1.99638
32752 -2 -1.99638
32753 -2 -1.99638
32754 -2 -1.99638
32755 -2 -1.99638
32756 -1.98 -1.99638
32757 -1.98 -1.99638
32758 -1.98 -1.99638
32759 -1.98 -1.99638
32760 -1.96 -1.99638
32761 -1.98 -1.99637
32762 -2 -1.99637
32763 -1.98 -1.99637
32764 -1.98 -1.99637
32765 -2 -1.99637
32766 -2 -1.99637
32767 -2 -1.99637
32768 -2 -1.99637
32769 -2 -1.99637
32770 -2 -1.99637
32771 -2 -1.99637
32772 -2 -1.99637
32773 -2 -1.99637
32774 -2 -1.99637
32775 -2 -1.99638
32776 -2 -1.99638
32777 -2 -1.99638
32778 -2 -1.99638
32779 -2 -1.99638
32780 -2 -1.99638
32781 -2 -1.99638
32782 -2 -1.99638
32783 -2 -1.99638
32784 -2 -1.99638
32785 -2 -1.99638
32786 -1.98 -1.99638
32787 -2 -1.99638
32788 -1.98 -1.99638
32789 -2 -1.99638
32790 -2 -1.99638
32791 -2 -1.99638
32792 -2 -1.99638
32793 -2 -1.99638
32794 -2 -1.99638
32795 -2 -1.99638
32796 -2 -1.99638
32797 -2 -1.99638
32798 -2 -1.99638
32799 -2 -1.99638
32800 -2 -1.99638
32801 -2 -1.99638
32802 -2 -1.99638
32803 -2 -1.99638
32804 -2 -1.99638
32805 -2 -1.99638
32806 -2 -1.99638
32807 -2 -1.99638
32808 -2 -1.99638
32809 -2 -1.99638
32810 -2 -1.99638
32811 -2 -1.99638
32812 -2 -1.99638
32813 -2 -1.99638
32814 -2 -1.99638
32815 -2 -1.99638
32816 -2 -1.99638
32817 -2 -1.99638
32818 -2 -1.99638
32819 -2 -1.99638
32820 -2 -1.99638
32821 -2 -1.99638
32822 -2 -1.99638
32823 -2 -1.99638
32824 -2 -1.99638
32825 -2 -1.99638
32826 -2 -1.99638
32827 -1.96 -1.99638
32828 -1.98 -1.99638
32829 -2 -1.99638
32830 -2 -1.99638
32831 -2 -1.99638
32832 -2 -1.99638
32833 -2 -1.99638
32834 -2 -1.99638
32835 -2 -1.99638
32836 -1.98 -1.99638
32837 -1.98 -1.99638
32838 -1.98 -1.99638
32839 -2 -1.99638
32840 -2 -1.99638
32841 -2 -1.99638
32842 -2 -1.99638
32843 -2 -1.99638
32844 -2 -1.99638
32845 -2 -1.99638
32846 -2 -1.99638
32847 -2 -1.99638
32848 -2 -1.99638
32849 -2 -1.99638
32850 -2 -1.99638
32851 -2 -1.99638
32852 -2 -1.99638
32853 -2 -1.99638
32854 -2 -1.99638
32855 -2 -1.99638
32856 -2 -1.99638
32857 -1.98 -1.99638
32858 -2 -1.99638
32859 -2 -1.99638
32860 -2 -1.99638
32861 -2 -1.99638
32862 -2 -1.99638
32863 -2 -1.99638
32864 -2 -1.99638
32865 -2 -1.99638
32866 -2 -1.99638
32867 -2 -1.99638
32868 -2 -1.99638
32869 -2 -1.99638
32870 -2 -1.99638
32871 -2 -1.99638
32872 -2 -1.99638
32873 -2 -1.99638
32874 -1.98 -1.99638
32875 -2 -1.99638
32876 -2 -1.99638
32877 -2 -1.99638
32878 -2 -1.99638
32879 -2 -1.99638
32880 -1.98 -1.99638
32881 -2 -1.99638
32882 -2 -1.99638
32883 -2 -1.99638
32884 -2 -1.99638
32885 -2 -1.99638
32886 -2 -1.99638
32887 -2 -1.99638
32888 -2 -1.99638
32889 -1.98 -1.99638
32890 -2 -1.99638
32891 -2 -1.99638
32892 -2 -1.99638
32893 -2 -1.99638
32894 -2 -1.99638
32895 -2 -1.99638
32896 -2 -1.99638
32897 -2 -1.99638
32898 -2 -1.99638
32899 -2 -1.99638
32900 -2 -1.99638
32901 -2 -1.99638
32902 -1.98 -1.99638
32903 -2 -1.99638
32904 -2 -1.99638
32905 -2 -1.99638
32906 -2 -1.99638
32907 -2 -1.99638
32908 -1.98 -1.99638
32909 -1.98 -1.99638
32910 -2 -1.99638
32911 -2 -1.99638
32912 -2 -1.99638
32913 -2 -1.99638
32914 -2 -1.99638
32915 -2 -1.99638
32916 -2 -1.99638
32917 -2 -1.99638
32918 -2 -1.99638
32919 -2 -1.99638
32920 -2 -1.99638
32921 -2 -1.99638
32922 -2 -1.99638
32923 -2 -1.99638
32924 -2 -1.99638
32925 -2 -1.99638
32926 -2 -1.99638
32927 -2 -1.99638
32928 -2 -1.99638
32929 -2 -1.99638
32930 -2 -1.99638
32931 -2 -1.99638
32932 -2 -1.99638
32933 -2 -1.99638
32934 -2 -1.99638
32935 -2 -1.99638
32936 -2 -1.99638
32937 -2 -1.99638
32938 -2 -1.99638
32939 -2 -1.99638
32940 -2 -1.99638
32941 -2 -1.99638
32942 -2 -1.99638
32943 -2 -1.99638
32944 -2 -1.99638
32945 -2 -1.99638
32946 -2 -1.99638
32947 -2 -1.99638
32948 -2 -1.99639
32949 -2 -1.99639
32950 -1.98 -1.99638
32951 -2 -1.99638
32952 -2 -1.99638
32953 -2 -1.99638
32954 -2 -1.99639
32955 -1.98 -1.99638
32956 -2 -1.99638
32957 -2 -1.99638
32958 -2 -1.99638
32959 -2 -1.99639
32960 -2 -1.99639
32961 -2 -1.99639
32962 -2 -1.99639
32963 -2 -1.99639
32964 -2 -1.99639
32965 -2 -1.99639
32966 -2 -1.99639
32967 -2 -1.99639
32968 -2 -1.99639
32969 -2 -1.99639
32970 -2 -1.99639
32971 -2 -1.99639
32972 -2 -1.99639
32973 -2 -1.99639
32974 -2 -1.99639
32975 -2 -1.99639
32976 -2 -1.99639
32977 -2 -1.99639
32978 -2 -1.99639
32979 -2 -1.99639
32980 -2 -1.99639
32981 -2 -1.99639
32982 -2 -1.99639
32983 -2 -1.99639
32984 -2 -1.99639
32985 -2 -1.99639
32986 -2 -1.99639
32987 -2 -1.99639
32988 -2 -1.99639
32989 -2 -1.99639
32990 -2 -1.99639
32991 -2 -1.99639
32992 -2 -1.99639
32993 -1.98 -1.99639
32994 -1.98 -1.99639
32995 -1.98 -1.99639
32996 -1.98 -1.99639
32997 -1.98 -1.99639
32998 -1.98 -1.99639
32999 -2 -1.99639
33000 -2 -1.99639
33001 -2 -1.99639
33002 -1.98 -1.99639
33003 -1.98 -1.99638
33004 -2 -1.99639
33005 -1.98 -1.99638
33006 -2 -1.99638
33007 -2 -1.99638
33008 -2 -1.99638
33009 -2 -1.99639
33010 -2 -1.99639
33011 -2 -1.99639
33012 -2 -1.99639
33013 -2 -1.99639
33014 -2 -1.99639
33015 -2 -1.99639
33016 -2 -1.99639
33017 -2 -1.99639
33018 -2 -1.99639
33019 -2 -1.99639
33020 -2 -1.99639
33021 -2 -1.99639
33022 -2 -1.99639
33023 -2 -1.99639
33024 -2 -1.99639
33025 -2 -1.99639
33026 -2 -1.99639
33027 -2 -1.99639
33028 -2 -1.99639
33029 -2 -1.99639
33030 -2 -1.99639
33031 -2 -1.99639
33032 -2 -1.99639
33033 -2 -1.99639
33034 -2 -1.99639
33035 -2 -1.99639
33036 -2 -1.99639
33037 -1.98 -1.99639
33038 -1.98 -1.99639
33039 -1.98 -1.99639
33040 -2 -1.99639
33041 -2 -1.99639
33042 -2 -1.99639
33043 -2 -1.99639
33044 -2 -1.99639
33045 -2 -1.99639
33046 -2 -1.99639
33047 -2 -1.99639
33048 -2 -1.99639
33049 -2 -1.99639
33050 -2 -1.99639
33051 -2 -1.99639
33052 -2 -1.99639
33053 -1.98 -1.99639
33054 -1.98 -1.99639
33055 -1.98 -1.99639
33056 -1.98 -1.99639
33057 -2 -1.99639
33058 -2 -1.99639
33059 -2 -1.99639
33060 -2 -1.99639
33061 -2 -1.99639
33062 -2 -1.99639
33063 -2 -1.99639
33064 -2 -1.99639
33065 -1.98 -1.99639
33066 -1.98 -1.99639
33067 -1.98 -1.99639
33068 -1.98 -1.99638
33069 -1.98 -1.99638
33070 -2 -1.99638
33071 -2 -1.99638
33072 -2 -1.99638
33073 -2 -1.99638
33074 -1.98 -1.99638
33075 -1.98 -1.99638
33076 -1.98 -1.99638
33077 -2 -1.99638
33078 -2 -1.99638
33079 -2 -1.99638
33080 -2 -1.99638
33081 -2 -1.99638
33082 -2 -1.99638
33083 -2 -1.99638
33084 -2 -1.99638
33085 -2 -1.99638
33086 -2 -1.99638
33087 -2 -1.99638
33088 -2 -1.99638
33089 -2 -1.99638
33090 -2 -1.99638
33091 -2 -1.99638
33092 -2 -1.99639
33093 -2 -1.99639
33094 -2 -1.99639
33095 -2 -1.99639
33096 -2 -1.99639
33097 -2 -1.99639
33098 -2 -1.99639
33099 -2 -1.99639
33100 -2 -1.99639
33101 -2 -1.99639
33102 -2 -1.99639
33103 -2 -1.99639
33104 -2 -1.99639
33105 -2 -1.99639
33106 -1.98 -1.99639
33107 -1.96 -1.99638
33108 -1.98 -1.99638
33109 -1.98 -1.99638
33110 -1.98 -1.99638
33111 -1.98 -1.99638
33112 -1.98 -1.99638
33113 -1.95 -1.99638
33114 -2 -1.99638
33115 -2 -1.99638
33116 -2 -1.99638
33117 -2 -1.99638
33118 -2 -1.99638
33119 -2 -1.99638
33120 -2 -1.99638
33121 -2 -1.99638
33122 -2 -1.99638
33123 -1.98 -1.99638
33124 -2 -1.99638
33125 -2 -1.99638
33126 -2 -1.99638
33127 -2 -1.99638
33128 -2 -1.99638
33129 -2 -1.99638
33130 -2 -1.99638
33131 -2 -1.99638
33132 -2 -1.99638
33133 -2 -1.99638
33134 -2 -1.99638
33135 -2 -1.99638
33136 -1.98 -1.99638
33137 -2 -1.99638
33138 -2 -1.99638
33139 -2 -1.99638
33140 -2 -1.99638
33141 -2 -1.99638
33142 -1.98 -1.99638
33143 -2 -1.99638
33144 -2 -1.99638
33145 -2 -1.99638
33146 -2 -1.99638
33147 -2 -1.99638
33148 -2 -1.99638
33149 -2 -1.99638
33150 -2 -1.99638
33151 -2 -1.99638
33152 -2 -1.99638
33153 -2 -1.99638
33154 -1.98 -1.99638
33155 -2 -1.99638
33156 -2 -1.99638
33157 -2 -1.99638
33158 -2 -1.99638
33159 -2 -1.99638
33160 -2 -1.99638
33161 -2 -1.99638
33162 -2 -1.99638
33163 -2 -1.99638
33164 -2 -1.99638
33165 -2 -1.99638
33166 -2 -1.99638
33167 -2 -1.99638
33168 -2 -1.99638
33169 -2 -1.99638
33170 -1.98 -1.99638
33171 -1.98 -1.99638
33172 -2 -1.99638
33173 -2 -1.99638
33174 -2 -1.99638
33175 -2 -1.99638
33176 -2 -1.99638
33177 -2 -1.99638
33178 -2 -1.99638
33179 -1.98 -1.99638
33180 -1.98 -1.99638
33181 -2 -1.99638
33182 -2 -1.99638
33183 -2 -1.99638
33184 -2 -1.99638
33185 -2 -1.99638
33186 -2 -1.99638
33187 -2 -1.99638
33188 -2 -1.99638
33189 -2 -1.99638
33190 -2 -1.99638
33191 -2 -1.99638
33192 -1.97 -1.99638
33193 -2 -1.99638
33194 -2 -1.99638
33195 -2 -1.99638
33196 -2 -1.99638
33197 -2 -1.99638
33198 -2 -1.99638
33199 -2 -1.99638
33200 -2 -1.99638
33201 -2 -1.99638
33202 -2 -1.99638
33203 -2 -1.99639
33204 -2 -1.99639
33205 -2 -1.99639
33206 -2 -1.99639
33207 -2 -1.99639
33208 -2 -1.99639
33209 -2 -1.99639
33210 -2 -1.99639
33211 -2 -1.99639
33212 -2 -1.99639
33213 -2 -1.99639
33214 -2 -1.99639
33215 -2 -1.99639
33216 -2 -1.99639
33217 -2 -1.99639
33218 -2 -1.99639
33219 -2 -1.99639
33220 -2 -1.99639
33221 -2 -1.99639
33222 -2 -1.99639
33223 -2 -1.99639
33224 -1.98 -1.99639
33225 -1.98 -1.99639
33226 -1.98 -1.99639
33227 -2 -1.99639
33228 -2 -1.99639
33229 -2 -1.99639
33230 -2 -1.99639
33231 -2 -1.99639
33232 -1.98 -1.99639
33233 -2 -1.99639
33234 -2 -1.99639
33235 -2 -1.99639
33236 -2 -1.99639
33237 -2 -1.99639
33238 -2 -1.99639
33239 -2 -1.99639
33240 -2 -1.99639
33241 -2 -1.99639
33242 -2 -1.99639
33243 -2 -1.99639
33244 -2 -1.99639
33245 -2 -1.99639
33246 -2 -1.99639
33247 -2 -1.99639
33248 -2 -1.99639
33249 -2 -1.99639
33250 -2 -1.99639
33251 -2 -1.99639
33252 -2 -1.99639
33253 -2 -1.99639
33254 -2 -1.99639
33255 -2 -1.99639
33256 -2 -1.99639
33257 -2 -1.99639
33258 -2 -1.99639
33259 -2 -1.99639
33260 -2 -1.99639
33261 -2 -1.99639
33262 -2 -1.99639
33263 -2 -1.99639
33264 -2 -1.99639
33265 -2 -1.99639
33266 -2 -1.99639
33267 -2 -1.99639
33268 -2 -1.99639
33269 -2 -1.99639
33270 -2 -1.99639
33271 -2 -1.99639
33272 -2 -1.99639
33273 -2 -1.99639
33274 -2 -1.99639
33275 -2 -1.99639
33276 -2 -1.99639
33277 -2 -1.99639
33278 -2 -1.99639
33279 -2 -1.99639
33280 -2 -1.99639
33281 -2 -1.99639
33282 -2 -1.99639
33283 -2 -1.99639
33284 -2 -1.99639
33285 -2 -1.99639
33286 -2 -1.99639
33287 -2 -1.99639
33288 -2 -1.99639
33289 -1.98 -1.99639
33290 -1.98 -1.99639
33291 -1.98 -1.99639
33292 -2 -1.99639
33293 -2 -1.99639
33294 -2 -1.99639
33295 -2 -1.99639
33296 -2 -1.99639
33297 -2 -1.99639
33298 -2 -1.99639
33299 -2 -1.99639
33300 -2 -1.99639
33301 -2 -1.99639
33302 -2 -1.99639
33303 -2 -1.99639
33304 -1.98 -1.99639
33305 -1.98 -1.99639
33306 -2 -1.99639
33307 -2 -1.99639
33308 -2 -1.99639
33309 -2 -1.99639
33310 -2 -1.99639
33311 -2 -1.99639
33312 -2 -1.99639
33313 -2 -1.99639
33314 -2 -1.99639
33315 -2 -1.99639
33316 -2 -1.99639
33317 -2 -1.99639
33318 -2 -1.99639
33319 -2 -1.99639
33320 -2 -1.99639
33321 -2 -1.99639
33322 -2 -1.99639
33323 -2 -1.99639
33324 -2 -1.99639
33325 -2 -1.99639
33326 -2 -1.99639
33327 -2 -1.99639
33328 -2 -1.99639
33329 -1.98 -1.99639
33330 -2 -1.99639
33331 -2 -1.99639
33332 -2 -1.99639
33333 -2 -1.99639
33334 -2 -1.99639
33335 -2 -1.99639
33336 -2 -1.99639
33337 -2 -1.99639
33338 -1.97 -1.99639
33339 -2 -1.99639
33340 -2 -1.99639
33341 -2 -1.99639
33342 -2 -1.99639
33343 -2 -1.99639
33344 -2 -1.99639
33345 -2 -1.99639
33346 -2 -1.99639
33347 -2 -1.99639
33348 -2 -1.99639
33349 -1.98 -1.99639
33350 -1.98 -1.99639
33351 -1.98 -1.99639
33352 -2 -1.99639
33353 -2 -1.99639
33354 -2 -1.99639
33355 -1.98 -1.99639
33356 -2 -1.99639
33357 -2 -1.99639
33358 -2 -1.99639
33359 -2 -1.99639
33360 -2 -1.99639
33361 -2 -1.99639
33362 -2 -1.99639
33363 -2 -1.99639
33364 -2 -1.99639
33365 -2 -1.99639
33366 -2 -1.99639
33367 -2 -1.99639
33368 -2 -1.99639
33369 -2 -1.99639
33370 -2 -1.99639
33371 -2 -1.99639
33372 -2 -1.99639
33373 -2 -1.99639
33374 -2 -1.99639
33375 -2 -1.99639
33376 -2 -1.99639
33377 -2 -1.99639
33378 -2 -1.99639
33379 -2 -1.99639
33380 -2 -1.99639
33381 -2 -1.9964
33382 -2 -1.9964
33383 -2 -1.9964
33384 -2 -1.9964
33385 -2 -1.9964
33386 -2 -1.9964
33387 -2 -1.9964
33388 -2 -1.9964
33389 -2 -1.9964
33390 -1.98 -1.9964
33391 -2 -1.9964
33392 -2 -1.9964
33393 -2 -1.9964
33394 -2 -1.9964
33395 -2 -1.9964
33396 -2 -1.9964
33397 -2 -1.9964
33398 -2 -1.9964
33399 -2 -1.9964
33400 -2 -1.9964
33401 -2 -1.9964
33402 -2 -1.9964
33403 -2 -1.9964
33404 -2 -1.9964
33405 -2 -1.9964
33406 -2 -1.9964
33407 -2 -1.9964
33408 -2 -1.9964
33409 -2 -1.9964
33410 -1.98 -1.9964
33411 -2 -1.9964
33412 -2 -1.9964
33413 -2 -1.9964
33414 -2 -1.9964
33415 -2 -1.9964
33416 -2 -1.9964
33417 -2 -1.9964
33418 -2 -1.9964
33419 -2 -1.9964
33420 -2 -1.9964
33421 -2 -1.9964
33422 -2 -1.9964
33423 -2 -1.9964
33424 -2 -1.9964
33425 -2 -1.9964
33426 -2 -1.9964
33427 -2 -1.9964
33428 -2 -1.9964
33429 -2 -1.9964
33430 -2 -1.9964
33431 -2 -1.9964
33432 -2 -1.9964
33433 -2 -1.9964
33434 -2 -1.9964
33435 -2 -1.9964
33436 -2 -1.9964
33437 -2 -1.9964
33438 -2 -1.9964
33439 -2 -1.9964
33440 -2 -1.9964
33441 -2 -1.9964
33442 -2 -1.9964
33443 -2 -1.9964
33444 -2 -1.9964
33445 -2 -1.9964
33446 -2 -1.9964
33447 -2 -1.9964
33448 -2 -1.9964
33449 -2 -1.9964
33450 -2 -1.9964
33451 -2 -1.9964
33452 -2 -1.9964
33453 -2 -1.9964
33454 -2 -1.9964
33455 -2 -1.9964
33456 -2 -1.9964
33457 -2 -1.9964
33458 -2 -1.9964
33459 -2 -1.9964
33460 -2 -1.9964
33461 -2 -1.9964
33462 -1.98 -1.9964
33463 -1.98 -1.9964
33464 -2 -1.9964
33465 -1.98 -1.9964
33466 -1.98 -1.9964
33467 -1.98 -1.9964
33468 -1.98 -1.9964
33469 -1.96 -1.9964
33470 -1.96 -1.9964
33471 -2 -1.9964
33472 -2 -1.9964
33473 -2 -1.9964
33474 -2 -1.9964
33475 -2 -1.9964
33476 -2 -1.9964
33477 -2 -1.9964
33478 -2 -1.9964
33479 -2 -1.9964
33480 -2 -1.9964
33481 -2 -1.9964
33482 -2 -1.9964
33483 -2 -1.9964
33484 -2 -1.9964
33485 -2 -1.9964
33486 -2 -1.9964
33487 -2 -1.9964
33488 -2 -1.9964
33489 -2 -1.9964
33490 -2 -1.9964
33491 -2 -1.9964
33492 -2 -1.9964
33493 -2 -1.9964
33494 -2 -1.9964
33495 -2 -1.9964
33496 -2 -1.9964
33497 -2 -1.9964
33498 -2 -1.9964
33499 -2 -1.9964
33500 -2 -1.9964
33501 -1.98 -1.9964
33502 -2 -1.9964
33503 -2 -1.9964
33504 -2 -1.9964
33505 -2 -1.9964
33506 -2 -1.9964
33507 -2 -1.9964
33508 -2 -1.9964
33509 -2 -1.9964
33510 -2 -1.9964
33511 -2 -1.9964
33512 -2 -1.9964
33513 -2 -1.9964
33514 -2 -1.9964
33515 -2 -1.9964
33516 -1.98 -1.9964
33517 -1.96 -1.9964
33518 -2 -1.9964
33519 -2 -1.9964
33520 -2 -1.9964
33521 -2 -1.9964
33522 -2 -1.9964
33523 -2 -1.9964
33524 -2 -1.9964
33525 -2 -1.9964
33526 -2 -1.9964
33527 -2 -1.9964
33528 -2 -1.9964
33529 -2 -1.9964
33530 -2 -1.9964
33531 -2 -1.9964
33532 -2 -1.9964
33533 -2 -1.9964
33534 -2 -1.9964
33535 -2 -1.9964
33536 -2 -1.9964
33537 -2 -1.9964
33538 -2 -1.9964
33539 -1.98 -1.9964
33540 -2 -1.9964
33541 -2 -1.9964
33542 -2 -1.9964
33543 -2 -1.9964
33544 -2 -1.9964
33545 -2 -1.9964
33546 -2 -1.9964
33547 -2 -1.9964
33548 -1.98 -1.9964
33549 -2 -1.9964
33550 -2 -1.9964
33551 -2 -1.9964
33552 -1.98 -1.9964
33553 -2 -1.9964
33554 -2 -1.9964
33555 -2 -1.9964
33556 -2 -1.9964
33557 -2 -1.9964
33558 -2 -1.9964
33559 -2 -1.9964
33560 -2 -1.9964
33561 -2 -1.9964
33562 -2 -1.9964
33563 -2 -1.9964
33564 -2 -1.9964
33565 -2 -1.9964
33566 -2 -1.9964
33567 -2 -1.9964
33568 -1.98 -1.9964
33569 -1.98 -1.9964
33570 -1.98 -1.9964
33571 -2 -1.9964
33572 -2 -1.9964
33573 -2 -1.9964
33574 -2 -1.9964
33575 -2 -1.9964
33576 -2 -1.9964
33577 -2 -1.9964
33578 -2 -1.9964
33579 -1.98 -1.9964
33580 -2 -1.9964
33581 -2 -1.9964
33582 -2 -1.9964
33583 -2 -1.9964
33584 -1.98 -1.9964
33585 -1.98 -1.9964
33586 -2 -1.9964
33587 -2 -1.9964
33588 -2 -1.9964
33589 -1.98 -1.9964
33590 -1.98 -1.9964
33591 -2 -1.9964
33592 -2 -1.9964
33593 -2 -1.9964
33594 -1.98 -1.9964
33595 -2 -1.9964
33596 -2 -1.9964
33597 -2 -1.9964
33598 -2 -1.9964
33599 -2 -1.9964
33600 -2 -1.9964
33601 -2 -1.9964
33602 -2 -1.9964
33603 -2 -1.9964
33604 -2 -1.9964
33605 -2 -1.9964
33606 -2 -1.9964
33607 -2 -1.9964
33608 -2 -1.9964
33609 -2 -1.9964
33610 -2 -1.9964
33611 -2 -1.9964
33612 -1.98 -1.9964
33613 -2 -1.9964
33614 -2 -1.9964
33615 -2 -1.9964
33616 -2 -1.9964
33617 -2 -1.9964
33618 -2 -1.9964
33619 -2 -1.9964
33620 -2 -1.9964
33621 -2 -1.9964
33622 -2 -1.9964
33623 -2 -1.9964
33624 -2 -1.9964
33625 -1.98 -1.9964
33626 -2 -1.9964
33627 -1.98 -1.9964
33628 -2 -1.9964
33629 -2 -1.9964
33630 -2 -1.9964
33631 -2 -1.9964
33632 -2 -1.9964
33633 -2 -1.9964
33634 -2 -1.9964
33635 -2 -1.9964
33636 -2 -1.9964
33637 -2 -1.9964
33638 -2 -1.9964
33639 -2 -1.9964
33640 -2 -1.9964
33641 -2 -1.9964
33642 -2 -1.9964
33643 -2 -1.9964
33644 -2 -1.9964
33645 -2 -1.9964
33646 -2 -1.99641
33647 -2 -1.99641
33648 -2 -1.99641
33649 -2 -1.99641
33650 -2 -1.99641
33651 -2 -1.99641
33652 -2 -1.99641
33653 -2 -1.99641
33654 -2 -1.99641
33655 -2 -1.99641
33656 -2 -1.99641
33657 -2 -1.99641
33658 -2 -1.99641
33659 -2 -1.99641
33660 -2 -1.99641
33661 -2 -1.99641
33662 -2 -1.99641
33663 -2 -1.99641
33664 -2 -1.99641
33665 -2 -1.99641
33666 -2 -1.99641
33667 -2 -1.99641
33668 -2 -1.99641
33669 -2 -1.99641
33670 -2 -1.99641
33671 -2 -1.99641
33672 -2 -1.99641
33673 -2 -1.99641
33674 -1.98 -1.99641
33675 -2 -1.99641
33676 -2 -1.99641
33677 -2 -1.99641
33678 -1.98 -1.99641
33679 -1.98 -1.99641
33680 -1.98 -1.99641
33681 -1.98 -1.99641
33682 -1.98 -1.99641
33683 -1.98 -1.9964
33684 -2 -1.9964
33685 -2 -1.99641
33686 -2 -1.99641
33687 -2 -1.99641
33688 -2 -1.99641
33689 -2 -1.99641
33690 -2 -1.99641
33691 -2 -1.99641
33692 -2 -1.99641
33693 -2 -1.99641
33694 -2 -1.99641
33695 -2 -1.99641
33696 -2 -1.99641
33697 -2 -1.99641
33698 -2 -1.99641
33699 -2 -1.99641
33700 -2 -1.99641
33701 -2 -1.99641
33702 -2 -1.99641
33703 -1.98 -1.99641
33704 -2 -1.99641
33705 -2 -1.99641
33706 -2 -1.99641
33707 -2 -1.99641
33708 -2 -1.99641
33709 -2 -1.99641
33710 -2 -1.99641
33711 -2 -1.99641
33712 -2 -1.99641
33713 -2 -1.99641
33714 -2 -1.99641
33715 -2 -1.99641
33716 -2 -1.99641
33717 -2 -1.99641
33718 -2 -1.99641
33719 -1.98 -1.99641
33720 -2 -1.99641
33721 -2 -1.99641
33722 -1.98 -1.99641
33723 -2 -1.99641
33724 -2 -1.99641
33725 -2 -1.99641
33726 -2 -1.99641
33727 -2 -1.99641
33728 -2 -1.99641
33729 -2 -1.99641
33730 -2 -1.99641
33731 -2 -1.99641
33732 -2 -1.99641
33733 -2 -1.99641
33734 -2 -1.99641
33735 -2 -1.99641
33736 -2 -1.99641
33737 -2 -1.99641
33738 -2 -1.99641
33739 -2 -1.99641
33740 -2 -1.99641
33741 -2 -1.99641
33742 -2 -1.99641
33743 -1.98 -1.99641
33744 -2 -1.99641
33745 -1.98 -1.99641
33746 -2 -1.99641
33747 -2 -1.99641
33748 -2 -1.99641
33749 -2 -1.99641
33750 -2 -1.99641
33751 -2 -1.99641
33752 -2 -1.99641
33753 -2 -1.99641
33754 -2 -1.99641
33755 -2 -1.99641
33756 -2 -1.99641
33757 -2 -1.99641
33758 -2 -1.99641
33759 -2 -1.99641
33760 -2 -1.99641
33761 -2 -1.99641
33762 -2 -1.99641
33763 -2 -1.99641
33764 -2 -1.99641
33765 -2 -1.99641
33766 -2 -1.99641
33767 -2 -1.99641
33768 -1.98 -1.99641
33769 -1.96 -1.99641
33770 -1.98 -1.99641
33771 -2 -1.99641
33772 -2 -1.99641
33773 -2 -1.99641
33774 -2 -1.99641
33775 -2 -1.99641
33776 -2 -1.99641
33777 -2 -1.99641
33778 -2 -1.99641
33779 -2 -1.99641
33780 -2 -1.99641
33781 -2 -1.99641
33782 -2 -1.99641
33783 -1.98 -1.99641
33784 -2 -1.99641
33785 -2 -1.99641
33786 -2 -1.99641
33787 -2 -1.99641
33788 -2 -1.99641
33789 -2 -1.99641
33790 -2 -1.99641
33791 -2 -1.99641
33792 -2 -1.99641
33793 -2 -1.99641
33794 -2 -1.99641
33795 -2 -1.99641
33796 -2 -1.99641
33797 -2 -1.99641
33798 -2 -1.99641
33799 -2 -1.99641
33800 -2 -1.99641
33801 -2 -1.99641
33802 -2 -1.99641
33803 -2 -1.99641
33804 -2 -1.99641
33805 -2 -1.99641
33806 -2 -1.99641
33807 -2 -1.99641
33808 -2 -1.99641
33809 -2 -1.99641
33810 -2 -1.99641
33811 -2 -1.99641
33812 -2 -1.99641
33813 -2 -1.99641
33814 -1.98 -1.99641
33815 -1.98 -1.99641
33816 -2 -1.99641
33817 -2 -1.99641
33818 -2 -1.99641
33819 -2 -1.99641
33820 -2 -1.99641
33821 -2 -1.99641
33822 -2 -1.99641
33823 -2 -1.99641
33824 -2 -1.99641
33825 -2 -1.99641
33826 -2 -1.99641
33827 -2 -1.99641
33828 -2 -1.99641
33829 -2 -1.99641
33830 -2 -1.99641
33831 -2 -1.99641
33832 -2 -1.99641
33833 -2 -1.99641
33834 -2 -1.99641
33835 -1.98 -1.99641
33836 -1.98 -1.99641
33837 -1.98 -1.99641
33838 -1.98 -1.99641
33839 -2 -1.99641
33840 -2 -1.99641
33841 -2 -1.99641
33842 -2 -1.99641
33843 -2 -1.99641
33844 -2 -1.99641
33845 -2 -1.99641
33846 -2 -1.99641
33847 -2 -1.99641
33848 -2 -1.99641
33849 -2 -1.99641
33850 -2 -1.99641
33851 -2 -1.99641
33852 -2 -1.99641
33853 -1.98 -1.99641
33854 -2 -1.99641
33855 -2 -1.99641
33856 -2 -1.99641
33857 -2 -1.99641
33858 -2 -1.99641
33859 -2 -1.99641
33860 -2 -1.99641
33861 -2 -1.99641
33862 -1.98 -1.99641
33863 -2 -1.99641
33864 -2 -1.99641
33865 -2 -1.99641
33866 -2 -1.99641
33867 -2 -1.99641
33868 -2 -1.99641
33869 -2 -1.99641
33870 -2 -1.99641
33871 -2 -1.99641
33872 -2 -1.99641
33873 -2 -1.99641
33874 -2 -1.99641
33875 -2 -1.99641
33876 -2 -1.99641
33877 -2 -1.99641
33878 -2 -1.99641
33879 -2 -1.99641
33880 -2 -1.99642
33881 -2 -1.99642
33882 -2 -1.99642
33883 -1.98 -1.99641
33884 -1.98 -1.99641
33885 -1.98 -1.99641
33886 -1.98 -1.99641
33887 -2 -1.99641
33888 -2 -1.99641
33889 -2 -1.99641
33890 -2 -1.99641
33891 -2 -1.99641
33892 -2 -1.99641
33893 -2 -1.99641
33894 -2 -1.99641
33895 -2 -1.99641
33896 -2 -1.99641
33897 -2 -1.99641
33898 -2 -1.99641
33899 -2 -1.99641
33900 -2 -1.99641
33901 -2 -1.99641
33902 -2 -1.99642
33903 -2 -1.99642
33904 -2 -1.99642
33905 -2 -1.99642
33906 -2 -1.99642
33907 -2 -1.99642
33908 -2 -1.99642
33909 -2 -1.99642
33910 -2 -1.99642
33911 -2 -1.99642
33912 -2 -1.99642
33913 -2 -1.99642
33914 -2 -1.99642
33915 -2 -1.99642
33916 -2 -1.99642
33917 -2 -1.99642
33918 -2 -1.99642
33919 -2 -1.99642
33920 -2 -1.99642
33921 -2 -1.99642
33922 -2 -1.99642
33923 -2 -1.99642
33924 -2 -1.99642
33925 -2 -1.99642
33926 -2 -1.99642
33927 -2 -1.99642
33928 -2 -1.99642
33929 -2 -1.99642
33930 -2 -1.99642
33931 -2 -1.99642
33932 -2 -1.99642
33933 -2 -1.99642
33934 -2 -1.99642
33935 -2 -1.99642
33936 -2 -1.99642
33937 -2 -1.99642
33938 -2 -1.99642
33939 -2 -1.99642
33940 -2 -1.99642
33941 -1.98 -1.99642
33942 -2 -1.99642
33943 -2 -1.99642
33944 -2 -1.99642
33945 -2 -1.99642
33946 -2 -1.99642
33947 -2 -1.99642
33948 -2 -1.99642
33949 -2 -1.99642
33950 -2 -1.99642
33951 -2 -1.99642
33952 -2 -1.99642
33953 -2 -1.99642
33954 -1.98 -1.99642
33955 -1.98 -1.99642
33956 -2 -1.99642
33957 -2 -1.99642
33958 -2 -1.99642
33959 -1.98 -1.99642
33960 -1.98 -1.99642
33961 -2 -1.99642
33962 -2 -1.99642
33963 -2 -1.99642
33964 -2 -1.99642
33965 -2 -1.99642
33966 -2 -1.99642
33967 -2 -1.99642
33968 -2 -1.99642
33969 -2 -1.99642
33970 -2 -1.99642
33971 -2 -1.99642
33972 -2 -1.99642
33973 -2 -1.99642
33974 -1.98 -1.99642
33975 -1.98 -1.99642
33976 -2 -1.99642
33977 -2 -1.99642
33978 -2 -1.99642
33979 -1.98 -1.99642
33980 -1.98 -1.99642
33981 -1.98 -1.99642
33982 -1.98 -1.99642
33983 -2 -1.99642
33984 -2 -1.99642
33985 -2 -1.99642
33986 -1.98 -1.99642
33987 -2 -1.99642
33988 -2 -1.99642
33989 -2 -1.99642
33990 -2 -1.99642
33991 -2 -1.99642
33992 -2 -1.99642
33993 -2 -1.99642
33994 -2 -1.99642
33995 -2 -1.99642
33996 -2 -1.99642
33997 -2 -1.99642
33998 -2 -1.99642
33999 -2 -1.99642
34000 -2 -1.99642
34001 -2 -1.99642
34002 -2 -1.99642
34003 -2 -1.99642
34004 -2 -1.99642
34005 -2 -1.99642
34006 -2 -1.99642
34007 -2 -1.99642
34008 -2 -1.99642
34009 -2 -1.99642
34010 -2 -1.99642
34011 -2 -1.99642
34012 -2 -1.99642
34013 -2 -1.99642
34014 -2 -1.99642
34015 -2 -1.99642
34016 -2 -1.99642
34017 -2 -1.99642
34018 -2 -1.99642
34019 -2 -1.99642
34020 -2 -1.99642
34021 -2 -1.99642
34022 -2 -1.99642
34023 -2 -1.99642
34024 -2 -1.99642
34025 -2 -1.99642
34026 -2 -1.99642
34027 -2 -1.99642
34028 -1.98 -1.99642
34029 -1.96 -1.99642
34030 -1.96 -1.99642
34031 -2 -1.99642
34032 -2 -1.99642
34033 -2 -1.99642
34034 -2 -1.99642
34035 -2 -1.99642
34036 -2 -1.99642
34037 -2 -1.99642
34038 -2 -1.99642
34039 -2 -1.99642
34040 -2 -1.99642
34041 -2 -1.99642
34042 -2 -1.99642
34043 -2 -1.99642
34044 -2 -1.99642
34045 -2 -1.99642
34046 -2 -1.99642
34047 -2 -1.99642
34048 -2 -1.99642
34049 -2 -1.99642
34050 -2 -1.99642
34051 -2 -1.99642
34052 -2 -1.99642
34053 -2 -1.99642
34054 -1.98 -1.99642
34055 -2 -1.99642
34056 -2 -1.99642
34057 -2 -1.99642
34058 -2 -1.99642
34059 -1.98 -1.99642
34060 -2 -1.99642
34061 -2 -1.99642
34062 -2 -1.99642
34063 -2 -1.99642
34064 -1.98 -1.99642
34065 -2 -1.99642
34066 -2 -1.99642
34067 -2 -1.99642
34068 -2 -1.99642
34069 -2 -1.99642
34070 -2 -1.99642
34071 -2 -1.99642
34072 -2 -1.99642
34073 -2 -1.99642
34074 -2 -1.99642
34075 -2 -1.99642
34076 -2 -1.99642
34077 -2 -1.99642
34078 -2 -1.99642
34079 -2 -1.99642
34080 -1.98 -1.99642
34081 -1.98 -1.99642
34082 -2 -1.99642
34083 -1.98 -1.99642
34084 -1.98 -1.99642
34085 -1.96 -1.99642
34086 -1.98 -1.99642
34087 -2 -1.99642
34088 -2 -1.99642
34089 -2 -1.99642
34090 -2 -1.99642
34091 -2 -1.99642
34092 -2 -1.99642
34093 -2 -1.99642
34094 -2 -1.99642
34095 -2 -1.99642
34096 -2 -1.99642
34097 -2 -1.99642
34098 -2 -1.99642
34099 -2 -1.99642
34100 -2 -1.99642
34101 -2 -1.99642
34102 -1.98 -1.99642
34103 -2 -1.99642
34104 -2 -1.99642
34105 -2 -1.99642
34106 -2 -1.99642
34107 -2 -1.99642
34108 -2 -1.99642
34109 -2 -1.99642
34110 -2 -1.99642
34111 -2 -1.99642
34112 -2 -1.99642
34113 -2 -1.99642
34114 -2 -1.99642
34115 -2 -1.99642
34116 -2 -1.99642
34117 -2 -1.99642
34118 -2 -1.99642
34119 -2 -1.99642
34120 -2 -1.99642
34121 -2 -1.99642
34122 -2 -1.99642
34123 -2 -1.99642
34124 -2 -1.99642
34125 -2 -1.99642
34126 -2 -1.99642
34127 -2 -1.99642
34128 -2 -1.99642
34129 -2 -1.99642
34130 -2 -1.99642
34131 -2 -1.99642
34132 -2 -1.99642
34133 -2 -1.99642
34134 -2 -1.99642
34135 -2 -1.99642
34136 -2 -1.99642
34137 -2 -1.99642
34138 -2 -1.99642
34139 -2 -1.99642
34140 -1.98 -1.99642
34141 -2 -1.99642
34142 -2 -1.99642
34143 -2 -1.99642
34144 -2 -1.99642
34145 -2 -1.99642
34146 -2 -1.99642
34147 -2 -1.99642
34148 -2 -1.99642
34149 -2 -1.99642
34150 -2 -1.99642
34151 -2 -1.99642
34152 -2 -1.99642
34153 -1.98 -1.99642
34154 -1.98 -1.99642
34155 -1.98 -1.99642
34156 -1.98 -1.99642
34157 -1.98 -1.99642
34158 -2 -1.99642
34159 -2 -1.99642
34160 -2 -1.99642
34161 -1.98 -1.99642
34162 -1.98 -1.99642
34163 -2 -1.99642
34164 -2 -1.99642
34165 -2 -1.99642
34166 -1.98 -1.99642
34167 -2 -1.99642
34168 -2 -1.99642
34169 -1.98 -1.99642
34170 -2 -1.99642
34171 -2 -1.99642
34172 -2 -1.99642
34173 -2 -1.99642
34174 -2 -1.99642
34175 -2 -1.99642
34176 -2 -1.99642
34177 -1.98 -1.99642
34178 -2 -1.99642
34179 -2 -1.99642
34180 -2 -1.99642
34181 -2 -1.99642
34182 -2 -1.99642
34183 -2 -1.99642
34184 -2 -1.99642
34185 -2 -1.99642
34186 -2 -1.99642
34187 -2 -1.99642
34188 -2 -1.99642
34189 -2 -1.99642
34190 -2 -1.99642
34191 -2 -1.99642
34192 -2 -1.99642
34193 -2 -1.99642
34194 -1.98 -1.99642
34195 -1.98 -1.99642
34196 -1.98 -1.99642
34197 -1.98 -1.99642
34198 -2 -1.99642
34199 -2 -1.99642
34200 -2 -1.99642
34201 -2 -1.99642
34202 -2 -1.99642
34203 -2 -1.99642
34204 -2 -1.99642
34205 -2 -1.99642
34206 -2 -1.99642
34207 -2 -1.99642
34208 -2 -1.99642
34209 -2 -1.99642
34210 -2 -1.99642
34211 -2 -1.99642
34212 -2 -1.99642
34213 -1.98 -1.99642
34214 -2 -1.99642
34215 -2 -1.99642
34216 -2 -1.99642
34217 -2 -1.99642
34218 -2 -1.99642
34219 -2 -1.99642
34220 -2 -1.99642
34221 -2 -1.99642
34222 -2 -1.99642
34223 -2 -1.99642
34224 -2 -1.99642
34225 -2 -1.99642
34226 -2 -1.99642
34227 -2 -1.99642
34228 -2 -1.99642
34229 -2 -1.99642
34230 -2 -1.99642
34231 -2 -1.99642
34232 -2 -1.99642
34233 -2 -1.99642
34234 -2 -1.99642
34235 -2 -1.99642
34236 -2 -1.99642
34237 -2 -1.99642
34238 -2 -1.99642
34239 -1.98 -1.99642
34240 -2 -1.99642
34241 -2 -1.99642
34242 -2 -1.99642
34243 -2 -1.99642
34244 -2 -1.99642
34245 -2 -1.99642
34246 -1.98 -1.99642
34247 -1.98 -1.99642
34248 -2 -1.99642
34249 -2 -1.99642
34250 -1.98 -1.99642
34251 -2 -1.99642
34252 -2 -1.99642
34253 -2 -1.99642
34254 -2 -1.99642
34255 -2 -1.99642
34256 -2 -1.99642
34257 -2 -1.99642
34258 -2 -1.99642
34259 -2 -1.99642
34260 -1.98 -1.99642
34261 -2 -1.99642
34262 -2 -1.99642
34263 -2 -1.99642
34264 -2 -1.99642
34265 -2 -1.99642
34266 -2 -1.99642
34267 -2 -1.99642
34268 -2 -1.99642
34269 -2 -1.99642
34270 -2 -1.99642
34271 -2 -1.99643
34272 -2 -1.99643
34273 -2 -1.99643
34274 -2 -1.99643
34275 -2 -1.99643
34276 -2 -1.99643
34277 -2 -1.99643
34278 -2 -1.99643
34279 -2 -1.99643
34280 -2 -1.99643
34281 -1.98 -1.99643
34282 -2 -1.99643
34283 -2 -1.99643
34284 -2 -1.99643
34285 -2 -1.99643
34286 -2 -1.99643
34287 -2 -1.99643
34288 -1.98 -1.99643
34289 -2 -1.99643
34290 -2 -1.99643
34291 -2 -1.99643
34292 -2 -1.99643
34293 -2 -1.99643
34294 -2 -1.99643
34295 -2 -1.99643
34296 -2 -1.99643
34297 -2 -1.99643
34298 -2 -1.99643
34299 -2 -1.99643
34300 -2 -1.99643
34301 -2 -1.99643
34302 -2 -1.99643
34303 -2 -1.99643
34304 -2 -1.99643
34305 -2 -1.99643
34306 -2 -1.99643
34307 -2 -1.99643
34308 -2 -1.99643
34309 -1.98 -1.99643
34310 -2 -1.99643
34311 -2 -1.99643
34312 -2 -1.99643
34313 -2 -1.99643
34314 -2 -1.99643
34315 -2 -1.99643
34316 -2 -1.99643
34317 -2 -1.99643
34318 -2 -1.99643
34319 -2 -1.99643
34320 -2 -1.99643
34321 -2 -1.99643
34322 -2 -1.99643
34323 -2 -1.99643
34324 -2 -1.99643
34325 -2 -1.99643
34326 -2 -1.99643
34327 -2 -1.99643
34328 -2 -1.99643
34329 -2 -1.99643
34330 -2 -1.99643
34331 -2 -1.99643
34332 -2 -1.99643
34333 -2 -1.99643
34334 -2 -1.99643
34335 -2 -1.99643
34336 -2 -1.99643
34337 -1.98 -1.99643
34338 -1.98 -1.99643
34339 -2 -1.99643
34340 -2 -1.99643
34341 -2 -1.99643
34342 -2 -1.99643
34343 -2 -1.99643
34344 -2 -1.99643
34345 -2 -1.99643
34346 -2 -1.99643
34347 -2 -1.99643
34348 -2 -1.99643
34349 -2 -1.99643
34350 -2 -1.99643
34351 -2 -1.99643
34352 -2 -1.99643
34353 -2 -1.99643
34354 -2 -1.99643
34355 -2 -1.99643
34356 -2 -1.99643
34357 -2 -1.99643
34358 -2 -1.99643
34359 -2 -1.99643
34360 -2 -1.99643
34361 -2 -1.99643
34362 -2 -1.99643
34363 -2 -1.99643
34364 -2 -1.99643
34365 -2 -1.99643
34366 -2 -1.99643
34367 -2 -1.99643
34368 -1.98 -1.99643
34369 -2 -1.99643
34370 -2 -1.99643
34371 -2 -1.99643
34372 -2 -1.99643
34373 -2 -1.99643
34374 -2 -1.99643
34375 -2 -1.99643
34376 -2 -1.99643
34377 -2 -1.99643
34378 -2 -1.99643
34379 -2 -1.99643
34380 -2 -1.99643
34381 -2 -1.99643
34382 -1.98 -1.99643
34383 -1.98 -1.99643
34384 -2 -1.99643
34385 -2 -1.99643
34386 -2 -1.99643
34387 -2 -1.99643
34388 -2 -1.99643
34389 -2 -1.99643
34390 -2 -1.99643
34391 -2 -1.99643
34392 -2 -1.99643
34393 -2 -1.99643
34394 -2 -1.99643
34395 -1.98 -1.99643
34396 -1.98 -1.99643
34397 -2 -1.99643
34398 -2 -1.99643
34399 -2 -1.99643
34400 -2 -1.99643
34401 -2 -1.99643
34402 -2 -1.99643
34403 -2 -1.99643
34404 -2 -1.99643
34405 -2 -1.99643
34406 -1.98 -1.99643
34407 -2 -1.99643
34408 -2 -1.99643
34409 -2 -1.99643
34410 -1.98 -1.99643
34411 -1.98 -1.99643
34412 -1.98 -1.99643
34413 -2 -1.99643
34414 -2 -1.99643
34415 -2 -1.99643
34416 -2 -1.99643
34417 -2 -1.99643
34418 -2 -1.99643
34419 -2 -1.99643
34420 -2 -1.99643
34421 -2 -1.99643
34422 -2 -1.99643
34423 -1.98 -1.99643
34424 -2 -1.99643
34425 -2 -1.99643
34426 -2 -1.99643
34427 -2 -1.99643
34428 -2 -1.99643
34429 -2 -1.99643
34430 -2 -1.99643
34431 -2 -1.99643
34432 -2 -1.99643
34433 -2 -1.99643
34434 -2 -1.99643
34435 -1.98 -1.99643
34436 -1.98 -1.99643
34437 -2 -1.99643
34438 -2 -1.99643
34439 -2 -1.99643
34440 -2 -1.99643
34441 -2 -1.99643
34442 -2 -1.99643
34443 -2 -1.99643
34444 -2 -1.99643
34445 -2 -1.99643
34446 -2 -1.99643
34447 -2 -1.99643
34448 -2 -1.99643
34449 -2 -1.99643
34450 -2 -1.99643
34451 -2 -1.99643
34452 -1.98 -1.99643
34453 -2 -1.99643
34454 -2 -1.99643
34455 -2 -1.99643
34456 -2 -1.99643
34457 -2 -1.99643
34458 -2 -1.99643
34459 -2 -1.99643
34460 -2 -1.99643
34461 -2 -1.99643
34462 -1.98 -1.99643
34463 -2 -1.99643
34464 -2 -1.99643
34465 -2 -1.99643
34466 -2 -1.99643
34467 -2 -1.99643
34468 -2 -1.99643
34469 -2 -1.99643
34470 -2 -1.99643
34471 -2 -1.99643
34472 -2 -1.99643
34473 -2 -1.99643
34474 -2 -1.99644
34475 -2 -1.99644
34476 -2 -1.99644
34477 -2 -1.99644
34478 -2 -1.99644
34479 -2 -1.99644
34480 -2 -1.99644
34481 -2 -1.99644
34482 -2 -1.99644
34483 -2 -1.99644
34484 -2 -1.99644
34485 -2 -1.99644
34486 -2 -1.99644
34487 -2 -1.99644
34488 -2 -1.99644
34489 -2 -1.99644
34490 -2 -1.99644
34491 -2 -1.99644
34492 -2 -1.99644
34493 -2 -1.99644
34494 -2 -1.99644
34495 -2 -1.99644
34496 -2 -1.99644
34497 -2 -1.99644
34498 -2 -1.99644
34499 -2 -1.99644
34500 -2 -1.99644
34501 -2 -1.99644
34502 -2 -1.99644
34503 -2 -1.99644
34504 -2 -1.99644
34505 -2 -1.99644
34506 -1.98 -1.99644
34507 -1.98 -1.99644
34508 -2 -1.99644
34509 -1.98 -1.99644
34510 -1.98 -1.99644
34511 -2 -1.99644
34512 -2 -1.99644
34513 -2 -1.99644
34514 -2 -1.99644
34515 -2 -1.99644
34516 -1.98 -1.99644
34517 -2 -1.99644
34518 -2 -1.99644
34519 -2 -1.99644
34520 -2 -1.99644
34521 -2 -1.99644
34522 -2 -1.99644
34523 -2 -1.99644
34524 -1.98 -1.99644
34525 -2 -1.99644
34526 -1.98 -1.99644
34527 -1.98 -1.99644
34528 -1.98 -1.99644
34529 -2 -1.99644
34530 -2 -1.99644
34531 -2 -1.99644
34532 -2 -1.99644
34533 -2 -1.99644
34534 -2 -1.99644
34535 -2 -1.99644
34536 -1.98 -1.99644
34537 -2 -1.99644
34538 -2 -1.99644
34539 -2 -1.99644
34540 -2 -1.99644
34541 -2 -1.99644
34542 -1.98 -1.99644
34543 -1.98 -1.99644
34544 -1.96 -1.99643
34545 -2 -1.99643
34546 -2 -1.99643
34547 -2 -1.99643
34548 -2 -1.99643
34549 -2 -1.99643
34550 -2 -1.99643
34551 -2 -1.99643
34552 -2 -1.99644
34553 -2 -1.99644
34554 -2 -1.99644
34555 -2 -1.99644
34556 -2 -1.99644
34557 -2 -1.99644
34558 -2 -1.99644
34559 -2 -1.99644
34560 -2 -1.99644
34561 -2 -1.99644
34562 -2 -1.99644
34563 -1.98 -1.99644
34564 -2 -1.99644
34565 -2 -1.99644
34566 -2 -1.99644
34567 -2 -1.99644
34568 -2 -1.99644
34569 -2 -1.99644
34570 -2 -1.99644
34571 -2 -1.99644
34572 -2 -1.99644
34573 -2 -1.99644
34574 -2 -1.99644
34575 -2 -1.99644
34576 -2 -1.99644
34577 -2 -1.99644
34578 -2 -1.99644
34579 -2 -1.99644
34580 -2 -1.99644
34581 -2 -1.99644
34582 -2 -1.99644
34583 -2 -1.99644
34584 -2 -1.99644
34585 -2 -1.99644
34586 -2 -1.99644
34587 -2 -1.99644
34588 -2 -1.99644
34589 -2 -1.99644
34590 -2 -1.99644
34591 -2 -1.99644
34592 -2 -1.99644
34593 -2 -1.99644
34594 -2 -1.99644
34595 -2 -1.99644
34596 -2 -1.99644
34597 -2 -1.99644
34598 -2 -1.99644
34599 -2 -1.99644
34600 -2 -1.99644
34601 -2 -1.99644
34602 -2 -1.99644
34603 -2 -1.99644
34604 -2 -1.99644
34605 -2 -1.99644
34606 -2 -1.99644
34607 -2 -1.99644
34608 -1.98 -1.99644
34609 -1.98 -1.99644
34610 -2 -1.99644
34611 -2 -1.99644
34612 -2 -1.99644
34613 -2 -1.99644
34614 -2 -1.99644
34615 -1.98 -1.99644
34616 -1.98 -1.99644
34617 -2 -1.99644
34618 -2 -1.99644
34619 -2 -1.99644
34620 -2 -1.99644
34621 -2 -1.99644
34622 -2 -1.99644
34623 -2 -1.99644
34624 -2 -1.99644
34625 -2 -1.99644
34626 -2 -1.99644
34627 -2 -1.99644
34628 -2 -1.99644
34629 -2 -1.99644
34630 -2 -1.99644
34631 -2 -1.99644
34632 -1.98 -1.99644
34633 -2 -1.99644
34634 -2 -1.99644
34635 -2 -1.99644
34636 -1.98 -1.99644
34637 -1.98 -1.99644
34638 -1.98 -1.99644
34639 -2 -1.99644
34640 -2 -1.99644
34641 -2 -1.99644
34642 -2 -1.99644
34643 -2 -1.99644
34644 -2 -1.99644
34645 -2 -1.99644
34646 -1.98 -1.99644
34647 -1.98 -1.99644
34648 -2 -1.99644
34649 -2 -1.99644
34650 -2 -1.99644
34651 -2 -1.99644
34652 -2 -1.99644
34653 -2 -1.99644
34654 -2 -1.99644
34655 -2 -1.99644
34656 -2 -1.99644
34657 -2 -1.99644
34658 -2 -1.99644
34659 -1.98 -1.99644
34660 -2 -1.99644
34661 -2 -1.99644
34662 -2 -1.99644
34663 -2 -1.99644
34664 -2 -1.99644
34665 -2 -1.99644
34666 -2 -1.99644
34667 -2 -1.99644
34668 -2 -1.99644
34669 -2 -1.99644
34670 -2 -1.99644
34671 -2 -1.99644
34672 -2 -1.99644
34673 -2 -1.99644
34674 -2 -1.99644
34675 -2 -1.99644
34676 -2 -1.99644
34677 -2 -1.99644
34678 -2 -1.99644
34679 -2 -1.99644
34680 -2 -1.99644
34681 -2 -1.99644
34682 -2 -1.99644
34683 -2 -1.99644
34684 -2 -1.99644
34685 -2 -1.99644
34686 -2 -1.99644
34687 -2 -1.99644
34688 -2 -1.99644
34689 -2 -1.99644
34690 -2 -1.99644
34691 -2 -1.99644
34692 -2 -1.99644
34693 -2 -1.99644
34694 -2 -1.99644
34695 -2 -1.99644
34696 -2 -1.99644
34697 -2 -1.99644
34698 -2 -1.99644
34699 -2 -1.99644
34700 -2 -1.99644
34701 -2 -1.99644
34702 -2 -1.99644
34703 -2 -1.99644
34704 -2 -1.99644
34705 -2 -1.99644
34706 -2 -1.99644
34707 -2 -1.99644
34708 -2 -1.99644
34709 -2 -1.99644
34710 -2 -1.99644
34711 -2 -1.99644
34712 -2 -1.99644
34713 -2 -1.99644
34714 -2 -1.99644
34715 -2 -1.99644
34716 -2 -1.99644
34717 -2 -1.99645
34718 -2 -1.99645
34719 -2 -1.99645
34720 -2 -1.99645
34721 -2 -1.99645
34722 -2 -1.99645
34723 -1.98 -1.99645
34724 -1.98 -1.99644
34725 -2 -1.99644
34726 -2 -1.99644
34727 -2 -1.99644
34728 -2 -1.99645
34729 -2 -1.99645
34730 -2 -1.99645
34731 -2 -1.99645
34732 -2 -1.99645
34733 -2 -1.99645
34734 -2 -1.99645
34735 -2 -1.99645
34736 -2 -1.99645
34737 -2 -1.99645
34738 -2 -1.99645
34739 -2 -1.99645
34740 -2 -1.99645
34741 -2 -1.99645
34742 -2 -1.99645
34743 -2 -1.99645
34744 -2 -1.99645
34745 -2 -1.99645
34746 -1.98 -1.99645
34747 -2 -1.99645
34748 -2 -1.99645
34749 -2 -1.99645
34750 -2 -1.99645
34751 -2 -1.99645
34752 -2 -1.99645
34753 -2 -1.99645
34754 -2 -1.99645
34755 -2 -1.99645
34756 -2 -1.99645
34757 -2 -1.99645
34758 -2 -1.99645
34759 -2 -1.99645
34760 -2 -1.99645
34761 -2 -1.99645
34762 -2 -1.99645
34763 -2 -1.99645
34764 -2 -1.99645
34765 -1.98 -1.99645
34766 -2 -1.99645
34767 -2 -1.99645
34768 -2 -1.99645
34769 -2 -1.99645
34770 -2 -1.99645
34771 -2 -1.99645
34772 -2 -1.99645
34773 -2 -1.99645
34774 -2 -1.99645
34775 -2 -1.99645
34776 -2 -1.99645
34777 -2 -1.99645
34778 -2 -1.99645
34779 -2 -1.99645
34780 -2 -1.99645
34781 -2 -1.99645
34782 -2 -1.99645
34783 -2 -1.99645
34784 -2 -1.99645
34785 -2 -1.99645
34786 -2 -1.99645
34787 -2 -1.99645
34788 -2 -1.99645
34789 -2 -1.99645
34790 -2 -1.99645
34791 -2 -1.99645
34792 -2 -1.99645
34793 -2 -1.99645
34794 -2 -1.99645
34795 -2 -1.99645
34796 -2 -1.99645
34797 -2 -1.99645
34798 -2 -1.99645
34799 -2 -1.99645
34800 -1.98 -1.99645
34801 -1.98 -1.99645
34802 -2 -1.99645
34803 -2 -1.99645
34804 -1.98 -1.99645
34805 -1.98 -1.99645
34806 -1.98 -1.99645
34807 -2 -1.99645
34808 -2 -1.99645
34809 -2 -1.99645
34810 -1.98 -1.99645
34811 -1.98 -1.99645
34812 -1.98 -1.99645
34813 -2 -1.99645
34814 -2 -1.99645
34815 -2 -1.99645
34816 -2 -1.99645
34817 -2 -1.99645
34818 -2 -1.99645
34819 -2 -1.99645
34820 -2 -1.99645
34821 -2 -1.99645
34822 -2 -1.99645
34823 -2 -1.99645
34824 -2 -1.99645
34825 -2 -1.99645
34826 -1.98 -1.99645
34827 -1.98 -1.99645
34828 -2 -1.99645
34829 -2 -1.99645
34830 -2 -1.99645
34831 -2 -1.99645
34832 -2 -1.99645
34833 -2 -1.99645
34834 -2 -1.99645
34835 -2 -1.99645
34836 -2 -1.99645
34837 -2 -1.99645
34838 -2 -1.99645
34839 -2 -1.99645
34840 -2 -1.99645
34841 -2 -1.99645
34842 -2 -1.99645
34843 -2 -1.99645
34844 -2 -1.99645
34845 -2 -1.99645
34846 -2 -1.99645
34847 -2 -1.99645
34848 -2 -1.99645
34849 -2 -1.99645
34850 -1.98 -1.99645
34851 -2 -1.99645
34852 -2 -1.99645
34853 -2 -1.99645
34854 -2 -1.99645
34855 -2 -1.99645
34856 -1.98 -1.99645
34857 -1.98 -1.99645
34858 -1.98 -1.99645
34859 -2 -1.99645
34860 -1.98 -1.99645
34861 -2 -1.99645
34862 -2 -1.99645
34863 -2 -1.99645
34864 -2 -1.99645
34865 -2 -1.99645
34866 -2 -1.99645
34867 -2 -1.99645
34868 -2 -1.99645
34869 -1.98 -1.99645
34870 -2 -1.99645
34871 -2 -1.99645
34872 -2 -1.99645
34873 -2 -1.99645
34874 -2 -1.99645
34875 -2 -1.99645
34876 -2 -1.99645
34877 -2 -1.99645
34878 -2 -1.99645
34879 -2 -1.99645
34880 -2 -1.99645
34881 -2 -1.99645
34882 -2 -1.99645
34883 -2 -1.99645
34884 -2 -1.99645
34885 -1.98 -1.99645
34886 -1.98 -1.99645
34887 -1.98 -1.99645
34888 -2 -1.99645
34889 -2 -1.99645
34890 -2 -1.99645
34891 -2 -1.99645
34892 -2 -1.99645
34893 -2 -1.99645
34894 -2 -1.99645
34895 -2 -1.99645
34896 -2 -1.99645
34897 -2 -1.99645
34898 -2 -1.99645
34899 -2 -1.99645
34900 -2 -1.99645
34901 -2 -1.99645
34902 -2 -1.99645
34903 -2 -1.99645
34904 -2 -1.99645
34905 -2 -1.99645
34906 -2 -1.99645
34907 -2 -1.99645
34908 -2 -1.99645
34909 -2 -1.99645
34910 -2 -1.99645
34911 -2 -1.99645
34912 -2 -1.99645
34913 -2 -1.99645
34914 -2 -1.99645
34915 -2 -1.99645
34916 -2 -1.99645
34917 -2 -1.99645
34918 -2 -1.99645
34919 -2 -1.99645
34920 -2 -1.99645
34921 -2 -1.99645
34922 -2 -1.99645
34923 -2 -1.99645
34924 -2 -1.99645
34925 -2 -1.99645
34926 -2 -1.99645
34927 -2 -1.99645
34928 -2 -1.99645
34929 -2 -1.99645
34930 -2 -1.99645
34931 -2 -1.99645
34932 -2 -1.99645
34933 -2 -1.99645
34934 -2 -1.99645
34935 -2 -1.99645
34936 -2 -1.99645
34937 -2 -1.99645
34938 -2 -1.99645
34939 -2 -1.99645
34940 -2 -1.99645
34941 -1.98 -1.99645
34942 -1.98 -1.99645
34943 -1.98 -1.99645
34944 -1.98 -1.99645
34945 -2 -1.99645
34946 -2 -1.99645
34947 -2 -1.99645
34948 -2 -1.99645
34949 -2 -1.99645
34950 -2 -1.99645
34951 -2 -1.99645
34952 -2 -1.99645
34953 -2 -1.99645
34954 -2 -1.99645
34955 -2 -1.99645
34956 -2 -1.99645
34957 -2 -1.99645
34958 -2 -1.99645
34959 -2 -1.99645
34960 -2 -1.99645
34961 -2 -1.99645
34962 -2 -1.99645
34963 -2 -1.99645
34964 -1.98 -1.99645
34965 -2 -1.99645
34966 -1.98 -1.99645
34967 -1.98 -1.99645
34968 -2 -1.99645
34969 -2 -1.99645
34970 -2 -1.99645
34971 -2 -1.99645
34972 -2 -1.99645
34973 -2 -1.99645
34974 -2 -1.99645
34975 -2 -1.99645
34976 -2 -1.99645
34977 -2 -1.99645
34978 -2 -1.99645
34979 -2 -1.99645
34980 -2 -1.99645
34981 -2 -1.99645
34982 -2 -1.99645
34983 -2 -1.99645
34984 -1.98 -1.99645
34985 -2 -1.99645
34986 -2 -1.99645
34987 -2 -1.99645
34988 -2 -1.99645
34989 -2 -1.99645
34990 -2 -1.99646
34991 -2 -1.99646
34992 -2 -1.99646
34993 -2 -1.99646
34994 -2 -1.99646
34995 -2 -1.99646
34996 -2 -1.99646
34997 -2 -1.99646
34998 -2 -1.99646
34999 -1.98 -1.99646
35000 -1.97 -1.99645
35001 -1.97 -1.99645
35002 -1.94 -1.99645
35003 -1.94 -1.99645
35004 -1.98 -1.99645
35005 -2 -1.99645
35006 -1.98 -1.99645
35007 -1.98 -1.99645
35008 -2 -1.99645
35009 -2 -1.99645
35010 -2 -1.99645
35011 -2 -1.99645
35012 -2 -1.99645
35013 -2 -1.99645
35014 -2 -1.99645
35015 -2 -1.99645
35016 -2 -1.99645
35017 -2 -1.99645
35018 -2 -1.99645
35019 -2 -1.99645
35020 -2 -1.99645
35021 -2 -1.99645
35022 -2 -1.99645
35023 -2 -1.99645
35024 -2 -1.99645
35025 -2 -1.99645
35026 -2 -1.99645
35027 -2 -1.99645
35028 -2 -1.99645
35029 -2 -1.99645
35030 -2 -1.99645
35031 -2 -1.99645
35032 -2 -1.99645
35033 -1.98 -1.99645
35034 -1.98 -1.99645
35035 -2 -1.99645
35036 -2 -1.99645
35037 -2 -1.99645
35038 -2 -1.99645
35039 -2 -1.99645
35040 -2 -1.99645
35041 -2 -1.99645
35042 -2 -1.99645
35043 -2 -1.99645
35044 -2 -1.99645
35045 -2 -1.99645
35046 -2 -1.99645
35047 -2 -1.99645
35048 -2 -1.99645
35049 -2 -1.99645
35050 -2 -1.99645
35051 -2 -1.99645
35052 -2 -1.99645
35053 -2 -1.99645
35054 -2 -1.99645
35055 -2 -1.99645
35056 -1.98 -1.99645
35057 -1.98 -1.99645
35058 -1.96 -1.99645
35059 -1.98 -1.99645
35060 -1.98 -1.99645
35061 -1.98 -1.99645
35062 -1.98 -1.99645
35063 -1.98 -1.99645
35064 -2 -1.99645
35065 -2 -1.99645
35066 -2 -1.99645
35067 -2 -1.99645
35068 -2 -1.99645
35069 -2 -1.99645
35070 -1.98 -1.99645
35071 -1.98 -1.99645
35072 -1.98 -1.99645
35073 -2 -1.99645
35074 -2 -1.99645
35075 -2 -1.99645
35076 -2 -1.99645
35077 -2 -1.99645
35078 -2 -1.99645
35079 -2 -1.99645
35080 -2 -1.99645
35081 -1.98 -1.99645
35082 -1.98 -1.99645
35083 -1.98 -1.99645
35084 -2 -1.99645
35085 -2 -1.99645
35086 -1.98 -1.99645
35087 -2 -1.99645
35088 -2 -1.99645
35089 -2 -1.99645
35090 -2 -1.99645
35091 -2 -1.99645
35092 -2 -1.99645
35093 -1.98 -1.99645
35094 -2 -1.99645
35095 -2 -1.99645
35096 -2 -1.99645
35097 -1.98 -1.99645
35098 -1.98 -1.99645
35099 -1.98 -1.99645
35100 -2 -1.99645
35101 -2 -1.99645
35102 -2 -1.99645
35103 -2 -1.99645
35104 -2 -1.99645
35105 -2 -1.99645
35106 -2 -1.99645
35107 -2 -1.99645
35108 -2 -1.99645
35109 -2 -1.99645
35110 -2 -1.99645
35111 -2 -1.99645
35112 -1.98 -1.99645
35113 -1.98 -1.99645
35114 -2 -1.99645
35115 -2 -1.99645
35116 -2 -1.99645
35117 -2 -1.99645
35118 -2 -1.99645
35119 -2 -1.99645
35120 -2 -1.99645
35121 -2 -1.99645
35122 -2 -1.99645
35123 -2 -1.99645
35124 -2 -1.99645
35125 -2 -1.99645
35126 -2 -1.99645
35127 -1.98 -1.99645
35128 -1.98 -1.99645
35129 -1.96 -1.99645
35130 -1.98 -1.99645
35131 -2 -1.99645
35132 -2 -1.99645
35133 -2 -1.99645
35134 -2 -1.99645
35135 -2 -1.99645
35136 -2 -1.99645
35137 -2 -1.99645
35138 -2 -1.99645
35139 -2 -1.99645
35140 -2 -1.99645
35141 -2 -1.99645
35142 -2 -1.99645
35143 -2 -1.99645
35144 -1.98 -1.99645
35145 -2 -1.99645
35146 -1.98 -1.99645
35147 -2 -1.99645
35148 -2 -1.99645
35149 -2 -1.99645
35150 -2 -1.99645
35151 -2 -1.99645
35152 -2 -1.99645
35153 -2 -1.99645
35154 -2 -1.99645
35155 -2 -1.99645
35156 -2 -1.99645
35157 -2 -1.99645
35158 -2 -1.99645
35159 -2 -1.99645
35160 -2 -1.99645
35161 -1.98 -1.99645
35162 -1.98 -1.99645
35163 -2 -1.99645
35164 -2 -1.99645
35165 -2 -1.99645
35166 -2 -1.99645
35167 -2 -1.99645
35168 -2 -1.99645
35169 -2 -1.99645
35170 -2 -1.99645
35171 -1.98 -1.99645
35172 -2 -1.99645
35173 -2 -1.99645
35174 -2 -1.99645
35175 -2 -1.99645
35176 -2 -1.99645
35177 -2 -1.99645
35178 -2 -1.99645
35179 -2 -1.99645
35180 -2 -1.99645
35181 -2 -1.99645
35182 -2 -1.99645
35183 -2 -1.99645
35184 -2 -1.99645
35185 -2 -1.99645
35186 -2 -1.99645
35187 -2 -1.99645
35188 -1.98 -1.99645
35189 -2 -1.99645
35190 -2 -1.99645
35191 -2 -1.99645
35192 -2 -1.99645
35193 -2 -1.99645
35194 -2 -1.99645
35195 -2 -1.99645
35196 -2 -1.99645
35197 -2 -1.99645
35198 -2 -1.99645
35199 -2 -1.99645
35200 -2 -1.99645
35201 -2 -1.99645
35202 -2 -1.99645
35203 -2 -1.99645
35204 -2 -1.99645
35205 -2 -1.99645
35206 -2 -1.99645
35207 -2 -1.99645
35208 -2 -1.99645
35209 -2 -1.99645
35210 -2 -1.99645
35211 -2 -1.99645
35212 -2 -1.99645
35213 -2 -1.99645
35214 -1.98 -1.99645
35215 -1.98 -1.99645
35216 -2 -1.99645
35217 -2 -1.99645
35218 -2 -1.99645
35219 -2 -1.99645
35220 -2 -1.99645
35221 -2 -1.99645
35222 -2 -1.99645
35223 -2 -1.99645
35224 -2 -1.99645
35225 -2 -1.99645
35226 -2 -1.99645
35227 -2 -1.99645
35228 -2 -1.99645
35229 -2 -1.99645
35230 -2 -1.99645
35231 -2 -1.99645
35232 -2 -1.99645
35233 -2 -1.99645
35234 -2 -1.99645
35235 -2 -1.99645
35236 -2 -1.99645
35237 -2 -1.99645
35238 -2 -1.99645
35239 -2 -1.99645
35240 -2 -1.99645
35241 -2 -1.99645
35242 -2 -1.99645
35243 -2 -1.99645
35244 -2 -1.99645
35245 -2 -1.99645
35246 -2 -1.99645
35247 -2 -1.99645
35248 -2 -1.99645
35249 -1.98 -1.99645
35250 -2 -1.99645
35251 -2 -1.99645
35252 -2 -1.99645
35253 -2 -1.99645
35254 -2 -1.99645
35255 -2 -1.99645
35256 -2 -1.99645
35257 -1.98 -1.99645
35258 -2 -1.99645
35259 -2 -1.99645
35260 -2 -1.99645
35261 -2 -1.99645
35262 -2 -1.99645
35263 -2 -1.99645
35264 -2 -1.99645
35265 -2 -1.99645
35266 -2 -1.99645
35267 -2 -1.99645
35268 -2 -1.99645
35269 -2 -1.99645
35270 -2 -1.99645
35271 -2 -1.99645
35272 -2 -1.99645
35273 -2 -1.99645
35274 -2 -1.99645
35275 -2 -1.99645
35276 -2 -1.99645
35277 -1.98 -1.99645
35278 -2 -1.99645
35279 -2 -1.99645
35280 -1.98 -1.99645
35281 -2 -1.99645
35282 -2 -1.99645
35283 -2 -1.99645
35284 -2 -1.99645
35285 -2 -1.99645
35286 -1.96 -1.99645
35287 -1.97 -1.99645
35288 -1.97 -1.99645
35289 -2 -1.99645
35290 -2 -1.99645
35291 -2 -1.99645
35292 -2 -1.99645
35293 -2 -1.99645
35294 -2 -1.99645
35295 -2 -1.99645
35296 -2 -1.99645
35297 -2 -1.99645
35298 -2 -1.99645
35299 -2 -1.99645
35300 -1.98 -1.99645
35301 -2 -1.99645
35302 -2 -1.99645
35303 -2 -1.99645
35304 -2 -1.99645
35305 -2 -1.99645
35306 -2 -1.99645
35307 -2 -1.99645
35308 -2 -1.99645
35309 -2 -1.99645
35310 -2 -1.99645
35311 -2 -1.99645
35312 -2 -1.99645
35313 -2 -1.99645
35314 -2 -1.99645
35315 -2 -1.99645
35316 -2 -1.99645
35317 -2 -1.99645
35318 -2 -1.99645
35319 -2 -1.99645
35320 -2 -1.99645
35321 -2 -1.99645
35322 -2 -1.99645
35323 -1.98 -1.99645
35324 -2 -1.99645
35325 -2 -1.99645
35326 -1.96 -1.99645
35327 -2 -1.99645
35328 -2 -1.99645
35329 -2 -1.99645
35330 -2 -1.99645
35331 -2 -1.99645
35332 -2 -1.99645
35333 -2 -1.99645
35334 -2 -1.99645
35335 -2 -1.99645
35336 -2 -1.99645
35337 -2 -1.99645
35338 -2 -1.99645
35339 -2 -1.99645
35340 -1.98 -1.99645
35341 -2 -1.99645
35342 -2 -1.99645
35343 -2 -1.99645
35344 -2 -1.99645
35345 -2 -1.99645
35346 -2 -1.99645
35347 -2 -1.99645
35348 -2 -1.99645
35349 -2 -1.99645
35350 -2 -1.99645
35351 -2 -1.99646
35352 -2 -1.99646
35353 -2 -1.99646
35354 -2 -1.99646
35355 -2 -1.99646
35356 -2 -1.99646
35357 -2 -1.99646
35358 -2 -1.99646
35359 -2 -1.99646
35360 -2 -1.99646
35361 -1.98 -1.99646
35362 -2 -1.99646
35363 -1.98 -1.99646
35364 -2 -1.99646
35365 -2 -1.99646
35366 -2 -1.99646
35367 -2 -1.99646
35368 -2 -1.99646
35369 -2 -1.99646
35370 -2 -1.99646
35371 -2 -1.99646
35372 -2 -1.99646
35373 -1.98 -1.99646
35374 -2 -1.99646
35375 -2 -1.99646
35376 -2 -1.99646
35377 -2 -1.99646
35378 -2 -1.99646
35379 -2 -1.99646
35380 -2 -1.99646
35381 -2 -1.99646
35382 -1.97 -1.99646
35383 -1.98 -1.99646
35384 -1.98 -1.99645
35385 -2 -1.99645
35386 -2 -1.99645
35387 -2 -1.99646
35388 -2 -1.99646
35389 -2 -1.99646
35390 -2 -1.99646
35391 -2 -1.99646
35392 -2 -1.99646
35393 -2 -1.99646
35394 -2 -1.99646
35395 -2 -1.99646
35396 -2 -1.99646
35397 -2 -1.99646
35398 -1.98 -1.99646
35399 -1.98 -1.99646
35400 -1.98 -1.99645
35401 -2 -1.99645
35402 -2 -1.99645
35403 -2 -1.99645
35404 -2 -1.99646
35405 -2 -1.99646
35406 -2 -1.99646
35407 -2 -1.99646
35408 -2 -1.99646
35409 -2 -1.99646
35410 -2 -1.99646
35411 -2 -1.99646
35412 -2 -1.99646
35413 -2 -1.99646
35414 -1.98 -1.99646
35415 -1.98 -1.99645
35416 -1.98 -1.99645
35417 -2 -1.99645
35418 -2 -1.99645
35419 -2 -1.99645
35420 -2 -1.99645
35421 -2 -1.99646
35422 -2 -1.99646
35423 -2 -1.99646
35424 -2 -1.99646
35425 -2 -1.99646
35426 -2 -1.99646
35427 -2 -1.99646
35428 -2 -1.99646
35429 -2 -1.99646
35430 -2 -1.99646
35431 -2 -1.99646
35432 -2 -1.99646
35433 -2 -1.99646
35434 -2 -1.99646
35435 -2 -1.99646
35436 -2 -1.99646
35437 -2 -1.99646
35438 -2 -1.99646
35439 -2 -1.99646
35440 -1.98 -1.99646
35441 -2 -1.99646
35442 -2 -1.99646
35443 -2 -1.99646
35444 -1.98 -1.99646
35445 -2 -1.99646
35446 -2 -1.99646
35447 -2 -1.99646
35448 -2 -1.99646
35449 -2 -1.99646
35450 -2 -1.99646
35451 -2 -1.99646
35452 -2 -1.99646
35453 -2 -1.99646
35454 -2 -1.99646
35455 -2 -1.99646
35456 -2 -1.99646
35457 -2 -1.99646
35458 -2 -1.99646
35459 -1.98 -1.99646
35460 -2 -1.99646
35461 -2 -1.99646
35462 -2 -1.99646
35463 -2 -1.99646
35464 -2 -1.99646
35465 -2 -1.99646
35466 -2 -1.99646
35467 -2 -1.99646
35468 -2 -1.99646
35469 -2 -1.99646
35470 -2 -1.99646
35471 -1.98 -1.99646
35472 -2 -1.99646
35473 -2 -1.99646
35474 -2 -1.99646
35475 -2 -1.99646
35476 -1.98 -1.99646
35477 -1.98 -1.99646
35478 -2 -1.99646
35479 -2 -1.99646
35480 -2 -1.99646
35481 -2 -1.99646
35482 -2 -1.99646
35483 -2 -1.99646
35484 -2 -1.99646
35485 -2 -1.99646
35486 -2 -1.99646
35487 -2 -1.99646
35488 -2 -1.99646
35489 -2 -1.99646
35490 -2 -1.99646
35491 -2 -1.99646
35492 -2 -1.99646
35493 -2 -1.99646
35494 -2 -1.99646
35495 -2 -1.99646
35496 -2 -1.99646
35497 -2 -1.99646
35498 -2 -1.99646
35499 -2 -1.99646
35500 -2 -1.99646
35501 -2 -1.99646
35502 -2 -1.99646
35503 -2 -1.99646
35504 -2 -1.99646
35505 -2 -1.99646
35506 -2 -1.99646
35507 -2 -1.99646
35508 -2 -1.99646
35509 -1.98 -1.99646
35510 -2 -1.99646
35511 -2 -1.99646
35512 -2 -1.99646
35513 -2 -1.99646
35514 -2 -1.99646
35515 -2 -1.99646
35516 -2 -1.99646
35517 -2 -1.99646
35518 -1.98 -1.99646
35519 -2 -1.99646
35520 -2 -1.99646
35521 -2 -1.99646
35522 -2 -1.99646
35523 -2 -1.99646
35524 -2 -1.99646
35525 -2 -1.99646
35526 -2 -1.99646
35527 -2 -1.99646
35528 -2 -1.99646
35529 -2 -1.99646
35530 -2 -1.99646
35531 -2 -1.99646
35532 -2 -1.99646
35533 -2 -1.99646
35534 -2 -1.99646
35535 -2 -1.99646
35536 -2 -1.99646
35537 -2 -1.99646
35538 -2 -1.99646
35539 -2 -1.99646
35540 -1.98 -1.99646
35541 -1.96 -1.99646
35542 -1.98 -1.99646
35543 -2 -1.99646
35544 -2 -1.99646
35545 -2 -1.99646
35546 -1.98 -1.99646
35547 -1.98 -1.99646
35548 -2 -1.99646
35549 -2 -1.99646
35550 -2 -1.99646
35551 -2 -1.99646
35552 -2 -1.99646
35553 -2 -1.99646
35554 -2 -1.99646
35555 -2 -1.99646
35556 -2 -1.99646
35557 -1.98 -1.99646
35558 -2 -1.99646
35559 -2 -1.99646
35560 -2 -1.99646
35561 -2 -1.99646
35562 -2 -1.99646
35563 -2 -1.99646
35564 -2 -1.99646
35565 -2 -1.99646
35566 -2 -1.99646
35567 -2 -1.99646
35568 -1.98 -1.99646
35569 -2 -1.99646
35570 -1.98 -1.99646
35571 -2 -1.99646
35572 -2 -1.99646
35573 -2 -1.99646
35574 -2 -1.99646
35575 -2 -1.99646
35576 -2 -1.99646
35577 -1.98 -1.99646
35578 -1.94 -1.99646
35579 -1.97 -1.99646
35580 -2 -1.99646
35581 -2 -1.99646
35582 -2 -1.99646
35583 -1.98 -1.99646
35584 -2 -1.99646
35585 -2 -1.99646
35586 -1.98 -1.99646
35587 -1.98 -1.99646
35588 -1.98 -1.99646
35589 -1.98 -1.99646
35590 -1.98 -1.99646
35591 -2 -1.99646
35592 -2 -1.99646
35593 -2 -1.99646
35594 -2 -1.99646
35595 -2 -1.99646
35596 -2 -1.99646
35597 -2 -1.99646
35598 -2 -1.99646
35599 -2 -1.99646
35600 -2 -1.99646
35601 -2 -1.99646
35602 -1.98 -1.99646
35603 -1.96 -1.99646
35604 -2 -1.99646
35605 -2 -1.99646
35606 -1.98 -1.99646
35607 -1.98 -1.99645
35608 -2 -1.99645
35609 -2 -1.99645
35610 -2 -1.99646
35611 -2 -1.99646
35612 -2 -1.99646
35613 -2 -1.99646
35614 -2 -1.99646
35615 -2 -1.99646
35616 -2 -1.99646
35617 -2 -1.99646
35618 -2 -1.99646
35619 -2 -1.99646
35620 -2 -1.99646
35621 -2 -1.99646
35622 -2 -1.99646
35623 -2 -1.99646
35624 -2 -1.99646
35625 -1.96 -1.99646
35626 -1.98 -1.99645
35627 -2 -1.99646
35628 -2 -1.99646
35629 -2 -1.99646
35630 -2 -1.99646
35631 -2 -1.99646
35632 -2 -1.99646
35633 -1.98 -1.99646
35634 -1.98 -1.99645
35635 -2 -1.99645
35636 -2 -1.99645
35637 -2 -1.99645
35638 -2 -1.99646
35639 -2 -1.99646
35640 -2 -1.99646
35641 -2 -1.99646
35642 -2 -1.99646
35643 -2 -1.99646
35644 -2 -1.99646
35645 -2 -1.99646
35646 -2 -1.99646
35647 -2 -1.99646
35648 -1.98 -1.99646
35649 -2 -1.99646
35650 -2 -1.99646
35651 -2 -1.99646
35652 -2 -1.99646
35653 -2 -1.99646
35654 -2 -1.99646
35655 -2 -1.99646
35656 -1.98 -1.99646
35657 -2 -1.99646
35658 -2 -1.99646
35659 -2 -1.99646
35660 -1.98 -1.99646
35661 -2 -1.99646
35662 -1.98 -1.99646
35663 -2 -1.99646
35664 -2 -1.99646
35665 -2 -1.99646
35666 -2 -1.99646
35667 -2 -1.99646
35668 -2 -1.99646
35669 -2 -1.99646
35670 -2 -1.99646
35671 -2 -1.99646
35672 -2 -1.99646
35673 -2 -1.99646
35674 -1.98 -1.99646
35675 -2 -1.99646
35676 -2 -1.99646
35677 -2 -1.99646
35678 -2 -1.99646
35679 -2 -1.99646
35680 -2 -1.99646
35681 -2 -1.99646
35682 -2 -1.99646
35683 -2 -1.99646
35684 -2 -1.99646
35685 -2 -1.99646
35686 -2 -1.99646
35687 -1.98 -1.99646
35688 -2 -1.99646
35689 -2 -1.99646
35690 -2 -1.99646
35691 -2 -1.99646
35692 -2 -1.99646
35693 -2 -1.99646
35694 -2 -1.99646
35695 -2 -1.99646
35696 -2 -1.99646
35697 -2 -1.99646
35698 -2 -1.99646
35699 -2 -1.99646
35700 -2 -1.99646
35701 -2 -1.99646
35702 -2 -1.99646
35703 -2 -1.99646
35704 -2 -1.99646
35705 -2 -1.99646
35706 -1.98 -1.99646
35707 -2 -1.99646
35708 -2 -1.99646
35709 -2 -1.99646
35710 -2 -1.99646
35711 -2 -1.99646
35712 -2 -1.99646
35713 -2 -1.99646
35714 -2 -1.99646
35715 -2 -1.99646
35716 -2 -1.99646
35717 -1.98 -1.99646
35718 -1.98 -1.99646
35719 -1.98 -1.99646
35720 -1.98 -1.99646
35721 -1.98 -1.99646
35722 -1.98 -1.99646
35723 -2 -1.99646
35724 -2 -1.99646
35725 -2 -1.99646
35726 -2 -1.99646
35727 -2 -1.99646
35728 -2 -1.99646
35729 -2 -1.99646
35730 -2 -1.99646
35731 -2 -1.99646
35732 -2 -1.99646
35733 -2 -1.99646
35734 -2 -1.99646
35735 -2 -1.99646
35736 -1.97 -1.99646
35737 -2 -1.99646
35738 -2 -1.99646
35739 -2 -1.99646
35740 -2 -1.99646
35741 -2 -1.99646
35742 -2 -1.99646
35743 -2 -1.99646
35744 -2 -1.99646
35745 -2 -1.99646
35746 -2 -1.99646
35747 -2 -1.99646
35748 -2 -1.99646
35749 -2 -1.99646
35750 -2 -1.99646
35751 -2 -1.99646
35752 -2 -1.99646
35753 -2 -1.99646
35754 -2 -1.99646
35755 -2 -1.99646
35756 -2 -1.99646
35757 -2 -1.99646
35758 -2 -1.99646
35759 -2 -1.99646
35760 -2 -1.99646
35761 -2 -1.99646
35762 -2 -1.99646
35763 -2 -1.99646
35764 -2 -1.99646
35765 -2 -1.99646
35766 -2 -1.99646
35767 -2 -1.99646
35768 -2 -1.99646
35769 -2 -1.99646
35770 -1.98 -1.99646
35771 -1.95 -1.99646
35772 -1.92 -1.99646
35773 -1.98 -1.99646
35774 -2 -1.99646
35775 -2 -1.99646
35776 -2 -1.99646
35777 -2 -1.99646
35778 -2 -1.99646
35779 -2 -1.99646
35780 -1.98 -1.99646
35781 -2 -1.99646
35782 -2 -1.99646
35783 -2 -1.99646
35784 -2 -1.99646
35785 -2 -1.99646
35786 -2 -1.99646
35787 -2 -1.99646
35788 -2 -1.99646
35789 -1.98 -1.99646
35790 -2 -1.99646
35791 -2 -1.99646
35792 -2 -1.99646
35793 -2 -1.99646
35794 -1.98 -1.99646
35795 -2 -1.99646
35796 -2 -1.99646
35797 -2 -1.99646
35798 -2 -1.99646
35799 -2 -1.99646
35800 -2 -1.99646
35801 -2 -1.99646
35802 -2 -1.99646
35803 -2 -1.99646
35804 -2 -1.99646
35805 -2 -1.99646
35806 -2 -1.99646
35807 -2 -1.99646
35808 -2 -1.99646
35809 -2 -1.99646
35810 -2 -1.99646
35811 -2 -1.99646
35812 -2 -1.99646
35813 -2 -1.99646
35814 -2 -1.99646
35815 -2 -1.99646
35816 -1.98 -1.99646
35817 -2 -1.99646
35818 -2 -1.99646
35819 -2 -1.99646
35820 -2 -1.99646
35821 -2 -1.99646
35822 -1.98 -1.99646
35823 -2 -1.99646
35824 -2 -1.99646
35825 -2 -1.99646
35826 -2 -1.99646
35827 -2 -1.99646
35828 -2 -1.99646
35829 -2 -1.99646
35830 -2 -1.99646
35831 -2 -1.99646
35832 -2 -1.99646
35833 -2 -1.99646
35834 -1.98 -1.99646
35835 -2 -1.99646
35836 -2 -1.99646
35837 -2 -1.99646
35838 -2 -1.99646
35839 -2 -1.99646
35840 -2 -1.99646
35841 -2 -1.99646
35842 -2 -1.99646
35843 -2 -1.99646
35844 -2 -1.99646
35845 -2 -1.99646
35846 -2 -1.99646
35847 -1.98 -1.99646
35848 -1.98 -1.99646
35849 -2 -1.99646
35850 -2 -1.99646
35851 -2 -1.99646
35852 -2 -1.99646
35853 -2 -1.99646
35854 -2 -1.99646
35855 -2 -1.99646
35856 -2 -1.99646
35857 -2 -1.99646
35858 -2 -1.99646
35859 -2 -1.99646
35860 -2 -1.99646
35861 -2 -1.99646
35862 -2 -1.99646
35863 -2 -1.99646
35864 -2 -1.99646
35865 -2 -1.99646
35866 -2 -1.99646
35867 -2 -1.99646
35868 -2 -1.99646
35869 -2 -1.99646
35870 -2 -1.99646
35871 -1.98 -1.99646
35872 -1.98 -1.99646
35873 -2 -1.99646
35874 -2 -1.99646
35875 -2 -1.99646
35876 -2 -1.99646
35877 -2 -1.99646
35878 -2 -1.99646
35879 -2 -1.99646
35880 -2 -1.99646
35881 -2 -1.99646
35882 -2 -1.99646
35883 -1.98 -1.99646
35884 -2 -1.99646
35885 -2 -1.99646
35886 -2 -1.99646
35887 -2 -1.99646
35888 -2 -1.99646
35889 -2 -1.99646
35890 -2 -1.99646
35891 -2 -1.99646
35892 -2 -1.99646
35893 -2 -1.99646
35894 -2 -1.99646
35895 -1.98 -1.99646
35896 -1.98 -1.99646
35897 -2 -1.99646
35898 -2 -1.99646
35899 -2 -1.99646
35900 -2 -1.99646
35901 -2 -1.99646
35902 -1.98 -1.99646
35903 -2 -1.99646
35904 -2 -1.99646
35905 -2 -1.99646
35906 -2 -1.99646
35907 -2 -1.99646
35908 -2 -1.99646
35909 -2 -1.99646
35910 -2 -1.99646
35911 -2 -1.99646
35912 -2 -1.99646
35913 -1.98 -1.99646
35914 -1.98 -1.99646
35915 -1.98 -1.99646
35916 -1.98 -1.99646
35917 -1.98 -1.99646
35918 -2 -1.99646
35919 -2 -1.99646
35920 -2 -1.99646
35921 -1.98 -1.99646
35922 -1.98 -1.99646
35923 -2 -1.99646
35924 -2 -1.99646
35925 -2 -1.99646
35926 -2 -1.99646
35927 -2 -1.99646
35928 -2 -1.99646
35929 -1.98 -1.99646
35930 -2 -1.99646
35931 -2 -1.99646
35932 -2 -1.99646
35933 -2 -1.99646
35934 -2 -1.99646
35935 -2 -1.99646
35936 -2 -1.99646
35937 -2 -1.99646
35938 -2 -1.99646
35939 -2 -1.99646
35940 -2 -1.99646
35941 -2 -1.99646
35942 -2 -1.99646
35943 -2 -1.99646
35944 -2 -1.99646
35945 -2 -1.99646
35946 -2 -1.99646
35947 -2 -1.99646
35948 -2 -1.99646
35949 -2 -1.99646
35950 -2 -1.99646
35951 -2 -1.99646
35952 -2 -1.99646
35953 -2 -1.99646
35954 -2 -1.99646
35955 -2 -1.99646
35956 -2 -1.99646
35957 -2 -1.99646
35958 -2 -1.99646
35959 -2 -1.99646
35960 -2 -1.99646
35961 -1.98 -1.99646
35962 -1.98 -1.99646
35963 -2 -1.99646
35964 -2 -1.99646
35965 -2 -1.99646
35966 -2 -1.99646
35967 -2 -1.99646
35968 -2 -1.99646
35969 -2 -1.99646
35970 -2 -1.99646
35971 -2 -1.99646
35972 -1.98 -1.99646
35973 -2 -1.99646
35974 -2 -1.99646
35975 -2 -1.99646
35976 -2 -1.99646
35977 -2 -1.99646
35978 -2 -1.99646
35979 -2 -1.99646
35980 -2 -1.99646
35981 -2 -1.99646
35982 -1.98 -1.99646
35983 -2 -1.99646
35984 -2 -1.99646
35985 -2 -1.99646
35986 -2 -1.99646
35987 -2 -1.99646
35988 -2 -1.99646
35989 -2 -1.99646
35990 -2 -1.99646
35991 -2 -1.99646
35992 -2 -1.99646
35993 -2 -1.99646
35994 -2 -1.99646
35995 -2 -1.99646
35996 -1.98 -1.99646
35997 -2 -1.99646
35998 -2 -1.99646
35999 -2 -1.99646
36000 -2 -1.99646
36001 -2 -1.99646
36002 -2 -1.99646
36003 -2 -1.99646
36004 -2 -1.99646
36005 -2 -1.99646
36006 -2 -1.99646
36007 -2 -1.99646
36008 -2 -1.99646
36009 -2 -1.99646
36010 -2 -1.99646
36011 -2 -1.99646
36012 -2 -1.99646
36013 -2 -1.99646
36014 -2 -1.99646
36015 -2 -1.99646
36016 -2 -1.99646
36017 -2 -1.99646
36018 -2 -1.99646
36019 -2 -1.99646
36020 -2 -1.99646
36021 -2 -1.99646
36022 -2 -1.99647
36023 -2 -1.99647
36024 -2 -1.99647
36025 -2 -1.99647
36026 -2 -1.99647
36027 -2 -1.99647
36028 -2 -1.99647
36029 -2 -1.99647
36030 -2 -1.99647
36031 -1.98 -1.99647
36032 -2 -1.99647
36033 -2 -1.99647
36034 -2 -1.99647
36035 -2 -1.99647
36036 -2 -1.99647
36037 -2 -1.99647
36038 -2 -1.99647
36039 -2 -1.99647
36040 -2 -1.99647
36041 -2 -1.99647
36042 -2 -1.99647
36043 -2 -1.99647
36044 -2 -1.99647
36045 -2 -1.99647
36046 -2 -1.99647
36047 -2 -1.99647
36048 -1.98 -1.99647
36049 -1.98 -1.99647
36050 -2 -1.99647
36051 -2 -1.99647
36052 -2 -1.99647
36053 -2 -1.99647
36054 -2 -1.99647
36055 -2 -1.99647
36056 -2 -1.99647
36057 -2 -1.99647
36058 -2 -1.99647
36059 -2 -1.99647
36060 -2 -1.99647
36061 -2 -1.99647
36062 -2 -1.99647
36063 -2 -1.99647
36064 -2 -1.99647
36065 -2 -1.99647
36066 -2 -1.99647
36067 -2 -1.99647
36068 -2 -1.99647
36069 -2 -1.99647
36070 -2 -1.99647
36071 -2 -1.99647
36072 -2 -1.99647
36073 -2 -1.99647
36074 -2 -1.99647
36075 -1.98 -1.99647
36076 -1.98 -1.99647
36077 -1.98 -1.99647
36078 -2 -1.99647
36079 -2 -1.99647
36080 -2 -1.99647
36081 -2 -1.99647
36082 -2 -1.99647
36083 -2 -1.99647
36084 -2 -1.99647
36085 -2 -1.99647
36086 -2 -1.99647
36087 -2 -1.99647
36088 -2 -1.99647
36089 -2 -1.99647
36090 -2 -1.99647
36091 -2 -1.99647
36092 -2 -1.99647
36093 -2 -1.99647
36094 -2 -1.99647
36095 -2 -1.99647
36096 -2 -1.99647
36097 -2 -1.99647
36098 -2 -1.99647
36099 -2 -1.99647
36100 -1.98 -1.99647
36101 -1.98 -1.99647
36102 -2 -1.99647
36103 -2 -1.99647
36104 -2 -1.99647
36105 -2 -1.99647
36106 -2 -1.99647
36107 -2 -1.99647
36108 -2 -1.99647
36109 -2 -1.99647
36110 -2 -1.99647
36111 -2 -1.99647
36112 -2 -1.99647
36113 -1.98 -1.99647
36114 -2 -1.99647
36115 -2 -1.99647
36116 -2 -1.99647
36117 -2 -1.99647
36118 -2 -1.99647
36119 -2 -1.99647
36120 -2 -1.99647
36121 -2 -1.99647
36122 -2 -1.99647
36123 -2 -1.99647
36124 -2 -1.99647
36125 -2 -1.99647
36126 -2 -1.99647
36127 -2 -1.99647
36128 -2 -1.99647
36129 -2 -1.99647
36130 -1.98 -1.99647
36131 -2 -1.99647
36132 -2 -1.99647
36133 -2 -1.99647
36134 -2 -1.99647
36135 -2 -1.99647
36136 -2 -1.99647
36137 -2 -1.99647
36138 -2 -1.99647
36139 -2 -1.99647
36140 -2 -1.99647
36141 -2 -1.99647
36142 -2 -1.99647
36143 -2 -1.99647
36144 -2 -1.99647
36145 -2 -1.99647
36146 -2 -1.99647
36147 -2 -1.99647
36148 -2 -1.99647
36149 -1.98 -1.99647
36150 -2 -1.99647
36151 -2 -1.99647
36152 -2 -1.99647
36153 -2 -1.99647
36154 -2 -1.99647
36155 -2 -1.99647
36156 -2 -1.99647
36157 -1.98 -1.99647
36158 -2 -1.99647
36159 -2 -1.99647
36160 -2 -1.99647
36161 -2 -1.99647
36162 -2 -1.99647
36163 -2 -1.99647
36164 -2 -1.99647
36165 -2 -1.99647
36166 -2 -1.99647
36167 -2 -1.99647
36168 -2 -1.99647
36169 -2 -1.99647
36170 -2 -1.99647
36171 -2 -1.99647
36172 -2 -1.99647
36173 -2 -1.99647
36174 -2 -1.99647
36175 -2 -1.99647
36176 -2 -1.99647
36177 -2 -1.99647
36178 -2 -1.99647
36179 -2 -1.99647
36180 -2 -1.99647
36181 -2 -1.99647
36182 -2 -1.99647
36183 -2 -1.99647
36184 -2 -1.99647
36185 -2 -1.99647
36186 -2 -1.99647
36187 -1.98 -1.99647
36188 -1.96 -1.99647
36189 -2 -1.99647
36190 -2 -1.99647
36191 -2 -1.99647
36192 -1.98 -1.99647
36193 -1.98 -1.99647
36194 -2 -1.99647
36195 -2 -1.99647
36196 -2 -1.99647
36197 -2 -1.99647
36198 -2 -1.99647
36199 -2 -1.99647
36200 -2 -1.99647
36201 -1.98 -1.99647
36202 -2 -1.99647
36203 -2 -1.99647
36204 -2 -1.99647
36205 -2 -1.99647
36206 -2 -1.99647
36207 -2 -1.99647
36208 -2 -1.99647
36209 -2 -1.99647
36210 -2 -1.99647
36211 -2 -1.99647
36212 -1.98 -1.99647
36213 -1.98 -1.99647
36214 -2 -1.99647
36215 -2 -1.99647
36216 -2 -1.99647
36217 -2 -1.99647
36218 -2 -1.99647
36219 -2 -1.99647
36220 -2 -1.99647
36221 -2 -1.99647
36222 -2 -1.99647
36223 -2 -1.99647
36224 -2 -1.99647
36225 -2 -1.99647
36226 -2 -1.99647
36227 -2 -1.99647
36228 -2 -1.99647
36229 -2 -1.99647
36230 -2 -1.99647
36231 -1.98 -1.99647
36232 -2 -1.99647
36233 -2 -1.99647
36234 -2 -1.99647
36235 -1.98 -1.99647
36236 -1.96 -1.99647
36237 -2 -1.99647
36238 -2 -1.99647
36239 -2 -1.99647
36240 -2 -1.99647
36241 -2 -1.99647
36242 -2 -1.99647
36243 -2 -1.99647
36244 -2 -1.99647
36245 -2 -1.99647
36246 -2 -1.99647
36247 -2 -1.99647
36248 -2 -1.99647
36249 -2 -1.99647
36250 -2 -1.99647
36251 -2 -1.99647
36252 -2 -1.99647
36253 -2 -1.99647
36254 -2 -1.99647
36255 -2 -1.99647
36256 -2 -1.99647
36257 -2 -1.99647
36258 -2 -1.99647
36259 -2 -1.99647
36260 -2 -1.99648
36261 -2 -1.99648
36262 -2 -1.99648
36263 -2 -1.99648
36264 -2 -1.99648
36265 -1.98 -1.99647
36266 -1.98 -1.99647
36267 -1.98 -1.99647
36268 -2 -1.99647
36269 -1.98 -1.99647
36270 -1.98 -1.99647
36271 -2 -1.99647
36272 -2 -1.99647
36273 -2 -1.99647
36274 -2 -1.99647
36275 -2 -1.99647
36276 -2 -1.99647
36277 -2 -1.99647
36278 -1.98 -1.99647
36279 -1.98 -1.99647
36280 -2 -1.99647
36281 -2 -1.99647
36282 -2 -1.99647
36283 -1.98 -1.99647
36284 -2 -1.99647
36285 -2 -1.99647
36286 -2 -1.99647
36287 -2 -1.99647
36288 -2 -1.99647
36289 -1.98 -1.99647
36290 -1.97 -1.99647
36291 -1.96 -1.99647
36292 -1.98 -1.99647
36293 -2 -1.99647
36294 -2 -1.99647
36295 -2 -1.99647
36296 -2 -1.99647
36297 -2 -1.99647
36298 -2 -1.99647
36299 -2 -1.99647
36300 -2 -1.99647
36301 -2 -1.99647
36302 -2 -1.99647
36303 -2 -1.99647
36304 -2 -1.99647
36305 -2 -1.99647
36306 -2 -1.99647
36307 -2 -1.99647
36308 -2 -1.99647
36309 -2 -1.99647
36310 -2 -1.99647
36311 -1.98 -1.99647
36312 -1.98 -1.99647
36313 -1.98 -1.99647
36314 -2 -1.99647
36315 -2 -1.99647
36316 -2 -1.99647
36317 -1.98 -1.99647
36318 -2 -1.99647
36319 -2 -1.99647
36320 -2 -1.99647
36321 -2 -1.99647
36322 -2 -1.99647
36323 -2 -1.99647
36324 -2 -1.99647
36325 -2 -1.99647
36326 -2 -1.99647
36327 -2 -1.99647
36328 -2 -1.99647
36329 -2 -1.99647
36330 -2 -1.99647
36331 -2 -1.99647
36332 -2 -1.99647
36333 -2 -1.99647
36334 -2 -1.99647
36335 -2 -1.99647
36336 -1.98 -1.99647
36337 -2 -1.99647
36338 -2 -1.99647
36339 -1.98 -1.99647
36340 -1.97 -1.99647
36341 -2 -1.99647
36342 -2 -1.99647
36343 -2 -1.99647
36344 -2 -1.99647
36345 -1.98 -1.99647
36346 -1.97 -1.99647
36347 -2 -1.99647
36348 -2 -1.99647
36349 -2 -1.99647
36350 -2 -1.99647
36351 -2 -1.99647
36352 -2 -1.99647
36353 -2 -1.99647
36354 -1.98 -1.99647
36355 -2 -1.99647
36356 -2 -1.99647
36357 -2 -1.99647
36358 -2 -1.99647
36359 -2 -1.99647
36360 -2 -1.99647
36361 -2 -1.99647
36362 -2 -1.99647
36363 -2 -1.99647
36364 -2 -1.99647
36365 -2 -1.99647
36366 -2 -1.99647
36367 -2 -1.99647
36368 -1.98 -1.99647
36369 -1.98 -1.99647
36370 -2 -1.99647
36371 -2 -1.99647
36372 -2 -1.99647
36373 -1.98 -1.99647
36374 -1.98 -1.99647
36375 -1.98 -1.99647
36376 -2 -1.99647
36377 -2 -1.99647
36378 -2 -1.99647
36379 -2 -1.99647
36380 -2 -1.99647
36381 -2 -1.99647
36382 -2 -1.99647
36383 -2 -1.99647
36384 -2 -1.99647
36385 -2 -1.99647
36386 -2 -1.99647
36387 -2 -1.99647
36388 -2 -1.99647
36389 -2 -1.99647
36390 -2 -1.99647
36391 -2 -1.99647
36392 -1.98 -1.99647
36393 -2 -1.99647
36394 -2 -1.99647
36395 -2 -1.99647
36396 -2 -1.99647
36397 -2 -1.99647
36398 -2 -1.99647
36399 -2 -1.99647
36400 -2 -1.99647
36401 -2 -1.99647
36402 -2 -1.99647
36403 -2 -1.99647
36404 -2 -1.99647
36405 -2 -1.99647
36406 -1.98 -1.99647
36407 -2 -1.99647
36408 -2 -1.99647
36409 -2 -1.99647
36410 -2 -1.99647
36411 -2 -1.99647
36412 -2 -1.99647
36413 -2 -1.99647
36414 -2 -1.99647
36415 -2 -1.99647
36416 -2 -1.99647
36417 -1.98 -1.99647
36418 -1.96 -1.99647
36419 -1.98 -1.99647
36420 -2 -1.99647
36421 -2 -1.99647
36422 -2 -1.99647
36423 -2 -1.99647
36424 -2 -1.99647
36425 -2 -1.99647
36426 -2 -1.99647
36427 -2 -1.99647
36428 -1.98 -1.99647
36429 -1.98 -1.99647
36430 -1.98 -1.99647
36431 -1.98 -1.99647
36432 -1.98 -1.99647
36433 -1.98 -1.99647
36434 -2 -1.99647
36435 -2 -1.99647
36436 -2 -1.99647
36437 -2 -1.99647
36438 -2 -1.99647
36439 -2 -1.99647
36440 -2 -1.99647
36441 -2 -1.99647
36442 -2 -1.99647
36443 -2 -1.99647
36444 -2 -1.99647
36445 -2 -1.99647
36446 -2 -1.99647
36447 -2 -1.99647
36448 -2 -1.99647
36449 -2 -1.99647
36450 -2 -1.99647
36451 -2 -1.99647
36452 -2 -1.99647
36453 -2 -1.99647
36454 -2 -1.99647
36455 -2 -1.99647
36456 -2 -1.99647
36457 -2 -1.99647
36458 -2 -1.99647
36459 -2 -1.99647
36460 -2 -1.99647
36461 -2 -1.99647
36462 -2 -1.99647
36463 -2 -1.99647
36464 -2 -1.99647
36465 -2 -1.99647
36466 -1.98 -1.99647
36467 -1.98 -1.99647
36468 -1.98 -1.99647
36469 -2 -1.99647
36470 -2 -1.99647
36471 -2 -1.99647
36472 -2 -1.99647
36473 -2 -1.99647
36474 -2 -1.99647
36475 -1.98 -1.99647
36476 -2 -1.99647
36477 -2 -1.99647
36478 -2 -1.99647
36479 -2 -1.99647
36480 -2 -1.99647
36481 -2 -1.99647
36482 -2 -1.99647
36483 -2 -1.99647
36484 -2 -1.99647
36485 -2 -1.99647
36486 -2 -1.99647
36487 -2 -1.99647
36488 -2 -1.99647
36489 -2 -1.99647
36490 -2 -1.99647
36491 -2 -1.99647
36492 -2 -1.99647
36493 -2 -1.99647
36494 -2 -1.99647
36495 -2 -1.99647
36496 -2 -1.99647
36497 -2 -1.99647
36498 -1.98 -1.99647
36499 -2 -1.99647
36500 -2 -1.99647
36501 -2 -1.99647
36502 -2 -1.99647
36503 -2 -1.99647
36504 -2 -1.99647
36505 -2 -1.99647
36506 -2 -1.99647
36507 -2 -1.99647
36508 -2 -1.99647
36509 -2 -1.99647
36510 -2 -1.99647
36511 -2 -1.99647
36512 -2 -1.99647
36513 -2 -1.99647
36514 -2 -1.99647
36515 -2 -1.99647
36516 -2 -1.99647
36517 -2 -1.99647
36518 -2 -1.99647
36519 -2 -1.99647
36520 -2 -1.99647
36521 -2 -1.99647
36522 -2 -1.99647
36523 -2 -1.99647
36524 -2 -1.99648
36525 -2 -1.99648
36526 -2 -1.99648
36527 -2 -1.99648
36528 -2 -1.99648
36529 -2 -1.99648
36530 -2 -1.99648
36531 -2 -1.99648
36532 -2 -1.99648
36533 -2 -1.99648
36534 -2 -1.99648
36535 -2 -1.99648
36536 -2 -1.99648
36537 -2 -1.99648
36538 -2 -1.99648
36539 -2 -1.99648
36540 -2 -1.99648
36541 -2 -1.99648
36542 -2 -1.99648
36543 -2 -1.99648
36544 -2 -1.99648
36545 -2 -1.99648
36546 -2 -1.99648
36547 -2 -1.99648
36548 -2 -1.99648
36549 -2 -1.99648
36550 -2 -1.99648
36551 -2 -1.99648
36552 -2 -1.99648
36553 -2 -1.99648
36554 -2 -1.99648
36555 -2 -1.99648
36556 -2 -1.99648
36557 -2 -1.99648
36558 -2 -1.99648
36559 -2 -1.99648
36560 -2 -1.99648
36561 -2 -1.99648
36562 -1.98 -1.99648
36563 -1.98 -1.99648
36564 -1.98 -1.99648
36565 -2 -1.99648
36566 -2 -1.99648
36567 -2 -1.99648
36568 -2 -1.99648
36569 -2 -1.99648
36570 -2 -1.99648
36571 -2 -1.99648
36572 -2 -1.99648
36573 -2 -1.99648
36574 -2 -1.99648
36575 -1.98 -1.99648
36576 -1.98 -1.99648
36577 -2 -1.99648
36578 -1.98 -1.99648
36579 -2 -1.99648
36580 -2 -1.99648
36581 -1.98 -1.99648
36582 -2 -1.99648
36583 -2 -1.99648
36584 -2 -1.99648
36585 -2 -1.99648
36586 -2 -1.99648
36587 -2 -1.99648
36588 -2 -1.99648
36589 -2 -1.99648
36590 -2 -1.99648
36591 -2 -1.99648
36592 -2 -1.99648
36593 -2 -1.99648
36594 -1.98 -1.99648
36595 -1.98 -1.99648
36596 -2 -1.99648
36597 -2 -1.99648
36598 -2 -1.99648
36599 -2 -1.99648
36600 -2 -1.99648
36601 -2 -1.99648
36602 -2 -1.99648
36603 -2 -1.99648
36604 -2 -1.99648
36605 -2 -1.99648
36606 -2 -1.99648
36607 -2 -1.99648
36608 -2 -1.99648
36609 -2 -1.99648
36610 -2 -1.99648
36611 -2 -1.99648
36612 -1.98 -1.99648
36613 -1.98 -1.99648
36614 -2 -1.99648
36615 -2 -1.99648
36616 -2 -1.99648
36617 -2 -1.99648
36618 -2 -1.99648
36619 -2 -1.99648
36620 -2 -1.99648
36621 -2 -1.99648
36622 -2 -1.99648
36623 -2 -1.99648
36624 -2 -1.99648
36625 -2 -1.99648
36626 -2 -1.99648
36627 -2 -1.99648
36628 -2 -1.99648
36629 -2 -1.99648
36630 -2 -1.99648
36631 -2 -1.99648
36632 -2 -1.99648
36633 -2 -1.99648
36634 -1.96 -1.99648
36635 -2 -1.99648
36636 -2 -1.99648
36637 -2 -1.99648
36638 -2 -1.99648
36639 -2 -1.99648
36640 -2 -1.99648
36641 -2 -1.99648
36642 -2 -1.99648
36643 -2 -1.99648
36644 -2 -1.99648
36645 -2 -1.99648
36646 -2 -1.99648
36647 -2 -1.99648
36648 -2 -1.99648
36649 -2 -1.99648
36650 -1.98 -1.99648
36651 -2 -1.99648
36652 -2 -1.99648
36653 -2 -1.99648
36654 -2 -1.99648
36655 -1.98 -1.99648
36656 -1.98 -1.99648
36657 -1.98 -1.99648
36658 -2 -1.99648
36659 -2 -1.99648
36660 -2 -1.99648
36661 -2 -1.99648
36662 -2 -1.99648
36663 -2 -1.99648
36664 -2 -1.99648
36665 -2 -1.99648
36666 -2 -1.99648
36667 -2 -1.99648
36668 -2 -1.99648
36669 -1.98 -1.99648
36670 -2 -1.99648
36671 -1.98 -1.99648
36672 -1.98 -1.99648
36673 -1.98 -1.99648
36674 -2 -1.99648
36675 -1.98 -1.99648
36676 -1.98 -1.99648
36677 -2 -1.99648
36678 -1.98 -1.99648
36679 -2 -1.99648
36680 -2 -1.99648
36681 -2 -1.99648
36682 -2 -1.99648
36683 -2 -1.99648
36684 -2 -1.99648
36685 -2 -1.99648
36686 -2 -1.99648
36687 -2 -1.99648
36688 -2 -1.99648
36689 -2 -1.99648
36690 -2 -1.99648
36691 -2 -1.99648
36692 -2 -1.99648
36693 -2 -1.99648
36694 -2 -1.99648
36695 -2 -1.99648
36696 -2 -1.99648
36697 -2 -1.99648
36698 -2 -1.99648
36699 -1.98 -1.99648
36700 -2 -1.99648
36701 -2 -1.99648
36702 -2 -1.99648
36703 -2 -1.99648
36704 -2 -1.99648
36705 -2 -1.99648
36706 -2 -1.99648
36707 -2 -1.99648
36708 -2 -1.99648
36709 -2 -1.99648
36710 -2 -1.99648
36711 -2 -1.99648
36712 -2 -1.99648
36713 -2 -1.99648
36714 -2 -1.99648
36715 -1.98 -1.99648
36716 -2 -1.99648
36717 -2 -1.99648
36718 -2 -1.99648
36719 -2 -1.99648
36720 -2 -1.99648
36721 -2 -1.99648
36722 -2 -1.99648
36723 -2 -1.99648
36724 -2 -1.99648
36725 -2 -1.99648
36726 -2 -1.99648
36727 -2 -1.99648
36728 -2 -1.99648
36729 -2 -1.99648
36730 -2 -1.99648
36731 -2 -1.99648
36732 -2 -1.99648
36733 -2 -1.99648
36734 -2 -1.99648
36735 -2 -1.99648
36736 -2 -1.99648
36737 -2 -1.99648
36738 -2 -1.99648
36739 -2 -1.99648
36740 -2 -1.99648
36741 -2 -1.99648
36742 -2 -1.99648
36743 -2 -1.99648
36744 -2 -1.99648
36745 -2 -1.99648
36746 -2 -1.99648
36747 -2 -1.99648
36748 -2 -1.99648
36749 -2 -1.99648
36750 -1.98 -1.99648
36751 -2 -1.99648
36752 -1.98 -1.99648
36753 -2 -1.99648
36754 -2 -1.99648
36755 -2 -1.99648
36756 -2 -1.99648
36757 -2 -1.99648
36758 -2 -1.99648
36759 -2 -1.99648
36760 -2 -1.99648
36761 -2 -1.99648
36762 -2 -1.99648
36763 -2 -1.99648
36764 -1.98 -1.99648
36765 -1.98 -1.99648
36766 -2 -1.99648
36767 -2 -1.99648
36768 -1.98 -1.99648
36769 -2 -1.99648
36770 -2 -1.99648
36771 -2 -1.99648
36772 -2 -1.99648
36773 -1.98 -1.99648
36774 -2 -1.99648
36775 -2 -1.99648
36776 -2 -1.99648
36777 -2 -1.99648
36778 -2 -1.99648
36779 -2 -1.99648
36780 -2 -1.99648
36781 -2 -1.99648
36782 -2 -1.99648
36783 -1.98 -1.99648
36784 -2 -1.99648
36785 -1.98 -1.99648
36786 -2 -1.99648
36787 -2 -1.99648
36788 -2 -1.99648
36789 -2 -1.99648
36790 -2 -1.99648
36791 -2 -1.99648
36792 -2 -1.99648
36793 -2 -1.99648
36794 -2 -1.99648
36795 -2 -1.99648
36796 -2 -1.99648
36797 -2 -1.99648
36798 -2 -1.99648
36799 -2 -1.99648
36800 -2 -1.99648
36801 -2 -1.99648
36802 -2 -1.99648
36803 -2 -1.99648
36804 -2 -1.99648
36805 -2 -1.99648
36806 -2 -1.99648
36807 -2 -1.99648
36808 -2 -1.99648
36809 -2 -1.99648
36810 -1.98 -1.99648
36811 -2 -1.99648
36812 -2 -1.99648
36813 -2 -1.99648
36814 -2 -1.99648
36815 -1.97 -1.99648
36816 -1.98 -1.99648
36817 -1.98 -1.99648
36818 -2 -1.99648
36819 -2 -1.99648
36820 -2 -1.99648
36821 -2 -1.99648
36822 -2 -1.99648
36823 -2 -1.99648
36824 -2 -1.99648
36825 -1.98 -1.99648
36826 -2 -1.99648
36827 -2 -1.99648
36828 -2 -1.99648
36829 -2 -1.99648
36830 -2 -1.99648
36831 -2 -1.99648
36832 -2 -1.99648
36833 -2 -1.99648
36834 -2 -1.99648
36835 -2 -1.99648
36836 -2 -1.99648
36837 -2 -1.99648
36838 -2 -1.99648
36839 -2 -1.99648
36840 -2 -1.99648
36841 -2 -1.99648
36842 -2 -1.99648
36843 -2 -1.99648
36844 -2 -1.99648
36845 -2 -1.99648
36846 -2 -1.99648
36847 -2 -1.99648
36848 -2 -1.99648
36849 -2 -1.99648
36850 -2 -1.99648
36851 -1.98 -1.99648
36852 -2 -1.99648
36853 -2 -1.99648
36854 -2 -1.99648
36855 -2 -1.99648
36856 -1.98 -1.99648
36857 -1.98 -1.99648
36858 -2 -1.99648
36859 -2 -1.99648
36860 -2 -1.99648
36861 -2 -1.99648
36862 -2 -1.99648
36863 -2 -1.99648
36864 -2 -1.99648
36865 -2 -1.99648
36866 -2 -1.99648
36867 -2 -1.99648
36868 -2 -1.99648
36869 -1.98 -1.99648
36870 -1.98 -1.99648
36871 -2 -1.99648
36872 -2 -1.99648
36873 -2 -1.99648
36874 -2 -1.99648
36875 -2 -1.99648
36876 -2 -1.99648
36877 -2 -1.99648
36878 -2 -1.99648
36879 -2 -1.99648
36880 -2 -1.99648
36881 -2 -1.99649
36882 -2 -1.99649
36883 -2 -1.99649
36884 -2 -1.99649
36885 -2 -1.99649
36886 -2 -1.99649
36887 -2 -1.99649
36888 -2 -1.99649
36889 -2 -1.99649
36890 -2 -1.99649
36891 -1.98 -1.99649
36892 -2 -1.99649
36893 -2 -1.99649
36894 -2 -1.99649
36895 -2 -1.99649
36896 -2 -1.99649
36897 -2 -1.99649
36898 -2 -1.99649
36899 -2 -1.99649
36900 -2 -1.99649
36901 -2 -1.99649
36902 -2 -1.99649
36903 -2 -1.99649
36904 -2 -1.99649
36905 -2 -1.99649
36906 -2 -1.99649
36907 -2 -1.99649
36908 -2 -1.99649
36909 -2 -1.99649
36910 -2 -1.99649
36911 -2 -1.99649
36912 -2 -1.99649
36913 -2 -1.99649
36914 -2 -1.99649
36915 -2 -1.99649
36916 -2 -1.99649
36917 -2 -1.99649
36918 -2 -1.99649
36919 -2 -1.99649
36920 -2 -1.99649
36921 -2 -1.99649
36922 -1.98 -1.99649
36923 -1.95 -1.99649
36924 -1.96 -1.99649
36925 -1.98 -1.99649
36926 -2 -1.99649
36927 -2 -1.99649
36928 -2 -1.99649
36929 -2 -1.99649
36930 -2 -1.99649
36931 -2 -1.99649
36932 -2 -1.99649
36933 -2 -1.99649
36934 -2 -1.99649
36935 -2 -1.99649
36936 -2 -1.99649
36937 -2 -1.99649
36938 -2 -1.99649
36939 -2 -1.99649
36940 -2 -1.99649
36941 -2 -1.99649
36942 -2 -1.99649
36943 -2 -1.99649
36944 -2 -1.99649
36945 -2 -1.99649
36946 -2 -1.99649
36947 -2 -1.99649
36948 -2 -1.99649
36949 -2 -1.99649
36950 -1.98 -1.99649
36951 -2 -1.99649
36952 -2 -1.99649
36953 -2 -1.99649
36954 -1.98 -1.99649
36955 -1.98 -1.99649
36956 -2 -1.99649
36957 -2 -1.99649
36958 -1.98 -1.99649
36959 -2 -1.99649
36960 -2 -1.99649
36961 -2 -1.99649
36962 -2 -1.99649
36963 -2 -1.99649
36964 -2 -1.99649
36965 -2 -1.99649
36966 -2 -1.99649
36967 -2 -1.99649
36968 -2 -1.99649
36969 -2 -1.99649
36970 -2 -1.99649
36971 -2 -1.99649
36972 -2 -1.99649
36973 -2 -1.99649
36974 -1.98 -1.99649
36975 -1.98 -1.99649
36976 -2 -1.99649
36977 -2 -1.99649
36978 -2 -1.99649
36979 -2 -1.99649
36980 -2 -1.99649
36981 -2 -1.99649
36982 -2 -1.99649
36983 -2 -1.99649
36984 -2 -1.99649
36985 -2 -1.99649
36986 -2 -1.99649
36987 -2 -1.99649
36988 -2 -1.99649
36989 -2 -1.99649
36990 -2 -1.99649
36991 -2 -1.99649
36992 -2 -1.99649
36993 -2 -1.99649
36994 -2 -1.99649
36995 -2 -1.99649
36996 -2 -1.99649
36997 -1.98 -1.99649
36998 -2 -1.99649
36999 -2 -1.99649
37000 -2 -1.99649
37001 -2 -1.99649
37002 -2 -1.99649
37003 -2 -1.99649
37004 -2 -1.99649
37005 -2 -1.99649
37006 -2 -1.99649
37007 -2 -1.99649
37008 -2 -1.99649
37009 -2 -1.99649
37010 -2 -1.99649
37011 -2 -1.99649
37012 -2 -1.99649
37013 -2 -1.99649
37014 -2 -1.99649
37015 -2 -1.99649
37016 -1.98 -1.99649
37017 -2 -1.99649
37018 -2 -1.99649
37019 -2 -1.99649
37020 -2 -1.99649
37021 -2 -1.99649
37022 -2 -1.99649
37023 -2 -1.99649
37024 -1.97 -1.99649
37025 -1.98 -1.99649
37026 -1.98 -1.99649
37027 -1.98 -1.99649
37028 -2 -1.99649
37029 -2 -1.99649
37030 -2 -1.99649
37031 -1.95 -1.99649
37032 -1.98 -1.99649
37033 -1.98 -1.99649
37034 -2 -1.99649
37035 -2 -1.99649
37036 -2 -1.99649
37037 -2 -1.99649
37038 -2 -1.99649
37039 -2 -1.99649
37040 -2 -1.99649
37041 -2 -1.99649
37042 -2 -1.99649
37043 -2 -1.99649
37044 -2 -1.99649
37045 -2 -1.99649
37046 -2 -1.99649
37047 -2 -1.99649
37048 -2 -1.99649
37049 -2 -1.99649
37050 -2 -1.99649
37051 -2 -1.99649
37052 -2 -1.99649
37053 -2 -1.99649
37054 -2 -1.99649
37055 -2 -1.99649
37056 -2 -1.99649
37057 -2 -1.99649
37058 -2 -1.99649
37059 -2 -1.99649
37060 -2 -1.99649
37061 -2 -1.99649
37062 -2 -1.99649
37063 -2 -1.99649
37064 -2 -1.99649
37065 -2 -1.99649
37066 -2 -1.99649
37067 -2 -1.99649
37068 -2 -1.99649
37069 -2 -1.99649
37070 -2 -1.99649
37071 -2 -1.99649
37072 -2 -1.99649
37073 -2 -1.99649
37074 -2 -1.99649
37075 -2 -1.99649
37076 -1.96 -1.99649
37077 -1.96 -1.99649
37078 -1.98 -1.99649
37079 -2 -1.99649
37080 -2 -1.99649
37081 -2 -1.99649
37082 -2 -1.99649
37083 -1.96 -1.99649
37084 -1.96 -1.99649
37085 -2 -1.99649
37086 -2 -1.99649
37087 -2 -1.99649
37088 -2 -1.99649
37089 -2 -1.99649
37090 -2 -1.99649
37091 -2 -1.99649
37092 -2 -1.99649
37093 -2 -1.99649
37094 -2 -1.99649
37095 -2 -1.99649
37096 -2 -1.99649
37097 -2 -1.99649
37098 -2 -1.99649
37099 -2 -1.99649
37100 -2 -1.99649
37101 -1.98 -1.99649
37102 -2 -1.99649
37103 -2 -1.99649
37104 -2 -1.99649
37105 -2 -1.99649
37106 -2 -1.99649
37107 -2 -1.99649
37108 -2 -1.99649
37109 -2 -1.99649
37110 -2 -1.99649
37111 -2 -1.99649
37112 -2 -1.99649
37113 -2 -1.99649
37114 -2 -1.99649
37115 -2 -1.99649
37116 -2 -1.99649
37117 -2 -1.99649
37118 -2 -1.99649
37119 -2 -1.99649
37120 -2 -1.99649
37121 -2 -1.99649
37122 -2 -1.99649
37123 -2 -1.99649
37124 -2 -1.99649
37125 -2 -1.99649
37126 -2 -1.99649
37127 -2 -1.99649
37128 -2 -1.99649
37129 -2 -1.99649
37130 -2 -1.99649
37131 -2 -1.99649
37132 -2 -1.99649
37133 -2 -1.99649
37134 -2 -1.99649
37135 -2 -1.99649
37136 -2 -1.99649
37137 -2 -1.99649
37138 -1.98 -1.99649
37139 -1.98 -1.99649
37140 -1.98 -1.99649
37141 -2 -1.99649
37142 -2 -1.99649
37143 -2 -1.99649
37144 -2 -1.99649
37145 -2 -1.99649
37146 -2 -1.99649
37147 -2 -1.99649
37148 -2 -1.99649
37149 -2 -1.99649
37150 -2 -1.99649
37151 -2 -1.99649
37152 -2 -1.99649
37153 -2 -1.99649
37154 -2 -1.99649
37155 -2 -1.99649
37156 -2 -1.99649
37157 -2 -1.99649
37158 -2 -1.99649
37159 -2 -1.99649
37160 -2 -1.99649
37161 -2 -1.99649
37162 -2 -1.99649
37163 -2 -1.99649
37164 -2 -1.99649
37165 -2 -1.99649
37166 -1.98 -1.99649
37167 -2 -1.99649
37168 -1.98 -1.99649
37169 -1.98 -1.99649
37170 -1.98 -1.99649
37171 -1.98 -1.99649
37172 -1.98 -1.99649
37173 -1.98 -1.99649
37174 -1.98 -1.99649
37175 -1.98 -1.99649
37176 -1.98 -1.99649
37177 -1.98 -1.99649
37178 -1.98 -1.99649
37179 -1.98 -1.99649
37180 -1.98 -1.99649
37181 -2 -1.99649
37182 -2 -1.99649
37183 -2 -1.99649
37184 -2 -1.99649
37185 -2 -1.99649
37186 -2 -1.99649
37187 -2 -1.99649
37188 -2 -1.99649
37189 -2 -1.99649
37190 -2 -1.99649
37191 -1.98 -1.99649
37192 -2 -1.99649
37193 -2 -1.99649
37194 -2 -1.99649
37195 -1.98 -1.99649
37196 -2 -1.99649
37197 -2 -1.99649
37198 -2 -1.99649
37199 -1.98 -1.99649
37200 -1.98 -1.99649
37201 -2 -1.99649
37202 -2 -1.99649
37203 -2 -1.99649
37204 -2 -1.99649
37205 -2 -1.99649
37206 -2 -1.99649
37207 -2 -1.99649
37208 -2 -1.99649
37209 -2 -1.99649
37210 -2 -1.99649
37211 -2 -1.99649
37212 -2 -1.99649
37213 -2 -1.99649
37214 -2 -1.99649
37215 -2 -1.99649
37216 -2 -1.99649
37217 -2 -1.99649
37218 -2 -1.99649
37219 -2 -1.99649
37220 -2 -1.99649
37221 -1.98 -1.99649
37222 -2 -1.99649
37223 -2 -1.99649
37224 -2 -1.99649
37225 -2 -1.99649
37226 -2 -1.99649
37227 -2 -1.99649
37228 -2 -1.99649
37229 -2 -1.99649
37230 -2 -1.99649
37231 -2 -1.99649
37232 -2 -1.99649
37233 -2 -1.99649
37234 -2 -1.99649
37235 -2 -1.99649
37236 -2 -1.99649
37237 -2 -1.99649
37238 -2 -1.99649
37239 -2 -1.99649
37240 -2 -1.99649
37241 -2 -1.99649
37242 -2 -1.99649
37243 -1.98 -1.99649
37244 -2 -1.99649
37245 -2 -1.99649
37246 -2 -1.99649
37247 -2 -1.99649
37248 -2 -1.99649
37249 -1.98 -1.99649
37250 -2 -1.99649
37251 -2 -1.99649
37252 -2 -1.99649
37253 -2 -1.99649
37254 -2 -1.99649
37255 -2 -1.99649
37256 -1.98 -1.99649
37257 -1.98 -1.99649
37258 -2 -1.99649
37259 -2 -1.99649
37260 -2 -1.99649
37261 -1.98 -1.99649
37262 -2 -1.99649
37263 -2 -1.99649
37264 -2 -1.99649
37265 -2 -1.99649
37266 -2 -1.99649
37267 -1.98 -1.99649
37268 -2 -1.99649
37269 -2 -1.99649
37270 -2 -1.99649
37271 -2 -1.99649
37272 -2 -1.99649
37273 -2 -1.99649
37274 -2 -1.99649
37275 -2 -1.99649
37276 -2 -1.99649
37277 -2 -1.99649
37278 -2 -1.99649
37279 -2 -1.99649
37280 -2 -1.99649
37281 -2 -1.99649
37282 -2 -1.99649
37283 -2 -1.99649
37284 -2 -1.99649
37285 -2 -1.99649
37286 -2 -1.99649
37287 -2 -1.99649
37288 -2 -1.99649
37289 -2 -1.99649
37290 -2 -1.99649
37291 -2 -1.99649
37292 -2 -1.99649
37293 -2 -1.99649
37294 -2 -1.99649
37295 -2 -1.99649
37296 -2 -1.99649
37297 -2 -1.99649
37298 -2 -1.99649
37299 -2 -1.99649
37300 -2 -1.99649
37301 -2 -1.99649
37302 -2 -1.99649
37303 -2 -1.99649
37304 -2 -1.99649
37305 -2 -1.99649
37306 -2 -1.99649
37307 -2 -1.99649
37308 -2 -1.99649
37309 -2 -1.99649
37310 -1.98 -1.99649
37311 -2 -1.99649
37312 -1.98 -1.99649
37313 -1.98 -1.99649
37314 -2 -1.99649
37315 -2 -1.99649
37316 -2 -1.99649
37317 -2 -1.99649
37318 -2 -1.99649
37319 -2 -1.99649
37320 -2 -1.99649
37321 -2 -1.99649
37322 -2 -1.99649
37323 -2 -1.99649
37324 -2 -1.99649
37325 -2 -1.99649
37326 -2 -1.99649
37327 -2 -1.99649
37328 -2 -1.99649
37329 -2 -1.99649
37330 -2 -1.99649
37331 -1.98 -1.99649
37332 -2 -1.99649
37333 -2 -1.99649
37334 -2 -1.99649
37335 -2 -1.99649
37336 -2 -1.99649
37337 -2 -1.99649
37338 -2 -1.99649
37339 -2 -1.99649
37340 -2 -1.99649
37341 -2 -1.99649
37342 -2 -1.99649
37343 -2 -1.99649
37344 -2 -1.99649
37345 -2 -1.99649
37346 -2 -1.99649
37347 -2 -1.99649
37348 -2 -1.99649
37349 -2 -1.99649
37350 -2 -1.99649
37351 -2 -1.99649
37352 -2 -1.99649
37353 -2 -1.99649
37354 -2 -1.99649
37355 -2 -1.99649
37356 -2 -1.99649
37357 -2 -1.99649
37358 -1.98 -1.99649
37359 -2 -1.99649
37360 -2 -1.99649
37361 -2 -1.99649
37362 -2 -1.99649
37363 -2 -1.99649
37364 -1.98 -1.99649
37365 -1.98 -1.99649
37366 -2 -1.99649
37367 -2 -1.99649
37368 -1.98 -1.99649
37369 -2 -1.99649
37370 -1.98 -1.99649
37371 -2 -1.99649
37372 -2 -1.99649
37373 -2 -1.99649
37374 -2 -1.99649
37375 -2 -1.99649
37376 -2 -1.99649
37377 -2 -1.99649
37378 -2 -1.99649
37379 -2 -1.99649
37380 -2 -1.99649
37381 -2 -1.99649
37382 -2 -1.99649
37383 -2 -1.99649
37384 -2 -1.99649
37385 -2 -1.99649
37386 -2 -1.99649
37387 -2 -1.99649
37388 -2 -1.99649
37389 -2 -1.99649
37390 -2 -1.99649
37391 -2 -1.99649
37392 -2 -1.99649
37393 -2 -1.99649
37394 -1.98 -1.99649
37395 -1.98 -1.99649
37396 -1.98 -1.99649
37397 -1.98 -1.99649
37398 -1.98 -1.99649
37399 -2 -1.99649
37400 -2 -1.99649
37401 -2 -1.99649
37402 -2 -1.99649
37403 -2 -1.99649
37404 -1.98 -1.99649
37405 -2 -1.99649
37406 -2 -1.99649
37407 -1.98 -1.99649
37408 -2 -1.99649
37409 -2 -1.99649
37410 -2 -1.99649
37411 -2 -1.99649
37412 -2 -1.99649
37413 -2 -1.99649
37414 -2 -1.99649
37415 -2 -1.99649
37416 -2 -1.99649
37417 -2 -1.99649
37418 -2 -1.99649
37419 -2 -1.99649
37420 -2 -1.99649
37421 -2 -1.99649
37422 -2 -1.99649
37423 -2 -1.99649
37424 -2 -1.99649
37425 -2 -1.99649
37426 -2 -1.99649
37427 -2 -1.99649
37428 -1.98 -1.99649
37429 -1.98 -1.99649
37430 -2 -1.99649
37431 -2 -1.99649
37432 -2 -1.99649
37433 -2 -1.99649
37434 -2 -1.99649
37435 -2 -1.99649
37436 -2 -1.99649
37437 -2 -1.99649
37438 -2 -1.99649
37439 -2 -1.99649
37440 -2 -1.99649
37441 -2 -1.99649
37442 -2 -1.99649
37443 -2 -1.99649
37444 -2 -1.99649
37445 -2 -1.99649
37446 -2 -1.9965
37447 -2 -1.9965
37448 -2 -1.9965
37449 -2 -1.9965
37450 -2 -1.9965
37451 -2 -1.9965
37452 -2 -1.9965
37453 -2 -1.9965
37454 -2 -1.9965
37455 -2 -1.9965
37456 -2 -1.9965
37457 -2 -1.9965
37458 -2 -1.9965
37459 -2 -1.9965
37460 -2 -1.9965
37461 -1.98 -1.9965
37462 -2 -1.9965
37463 -2 -1.9965
37464 -2 -1.9965
37465 -2 -1.9965
37466 -2 -1.9965
37467 -2 -1.9965
37468 -2 -1.9965
37469 -2 -1.9965
37470 -2 -1.9965
37471 -2 -1.9965
37472 -2 -1.9965
37473 -2 -1.9965
37474 -2 -1.9965
37475 -2 -1.9965
37476 -2 -1.9965
37477 -2 -1.9965
37478 -1.98 -1.9965
37479 -1.98 -1.9965
37480 -1.96 -1.9965
37481 -1.98 -1.9965
37482 -1.98 -1.99649
37483 -1.98 -1.99649
37484 -2 -1.99649
37485 -2 -1.99649
37486 -2 -1.99649
37487 -1.98 -1.99649
37488 -1.98 -1.99649
37489 -2 -1.99649
37490 -2 -1.99649
37491 -2 -1.99649
37492 -2 -1.99649
37493 -2 -1.99649
37494 -1.98 -1.99649
37495 -1.98 -1.99649
37496 -2 -1.99649
37497 -1.98 -1.99649
37498 -2 -1.99649
37499 -2 -1.99649
37500 -2 -1.99649
37501 -2 -1.99649
37502 -2 -1.99649
37503 -2 -1.99649
37504 -2 -1.99649
37505 -2 -1.99649
37506 -2 -1.99649
37507 -2 -1.99649
37508 -2 -1.99649
37509 -2 -1.99649
37510 -2 -1.99649
37511 -2 -1.99649
37512 -2 -1.99649
37513 -2 -1.99649
37514 -2 -1.99649
37515 -2 -1.99649
37516 -2 -1.99649
37517 -2 -1.99649
37518 -2 -1.99649
37519 -2 -1.99649
37520 -2 -1.9965
37521 -1.98 -1.99649
37522 -1.95 -1.99649
37523 -1.98 -1.99649
37524 -2 -1.99649
37525 -2 -1.99649
37526 -2 -1.99649
37527 -2 -1.99649
37528 -1.98 -1.99649
37529 -2 -1.99649
37530 -2 -1.99649
37531 -2 -1.99649
37532 -2 -1.99649
37533 -2 -1.99649
37534 -2 -1.99649
37535 -1.96 -1.99649
37536 -1.98 -1.99649
37537 -2 -1.99649
37538 -2 -1.99649
37539 -2 -1.99649
37540 -2 -1.99649
37541 -2 -1.99649
37542 -2 -1.99649
37543 -2 -1.99649
37544 -1.98 -1.99649
37545 -2 -1.99649
37546 -2 -1.99649
37547 -2 -1.99649
37548 -2 -1.99649
37549 -2 -1.99649
37550 -2 -1.99649
37551 -1.98 -1.99649
37552 -1.98 -1.99649
37553 -2 -1.99649
37554 -2 -1.99649
37555 -2 -1.99649
37556 -2 -1.99649
37557 -2 -1.99649
37558 -2 -1.99649
37559 -2 -1.99649
37560 -1.98 -1.99649
37561 -2 -1.99649
37562 -2 -1.99649
37563 -2 -1.99649
37564 -2 -1.99649
37565 -2 -1.99649
37566 -2 -1.99649
37567 -2 -1.99649
37568 -2 -1.99649
37569 -2 -1.99649
37570 -2 -1.99649
37571 -2 -1.99649
37572 -2 -1.99649
37573 -2 -1.99649
37574 -1.98 -1.99649
37575 -2 -1.99649
37576 -2 -1.99649
37577 -2 -1.99649
37578 -2 -1.99649
37579 -2 -1.99649
37580 -2 -1.99649
37581 -2 -1.99649
37582 -2 -1.99649
37583 -2 -1.99649
37584 -2 -1.99649
37585 -2 -1.99649
37586 -2 -1.99649
37587 -2 -1.99649
37588 -2 -1.99649
37589 -2 -1.99649
37590 -2 -1.99649
37591 -2 -1.99649
37592 -1.98 -1.99649
37593 -1.98 -1.99649
37594 -2 -1.99649
37595 -2 -1.99649
37596 -1.98 -1.99649
37597 -2 -1.99649
37598 -2 -1.99649
37599 -1.98 -1.99649
37600 -1.96 -1.99649
37601 -2 -1.99649
37602 -2 -1.99649
37603 -2 -1.99649
37604 -2 -1.99649
37605 -2 -1.99649
37606 -2 -1.99649
37607 -2 -1.99649
37608 -2 -1.99649
37609 -2 -1.99649
37610 -2 -1.99649
37611 -2 -1.99649
37612 -2 -1.99649
37613 -1.98 -1.99649
37614 -2 -1.99649
37615 -2 -1.99649
37616 -2 -1.99649
37617 -2 -1.99649
37618 -2 -1.99649
37619 -2 -1.99649
37620 -2 -1.99649
37621 -2 -1.99649
37622 -2 -1.99649
37623 -2 -1.99649
37624 -2 -1.99649
37625 -2 -1.99649
37626 -2 -1.99649
37627 -2 -1.99649
37628 -2 -1.99649
37629 -2 -1.99649
37630 -2 -1.99649
37631 -2 -1.99649
37632 -2 -1.99649
37633 -2 -1.99649
37634 -1.98 -1.99649
37635 -2 -1.99649
37636 -2 -1.99649
37637 -2 -1.99649
37638 -2 -1.99649
37639 -2 -1.99649
37640 -2 -1.99649
37641 -2 -1.99649
37642 -2 -1.99649
37643 -2 -1.9965
37644 -2 -1.9965
37645 -2 -1.9965
37646 -2 -1.9965
37647 -2 -1.9965
37648 -2 -1.9965
37649 -2 -1.9965
37650 -2 -1.9965
37651 -1.98 -1.9965
37652 -1.98 -1.99649
37653 -2 -1.99649
37654 -2 -1.9965
37655 -2 -1.9965
37656 -2 -1.9965
37657 -2 -1.9965
37658 -2 -1.9965
37659 -2 -1.9965
37660 -2 -1.9965
37661 -2 -1.9965
37662 -2 -1.9965
37663 -2 -1.9965
37664 -2 -1.9965
37665 -2 -1.9965
37666 -2 -1.9965
37667 -2 -1.9965
37668 -1.98 -1.9965
37669 -2 -1.9965
37670 -2 -1.9965
37671 -2 -1.9965
37672 -1.96 -1.9965
37673 -2 -1.9965
37674 -2 -1.9965
37675 -2 -1.9965
37676 -2 -1.9965
37677 -2 -1.9965
37678 -2 -1.9965
37679 -2 -1.9965
37680 -2 -1.9965
37681 -2 -1.9965
37682 -2 -1.9965
37683 -2 -1.9965
37684 -2 -1.9965
37685 -2 -1.9965
37686 -2 -1.9965
37687 -2 -1.9965
37688 -2 -1.9965
37689 -2 -1.9965
37690 -2 -1.9965
37691 -2 -1.9965
37692 -2 -1.9965
37693 -2 -1.9965
37694 -2 -1.9965
37695 -2 -1.9965
37696 -2 -1.9965
37697 -2 -1.9965
37698 -2 -1.9965
37699 -2 -1.9965
37700 -2 -1.9965
37701 -2 -1.9965
37702 -2 -1.9965
37703 -2 -1.9965
37704 -2 -1.9965
37705 -2 -1.9965
37706 -2 -1.9965
37707 -2 -1.9965
37708 -2 -1.9965
37709 -2 -1.9965
37710 -2 -1.9965
37711 -2 -1.9965
37712 -2 -1.9965
37713 -2 -1.9965
37714 -2 -1.9965
37715 -2 -1.9965
37716 -2 -1.9965
37717 -2 -1.9965
37718 -2 -1.9965
37719 -2 -1.9965
37720 -2 -1.9965
37721 -2 -1.9965
37722 -2 -1.9965
37723 -2 -1.9965
37724 -2 -1.9965
37725 -2 -1.9965
37726 -2 -1.9965
37727 -2 -1.9965
37728 -2 -1.9965
37729 -2 -1.9965
37730 -2 -1.9965
37731 -1.98 -1.9965
37732 -2 -1.9965
37733 -2 -1.9965
37734 -2 -1.9965
37735 -2 -1.9965
37736 -2 -1.9965
37737 -1.98 -1.9965
37738 -2 -1.9965
37739 -2 -1.9965
37740 -2 -1.9965
37741 -2 -1.9965
37742 -1.98 -1.9965
37743 -1.98 -1.9965
37744 -1.96 -1.9965
37745 -1.96 -1.9965
37746 -1.98 -1.9965
37747 -2 -1.9965
37748 -2 -1.9965
37749 -2 -1.9965
37750 -2 -1.9965
37751 -2 -1.9965
37752 -1.98 -1.9965
37753 -2 -1.9965
37754 -2 -1.9965
37755 -2 -1.9965
37756 -2 -1.9965
37757 -2 -1.9965
37758 -2 -1.9965
37759 -1.98 -1.9965
37760 -2 -1.9965
37761 -2 -1.9965
37762 -2 -1.9965
37763 -2 -1.9965
37764 -2 -1.9965
37765 -2 -1.9965
37766 -2 -1.9965
37767 -2 -1.9965
37768 -2 -1.9965
37769 -2 -1.9965
37770 -2 -1.9965
37771 -2 -1.9965
37772 -2 -1.9965
37773 -2 -1.9965
37774 -2 -1.9965
37775 -2 -1.9965
37776 -1.98 -1.9965
37777 -1.98 -1.9965
37778 -2 -1.9965
37779 -2 -1.9965
37780 -2 -1.9965
37781 -2 -1.9965
37782 -2 -1.9965
37783 -2 -1.9965
37784 -2 -1.9965
37785 -2 -1.9965
37786 -2 -1.9965
37787 -2 -1.9965
37788 -2 -1.9965
37789 -2 -1.9965
37790 -2 -1.9965
37791 -2 -1.9965
37792 -2 -1.9965
37793 -2 -1.9965
37794 -2 -1.9965
37795 -2 -1.9965
37796 -2 -1.9965
37797 -2 -1.9965
37798 -2 -1.9965
37799 -2 -1.9965
37800 -2 -1.9965
37801 -2 -1.9965
37802 -2 -1.9965
37803 -2 -1.9965
37804 -2 -1.9965
37805 -2 -1.9965
37806 -2 -1.9965
37807 -2 -1.9965
37808 -2 -1.9965
37809 -2 -1.9965
37810 -1.98 -1.9965
37811 -2 -1.9965
37812 -2 -1.9965
37813 -2 -1.9965
37814 -2 -1.9965
37815 -2 -1.9965
37816 -2 -1.9965
37817 -2 -1.9965
37818 -2 -1.9965
37819 -1.98 -1.9965
37820 -1.98 -1.9965
37821 -2 -1.9965
37822 -2 -1.9965
37823 -2 -1.9965
37824 -2 -1.9965
37825 -2 -1.9965
37826 -2 -1.9965
37827 -2 -1.9965
37828 -1.98 -1.9965
37829 -2 -1.9965
37830 -2 -1.9965
37831 -2 -1.9965
37832 -2 -1.9965
37833 -2 -1.9965
37834 -2 -1.9965
37835 -2 -1.9965
37836 -2 -1.9965
37837 -2 -1.9965
37838 -2 -1.9965
37839 -2 -1.9965
37840 -2 -1.9965
37841 -2 -1.9965
37842 -2 -1.9965
37843 -2 -1.9965
37844 -2 -1.9965
37845 -2 -1.9965
37846 -2 -1.9965
37847 -2 -1.9965
37848 -2 -1.9965
37849 -2 -1.9965
37850 -2 -1.9965
37851 -2 -1.9965
37852 -2 -1.9965
37853 -2 -1.9965
37854 -1.98 -1.9965
37855 -2 -1.9965
37856 -1.98 -1.9965
37857 -2 -1.9965
37858 -2 -1.9965
37859 -2 -1.9965
37860 -2 -1.9965
37861 -2 -1.9965
37862 -2 -1.9965
37863 -2 -1.9965
37864 -2 -1.9965
37865 -2 -1.9965
37866 -2 -1.9965
37867 -2 -1.9965
37868 -1.98 -1.9965
37869 -2 -1.9965
37870 -2 -1.9965
37871 -2 -1.9965
37872 -2 -1.9965
37873 -2 -1.9965
37874 -2 -1.9965
37875 -2 -1.9965
37876 -2 -1.9965
37877 -1.98 -1.9965
37878 -2 -1.9965
37879 -2 -1.9965
37880 -2 -1.9965
37881 -1.98 -1.9965
37882 -1.98 -1.9965
37883 -1.95 -1.9965
37884 -1.98 -1.9965
37885 -1.98 -1.9965
37886 -2 -1.9965
37887 -2 -1.9965
37888 -1.98 -1.9965
37889 -2 -1.9965
37890 -2 -1.9965
37891 -2 -1.9965
37892 -2 -1.9965
37893 -2 -1.9965
37894 -2 -1.9965
37895 -2 -1.9965
37896 -2 -1.9965
37897 -2 -1.9965
37898 -2 -1.9965
37899 -2 -1.9965
37900 -2 -1.9965
37901 -2 -1.9965
37902 -2 -1.9965
37903 -2 -1.9965
37904 -2 -1.9965
37905 -2 -1.9965
37906 -2 -1.9965
37907 -1.98 -1.9965
37908 -2 -1.9965
37909 -2 -1.9965
37910 -2 -1.9965
37911 -2 -1.9965
37912 -2 -1.9965
37913 -2 -1.9965
37914 -2 -1.9965
37915 -2 -1.9965
37916 -2 -1.9965
37917 -2 -1.9965
37918 -2 -1.9965
37919 -2 -1.9965
37920 -2 -1.9965
37921 -2 -1.9965
37922 -2 -1.9965
37923 -2 -1.9965
37924 -2 -1.9965
37925 -2 -1.9965
37926 -2 -1.9965
37927 -2 -1.9965
37928 -2 -1.9965
37929 -2 -1.9965
37930 -2 -1.9965
37931 -2 -1.9965
37932 -2 -1.9965
37933 -2 -1.9965
37934 -2 -1.9965
37935 -2 -1.9965
37936 -2 -1.9965
37937 -1.98 -1.9965
37938 -1.98 -1.9965
37939 -1.98 -1.9965
37940 -1.98 -1.9965
37941 -1.98 -1.9965
37942 -1.98 -1.9965
37943 -1.98 -1.9965
37944 -1.98 -1.9965
37945 -2 -1.9965
37946 -1.98 -1.9965
37947 -2 -1.9965
37948 -2 -1.9965
37949 -2 -1.9965
37950 -2 -1.9965
37951 -2 -1.9965
37952 -2 -1.9965
37953 -2 -1.9965
37954 -2 -1.9965
37955 -1.98 -1.9965
37956 -2 -1.9965
37957 -2 -1.9965
37958 -2 -1.9965
37959 -1.98 -1.9965
37960 -2 -1.9965
37961 -2 -1.9965
37962 -2 -1.9965
37963 -2 -1.9965
37964 -2 -1.9965
37965 -1.98 -1.9965
37966 -1.98 -1.9965
37967 -1.98 -1.9965
37968 -2 -1.9965
37969 -2 -1.9965
37970 -2 -1.9965
37971 -2 -1.9965
37972 -2 -1.9965
37973 -2 -1.9965
37974 -2 -1.9965
37975 -2 -1.9965
37976 -2 -1.9965
37977 -2 -1.9965
37978 -2 -1.9965
37979 -2 -1.9965
37980 -2 -1.9965
37981 -2 -1.9965
37982 -2 -1.9965
37983 -2 -1.9965
37984 -2 -1.9965
37985 -2 -1.9965
37986 -2 -1.9965
37987 -2 -1.9965
37988 -2 -1.9965
37989 -2 -1.9965
37990 -2 -1.9965
37991 -2 -1.9965
37992 -2 -1.9965
37993 -2 -1.9965
37994 -2 -1.9965
37995 -2 -1.9965
37996 -2 -1.9965
37997 -2 -1.9965
37998 -2 -1.9965
37999 -2 -1.9965
38000 -1.98 -1.9965
38001 -2 -1.9965
38002 -2 -1.9965
38003 -2 -1.9965
38004 -2 -1.9965
38005 -2 -1.9965
38006 -2 -1.9965
38007 -2 -1.9965
38008 -2 -1.9965
38009 -2 -1.9965
38010 -2 -1.9965
38011 -2 -1.9965
38012 -1.98 -1.9965
38013 -2 -1.9965
38014 -2 -1.9965
38015 -2 -1.9965
38016 -2 -1.9965
38017 -2 -1.9965
38018 -2 -1.9965
38019 -2 -1.9965
38020 -1.98 -1.9965
38021 -1.98 -1.9965
38022 -1.98 -1.9965
38023 -2 -1.9965
38024 -2 -1.9965
38025 -1.98 -1.9965
38026 -2 -1.9965
38027 -2 -1.9965
38028 -2 -1.9965
38029 -1.98 -1.9965
38030 -1.98 -1.9965
38031 -2 -1.9965
38032 -2 -1.9965
38033 -2 -1.9965
38034 -1.95 -1.9965
38035 -1.95 -1.9965
38036 -1.96 -1.9965
38037 -1.96 -1.9965
38038 -1.96 -1.9965
38039 -1.98 -1.9965
38040 -1.98 -1.9965
38041 -1.98 -1.99649
38042 -2 -1.99649
38043 -2 -1.99649
38044 -1.98 -1.99649
38045 -1.98 -1.99649
38046 -2 -1.99649
38047 -2 -1.99649
38048 -2 -1.99649
38049 -2 -1.99649
38050 -2 -1.99649
38051 -2 -1.99649
38052 -2 -1.99649
38053 -2 -1.99649
38054 -2 -1.99649
38055 -2 -1.99649
38056 -2 -1.99649
38057 -2 -1.9965
38058 -2 -1.9965
38059 -2 -1.9965
38060 -2 -1.9965
38061 -2 -1.9965
38062 -2 -1.9965
38063 -2 -1.9965
38064 -2 -1.9965
38065 -2 -1.9965
38066 -2 -1.9965
38067 -2 -1.9965
38068 -2 -1.9965
38069 -1.98 -1.9965
38070 -1.98 -1.9965
38071 -2 -1.9965
38072 -2 -1.9965
38073 -2 -1.9965
38074 -2 -1.9965
38075 -2 -1.9965
38076 -2 -1.9965
38077 -2 -1.9965
38078 -2 -1.9965
38079 -1.98 -1.9965
38080 -2 -1.9965
38081 -2 -1.9965
38082 -2 -1.9965
38083 -2 -1.9965
38084 -2 -1.9965
38085 -2 -1.9965
38086 -2 -1.9965
38087 -2 -1.9965
38088 -2 -1.9965
38089 -2 -1.9965
38090 -2 -1.9965
38091 -2 -1.9965
38092 -1.98 -1.9965
38093 -1.98 -1.9965
38094 -2 -1.9965
38095 -2 -1.9965
38096 -2 -1.9965
38097 -2 -1.9965
38098 -2 -1.9965
38099 -2 -1.9965
38100 -2 -1.9965
38101 -2 -1.9965
38102 -1.98 -1.9965
38103 -2 -1.9965
38104 -2 -1.9965
38105 -2 -1.9965
38106 -2 -1.9965
38107 -2 -1.9965
38108 -2 -1.9965
38109 -2 -1.9965
38110 -2 -1.9965
38111 -2 -1.9965
38112 -2 -1.9965
38113 -2 -1.9965
38114 -2 -1.9965
38115 -2 -1.9965
38116 -2 -1.9965
38117 -2 -1.9965
38118 -2 -1.9965
38119 -2 -1.9965
38120 -2 -1.9965
38121 -2 -1.9965
38122 -2 -1.9965
38123 -2 -1.9965
38124 -2 -1.9965
38125 -2 -1.9965
38126 -2 -1.9965
38127 -2 -1.9965
38128 -2 -1.9965
38129 -1.98 -1.9965
38130 -1.98 -1.9965
38131 -1.98 -1.9965
38132 -2 -1.9965
38133 -2 -1.9965
38134 -2 -1.9965
38135 -2 -1.9965
38136 -2 -1.9965
38137 -2 -1.9965
38138 -2 -1.9965
38139 -2 -1.9965
38140 -2 -1.9965
38141 -2 -1.9965
38142 -2 -1.9965
38143 -2 -1.9965
38144 -2 -1.9965
38145 -2 -1.9965
38146 -2 -1.9965
38147 -2 -1.9965
38148 -2 -1.9965
38149 -2 -1.9965
38150 -2 -1.9965
38151 -1.96 -1.9965
38152 -2 -1.9965
38153 -1.98 -1.9965
38154 -2 -1.9965
38155 -2 -1.9965
38156 -1.98 -1.9965
38157 -2 -1.9965
38158 -2 -1.9965
38159 -2 -1.9965
38160 -2 -1.9965
38161 -2 -1.9965
38162 -1.98 -1.9965
38163 -2 -1.9965
38164 -2 -1.9965
38165 -2 -1.9965
38166 -2 -1.9965
38167 -2 -1.9965
38168 -2 -1.9965
38169 -2 -1.9965
38170 -1.98 -1.9965
38171 -2 -1.9965
38172 -2 -1.9965
38173 -2 -1.9965
38174 -2 -1.9965
38175 -1.96 -1.9965
38176 -1.96 -1.9965
38177 -2 -1.9965
38178 -2 -1.9965
38179 -2 -1.9965
38180 -2 -1.9965
38181 -2 -1.9965
38182 -2 -1.9965
38183 -2 -1.9965
38184 -2 -1.9965
38185 -2 -1.9965
38186 -2 -1.9965
38187 -2 -1.9965
38188 -1.98 -1.9965
38189 -2 -1.9965
38190 -2 -1.9965
38191 -2 -1.9965
38192 -2 -1.9965
38193 -2 -1.9965
38194 -2 -1.9965
38195 -2 -1.9965
38196 -2 -1.9965
38197 -2 -1.9965
38198 -2 -1.9965
38199 -2 -1.9965
38200 -2 -1.9965
38201 -1.98 -1.9965
38202 -2 -1.9965
38203 -2 -1.9965
38204 -2 -1.9965
38205 -2 -1.9965
38206 -2 -1.9965
38207 -2 -1.9965
38208 -2 -1.9965
38209 -2 -1.9965
38210 -2 -1.9965
38211 -2 -1.9965
38212 -1.98 -1.9965
38213 -1.98 -1.9965
38214 -2 -1.9965
38215 -2 -1.9965
38216 -2 -1.9965
38217 -1.98 -1.9965
38218 -1.98 -1.9965
38219 -2 -1.9965
38220 -2 -1.9965
38221 -2 -1.9965
38222 -2 -1.9965
38223 -2 -1.9965
38224 -2 -1.9965
38225 -2 -1.9965
38226 -2 -1.9965
38227 -2 -1.9965
38228 -2 -1.9965
38229 -2 -1.9965
38230 -2 -1.9965
38231 -2 -1.9965
38232 -2 -1.9965
38233 -1.98 -1.9965
38234 -2 -1.9965
38235 -2 -1.9965
38236 -2 -1.9965
38237 -2 -1.9965
38238 -2 -1.9965
38239 -2 -1.9965
38240 -2 -1.9965
38241 -2 -1.9965
38242 -2 -1.9965
38243 -2 -1.9965
38244 -2 -1.9965
38245 -2 -1.9965
38246 -2 -1.9965
38247 -2 -1.9965
38248 -2 -1.9965
38249 -2 -1.9965
38250 -2 -1.9965
38251 -2 -1.9965
38252 -2 -1.9965
38253 -2 -1.9965
38254 -2 -1.9965
38255 -1.98 -1.9965
38256 -1.98 -1.9965
38257 -1.98 -1.9965
38258 -1.98 -1.9965
38259 -2 -1.9965
38260 -2 -1.9965
38261 -2 -1.9965
38262 -2 -1.9965
38263 -1.98 -1.9965
38264 -1.98 -1.9965
38265 -2 -1.9965
38266 -2 -1.9965
38267 -2 -1.9965
38268 -2 -1.9965
38269 -2 -1.9965
38270 -2 -1.9965
38271 -2 -1.9965
38272 -2 -1.9965
38273 -2 -1.9965
38274 -2 -1.9965
38275 -2 -1.9965
38276 -2 -1.9965
38277 -1.96 -1.9965
38278 -2 -1.9965
38279 -1.98 -1.9965
38280 -1.98 -1.9965
38281 -2 -1.9965
38282 -1.97 -1.9965
38283 -1.98 -1.9965
38284 -1.98 -1.9965
38285 -2 -1.9965
38286 -2 -1.9965
38287 -2 -1.9965
38288 -2 -1.9965
38289 -2 -1.9965
38290 -2 -1.9965
38291 -2 -1.9965
38292 -2 -1.9965
38293 -2 -1.9965
38294 -2 -1.9965
38295 -1.98 -1.9965
38296 -1.98 -1.9965
38297 -2 -1.9965
38298 -2 -1.9965
38299 -2 -1.9965
38300 -2 -1.9965
38301 -2 -1.9965
38302 -2 -1.9965
38303 -2 -1.9965
38304 -2 -1.9965
38305 -2 -1.9965
38306 -2 -1.9965
38307 -2 -1.9965
38308 -2 -1.9965
38309 -2 -1.9965
38310 -2 -1.9965
38311 -2 -1.9965
38312 -2 -1.9965
38313 -2 -1.9965
38314 -2 -1.9965
38315 -2 -1.9965
38316 -2 -1.9965
38317 -2 -1.9965
38318 -2 -1.9965
38319 -2 -1.9965
38320 -2 -1.9965
38321 -1.98 -1.9965
38322 -2 -1.9965
38323 -1.98 -1.9965
38324 -2 -1.9965
38325 -1.98 -1.9965
38326 -1.98 -1.9965
38327 -1.98 -1.9965
38328 -1.98 -1.9965
38329 -1.97 -1.99649
38330 -1.94 -1.99649
38331 -1.98 -1.99649
38332 -2 -1.99649
38333 -2 -1.99649
38334 -2 -1.99649
38335 -2 -1.99649
38336 -2 -1.99649
38337 -2 -1.99649
38338 -2 -1.99649
38339 -2 -1.99649
38340 -2 -1.99649
38341 -2 -1.99649
38342 -2 -1.99649
38343 -2 -1.99649
38344 -2 -1.99649
38345 -2 -1.99649
38346 -2 -1.99649
38347 -2 -1.99649
38348 -2 -1.99649
38349 -2 -1.99649
38350 -2 -1.99649
38351 -2 -1.99649
38352 -2 -1.99649
38353 -2 -1.99649
38354 -2 -1.99649
38355 -2 -1.99649
38356 -2 -1.99649
38357 -2 -1.99649
38358 -2 -1.99649
38359 -1.98 -1.99649
38360 -1.96 -1.99649
38361 -1.96 -1.99649
38362 -1.98 -1.99649
38363 -2 -1.99649
38364 -1.98 -1.99649
38365 -1.97 -1.99649
38366 -1.98 -1.99649
38367 -2 -1.99649
38368 -2 -1.99649
38369 -2 -1.99649
38370 -2 -1.99649
38371 -2 -1.99649
38372 -2 -1.99649
38373 -2 -1.99649
38374 -2 -1.99649
38375 -2 -1.99649
38376 -2 -1.99649
38377 -1.98 -1.99649
38378 -2 -1.99649
38379 -2 -1.99649
38380 -2 -1.99649
38381 -2 -1.99649
38382 -2 -1.99649
38383 -2 -1.99649
38384 -1.98 -1.99649
38385 -1.98 -1.99649
38386 -2 -1.99649
38387 -1.98 -1.99649
38388 -2 -1.99649
38389 -2 -1.99649
38390 -1.98 -1.99649
38391 -2 -1.99649
38392 -2 -1.99649
38393 -2 -1.99649
38394 -2 -1.99649
38395 -2 -1.99649
38396 -2 -1.99649
38397 -2 -1.99649
38398 -2 -1.99649
38399 -2 -1.99649
38400 -2 -1.99649
38401 -2 -1.99649
38402 -2 -1.99649
38403 -2 -1.99649
38404 -2 -1.99649
38405 -2 -1.99649
38406 -2 -1.99649
38407 -2 -1.99649
38408 -2 -1.99649
38409 -2 -1.99649
38410 -2 -1.99649
38411 -2 -1.99649
38412 -2 -1.99649
38413 -2 -1.99649
38414 -2 -1.99649
38415 -2 -1.99649
38416 -2 -1.99649
38417 -2 -1.99649
38418 -2 -1.99649
38419 -2 -1.99649
38420 -2 -1.99649
38421 -2 -1.99649
38422 -2 -1.99649
38423 -1.98 -1.99649
38424 -1.96 -1.99649
38425 -2 -1.99649
38426 -1.98 -1.99649
38427 -2 -1.99649
38428 -2 -1.99649
38429 -2 -1.99649
38430 -1.98 -1.99649
38431 -2 -1.99649
38432 -1.98 -1.99649
38433 -1.98 -1.99649
38434 -2 -1.99649
38435 -2 -1.99649
38436 -2 -1.99649
38437 -2 -1.99649
38438 -2 -1.99649
38439 -2 -1.99649
38440 -2 -1.99649
38441 -2 -1.99649
38442 -2 -1.99649
38443 -2 -1.99649
38444 -2 -1.99649
38445 -2 -1.99649
38446 -2 -1.99649
38447 -2 -1.99649
38448 -2 -1.99649
38449 -2 -1.99649
38450 -2 -1.99649
38451 -2 -1.99649
38452 -2 -1.99649
38453 -2 -1.99649
38454 -2 -1.99649
38455 -2 -1.99649
38456 -2 -1.99649
38457 -2 -1.99649
38458 -2 -1.99649
38459 -2 -1.99649
38460 -2 -1.99649
38461 -2 -1.99649
38462 -2 -1.99649
38463 -2 -1.99649
38464 -2 -1.99649
38465 -2 -1.99649
38466 -2 -1.99649
38467 -2 -1.99649
38468 -2 -1.99649
38469 -2 -1.99649
38470 -1.97 -1.99649
38471 -1.97 -1.99649
38472 -1.98 -1.99649
38473 -2 -1.99649
38474 -2 -1.99649
38475 -1.98 -1.99649
38476 -1.98 -1.99649
38477 -2 -1.99649
38478 -2 -1.99649
38479 -2 -1.99649
38480 -2 -1.99649
38481 -2 -1.99649
38482 -2 -1.99649
38483 -2 -1.99649
38484 -2 -1.99649
38485 -2 -1.99649
38486 -2 -1.99649
38487 -2 -1.99649
38488 -2 -1.99649
38489 -2 -1.99649
38490 -2 -1.99649
38491 -2 -1.99649
38492 -1.98 -1.99649
38493 -2 -1.99649
38494 -2 -1.99649
38495 -2 -1.99649
38496 -2 -1.99649
38497 -2 -1.99649
38498 -2 -1.99649
38499 -2 -1.99649
38500 -2 -1.99649
38501 -2 -1.99649
38502 -2 -1.99649
38503 -2 -1.99649
38504 -2 -1.99649
38505 -2 -1.99649
38506 -1.98 -1.99649
38507 -2 -1.99649
38508 -1.98 -1.99649
38509 -1.98 -1.99649
38510 -2 -1.99649
38511 -2 -1.99649
38512 -2 -1.99649
38513 -2 -1.99649
38514 -2 -1.99649
38515 -2 -1.99649
38516 -2 -1.99649
38517 -2 -1.99649
38518 -2 -1.99649
38519 -2 -1.99649
38520 -2 -1.99649
38521 -2 -1.99649
38522 -2 -1.99649
38523 -2 -1.99649
38524 -2 -1.99649
38525 -2 -1.99649
38526 -2 -1.99649
38527 -2 -1.99649
38528 -2 -1.99649
38529 -2 -1.99649
38530 -2 -1.99649
38531 -2 -1.99649
38532 -2 -1.99649
38533 -2 -1.99649
38534 -2 -1.99649
38535 -2 -1.99649
38536 -2 -1.99649
38537 -2 -1.99649
38538 -2 -1.99649
38539 -2 -1.9965
38540 -2 -1.9965
38541 -2 -1.9965
38542 -2 -1.9965
38543 -2 -1.9965
38544 -2 -1.9965
38545 -1.97 -1.99649
38546 -1.98 -1.99649
38547 -2 -1.99649
38548 -2 -1.99649
38549 -2 -1.99649
38550 -2 -1.99649
38551 -2 -1.99649
38552 -2 -1.99649
38553 -2 -1.9965
38554 -2 -1.9965
38555 -2 -1.9965
38556 -2 -1.9965
38557 -2 -1.9965
38558 -2 -1.9965
38559 -2 -1.9965
38560 -2 -1.9965
38561 -2 -1.9965
38562 -2 -1.9965
38563 -2 -1.9965
38564 -2 -1.9965
38565 -2 -1.9965
38566 -2 -1.9965
38567 -2 -1.9965
38568 -2 -1.9965
38569 -2 -1.9965
38570 -2 -1.9965
38571 -2 -1.9965
38572 -2 -1.9965
38573 -2 -1.9965
38574 -2 -1.9965
38575 -2 -1.9965
38576 -2 -1.9965
38577 -2 -1.9965
38578 -2 -1.9965
38579 -2 -1.9965
38580 -1.98 -1.9965
38581 -1.98 -1.9965
38582 -1.98 -1.9965
38583 -2 -1.9965
38584 -2 -1.9965
38585 -2 -1.9965
38586 -2 -1.9965
38587 -2 -1.9965
38588 -2 -1.9965
38589 -2 -1.9965
38590 -1.98 -1.9965
38591 -1.98 -1.9965
38592 -2 -1.9965
38593 -2 -1.9965
38594 -2 -1.9965
38595 -2 -1.9965
38596 -1.98 -1.9965
38597 -2 -1.9965
38598 -2 -1.9965
38599 -2 -1.9965
38600 -2 -1.9965
38601 -1.98 -1.9965
38602 -2 -1.9965
38603 -2 -1.9965
38604 -1.98 -1.9965
38605 -1.98 -1.9965
38606 -2 -1.9965
38607 -2 -1.9965
38608 -2 -1.9965
38609 -2 -1.9965
38610 -2 -1.9965
38611 -2 -1.9965
38612 -2 -1.9965
38613 -2 -1.9965
38614 -2 -1.9965
38615 -2 -1.9965
38616 -2 -1.9965
38617 -2 -1.9965
38618 -2 -1.9965
38619 -2 -1.9965
38620 -2 -1.9965
38621 -2 -1.9965
38622 -2 -1.9965
38623 -2 -1.9965
38624 -2 -1.9965
38625 -1.98 -1.9965
38626 -2 -1.9965
38627 -2 -1.9965
38628 -2 -1.9965
38629 -2 -1.9965
38630 -2 -1.9965
38631 -2 -1.9965
38632 -2 -1.9965
38633 -2 -1.9965
38634 -2 -1.9965
38635 -2 -1.9965
38636 -2 -1.9965
38637 -2 -1.9965
38638 -1.98 -1.9965
38639 -2 -1.9965
38640 -2 -1.9965
38641 -2 -1.9965
38642 -2 -1.9965
38643 -2 -1.9965
38644 -2 -1.9965
38645 -2 -1.9965
38646 -2 -1.9965
38647 -2 -1.9965
38648 -2 -1.9965
38649 -2 -1.9965
38650 -2 -1.9965
38651 -1.96 -1.9965
38652 -1.98 -1.9965
38653 -2 -1.9965
38654 -2 -1.9965
38655 -2 -1.9965
38656 -2 -1.9965
38657 -2 -1.9965
38658 -2 -1.9965
38659 -2 -1.9965
38660 -1.98 -1.9965
38661 -2 -1.9965
38662 -2 -1.9965
38663 -2 -1.9965
38664 -2 -1.9965
38665 -2 -1.9965
38666 -2 -1.9965
38667 -1.98 -1.9965
38668 -1.96 -1.9965
38669 -1.96 -1.9965
38670 -2 -1.9965
38671 -2 -1.9965
38672 -2 -1.9965
38673 -2 -1.9965
38674 -2 -1.9965
38675 -2 -1.9965
38676 -2 -1.9965
38677 -1.98 -1.9965
38678 -2 -1.9965
38679 -2 -1.9965
38680 -1.98 -1.9965
38681 -2 -1.9965
38682 -2 -1.9965
38683 -2 -1.9965
38684 -1.98 -1.9965
38685 -1.98 -1.99649
38686 -2 -1.99649
38687 -2 -1.99649
38688 -2 -1.99649
38689 -2 -1.99649
38690 -2 -1.9965
38691 -2 -1.9965
38692 -2 -1.9965
38693 -2 -1.9965
38694 -2 -1.9965
38695 -2 -1.9965
38696 -2 -1.9965
38697 -2 -1.9965
38698 -2 -1.9965
38699 -2 -1.9965
38700 -2 -1.9965
38701 -2 -1.9965
38702 -2 -1.9965
38703 -2 -1.9965
38704 -2 -1.9965
38705 -2 -1.9965
38706 -2 -1.9965
38707 -2 -1.9965
38708 -2 -1.9965
38709 -2 -1.9965
38710 -2 -1.9965
38711 -2 -1.9965
38712 -2 -1.9965
38713 -2 -1.9965
38714 -2 -1.9965
38715 -2 -1.9965
38716 -2 -1.9965
38717 -2 -1.9965
38718 -2 -1.9965
38719 -2 -1.9965
38720 -2 -1.9965
38721 -2 -1.9965
38722 -2 -1.9965
38723 -2 -1.9965
38724 -2 -1.9965
38725 -2 -1.9965
38726 -2 -1.9965
38727 -2 -1.9965
38728 -2 -1.9965
38729 -2 -1.9965
38730 -2 -1.9965
38731 -2 -1.9965
38732 -2 -1.9965
38733 -2 -1.9965
38734 -1.98 -1.9965
38735 -1.98 -1.9965
38736 -2 -1.9965
38737 -2 -1.9965
38738 -2 -1.9965
38739 -2 -1.9965
38740 -2 -1.9965
38741 -2 -1.9965
38742 -2 -1.9965
38743 -2 -1.9965
38744 -2 -1.9965
38745 -2 -1.9965
38746 -2 -1.9965
38747 -2 -1.9965
38748 -2 -1.9965
38749 -2 -1.9965
38750 -1.98 -1.9965
38751 -1.96 -1.9965
38752 -2 -1.9965
38753 -2 -1.9965
38754 -2 -1.9965
38755 -2 -1.9965
38756 -2 -1.9965
38757 -2 -1.9965
38758 -2 -1.9965
38759 -2 -1.9965
38760 -2 -1.9965
38761 -2 -1.9965
38762 -2 -1.9965
38763 -1.98 -1.9965
38764 -2 -1.9965
38765 -2 -1.9965
38766 -2 -1.9965
38767 -2 -1.9965
38768 -2 -1.9965
38769 -2 -1.9965
38770 -2 -1.9965
38771 -2 -1.9965
38772 -2 -1.9965
38773 -2 -1.9965
38774 -2 -1.9965
38775 -2 -1.9965
38776 -2 -1.9965
38777 -2 -1.9965
38778 -2 -1.9965
38779 -2 -1.9965
38780 -2 -1.9965
38781 -2 -1.9965
38782 -2 -1.9965
38783 -1.98 -1.9965
38784 -2 -1.9965
38785 -2 -1.9965
38786 -2 -1.9965
38787 -2 -1.9965
38788 -2 -1.9965
38789 -2 -1.9965
38790 -2 -1.9965
38791 -2 -1.9965
38792 -2 -1.9965
38793 -2 -1.9965
38794 -2 -1.9965
38795 -2 -1.9965
38796 -2 -1.9965
38797 -2 -1.9965
38798 -2 -1.9965
38799 -2 -1.9965
38800 -2 -1.9965
38801 -2 -1.9965
38802 -2 -1.9965
38803 -2 -1.9965
38804 -2 -1.9965
38805 -2 -1.9965
38806 -2 -1.9965
38807 -2 -1.9965
38808 -2 -1.9965
38809 -2 -1.9965
38810 -2 -1.9965
38811 -2 -1.9965
38812 -2 -1.9965
38813 -2 -1.9965
38814 -2 -1.9965
38815 -2 -1.9965
38816 -1.98 -1.9965
38817 -1.98 -1.9965
38818 -1.98 -1.9965
38819 -2 -1.9965
38820 -2 -1.9965
38821 -1.98 -1.9965
38822 -2 -1.9965
38823 -2 -1.9965
38824 -1.98 -1.9965
38825 -2 -1.9965
38826 -2 -1.9965
38827 -2 -1.9965
38828 -2 -1.9965
38829 -2 -1.9965
38830 -2 -1.9965
38831 -2 -1.9965
38832 -2 -1.9965
38833 -2 -1.9965
38834 -2 -1.9965
38835 -1.98 -1.9965
38836 -2 -1.9965
38837 -2 -1.9965
38838 -2 -1.9965
38839 -2 -1.9965
38840 -2 -1.9965
38841 -2 -1.9965
38842 -2 -1.9965
38843 -2 -1.9965
38844 -2 -1.9965
38845 -2 -1.9965
38846 -2 -1.9965
38847 -2 -1.9965
38848 -2 -1.9965
38849 -2 -1.9965
38850 -2 -1.9965
38851 -2 -1.9965
38852 -2 -1.9965
38853 -2 -1.9965
38854 -2 -1.9965
38855 -2 -1.9965
38856 -2 -1.9965
38857 -2 -1.9965
38858 -2 -1.9965
38859 -2 -1.9965
38860 -2 -1.9965
38861 -2 -1.9965
38862 -2 -1.9965
38863 -2 -1.9965
38864 -2 -1.9965
38865 -2 -1.9965
38866 -2 -1.9965
38867 -2 -1.9965
38868 -2 -1.9965
38869 -1.98 -1.9965
38870 -2 -1.9965
38871 -1.98 -1.9965
38872 -1.98 -1.9965
38873 -2 -1.9965
38874 -2 -1.9965
38875 -2 -1.9965
38876 -2 -1.9965
38877 -2 -1.9965
38878 -2 -1.9965
38879 -2 -1.9965
38880 -2 -1.9965
38881 -2 -1.9965
38882 -2 -1.9965
38883 -2 -1.9965
38884 -2 -1.9965
38885 -2 -1.9965
38886 -2 -1.9965
38887 -2 -1.9965
38888 -2 -1.9965
38889 -2 -1.9965
38890 -2 -1.9965
38891 -2 -1.9965
38892 -2 -1.99651
38893 -2 -1.99651
38894 -2 -1.99651
38895 -2 -1.99651
38896 -2 -1.99651
38897 -2 -1.99651
38898 -2 -1.99651
38899 -2 -1.99651
38900 -2 -1.99651
38901 -2 -1.99651
38902 -2 -1.99651
38903 -1.98 -1.99651
38904 -1.98 -1.99651
38905 -2 -1.99651
38906 -2 -1.99651
38907 -2 -1.99651
38908 -2 -1.99651
38909 -2 -1.99651
38910 -2 -1.99651
38911 -2 -1.99651
38912 -1.98 -1.99651
38913 -2 -1.99651
38914 -1.98 -1.9965
38915 -1.98 -1.9965
38916 -2 -1.9965
38917 -2 -1.9965
38918 -2 -1.9965
38919 -2 -1.9965
38920 -2 -1.9965
38921 -2 -1.99651
38922 -2 -1.99651
38923 -2 -1.99651
38924 -2 -1.99651
38925 -2 -1.99651
38926 -2 -1.99651
38927 -2 -1.99651
38928 -2 -1.99651
38929 -2 -1.99651
38930 -2 -1.99651
38931 -2 -1.99651
38932 -2 -1.99651
38933 -2 -1.99651
38934 -2 -1.99651
38935 -2 -1.99651
38936 -2 -1.99651
38937 -2 -1.99651
38938 -2 -1.99651
38939 -2 -1.99651
38940 -2 -1.99651
38941 -2 -1.99651
38942 -2 -1.99651
38943 -2 -1.99651
38944 -2 -1.99651
38945 -2 -1.99651
38946 -2 -1.99651
38947 -2 -1.99651
38948 -2 -1.99651
38949 -2 -1.99651
38950 -2 -1.99651
38951 -2 -1.99651
38952 -2 -1.99651
38953 -2 -1.99651
38954 -2 -1.99651
38955 -2 -1.99651
38956 -2 -1.99651
38957 -2 -1.99651
38958 -2 -1.99651
38959 -2 -1.99651
38960 -2 -1.99651
38961 -2 -1.99651
38962 -1.98 -1.99651
38963 -2 -1.99651
38964 -2 -1.99651
38965 -2 -1.99651
38966 -2 -1.99651
38967 -2 -1.99651
38968 -2 -1.99651
38969 -2 -1.99651
38970 -1.98 -1.99651
38971 -2 -1.99651
38972 -1.98 -1.99651
38973 -1.98 -1.99651
38974 -1.98 -1.99651
38975 -2 -1.99651
38976 -2 -1.99651
38977 -2 -1.99651
38978 -2 -1.99651
38979 -2 -1.99651
38980 -2 -1.99651
38981 -2 -1.99651
38982 -2 -1.99651
38983 -2 -1.99651
38984 -2 -1.99651
38985 -1.98 -1.99651
38986 -1.98 -1.99651
38987 -1.96 -1.99651
38988 -1.98 -1.99651
38989 -2 -1.99651
38990 -2 -1.99651
38991 -2 -1.99651
38992 -2 -1.99651
38993 -2 -1.99651
38994 -1.98 -1.99651
38995 -1.98 -1.99651
38996 -1.98 -1.99651
38997 -2 -1.99651
38998 -2 -1.99651
38999 -2 -1.99651
39000 -2 -1.99651
39001 -2 -1.99651
39002 -2 -1.99651
39003 -2 -1.99651
39004 -2 -1.99651
39005 -2 -1.99651
39006 -2 -1.99651
39007 -2 -1.99651
39008 -1.98 -1.99651
39009 -2 -1.99651
39010 -2 -1.99651
39011 -2 -1.99651
39012 -2 -1.99651
39013 -2 -1.99651
39014 -2 -1.99651
39015 -2 -1.99651
39016 -2 -1.99651
39017 -2 -1.99651
39018 -2 -1.99651
39019 -2 -1.99651
39020 -2 -1.99651
39021 -2 -1.99651
39022 -2 -1.99651
39023 -2 -1.99651
39024 -2 -1.99651
39025 -2 -1.99651
39026 -2 -1.99651
39027 -2 -1.99651
39028 -2 -1.99651
39029 -2 -1.99651
39030 -2 -1.99651
39031 -2 -1.99651
39032 -2 -1.99651
39033 -2 -1.99651
39034 -2 -1.99651
39035 -2 -1.99651
39036 -2 -1.99651
39037 -2 -1.99651
39038 -2 -1.99651
39039 -2 -1.99651
39040 -2 -1.99651
39041 -2 -1.99651
39042 -2 -1.99651
39043 -2 -1.99651
39044 -2 -1.99651
39045 -2 -1.99651
39046 -2 -1.99651
39047 -2 -1.99651
39048 -2 -1.99651
39049 -2 -1.99651
39050 -2 -1.99651
39051 -2 -1.99651
39052 -2 -1.99651
39053 -1.96 -1.99651
39054 -2 -1.99651
39055 -2 -1.99651
39056 -2 -1.99651
39057 -2 -1.99651
39058 -2 -1.99651
39059 -1.98 -1.99651
39060 -1.98 -1.99651
39061 -1.96 -1.99651
39062 -1.98 -1.99651
39063 -1.98 -1.99651
39064 -1.98 -1.99651
39065 -1.98 -1.99651
39066 -2 -1.99651
39067 -2 -1.99651
39068 -2 -1.99651
39069 -2 -1.99651
39070 -1.98 -1.99651
39071 -2 -1.99651
39072 -2 -1.99651
39073 -2 -1.99651
39074 -1.98 -1.99651
39075 -2 -1.99651
39076 -1.98 -1.99651
39077 -2 -1.99651
39078 -2 -1.99651
39079 -2 -1.99651
39080 -2 -1.99651
39081 -2 -1.99651
39082 -2 -1.99651
39083 -2 -1.99651
39084 -2 -1.99651
39085 -2 -1.99651
39086 -2 -1.99651
39087 -2 -1.99651
39088 -2 -1.99651
39089 -2 -1.99651
39090 -2 -1.99651
39091 -2 -1.99651
39092 -2 -1.99651
39093 -2 -1.99651
39094 -2 -1.99651
39095 -1.98 -1.99651
39096 -2 -1.99651
39097 -2 -1.99651
39098 -2 -1.99651
39099 -2 -1.99651
39100 -2 -1.99651
39101 -2 -1.99651
39102 -2 -1.99651
39103 -2 -1.99651
39104 -2 -1.99651
39105 -2 -1.99651
39106 -2 -1.99651
39107 -2 -1.99651
39108 -2 -1.99651
39109 -2 -1.99651
39110 -2 -1.99651
39111 -2 -1.99651
39112 -2 -1.99651
39113 -2 -1.99651
39114 -2 -1.99651
39115 -2 -1.99651
39116 -2 -1.99651
39117 -1.98 -1.99651
39118 -1.98 -1.99651
39119 -1.98 -1.99651
39120 -1.98 -1.99651
39121 -2 -1.99651
39122 -2 -1.99651
39123 -2 -1.99651
39124 -2 -1.99651
39125 -2 -1.99651
39126 -2 -1.99651
39127 -2 -1.99651
39128 -2 -1.99651
39129 -2 -1.99651
39130 -2 -1.99651
39131 -2 -1.99651
39132 -2 -1.99651
39133 -2 -1.99651
39134 -2 -1.99651
39135 -2 -1.99651
39136 -2 -1.99651
39137 -2 -1.99651
39138 -2 -1.99651
39139 -2 -1.99651
39140 -2 -1.99651
39141 -2 -1.99651
39142 -2 -1.99651
39143 -2 -1.99651
39144 -1.98 -1.99651
39145 -1.98 -1.99651
39146 -2 -1.99651
39147 -1.98 -1.99651
39148 -1.98 -1.99651
39149 -1.98 -1.99651
39150 -2 -1.99651
39151 -2 -1.99651
39152 -2 -1.99651
39153 -2 -1.99651
39154 -2 -1.99651
39155 -2 -1.99651
39156 -2 -1.99651
39157 -2 -1.99651
39158 -2 -1.99651
39159 -2 -1.99651
39160 -2 -1.99651
39161 -1.98 -1.99651
39162 -2 -1.99651
39163 -2 -1.99651
39164 -2 -1.99651
39165 -2 -1.99651
39166 -2 -1.99651
39167 -2 -1.99651
39168 -2 -1.99651
39169 -2 -1.99651
39170 -2 -1.99651
39171 -2 -1.99651
39172 -2 -1.99651
39173 -2 -1.99651
39174 -2 -1.99651
39175 -2 -1.99651
39176 -2 -1.99651
39177 -2 -1.99651
39178 -2 -1.99651
39179 -2 -1.99651
39180 -2 -1.99651
39181 -2 -1.99651
39182 -2 -1.99651
39183 -2 -1.99651
39184 -2 -1.99651
39185 -2 -1.99651
39186 -1.98 -1.99651
39187 -2 -1.99651
39188 -2 -1.99651
39189 -2 -1.99651
39190 -2 -1.99651
39191 -2 -1.99651
39192 -2 -1.99651
39193 -2 -1.99651
39194 -2 -1.99651
39195 -2 -1.99651
39196 -2 -1.99651
39197 -2 -1.99651
39198 -2 -1.99651
39199 -2 -1.99651
39200 -2 -1.99651
39201 -1.98 -1.99651
39202 -1.98 -1.99651
39203 -2 -1.99651
39204 -2 -1.99651
39205 -2 -1.99651
39206 -2 -1.99651
39207 -2 -1.99651
39208 -2 -1.99651
39209 -2 -1.99651
39210 -2 -1.99651
39211 -2 -1.99651
39212 -2 -1.99651
39213 -2 -1.99651
39214 -2 -1.99651
39215 -2 -1.99651
39216 -1.98 -1.99651
39217 -1.98 -1.99651
39218 -2 -1.99651
39219 -1.98 -1.99651
39220 -2 -1.99651
39221 -2 -1.99651
39222 -2 -1.99651
39223 -2 -1.99651
39224 -1.98 -1.99651
39225 -1.98 -1.99651
39226 -1.98 -1.99651
39227 -1.98 -1.99651
39228 -1.98 -1.99651
39229 -2 -1.99651
39230 -2 -1.99651
39231 -2 -1.99651
39232 -2 -1.99651
39233 -2 -1.99651
39234 -2 -1.99651
39235 -2 -1.99651
39236 -2 -1.99651
39237 -2 -1.99651
39238 -1.98 -1.99651
39239 -1.98 -1.99651
39240 -2 -1.99651
39241 -1.98 -1.99651
39242 -2 -1.99651
39243 -2 -1.99651
39244 -2 -1.99651
39245 -2 -1.99651
39246 -2 -1.99651
39247 -2 -1.99651
39248 -2 -1.99651
39249 -2 -1.99651
39250 -2 -1.99651
39251 -2 -1.99651
39252 -2 -1.99651
39253 -2 -1.99651
39254 -2 -1.99651
39255 -2 -1.99651
39256 -2 -1.99651
39257 -2 -1.99651
39258 -2 -1.99651
39259 -1.98 -1.99651
39260 -2 -1.99651
39261 -2 -1.99651
39262 -2 -1.99651
39263 -2 -1.99651
39264 -2 -1.99651
39265 -2 -1.99651
39266 -2 -1.99651
39267 -2 -1.99651
39268 -2 -1.99651
39269 -2 -1.99651
39270 -2 -1.99651
39271 -2 -1.99651
39272 -2 -1.99651
39273 -2 -1.99651
39274 -2 -1.99651
39275 -2 -1.99651
39276 -2 -1.99651
39277 -2 -1.99651
39278 -2 -1.99651
39279 -2 -1.99651
39280 -1.98 -1.99651
39281 -1.98 -1.99651
39282 -1.98 -1.99651
39283 -2 -1.99651
39284 -2 -1.99651
39285 -2 -1.99651
39286 -2 -1.99651
39287 -2 -1.99651
39288 -2 -1.99651
39289 -2 -1.99651
39290 -2 -1.99651
39291 -2 -1.99651
39292 -2 -1.99651
39293 -2 -1.99651
39294 -2 -1.99651
39295 -2 -1.99651
39296 -2 -1.99651
39297 -2 -1.99651
39298 -2 -1.99651
39299 -2 -1.99651
39300 -2 -1.99651
39301 -2 -1.99651
39302 -2 -1.99651
39303 -2 -1.99651
39304 -2 -1.99651
39305 -2 -1.99651
39306 -2 -1.99651
39307 -2 -1.99651
39308 -2 -1.99651
39309 -2 -1.99651
39310 -2 -1.99651
39311 -2 -1.99651
39312 -2 -1.99651
39313 -2 -1.99651
39314 -2 -1.99651
39315 -2 -1.99651
39316 -2 -1.99651
39317 -2 -1.99651
39318 -2 -1.99651
39319 -2 -1.99651
39320 -2 -1.99651
39321 -1.98 -1.99651
39322 -1.98 -1.99651
39323 -1.98 -1.99651
39324 -1.98 -1.99651
39325 -1.98 -1.99651
39326 -1.98 -1.99651
39327 -2 -1.99651
39328 -2 -1.99651
39329 -2 -1.99651
39330 -2 -1.99651
39331 -2 -1.99651
39332 -2 -1.99651
39333 -1.98 -1.99651
39334 -2 -1.99651
39335 -2 -1.99651
39336 -2 -1.99651
39337 -2 -1.99651
39338 -2 -1.99651
39339 -2 -1.99651
39340 -2 -1.99651
39341 -2 -1.99651
39342 -2 -1.99651
39343 -2 -1.99651
39344 -1.98 -1.99651
39345 -1.97 -1.99651
39346 -1.98 -1.99651
39347 -2 -1.99651
39348 -2 -1.99651
39349 -2 -1.99651
39350 -2 -1.99651
39351 -2 -1.99651
39352 -2 -1.99651
39353 -2 -1.99651
39354 -2 -1.99651
39355 -2 -1.99651
39356 -2 -1.99651
39357 -2 -1.99651
39358 -2 -1.99651
39359 -2 -1.99651
39360 -2 -1.99651
39361 -1.98 -1.99651
39362 -2 -1.99651
39363 -2 -1.99651
39364 -2 -1.99651
39365 -2 -1.99651
39366 -2 -1.99651
39367 -2 -1.99651
39368 -2 -1.99651
39369 -1.98 -1.99651
39370 -1.98 -1.99651
39371 -2 -1.99651
39372 -2 -1.99651
39373 -2 -1.99651
39374 -2 -1.99651
39375 -2 -1.99651
39376 -2 -1.99651
39377 -2 -1.99651
39378 -2 -1.99651
39379 -2 -1.99651
39380 -1.98 -1.99651
39381 -2 -1.99651
39382 -2 -1.99651
39383 -2 -1.99651
39384 -2 -1.99651
39385 -2 -1.99651
39386 -2 -1.99651
39387 -2 -1.99651
39388 -1.98 -1.99651
39389 -2 -1.99651
39390 -2 -1.99651
39391 -2 -1.99651
39392 -2 -1.99651
39393 -2 -1.99651
39394 -2 -1.99651
39395 -2 -1.99651
39396 -2 -1.99651
39397 -2 -1.99651
39398 -2 -1.99651
39399 -2 -1.99651
39400 -2 -1.99651
39401 -2 -1.99651
39402 -2 -1.99651
39403 -2 -1.99651
39404 -2 -1.99651
39405 -2 -1.99651
39406 -2 -1.99651
39407 -1.98 -1.99651
39408 -2 -1.99651
39409 -2 -1.99651
39410 -2 -1.99651
39411 -2 -1.99651
39412 -2 -1.99651
39413 -2 -1.99651
39414 -2 -1.99651
39415 -2 -1.99651
39416 -2 -1.99651
39417 -1.98 -1.99651
39418 -2 -1.99651
39419 -2 -1.99651
39420 -2 -1.99651
39421 -2 -1.99651
39422 -2 -1.99651
39423 -2 -1.99651
39424 -2 -1.99651
39425 -2 -1.99651
39426 -2 -1.99651
39427 -2 -1.99651
39428 -2 -1.99651
39429 -2 -1.99651
39430 -2 -1.99651
39431 -2 -1.99651
39432 -1.98 -1.99651
39433 -1.98 -1.99651
39434 -1.98 -1.99651
39435 -1.96 -1.99651
39436 -2 -1.99651
39437 -2 -1.99651
39438 -2 -1.99651
39439 -2 -1.99651
39440 -2 -1.99651
39441 -2 -1.99651
39442 -2 -1.99651
39443 -2 -1.99651
39444 -2 -1.99651
39445 -2 -1.99651
39446 -2 -1.99651
39447 -2 -1.99651
39448 -2 -1.99651
39449 -2 -1.99651
39450 -2 -1.99651
39451 -2 -1.99651
39452 -2 -1.99651
39453 -2 -1.99651
39454 -2 -1.99651
39455 -2 -1.99651
39456 -2 -1.99651
39457 -2 -1.99651
39458 -2 -1.99651
39459 -2 -1.99651
39460 -2 -1.99651
39461 -2 -1.99651
39462 -2 -1.99651
39463 -2 -1.99651
39464 -2 -1.99651
39465 -2 -1.99651
39466 -2 -1.99651
39467 -2 -1.99651
39468 -2 -1.99651
39469 -1.98 -1.99651
39470 -2 -1.99651
39471 -2 -1.99651
39472 -1.98 -1.99651
39473 -1.98 -1.99651
39474 -1.98 -1.99651
39475 -1.98 -1.99651
39476 -1.98 -1.99651
39477 -1.98 -1.99651
39478 -1.98 -1.99651
39479 -2 -1.99651
39480 -2 -1.99651
39481 -2 -1.99651
39482 -2 -1.99651
39483 -2 -1.99651
39484 -2 -1.99651
39485 -2 -1.99651
39486 -2 -1.99651
39487 -2 -1.99651
39488 -2 -1.99651
39489 -2 -1.99651
39490 -2 -1.99651
39491 -1.98 -1.99651
39492 -2 -1.99651
39493 -2 -1.99651
39494 -2 -1.99651
39495 -2 -1.99651
39496 -1.98 -1.99651
39497 -1.98 -1.99651
39498 -1.98 -1.99651
39499 -1.98 -1.99651
39500 -2 -1.99651
39501 -2 -1.99651
39502 -2 -1.99651
39503 -2 -1.99651
39504 -2 -1.99651
39505 -2 -1.99651
39506 -2 -1.99651
39507 -2 -1.99651
39508 -1.98 -1.99651
39509 -1.98 -1.99651
39510 -2 -1.99651
39511 -2 -1.99651
39512 -2 -1.99651
39513 -2 -1.99651
39514 -2 -1.99651
39515 -2 -1.99651
39516 -2 -1.99651
39517 -2 -1.99651
39518 -2 -1.99651
39519 -2 -1.99651
39520 -2 -1.99651
39521 -2 -1.99651
39522 -2 -1.99651
39523 -1.98 -1.99651
39524 -2 -1.99651
39525 -2 -1.99651
39526 -2 -1.99651
39527 -2 -1.99651
39528 -2 -1.99651
39529 -2 -1.99651
39530 -2 -1.99651
39531 -2 -1.99651
39532 -2 -1.99651
39533 -2 -1.99651
39534 -2 -1.99651
39535 -2 -1.99651
39536 -2 -1.99651
39537 -2 -1.99651
39538 -2 -1.99651
39539 -1.98 -1.99651
39540 -2 -1.99651
39541 -1.98 -1.99651
39542 -1.98 -1.99651
39543 -2 -1.99651
39544 -2 -1.99651
39545 -2 -1.99651
39546 -2 -1.99651
39547 -2 -1.99651
39548 -2 -1.99651
39549 -2 -1.99651
39550 -2 -1.99651
39551 -2 -1.99651
39552 -2 -1.99651
39553 -2 -1.99651
39554 -2 -1.99651
39555 -2 -1.99651
39556 -2 -1.99651
39557 -2 -1.99651
39558 -2 -1.99651
39559 -2 -1.99651
39560 -2 -1.99651
39561 -2 -1.99651
39562 -2 -1.99651
39563 -2 -1.99651
39564 -2 -1.99651
39565 -2 -1.99651
39566 -1.98 -1.99651
39567 -2 -1.99651
39568 -2 -1.99651
39569 -2 -1.99651
39570 -2 -1.99651
39571 -1.98 -1.99651
39572 -1.98 -1.99651
39573 -2 -1.99651
39574 -2 -1.99651
39575 -2 -1.99651
39576 -2 -1.99651
39577 -2 -1.99651
39578 -2 -1.99651
39579 -2 -1.99651
39580 -2 -1.99651
39581 -2 -1.99651
39582 -2 -1.99651
39583 -2 -1.99651
39584 -2 -1.99651
39585 -2 -1.99651
39586 -1.98 -1.99651
39587 -1.97 -1.99651
39588 -1.96 -1.99651
39589 -2 -1.99651
39590 -2 -1.99651
39591 -2 -1.99651
39592 -1.98 -1.99651
39593 -1.98 -1.99651
39594 -1.98 -1.99651
39595 -1.98 -1.99651
39596 -2 -1.99651
39597 -2 -1.99651
39598 -2 -1.99651
39599 -2 -1.99651
39600 -2 -1.99651
39601 -2 -1.99651
39602 -2 -1.99651
39603 -2 -1.99651
39604 -2 -1.99651
39605 -2 -1.99651
39606 -2 -1.99651
39607 -2 -1.99651
39608 -1.98 -1.99651
39609 -2 -1.99651
39610 -2 -1.99651
39611 -2 -1.99651
39612 -2 -1.99651
39613 -2 -1.99651
39614 -2 -1.99651
39615 -2 -1.99651
39616 -1.96 -1.99651
39617 -1.98 -1.99651
39618 -2 -1.99651
39619 -2 -1.99651
39620 -2 -1.99651
39621 -2 -1.99651
39622 -2 -1.99651
39623 -2 -1.99651
39624 -2 -1.99651
39625 -2 -1.99651
39626 -2 -1.99651
39627 -2 -1.99651
39628 -2 -1.99651
39629 -1.98 -1.99651
39630 -1.98 -1.99651
39631 -1.98 -1.99651
39632 -1.98 -1.99651
39633 -1.98 -1.99651
39634 -2 -1.99651
39635 -2 -1.99651
39636 -2 -1.99651
39637 -2 -1.99651
39638 -2 -1.99651
39639 -2 -1.99651
39640 -2 -1.99651
39641 -2 -1.99651
39642 -2 -1.99651
39643 -2 -1.99651
39644 -2 -1.99651
39645 -2 -1.99651
39646 -2 -1.99651
39647 -2 -1.99651
39648 -2 -1.99651
39649 -2 -1.99651
39650 -2 -1.99651
39651 -2 -1.99651
39652 -2 -1.99651
39653 -2 -1.99651
39654 -2 -1.99651
39655 -2 -1.99651
39656 -2 -1.99651
39657 -2 -1.99651
39658 -2 -1.99651
39659 -2 -1.99651
39660 -2 -1.99651
39661 -2 -1.99651
39662 -2 -1.99651
39663 -2 -1.99651
39664 -2 -1.99651
39665 -2 -1.99651
39666 -2 -1.99651
39667 -2 -1.99651
39668 -2 -1.99651
39669 -2 -1.99651
39670 -2 -1.99651
39671 -2 -1.99651
39672 -2 -1.99651
39673 -2 -1.99651
39674 -2 -1.99651
39675 -2 -1.99651
39676 -2 -1.99651
39677 -2 -1.99651
39678 -2 -1.99651
39679 -2 -1.99651
39680 -2 -1.99651
39681 -2 -1.99651
39682 -2 -1.99651
39683 -2 -1.99651
39684 -2 -1.99651
39685 -2 -1.99651
39686 -2 -1.99651
39687 -2 -1.99651
39688 -2 -1.99651
39689 -2 -1.99651
39690 -2 -1.99651
39691 -2 -1.99651
39692 -2 -1.99651
39693 -2 -1.99651
39694 -2 -1.99651
39695 -2 -1.99651
39696 -2 -1.99651
39697 -2 -1.99651
39698 -2 -1.99651
39699 -2 -1.99651
39700 -2 -1.99651
39701 -2 -1.99651
39702 -2 -1.99651
39703 -1.98 -1.99651
39704 -1.98 -1.99651
39705 -2 -1.99651
39706 -2 -1.99651
39707 -2 -1.99651
39708 -2 -1.99651
39709 -1.98 -1.99651
39710 -2 -1.99651
39711 -2 -1.99651
39712 -2 -1.99651
39713 -2 -1.99651
39714 -2 -1.99651
39715 -2 -1.99651
39716 -2 -1.99651
39717 -1.98 -1.99651
39718 -1.98 -1.99651
39719 -1.98 -1.99651
39720 -2 -1.99651
39721 -2 -1.99651
39722 -2 -1.99651
39723 -2 -1.99651
39724 -2 -1.99651
39725 -2 -1.99651
39726 -2 -1.99651
39727 -1.97 -1.99651
39728 -1.98 -1.99651
39729 -1.98 -1.99651
39730 -2 -1.99651
39731 -2 -1.99651
39732 -2 -1.99651
39733 -2 -1.99651
39734 -2 -1.99651
39735 -2 -1.99651
39736 -2 -1.99651
39737 -2 -1.99651
39738 -2 -1.99651
39739 -2 -1.99651
39740 -2 -1.99651
39741 -2 -1.99651
39742 -1.98 -1.99651
39743 -2 -1.99651
39744 -2 -1.99651
39745 -2 -1.99651
39746 -2 -1.99651
39747 -2 -1.99651
39748 -2 -1.99651
39749 -2 -1.99651
39750 -1.98 -1.99651
39751 -1.98 -1.99651
39752 -1.98 -1.99651
39753 -1.98 -1.99651
39754 -1.98 -1.99651
39755 -2 -1.99651
39756 -2 -1.99651
39757 -2 -1.99651
39758 -2 -1.99651
39759 -2 -1.99651
39760 -2 -1.99651
39761 -2 -1.99651
39762 -2 -1.99651
39763 -2 -1.99651
39764 -2 -1.99651
39765 -1.98 -1.99651
39766 -1.98 -1.99651
39767 -2 -1.99651
39768 -2 -1.99651
39769 -2 -1.99651
39770 -2 -1.99651
39771 -2 -1.99651
39772 -2 -1.99651
39773 -2 -1.99651
39774 -2 -1.99651
39775 -2 -1.99651
39776 -2 -1.99651
39777 -2 -1.99651
39778 -2 -1.99651
39779 -1.98 -1.99651
39780 -2 -1.99651
39781 -2 -1.99651
39782 -2 -1.99651
39783 -2 -1.99651
39784 -2 -1.99651
39785 -2 -1.99651
39786 -2 -1.99651
39787 -2 -1.99651
39788 -2 -1.99651
39789 -2 -1.99651
39790 -2 -1.99651
39791 -2 -1.99651
39792 -2 -1.99651
39793 -2 -1.99651
39794 -2 -1.99651
39795 -2 -1.99651
39796 -2 -1.99651
39797 -2 -1.99651
39798 -2 -1.99651
39799 -2 -1.99651
39800 -2 -1.99651
39801 -2 -1.99651
39802 -2 -1.99651
39803 -2 -1.99651
39804 -2 -1.99651
39805 -1.98 -1.99651
39806 -2 -1.99651
39807 -2 -1.99651
39808 -2 -1.99651
39809 -2 -1.99651
39810 -2 -1.99651
39811 -2 -1.99651
39812 -2 -1.99651
39813 -2 -1.99651
39814 -2 -1.99651
39815 -2 -1.99651
39816 -2 -1.99651
39817 -2 -1.99651
39818 -2 -1.99651
39819 -2 -1.99651
39820 -2 -1.99651
39821 -2 -1.99651
39822 -2 -1.99652
39823 -2 -1.99652
39824 -2 -1.99652
39825 -2 -1.99652
39826 -1.97 -1.99651
39827 -1.97 -1.99651
39828 -1.97 -1.99651
39829 -2 -1.99651
39830 -2 -1.99651
39831 -2 -1.99651
39832 -2 -1.99651
39833 -1.98 -1.99651
39834 -1.98 -1.99651
39835 -2 -1.99651
39836 -2 -1.99651
39837 -2 -1.99651
39838 -2 -1.99651
39839 -2 -1.99651
39840 -2 -1.99651
39841 -1.98 -1.99651
39842 -1.98 -1.99651
39843 -1.98 -1.99651
39844 -2 -1.99651
39845 -2 -1.99651
39846 -2 -1.99651
39847 -2 -1.99651
39848 -2 -1.99651
39849 -2 -1.99651
39850 -2 -1.99651
39851 -2 -1.99651
39852 -2 -1.99651
39853 -2 -1.99651
39854 -2 -1.99651
39855 -2 -1.99651
39856 -1.98 -1.99651
39857 -1.98 -1.99651
39858 -2 -1.99651
39859 -1.96 -1.99651
39860 -2 -1.99651
39861 -2 -1.99651
39862 -2 -1.99651
39863 -2 -1.99651
39864 -2 -1.99651
39865 -2 -1.99651
39866 -2 -1.99651
39867 -2 -1.99651
39868 -2 -1.99651
39869 -2 -1.99651
39870 -2 -1.99651
39871 -2 -1.99651
39872 -2 -1.99651
39873 -2 -1.99651
39874 -2 -1.99651
39875 -2 -1.99651
39876 -2 -1.99651
39877 -1.98 -1.99651
39878 -2 -1.99651
39879 -1.98 -1.99651
39880 -2 -1.99651
39881 -2 -1.99651
39882 -2 -1.99651
39883 -2 -1.99651
39884 -2 -1.99651
39885 -2 -1.99651
39886 -2 -1.99651
39887 -2 -1.99651
39888 -2 -1.99651
39889 -2 -1.99651
39890 -2 -1.99651
39891 -2 -1.99651
39892 -2 -1.99651
39893 -2 -1.99651
39894 -2 -1.99651
39895 -2 -1.99651
39896 -2 -1.99651
39897 -2 -1.99651
39898 -2 -1.99651
39899 -2 -1.99651
39900 -2 -1.99651
39901 -2 -1.99651
39902 -2 -1.99651
39903 -2 -1.99651
39904 -2 -1.99651
39905 -2 -1.99651
39906 -2 -1.99651
39907 -2 -1.99651
39908 -2 -1.99651
39909 -2 -1.99651
39910 -2 -1.99651
39911 -2 -1.99652
39912 -2 -1.99652
39913 -2 -1.99652
39914 -2 -1.99652
39915 -2 -1.99652
39916 -2 -1.99652
39917 -2 -1.99652
39918 -1.98 -1.99652
39919 -2 -1.99652
39920 -1.98 -1.99651
39921 -1.98 -1.99651
39922 -2 -1.99651
39923 -2 -1.99651
39924 -2 -1.99651
39925 -2 -1.99651
39926 -2 -1.99651
39927 -2 -1.99651
39928 -2 -1.99652
39929 -2 -1.99652
39930 -2 -1.99652
39931 -2 -1.99652
39932 -2 -1.99652
39933 -2 -1.99652
39934 -2 -1.99652
39935 -2 -1.99652
39936 -2 -1.99652
39937 -1.98 -1.99652
39938 -1.98 -1.99651
39939 -1.98 -1.99651
39940 -1.98 -1.99651
39941 -1.98 -1.99651
39942 -1.98 -1.99651
39943 -2 -1.99651
39944 -2 -1.99651
39945 -2 -1.99651
39946 -2 -1.99651
39947 -2 -1.99651
39948 -2 -1.99651
39949 -2 -1.99651
39950 -2 -1.99651
39951 -2 -1.99651
39952 -2 -1.99651
39953 -2 -1.99651
39954 -2 -1.99651
39955 -2 -1.99651
39956 -2 -1.99651
39957 -2 -1.99651
39958 -2 -1.99651
39959 -2 -1.99651
39960 -2 -1.99651
39961 -2 -1.99651
39962 -2 -1.99652
39963 -2 -1.99652
39964 -2 -1.99652
39965 -2 -1.99652
39966 -2 -1.99652
39967 -2 -1.99652
39968 -2 -1.99652
39969 -2 -1.99652
39970 -2 -1.99652
39971 -2 -1.99652
39972 -2 -1.99652
39973 -2 -1.99652
39974 -2 -1.99652
39975 -2 -1.99652
39976 -2 -1.99652
39977 -2 -1.99652
39978 -2 -1.99652
39979 -2 -1.99652
39980 -2 -1.99652
39981 -2 -1.99652
39982 -2 -1.99652
39983 -2 -1.99652
39984 -2 -1.99652
39985 -2 -1.99652
39986 -2 -1.99652
39987 -2 -1.99652
39988 -2 -1.99652
39989 -2 -1.99652
39990 -1.98 -1.99652
39991 -2 -1.99652
39992 -2 -1.99652
39993 -2 -1.99652
39994 -2 -1.99652
39995 -2 -1.99652
39996 -2 -1.99652
39997 -2 -1.99652
39998 -2 -1.99652
39999 -2 -1.99652
40000 -2 -1.99652
40001 -2 -1.99652
40002 -2 -1.99652
40003 -2 -1.99652
40004 -2 -1.99652
40005 -2 -1.99652
40006 -2 -1.99652
40007 -1.98 -1.99652
40008 -2 -1.99652
40009 -2 -1.99652
40010 -1.98 -1.99652
40011 -1.98 -1.99652
40012 -2 -1.99652
40013 -2 -1.99652
40014 -2 -1.99652
40015 -2 -1.99652
40016 -2 -1.99652
40017 -2 -1.99652
40018 -2 -1.99652
40019 -2 -1.99652
40020 -2 -1.99652
40021 -2 -1.99652
40022 -2 -1.99652
40023 -1.98 -1.99652
40024 -1.98 -1.99652
40025 -1.98 -1.99652
40026 -1.96 -1.99652
40027 -2 -1.99652
40028 -2 -1.99652
40029 -2 -1.99652
40030 -2 -1.99652
40031 -2 -1.99652
40032 -2 -1.99652
40033 -2 -1.99652
40034 -2 -1.99652
40035 -2 -1.99652
40036 -2 -1.99652
40037 -2 -1.99652
40038 -2 -1.99652
40039 -2 -1.99652
40040 -2 -1.99652
40041 -2 -1.99652
40042 -2 -1.99652
40043 -2 -1.99652
40044 -2 -1.99652
40045 -2 -1.99652
40046 -2 -1.99652
40047 -2 -1.99652
40048 -2 -1.99652
40049 -2 -1.99652
40050 -2 -1.99652
40051 -2 -1.99652
40052 -2 -1.99652
40053 -2 -1.99652
40054 -2 -1.99652
40055 -2 -1.99652
40056 -2 -1.99652
40057 -2 -1.99652
40058 -2 -1.99652
40059 -2 -1.99652
40060 -2 -1.99652
40061 -2 -1.99652
40062 -2 -1.99652
40063 -2 -1.99652
40064 -2 -1.99652
40065 -2 -1.99652
40066 -2 -1.99652
40067 -2 -1.99652
40068 -2 -1.99652
40069 -2 -1.99652
40070 -2 -1.99652
40071 -2 -1.99652
40072 -2 -1.99652
40073 -1.98 -1.99652
40074 -1.98 -1.99652
40075 -1.98 -1.99652
40076 -1.98 -1.99652
40077 -1.98 -1.99652
40078 -1.98 -1.99652
40079 -2 -1.99652
40080 -2 -1.99652
40081 -2 -1.99652
40082 -1.98 -1.99652
40083 -1.98 -1.99652
40084 -2 -1.99652
40085 -2 -1.99652
40086 -2 -1.99652
40087 -2 -1.99652
40088 -2 -1.99652
40089 -2 -1.99652
40090 -2 -1.99652
40091 -2 -1.99652
40092 -2 -1.99652
40093 -2 -1.99652
40094 -2 -1.99652
40095 -2 -1.99652
40096 -2 -1.99652
40097 -2 -1.99652
40098 -2 -1.99652
40099 -2 -1.99652
40100 -2 -1.99652
40101 -2 -1.99652
40102 -2 -1.99652
40103 -2 -1.99652
40104 -2 -1.99652
40105 -2 -1.99652
40106 -2 -1.99652
40107 -2 -1.99652
40108 -2 -1.99652
40109 -2 -1.99652
40110 -2 -1.99652
40111 -2 -1.99652
40112 -2 -1.99652
40113 -2 -1.99652
40114 -2 -1.99652
40115 -2 -1.99652
40116 -2 -1.99652
40117 -2 -1.99652
40118 -2 -1.99652
40119 -2 -1.99652
40120 -2 -1.99652
40121 -2 -1.99652
40122 -2 -1.99652
40123 -2 -1.99652
40124 -2 -1.99652
40125 -2 -1.99652
40126 -2 -1.99652
40127 -2 -1.99652
40128 -2 -1.99652
40129 -1.98 -1.99652
40130 -2 -1.99652
40131 -2 -1.99652
40132 -2 -1.99652
40133 -2 -1.99652
40134 -2 -1.99652
40135 -2 -1.99652
40136 -2 -1.99652
40137 -2 -1.99652
40138 -2 -1.99652
40139 -2 -1.99652
40140 -1.96 -1.99652
40141 -2 -1.99652
40142 -2 -1.99652
40143 -2 -1.99652
40144 -2 -1.99652
40145 -2 -1.99652
40146 -1.98 -1.99652
40147 -1.98 -1.99652
40148 -1.98 -1.99652
40149 -2 -1.99652
40150 -2 -1.99652
40151 -2 -1.99652
40152 -2 -1.99652
40153 -2 -1.99652
40154 -2 -1.99652
40155 -2 -1.99652
40156 -2 -1.99652
40157 -1.97 -1.99652
40158 -2 -1.99652
40159 -2 -1.99652
40160 -2 -1.99652
40161 -2 -1.99652
40162 -2 -1.99652
40163 -2 -1.99652
40164 -2 -1.99652
40165 -2 -1.99652
40166 -2 -1.99652
40167 -2 -1.99652
40168 -2 -1.99652
40169 -1.98 -1.99652
40170 -1.98 -1.99652
40171 -1.98 -1.99652
40172 -2 -1.99652
40173 -2 -1.99652
40174 -2 -1.99652
40175 -2 -1.99652
40176 -2 -1.99652
40177 -2 -1.99652
40178 -2 -1.99652
40179 -2 -1.99652
40180 -2 -1.99652
40181 -2 -1.99652
40182 -2 -1.99652
40183 -2 -1.99652
40184 -2 -1.99652
40185 -2 -1.99652
40186 -2 -1.99652
40187 -1.98 -1.99652
40188 -2 -1.99652
40189 -2 -1.99652
40190 -2 -1.99652
40191 -1.98 -1.99652
40192 -2 -1.99652
40193 -2 -1.99652
40194 -2 -1.99652
40195 -2 -1.99652
40196 -2 -1.99652
40197 -2 -1.99652
40198 -2 -1.99652
40199 -2 -1.99652
40200 -2 -1.99652
40201 -2 -1.99652
40202 -2 -1.99652
40203 -2 -1.99652
40204 -2 -1.99652
40205 -2 -1.99652
40206 -2 -1.99652
40207 -1.98 -1.99652
40208 -2 -1.99652
40209 -2 -1.99652
40210 -2 -1.99652
40211 -2 -1.99652
40212 -2 -1.99652
40213 -2 -1.99652
40214 -2 -1.99652
40215 -1.98 -1.99652
40216 -2 -1.99652
40217 -2 -1.99652
40218 -2 -1.99652
40219 -1.98 -1.99652
40220 -1.98 -1.99652
40221 -2 -1.99652
40222 -1.98 -1.99652
40223 -1.98 -1.99652
40224 -1.98 -1.99652
40225 -2 -1.99652
40226 -2 -1.99652
40227 -2 -1.99652
40228 -2 -1.99652
40229 -2 -1.99652
40230 -2 -1.99652
40231 -1.98 -1.99652
40232 -1.98 -1.99652
40233 -1.98 -1.99652
40234 -1.98 -1.99652
40235 -2 -1.99652
40236 -2 -1.99652
40237 -2 -1.99652
40238 -2 -1.99652
40239 -2 -1.99652
40240 -2 -1.99652
40241 -1.98 -1.99652
40242 -1.98 -1.99652
40243 -1.98 -1.99652
40244 -2 -1.99652
40245 -2 -1.99652
40246 -2 -1.99652
40247 -2 -1.99652
40248 -2 -1.99652
40249 -2 -1.99652
40250 -2 -1.99652
40251 -2 -1.99652
40252 -1.98 -1.99652
40253 -2 -1.99652
40254 -2 -1.99652
40255 -2 -1.99652
40256 -2 -1.99652
40257 -2 -1.99652
40258 -2 -1.99652
40259 -2 -1.99652
40260 -2 -1.99652
40261 -2 -1.99652
40262 -2 -1.99652
40263 -2 -1.99652
40264 -2 -1.99652
40265 -2 -1.99652
40266 -2 -1.99652
40267 -2 -1.99652
40268 -2 -1.99652
40269 -1.98 -1.99652
40270 -1.98 -1.99652
40271 -2 -1.99652
40272 -2 -1.99652
40273 -1.98 -1.99652
40274 -1.98 -1.99652
40275 -2 -1.99652
40276 -2 -1.99652
40277 -2 -1.99652
40278 -2 -1.99652
40279 -1.98 -1.99652
40280 -2 -1.99652
40281 -2 -1.99652
40282 -2 -1.99652
40283 -2 -1.99652
40284 -2 -1.99652
40285 -2 -1.99652
40286 -1.98 -1.99652
40287 -2 -1.99652
40288 -2 -1.99652
40289 -2 -1.99652
40290 -2 -1.99652
40291 -2 -1.99652
40292 -2 -1.99652
40293 -2 -1.99652
40294 -2 -1.99652
40295 -2 -1.99652
40296 -2 -1.99652
40297 -2 -1.99652
40298 -2 -1.99652
40299 -2 -1.99652
40300 -2 -1.99652
40301 -1.98 -1.99652
40302 -2 -1.99652
40303 -1.98 -1.99652
40304 -2 -1.99652
40305 -2 -1.99652
40306 -2 -1.99652
40307 -2 -1.99652
40308 -2 -1.99652
40309 -2 -1.99652
40310 -2 -1.99652
40311 -2 -1.99652
40312 -2 -1.99652
40313 -2 -1.99652
40314 -2 -1.99652
40315 -2 -1.99652
40316 -2 -1.99652
40317 -2 -1.99652
40318 -2 -1.99652
40319 -2 -1.99652
40320 -2 -1.99652
40321 -2 -1.99652
40322 -2 -1.99652
40323 -2 -1.99652
40324 -2 -1.99652
40325 -2 -1.99652
40326 -2 -1.99652
40327 -1.98 -1.99652
40328 -1.98 -1.99652
40329 -1.98 -1.99652
40330 -1.98 -1.99652
40331 -2 -1.99652
40332 -2 -1.99652
40333 -2 -1.99652
40334 -2 -1.99652
40335 -2 -1.99652
40336 -2 -1.99652
40337 -2 -1.99652
40338 -2 -1.99652
40339 -2 -1.99652
40340 -2 -1.99652
40341 -2 -1.99652
40342 -2 -1.99652
40343 -2 -1.99652
40344 -2 -1.99652
40345 -1.98 -1.99652
40346 -2 -1.99652
40347 -2 -1.99652
40348 -2 -1.99652
40349 -2 -1.99652
40350 -2 -1.99652
40351 -2 -1.99652
40352 -1.97 -1.99652
40353 -1.98 -1.99652
40354 -1.98 -1.99652
40355 -2 -1.99652
40356 -2 -1.99652
40357 -2 -1.99652
40358 -2 -1.99652
40359 -2 -1.99652
40360 -1.98 -1.99652
40361 -2 -1.99652
40362 -2 -1.99652
40363 -2 -1.99652
40364 -2 -1.99652
40365 -2 -1.99652
40366 -1.98 -1.99652
40367 -1.98 -1.99652
40368 -2 -1.99652
40369 -1.98 -1.99652
40370 -2 -1.99652
40371 -2 -1.99652
40372 -2 -1.99652
40373 -2 -1.99652
40374 -2 -1.99652
40375 -1.98 -1.99652
40376 -2 -1.99652
40377 -2 -1.99652
40378 -2 -1.99652
40379 -2 -1.99652
40380 -2 -1.99652
40381 -2 -1.99652
40382 -2 -1.99652
40383 -2 -1.99652
40384 -2 -1.99652
40385 -2 -1.99652
40386 -2 -1.99652
40387 -2 -1.99652
40388 -2 -1.99652
40389 -2 -1.99652
40390 -2 -1.99652
40391 -2 -1.99652
40392 -2 -1.99652
40393 -2 -1.99652
40394 -2 -1.99652
40395 -2 -1.99652
40396 -2 -1.99652
40397 -2 -1.99652
40398 -2 -1.99652
40399 -2 -1.99652
40400 -2 -1.99652
40401 -2 -1.99652
40402 -2 -1.99652
40403 -2 -1.99652
40404 -2 -1.99652
40405 -1.98 -1.99652
40406 -2 -1.99652
40407 -2 -1.99652
40408 -2 -1.99652
40409 -2 -1.99652
40410 -2 -1.99652
40411 -2 -1.99652
40412 -2 -1.99652
40413 -2 -1.99652
40414 -2 -1.99652
40415 -2 -1.99652
40416 -2 -1.99652
40417 -1.98 -1.99652
40418 -1.98 -1.99652
40419 -2 -1.99652
40420 -2 -1.99652
40421 -2 -1.99652
40422 -2 -1.99652
40423 -2 -1.99652
40424 -2 -1.99652
40425 -2 -1.99652
40426 -1.96 -1.99652
40427 -1.98 -1.99652
40428 -2 -1.99652
40429 -2 -1.99652
40430 -1.98 -1.99652
40431 -2 -1.99652
40432 -2 -1.99652
40433 -2 -1.99652
40434 -2 -1.99652
40435 -2 -1.99652
40436 -2 -1.99652
40437 -2 -1.99652
40438 -2 -1.99652
40439 -2 -1.99652
40440 -2 -1.99652
40441 -2 -1.99652
40442 -2 -1.99652
40443 -2 -1.99652
40444 -2 -1.99652
40445 -2 -1.99652
40446 -2 -1.99652
40447 -2 -1.99652
40448 -2 -1.99652
40449 -2 -1.99652
40450 -2 -1.99652
40451 -2 -1.99652
40452 -2 -1.99652
40453 -2 -1.99652
40454 -2 -1.99652
40455 -1.98 -1.99652
40456 -2 -1.99652
40457 -2 -1.99652
40458 -2 -1.99652
40459 -2 -1.99652
40460 -2 -1.99652
40461 -2 -1.99652
40462 -1.98 -1.99652
40463 -2 -1.99652
40464 -2 -1.99652
40465 -2 -1.99652
40466 -2 -1.99652
40467 -2 -1.99652
40468 -2 -1.99652
40469 -2 -1.99652
40470 -2 -1.99652
40471 -1.98 -1.99652
40472 -2 -1.99652
40473 -2 -1.99652
40474 -2 -1.99652
40475 -2 -1.99652
40476 -2 -1.99652
40477 -2 -1.99652
40478 -2 -1.99652
40479 -2 -1.99652
40480 -2 -1.99652
40481 -2 -1.99652
40482 -2 -1.99652
40483 -1.98 -1.99652
40484 -1.98 -1.99652
40485 -1.98 -1.99652
40486 -2 -1.99652
40487 -2 -1.99652
40488 -2 -1.99652
40489 -2 -1.99652
40490 -2 -1.99652
40491 -2 -1.99652
40492 -1.98 -1.99652
40493 -2 -1.99652
40494 -2 -1.99652
40495 -2 -1.99652
40496 -2 -1.99652
40497 -2 -1.99652
40498 -2 -1.99652
40499 -2 -1.99652
40500 -2 -1.99652
40501 -2 -1.99652
40502 -2 -1.99652
40503 -2 -1.99652
40504 -2 -1.99652
40505 -2 -1.99652
40506 -2 -1.99652
40507 -2 -1.99652
40508 -2 -1.99652
40509 -2 -1.99652
40510 -2 -1.99652
40511 -2 -1.99652
40512 -2 -1.99652
40513 -2 -1.99652
40514 -2 -1.99652
40515 -2 -1.99652
40516 -2 -1.99652
40517 -2 -1.99652
40518 -2 -1.99652
40519 -2 -1.99652
40520 -2 -1.99652
40521 -2 -1.99652
40522 -1.98 -1.99652
40523 -2 -1.99652
40524 -2 -1.99652
40525 -1.98 -1.99652
40526 -2 -1.99652
40527 -2 -1.99652
40528 -2 -1.99652
40529 -2 -1.99652
40530 -2 -1.99652
40531 -2 -1.99652
40532 -2 -1.99652
40533 -2 -1.99652
40534 -2 -1.99652
40535 -2 -1.99652
40536 -2 -1.99652
40537 -2 -1.99652
40538 -2 -1.99652
40539 -2 -1.99652
40540 -2 -1.99652
40541 -2 -1.99652
40542 -2 -1.99652
40543 -2 -1.99652
40544 -2 -1.99652
40545 -2 -1.99652
40546 -2 -1.99652
40547 -2 -1.99652
40548 -2 -1.99652
40549 -2 -1.99653
40550 -2 -1.99653
40551 -2 -1.99653
40552 -2 -1.99653
40553 -2 -1.99653
40554 -2 -1.99653
40555 -2 -1.99653
40556 -2 -1.99653
40557 -2 -1.99653
40558 -2 -1.99653
40559 -2 -1.99653
40560 -2 -1.99653
40561 -2 -1.99653
40562 -2 -1.99653
40563 -2 -1.99653
40564 -2 -1.99653
40565 -2 -1.99653
40566 -2 -1.99653
40567 -2 -1.99653
40568 -2 -1.99653
40569 -2 -1.99653
40570 -2 -1.99653
40571 -2 -1.99653
40572 -2 -1.99653
40573 -2 -1.99653
40574 -2 -1.99653
40575 -2 -1.99653
40576 -2 -1.99653
40577 -2 -1.99653
40578 -2 -1.99653
40579 -2 -1.99653
40580 -2 -1.99653
40581 -2 -1.99653
40582 -2 -1.99653
40583 -2 -1.99653
40584 -2 -1.99653
40585 -2 -1.99653
40586 -2 -1.99653
40587 -2 -1.99653
40588 -2 -1.99653
40589 -2 -1.99653
40590 -2 -1.99653
40591 -2 -1.99653
40592 -2 -1.99653
40593 -2 -1.99653
40594 -2 -1.99653
40595 -2 -1.99653
40596 -2 -1.99653
40597 -2 -1.99653
40598 -2 -1.99653
40599 -2 -1.99653
40600 -2 -1.99653
40601 -2 -1.99653
40602 -2 -1.99653
40603 -2 -1.99653
40604 -2 -1.99653
40605 -2 -1.99653
40606 -2 -1.99653
40607 -1.98 -1.99653
40608 -2 -1.99653
40609 -2 -1.99653
40610 -2 -1.99653
40611 -2 -1.99653
40612 -2 -1.99653
40613 -2 -1.99653
40614 -2 -1.99653
40615 -2 -1.99653
40616 -2 -1.99653
40617 -2 -1.99653
40618 -2 -1.99653
40619 -2 -1.99653
40620 -2 -1.99653
40621 -2 -1.99653
40622 -2 -1.99653
40623 -2 -1.99653
40624 -2 -1.99653
40625 -2 -1.99653
40626 -2 -1.99653
40627 -2 -1.99653
40628 -2 -1.99653
40629 -2 -1.99653
40630 -2 -1.99653
40631 -2 -1.99653
40632 -2 -1.99653
40633 -2 -1.99653
40634 -1.98 -1.99653
40635 -1.98 -1.99653
40636 -2 -1.99653
40637 -2 -1.99653
40638 -2 -1.99653
40639 -2 -1.99653
40640 -2 -1.99653
40641 -1.98 -1.99653
40642 -1.98 -1.99653
40643 -1.98 -1.99653
40644 -1.98 -1.99653
40645 -2 -1.99653
40646 -1.98 -1.99653
40647 -2 -1.99653
40648 -2 -1.99653
40649 -2 -1.99653
40650 -2 -1.99653
40651 -2 -1.99653
40652 -2 -1.99653
40653 -2 -1.99653
40654 -2 -1.99653
40655 -2 -1.99653
40656 -2 -1.99653
40657 -2 -1.99653
40658 -1.98 -1.99653
40659 -2 -1.99653
40660 -1.98 -1.99653
40661 -1.98 -1.99653
40662 -2 -1.99653
40663 -2 -1.99653
40664 -2 -1.99653
40665 -2 -1.99653
40666 -2 -1.99653
40667 -2 -1.99653
40668 -2 -1.99653
40669 -2 -1.99653
40670 -2 -1.99653
40671 -2 -1.99653
40672 -2 -1.99653
40673 -2 -1.99653
40674 -2 -1.99653
40675 -2 -1.99653
40676 -2 -1.99653
40677 -1.96 -1.99653
40678 -2 -1.99653
40679 -2 -1.99653
40680 -2 -1.99653
40681 -2 -1.99653
40682 -2 -1.99653
40683 -1.98 -1.99653
40684 -2 -1.99653
40685 -2 -1.99653
40686 -2 -1.99653
40687 -1.96 -1.99653
40688 -1.98 -1.99653
40689 -1.98 -1.99653
40690 -1.98 -1.99653
40691 -1.98 -1.99653
40692 -2 -1.99653
40693 -2 -1.99653
40694 -2 -1.99653
40695 -2 -1.99653
40696 -1.98 -1.99653
40697 -1.98 -1.99653
40698 -2 -1.99653
40699 -2 -1.99653
40700 -2 -1.99653
40701 -2 -1.99653
40702 -2 -1.99653
40703 -2 -1.99653
40704 -2 -1.99653
40705 -2 -1.99653
40706 -2 -1.99653
40707 -2 -1.99653
40708 -2 -1.99653
40709 -2 -1.99653
40710 -2 -1.99653
40711 -2 -1.99653
40712 -2 -1.99653
40713 -2 -1.99653
40714 -2 -1.99653
40715 -1.98 -1.99653
40716 -1.98 -1.99653
40717 -1.98 -1.99653
40718 -2 -1.99653
40719 -2 -1.99653
40720 -2 -1.99653
40721 -2 -1.99653
40722 -2 -1.99653
40723 -2 -1.99653
40724 -2 -1.99653
40725 -1.98 -1.99653
40726 -2 -1.99653
40727 -2 -1.99653
40728 -2 -1.99653
40729 -2 -1.99653
40730 -2 -1.99653
40731 -2 -1.99653
40732 -2 -1.99653
40733 -2 -1.99653
40734 -2 -1.99653
40735 -2 -1.99653
40736 -2 -1.99653
40737 -2 -1.99653
40738 -2 -1.99653
40739 -2 -1.99653
40740 -2 -1.99653
40741 -2 -1.99653
40742 -2 -1.99653
40743 -2 -1.99653
40744 -2 -1.99653
40745 -2 -1.99653
40746 -2 -1.99653
40747 -2 -1.99653
40748 -2 -1.99653
40749 -2 -1.99653
40750 -2 -1.99653
40751 -2 -1.99653
40752 -2 -1.99653
40753 -2 -1.99653
40754 -2 -1.99653
40755 -2 -1.99653
40756 -2 -1.99653
40757 -1.98 -1.99653
40758 -2 -1.99653
40759 -2 -1.99653
40760 -2 -1.99653
40761 -2 -1.99653
40762 -2 -1.99653
40763 -2 -1.99653
40764 -2 -1.99653
40765 -2 -1.99653
40766 -2 -1.99653
40767 -2 -1.99653
40768 -2 -1.99653
40769 -2 -1.99653
40770 -2 -1.99653
40771 -2 -1.99653
40772 -2 -1.99653
40773 -2 -1.99653
40774 -2 -1.99653
40775 -2 -1.99653
40776 -2 -1.99653
40777 -2 -1.99653
40778 -1.98 -1.99653
40779 -1.98 -1.99653
40780 -1.98 -1.99653
40781 -1.98 -1.99653
40782 -1.98 -1.99653
40783 -1.98 -1.99653
40784 -1.98 -1.99653
40785 -2 -1.99653
40786 -2 -1.99653
40787 -2 -1.99653
40788 -2 -1.99653
40789 -2 -1.99653
40790 -2 -1.99653
40791 -2 -1.99653
40792 -2 -1.99653
40793 -2 -1.99653
40794 -2 -1.99653
40795 -1.98 -1.99653
40796 -2 -1.99653
40797 -2 -1.99653
40798 -2 -1.99653
40799 -2 -1.99653
40800 -2 -1.99653
40801 -2 -1.99653
40802 -2 -1.99653
40803 -2 -1.99653
40804 -2 -1.99653
40805 -2 -1.99653
40806 -2 -1.99653
40807 -2 -1.99653
40808 -2 -1.99653
40809 -1.98 -1.99653
40810 -1.98 -1.99653
40811 -1.98 -1.99653
40812 -2 -1.99653
40813 -2 -1.99653
40814 -2 -1.99653
40815 -2 -1.99653
40816 -2 -1.99653
40817 -2 -1.99653
40818 -2 -1.99653
40819 -2 -1.99653
40820 -2 -1.99653
40821 -2 -1.99653
40822 -2 -1.99653
40823 -2 -1.99653
40824 -2 -1.99653
40825 -2 -1.99653
40826 -2 -1.99653
40827 -2 -1.99653
40828 -2 -1.99653
40829 -2 -1.99653
40830 -2 -1.99653
40831 -2 -1.99653
40832 -2 -1.99653
40833 -2 -1.99653
40834 -2 -1.99653
40835 -2 -1.99653
40836 -2 -1.99653
40837 -2 -1.99653
40838 -2 -1.99653
40839 -2 -1.99653
40840 -2 -1.99653
40841 -2 -1.99653
40842 -2 -1.99653
40843 -2 -1.99653
40844 -1.98 -1.99653
40845 -1.98 -1.99653
40846 -2 -1.99653
40847 -2 -1.99653
40848 -2 -1.99653
40849 -2 -1.99653
40850 -2 -1.99653
40851 -2 -1.99653
40852 -2 -1.99653
40853 -2 -1.99653
40854 -1.98 -1.99653
40855 -2 -1.99653
40856 -2 -1.99653
40857 -2 -1.99653
40858 -2 -1.99653
40859 -1.98 -1.99653
40860 -2 -1.99653
40861 -2 -1.99653
40862 -2 -1.99653
40863 -2 -1.99653
40864 -2 -1.99653
40865 -2 -1.99653
40866 -2 -1.99653
40867 -2 -1.99653
40868 -2 -1.99653
40869 -2 -1.99653
40870 -2 -1.99653
40871 -2 -1.99653
40872 -2 -1.99653
40873 -2 -1.99653
40874 -2 -1.99653
40875 -2 -1.99653
40876 -2 -1.99653
40877 -2 -1.99653
40878 -2 -1.99653
40879 -2 -1.99653
40880 -1.98 -1.99653
40881 -2 -1.99653
40882 -2 -1.99653
40883 -2 -1.99653
40884 -2 -1.99653
40885 -2 -1.99653
40886 -2 -1.99653
40887 -2 -1.99653
40888 -2 -1.99653
40889 -2 -1.99653
40890 -2 -1.99653
40891 -2 -1.99653
40892 -2 -1.99653
40893 -2 -1.99653
40894 -2 -1.99653
40895 -2 -1.99653
40896 -2 -1.99653
40897 -2 -1.99653
40898 -2 -1.99653
40899 -2 -1.99653
40900 -2 -1.99653
40901 -2 -1.99653
40902 -2 -1.99653
40903 -2 -1.99653
40904 -2 -1.99653
40905 -2 -1.99653
40906 -2 -1.99653
40907 -2 -1.99653
40908 -2 -1.99653
40909 -2 -1.99653
40910 -1.98 -1.99653
40911 -1.98 -1.99653
40912 -2 -1.99653
40913 -2 -1.99653
40914 -2 -1.99653
40915 -2 -1.99653
40916 -2 -1.99653
40917 -2 -1.99653
40918 -2 -1.99653
40919 -2 -1.99653
40920 -2 -1.99653
40921 -2 -1.99653
40922 -2 -1.99653
40923 -2 -1.99653
40924 -2 -1.99653
40925 -2 -1.99653
40926 -2 -1.99654
40927 -2 -1.99654
40928 -1.98 -1.99653
40929 -2 -1.99653
40930 -2 -1.99653
40931 -2 -1.99653
40932 -2 -1.99654
40933 -1.98 -1.99653
40934 -1.98 -1.99653
40935 -2 -1.99653
40936 -1.98 -1.99653
40937 -2 -1.99653
40938 -2 -1.99653
40939 -2 -1.99653
40940 -2 -1.99653
40941 -1.98 -1.99653
40942 -2 -1.99653
40943 -2 -1.99653
40944 -2 -1.99653
40945 -2 -1.99653
40946 -2 -1.99653
40947 -2 -1.99653
40948 -2 -1.99653
40949 -2 -1.99653
40950 -1.98 -1.99653
40951 -2 -1.99653
40952 -2 -1.99653
40953 -2 -1.99653
40954 -2 -1.99653
40955 -2 -1.99653
40956 -2 -1.99653
40957 -2 -1.99653
40958 -2 -1.99653
40959 -2 -1.99653
40960 -2 -1.99653
40961 -2 -1.99654
40962 -2 -1.99654
40963 -2 -1.99654
40964 -1.98 -1.99653
40965 -1.98 -1.99653
40966 -2 -1.99653
40967 -2 -1.99653
40968 -2 -1.99653
40969 -2 -1.99653
40970 -2 -1.99653
40971 -2 -1.99653
40972 -1.98 -1.99653
40973 -2 -1.99653
40974 -2 -1.99653
40975 -2 -1.99653
40976 -1.98 -1.99653
40977 -2 -1.99653
40978 -2 -1.99653
40979 -2 -1.99653
40980 -2 -1.99653
40981 -2 -1.99653
40982 -2 -1.99653
40983 -2 -1.99653
40984 -2 -1.99654
40985 -2 -1.99654
40986 -2 -1.99654
40987 -2 -1.99654
40988 -2 -1.99654
40989 -2 -1.99654
40990 -2 -1.99654
40991 -1.98 -1.99654
40992 -2 -1.99654
40993 -2 -1.99654
40994 -2 -1.99654
40995 -2 -1.99654
40996 -2 -1.99654
40997 -2 -1.99654
40998 -2 -1.99654
40999 -2 -1.99654
41000 -2 -1.99654
41001 -2 -1.99654
41002 -2 -1.99654
41003 -2 -1.99654
41004 -1.98 -1.99654
41005 -1.98 -1.99654
41006 -2 -1.99654
41007 -2 -1.99654
41008 -2 -1.99654
41009 -2 -1.99654
41010 -2 -1.99654
41011 -2 -1.99654
41012 -2 -1.99654
41013 -2 -1.99654
41014 -2 -1.99654
41015 -2 -1.99654
41016 -2 -1.99654
41017 -2 -1.99654
41018 -2 -1.99654
41019 -2 -1.99654
41020 -1.98 -1.99654
41021 -2 -1.99654
41022 -2 -1.99654
41023 -2 -1.99654
41024 -1.98 -1.99654
41025 -2 -1.99654
41026 -1.98 -1.99654
41027 -2 -1.99654
41028 -2 -1.99654
41029 -2 -1.99654
41030 -2 -1.99654
41031 -2 -1.99654
41032 -2 -1.99654
41033 -2 -1.99654
41034 -2 -1.99654
41035 -2 -1.99654
41036 -2 -1.99654
41037 -2 -1.99654
41038 -2 -1.99654
41039 -2 -1.99654
41040 -2 -1.99654
41041 -2 -1.99654
41042 -2 -1.99654
41043 -2 -1.99654
41044 -2 -1.99654
41045 -2 -1.99654
41046 -1.98 -1.99654
41047 -2 -1.99654
41048 -2 -1.99654
41049 -2 -1.99654
41050 -2 -1.99654
41051 -1.98 -1.99654
41052 -2 -1.99654
41053 -2 -1.99654
41054 -2 -1.99654
41055 -2 -1.99654
41056 -2 -1.99654
41057 -2 -1.99654
41058 -2 -1.99654
41059 -2 -1.99654
41060 -2 -1.99654
41061 -2 -1.99654
41062 -2 -1.99654
41063 -2 -1.99654
41064 -2 -1.99654
41065 -2 -1.99654
41066 -2 -1.99654
41067 -2 -1.99654
41068 -2 -1.99654
41069 -1.98 -1.99654
41070 -2 -1.99654
41071 -2 -1.99654
41072 -2 -1.99654
41073 -2 -1.99654
41074 -2 -1.99654
41075 -2 -1.99654
41076 -2 -1.99654
41077 -2 -1.99654
41078 -2 -1.99654
41079 -2 -1.99654
41080 -2 -1.99654
41081 -2 -1.99654
41082 -2 -1.99654
41083 -1.98 -1.99654
41084 -2 -1.99654
41085 -2 -1.99654
41086 -2 -1.99654
41087 -2 -1.99654
41088 -2 -1.99654
41089 -2 -1.99654
41090 -2 -1.99654
41091 -2 -1.99654
41092 -1.98 -1.99654
41093 -2 -1.99654
41094 -2 -1.99654
41095 -2 -1.99654
41096 -2 -1.99654
41097 -2 -1.99654
41098 -1.98 -1.99654
41099 -1.98 -1.99654
41100 -2 -1.99654
41101 -1.98 -1.99654
41102 -2 -1.99654
41103 -2 -1.99654
41104 -2 -1.99654
41105 -2 -1.99654
41106 -2 -1.99654
41107 -2 -1.99654
41108 -2 -1.99654
41109 -2 -1.99654
41110 -2 -1.99654
41111 -2 -1.99654
41112 -1.98 -1.99654
41113 -2 -1.99654
41114 -2 -1.99654
41115 -2 -1.99654
41116 -2 -1.99654
41117 -2 -1.99654
41118 -2 -1.99654
41119 -2 -1.99654
41120 -2 -1.99654
41121 -2 -1.99654
41122 -2 -1.99654
41123 -2 -1.99654
41124 -2 -1.99654
41125 -2 -1.99654
41126 -2 -1.99654
41127 -2 -1.99654
41128 -2 -1.99654
41129 -2 -1.99654
41130 -2 -1.99654
41131 -2 -1.99654
41132 -2 -1.99654
41133 -2 -1.99654
41134 -2 -1.99654
41135 -2 -1.99654
41136 -2 -1.99654
41137 -2 -1.99654
41138 -2 -1.99654
41139 -1.98 -1.99654
41140 -1.98 -1.99654
41141 -2 -1.99654
41142 -2 -1.99654
41143 -1.98 -1.99654
41144 -1.98 -1.99654
41145 -2 -1.99654
41146 -2 -1.99654
41147 -2 -1.99654
41148 -2 -1.99654
41149 -2 -1.99654
41150 -2 -1.99654
41151 -2 -1.99654
41152 -2 -1.99654
41153 -2 -1.99654
41154 -2 -1.99654
41155 -1.98 -1.99654
41156 -2 -1.99654
41157 -2 -1.99654
41158 -2 -1.99654
41159 -2 -1.99654
41160 -2 -1.99654
41161 -2 -1.99654
41162 -2 -1.99654
41163 -2 -1.99654
41164 -2 -1.99654
41165 -2 -1.99654
41166 -2 -1.99654
41167 -2 -1.99654
41168 -2 -1.99654
41169 -2 -1.99654
41170 -2 -1.99654
41171 -2 -1.99654
41172 -1.98 -1.99654
41173 -1.98 -1.99654
41174 -1.98 -1.99654
41175 -1.96 -1.99654
41176 -1.98 -1.99654
41177 -1.98 -1.99654
41178 -1.98 -1.99654
41179 -1.98 -1.99654
41180 -2 -1.99654
41181 -2 -1.99654
41182 -2 -1.99654
41183 -2 -1.99654
41184 -2 -1.99654
41185 -2 -1.99654
41186 -2 -1.99654
41187 -1.98 -1.99654
41188 -1.98 -1.99654
41189 -2 -1.99654
41190 -2 -1.99654
41191 -2 -1.99654
41192 -2 -1.99654
41193 -2 -1.99654
41194 -2 -1.99654
41195 -2 -1.99654
41196 -2 -1.99654
41197 -2 -1.99654
41198 -2 -1.99654
41199 -2 -1.99654
41200 -2 -1.99654
41201 -2 -1.99654
41202 -2 -1.99654
41203 -2 -1.99654
41204 -2 -1.99654
41205 -2 -1.99654
41206 -2 -1.99654
41207 -2 -1.99654
41208 -2 -1.99654
41209 -2 -1.99654
41210 -2 -1.99654
41211 -2 -1.99654
41212 -2 -1.99654
41213 -2 -1.99654
41214 -2 -1.99654
41215 -2 -1.99654
41216 -2 -1.99654
41217 -2 -1.99654
41218 -2 -1.99654
41219 -2 -1.99654
41220 -2 -1.99654
41221 -1.98 -1.99654
41222 -1.98 -1.99654
41223 -2 -1.99654
41224 -2 -1.99654
41225 -1.98 -1.99654
41226 -1.97 -1.99654
41227 -1.98 -1.99654
41228 -1.98 -1.99654
41229 -1.98 -1.99654
41230 -2 -1.99654
41231 -2 -1.99654
41232 -2 -1.99654
41233 -2 -1.99654
41234 -2 -1.99654
41235 -2 -1.99654
41236 -2 -1.99654
41237 -2 -1.99654
41238 -2 -1.99654
41239 -2 -1.99654
41240 -2 -1.99654
41241 -2 -1.99654
41242 -2 -1.99654
41243 -2 -1.99654
41244 -2 -1.99654
41245 -2 -1.99654
41246 -2 -1.99654
41247 -1.96 -1.99654
41248 -1.98 -1.99654
41249 -1.98 -1.99654
41250 -2 -1.99654
41251 -2 -1.99654
41252 -2 -1.99654
41253 -2 -1.99654
41254 -2 -1.99654
41255 -2 -1.99654
41256 -2 -1.99654
41257 -2 -1.99654
41258 -2 -1.99654
41259 -2 -1.99654
41260 -2 -1.99654
41261 -2 -1.99654
41262 -2 -1.99654
41263 -1.98 -1.99654
41264 -1.98 -1.99654
41265 -1.98 -1.99654
41266 -1.98 -1.99654
41267 -2 -1.99654
41268 -2 -1.99654
41269 -2 -1.99654
41270 -2 -1.99654
41271 -2 -1.99654
41272 -2 -1.99654
41273 -2 -1.99654
41274 -2 -1.99654
41275 -2 -1.99654
41276 -2 -1.99654
41277 -1.98 -1.99654
41278 -2 -1.99654
41279 -2 -1.99654
41280 -2 -1.99654
41281 -2 -1.99654
41282 -2 -1.99654
41283 -2 -1.99654
41284 -2 -1.99654
41285 -2 -1.99654
41286 -2 -1.99654
41287 -2 -1.99654
41288 -2 -1.99654
41289 -2 -1.99654
41290 -1.98 -1.99654
41291 -2 -1.99654
41292 -2 -1.99654
41293 -2 -1.99654
41294 -2 -1.99654
41295 -2 -1.99654
41296 -2 -1.99654
41297 -2 -1.99654
41298 -2 -1.99654
41299 -2 -1.99654
41300 -2 -1.99654
41301 -2 -1.99654
41302 -2 -1.99654
41303 -2 -1.99654
41304 -2 -1.99654
41305 -2 -1.99654
41306 -1.98 -1.99654
41307 -1.96 -1.99654
41308 -2 -1.99654
41309 -2 -1.99654
41310 -2 -1.99654
41311 -2 -1.99654
41312 -2 -1.99654
41313 -2 -1.99654
41314 -1.98 -1.99654
41315 -1.98 -1.99654
41316 -2 -1.99654
41317 -1.98 -1.99654
41318 -2 -1.99654
41319 -2 -1.99654
41320 -2 -1.99654
41321 -2 -1.99654
41322 -2 -1.99654
41323 -2 -1.99654
41324 -2 -1.99654
41325 -2 -1.99654
41326 -2 -1.99654
41327 -2 -1.99654
41328 -2 -1.99654
41329 -2 -1.99654
41330 -2 -1.99654
41331 -2 -1.99654
41332 -2 -1.99654
41333 -2 -1.99654
41334 -2 -1.99654
41335 -2 -1.99654
41336 -2 -1.99654
41337 -1.98 -1.99654
41338 -2 -1.99654
41339 -2 -1.99654
41340 -2 -1.99654
41341 -2 -1.99654
41342 -2 -1.99654
41343 -2 -1.99654
41344 -2 -1.99654
41345 -1.98 -1.99654
41346 -1.98 -1.99654
41347 -2 -1.99654
41348 -2 -1.99654
41349 -2 -1.99654
41350 -1.98 -1.99654
41351 -1.98 -1.99654
41352 -1.98 -1.99654
41353 -2 -1.99654
41354 -2 -1.99654
41355 -2 -1.99654
41356 -2 -1.99654
41357 -2 -1.99654
41358 -1.98 -1.99654
41359 -2 -1.99654
41360 -2 -1.99654
41361 -1.98 -1.99654
41362 -1.98 -1.99654
41363 -1.98 -1.99654
41364 -2 -1.99654
41365 -2 -1.99654
41366 -2 -1.99654
41367 -2 -1.99654
41368 -2 -1.99654
41369 -2 -1.99654
41370 -2 -1.99654
41371 -2 -1.99654
41372 -2 -1.99654
41373 -2 -1.99654
41374 -2 -1.99654
41375 -2 -1.99654
41376 -2 -1.99654
41377 -2 -1.99654
41378 -2 -1.99654
41379 -2 -1.99654
41380 -2 -1.99654
41381 -1.98 -1.99654
41382 -1.98 -1.99654
41383 -1.97 -1.99654
41384 -2 -1.99654
41385 -1.98 -1.99654
41386 -1.98 -1.99653
41387 -2 -1.99653
41388 -1.98 -1.99653
41389 -2 -1.99653
41390 -1.98 -1.99653
41391 -2 -1.99653
41392 -2 -1.99653
41393 -2 -1.99653
41394 -2 -1.99653
41395 -2 -1.99653
41396 -2 -1.99653
41397 -2 -1.99653
41398 -2 -1.99653
41399 -2 -1.99654
41400 -2 -1.99654
41401 -2 -1.99654
41402 -2 -1.99654
41403 -2 -1.99654
41404 -2 -1.99654
41405 -2 -1.99654
41406 -2 -1.99654
41407 -2 -1.99654
41408 -2 -1.99654
41409 -2 -1.99654
41410 -2 -1.99654
41411 -2 -1.99654
41412 -2 -1.99654
41413 -2 -1.99654
41414 -2 -1.99654
41415 -1.98 -1.99654
41416 -2 -1.99654
41417 -2 -1.99654
41418 -2 -1.99654
41419 -2 -1.99654
41420 -2 -1.99654
41421 -2 -1.99654
41422 -2 -1.99654
41423 -1.96 -1.99654
41424 -1.98 -1.99654
41425 -1.98 -1.99653
41426 -1.98 -1.99653
41427 -1.98 -1.99653
41428 -2 -1.99653
41429 -2 -1.99653
41430 -2 -1.99653
41431 -2 -1.99653
41432 -2 -1.99653
41433 -2 -1.99653
41434 -2 -1.99653
41435 -2 -1.99653
41436 -2 -1.99653
41437 -2 -1.99653
41438 -2 -1.99653
41439 -2 -1.99653
41440 -2 -1.99654
41441 -2 -1.99654
41442 -2 -1.99654
41443 -2 -1.99654
41444 -2 -1.99654
41445 -2 -1.99654
41446 -2 -1.99654
41447 -2 -1.99654
41448 -2 -1.99654
41449 -2 -1.99654
41450 -2 -1.99654
41451 -2 -1.99654
41452 -2 -1.99654
41453 -2 -1.99654
41454 -2 -1.99654
41455 -2 -1.99654
41456 -2 -1.99654
41457 -2 -1.99654
41458 -2 -1.99654
41459 -2 -1.99654
41460 -2 -1.99654
41461 -2 -1.99654
41462 -2 -1.99654
41463 -2 -1.99654
41464 -2 -1.99654
41465 -2 -1.99654
41466 -2 -1.99654
41467 -2 -1.99654
41468 -2 -1.99654
41469 -2 -1.99654
41470 -1.98 -1.99654
41471 -1.98 -1.99654
41472 -1.98 -1.99654
41473 -2 -1.99654
41474 -2 -1.99654
41475 -2 -1.99654
41476 -2 -1.99654
41477 -2 -1.99654
41478 -2 -1.99654
41479 -2 -1.99654
41480 -1.98 -1.99654
41481 -2 -1.99654
41482 -2 -1.99654
41483 -2 -1.99654
41484 -1.98 -1.99654
41485 -1.98 -1.99654
41486 -2 -1.99654
41487 -2 -1.99654
41488 -2 -1.99654
41489 -2 -1.99654
41490 -2 -1.99654
41491 -2 -1.99654
41492 -2 -1.99654
41493 -1.98 -1.99654
41494 -1.97 -1.99654
41495 -2 -1.99654
41496 -1.98 -1.99654
41497 -1.98 -1.99653
41498 -1.98 -1.99653
41499 -1.98 -1.99653
41500 -1.98 -1.99653
41501 -2 -1.99653
41502 -2 -1.99653
41503 -2 -1.99653
41504 -2 -1.99653
41505 -2 -1.99653
41506 -2 -1.99653
41507 -1.97 -1.99653
41508 -1.97 -1.99653
41509 -2 -1.99653
41510 -2 -1.99653
41511 -2 -1.99653
41512 -2 -1.99653
41513 -2 -1.99653
41514 -2 -1.99653
41515 -2 -1.99653
41516 -2 -1.99653
41517 -2 -1.99653
41518 -2 -1.99653
41519 -2 -1.99653
41520 -2 -1.99653
41521 -2 -1.99653
41522 -2 -1.99653
41523 -2 -1.99653
41524 -2 -1.99653
41525 -1.98 -1.99653
41526 -2 -1.99653
41527 -2 -1.99653
41528 -1.98 -1.99653
41529 -1.98 -1.99653
41530 -2 -1.99653
41531 -2 -1.99653
41532 -2 -1.99653
41533 -2 -1.99653
41534 -2 -1.99653
41535 -2 -1.99653
41536 -2 -1.99653
41537 -2 -1.99653
41538 -2 -1.99653
41539 -2 -1.99653
41540 -2 -1.99653
41541 -1.98 -1.99653
41542 -2 -1.99653
41543 -2 -1.99653
41544 -2 -1.99653
41545 -2 -1.99653
41546 -2 -1.99653
41547 -2 -1.99653
41548 -2 -1.99653
41549 -2 -1.99653
41550 -2 -1.99653
41551 -2 -1.99653
41552 -2 -1.99653
41553 -1.97 -1.99653
41554 -1.97 -1.99653
41555 -1.97 -1.99653
41556 -2 -1.99653
41557 -2 -1.99653
41558 -2 -1.99653
41559 -2 -1.99653
41560 -2 -1.99653
41561 -2 -1.99653
41562 -2 -1.99653
41563 -2 -1.99653
41564 -2 -1.99653
41565 -2 -1.99653
41566 -2 -1.99653
41567 -2 -1.99653
41568 -2 -1.99653
41569 -2 -1.99653
41570 -2 -1.99653
41571 -2 -1.99653
41572 -2 -1.99653
41573 -1.98 -1.99653
41574 -1.98 -1.99653
41575 -2 -1.99653
41576 -2 -1.99653
41577 -2 -1.99653
41578 -2 -1.99653
41579 -2 -1.99653
41580 -2 -1.99653
41581 -2 -1.99653
41582 -2 -1.99653
41583 -2 -1.99653
41584 -2 -1.99653
41585 -2 -1.99653
41586 -1.98 -1.99653
41587 -1.98 -1.99653
41588 -1.98 -1.99653
41589 -1.98 -1.99653
41590 -1.98 -1.99653
41591 -2 -1.99653
41592 -2 -1.99653
41593 -2 -1.99653
41594 -2 -1.99653
41595 -2 -1.99653
41596 -2 -1.99653
41597 -2 -1.99653
41598 -2 -1.99653
41599 -2 -1.99653
41600 -2 -1.99653
41601 -1.98 -1.99653
41602 -2 -1.99653
41603 -2 -1.99653
41604 -2 -1.99653
41605 -2 -1.99653
41606 -2 -1.99653
41607 -2 -1.99653
41608 -2 -1.99653
41609 -2 -1.99653
41610 -2 -1.99653
41611 -2 -1.99653
41612 -1.98 -1.99653
41613 -1.98 -1.99653
41614 -1.98 -1.99653
41615 -2 -1.99653
41616 -2 -1.99653
41617 -2 -1.99653
41618 -2 -1.99653
41619 -2 -1.99653
41620 -2 -1.99653
41621 -2 -1.99653
41622 -2 -1.99653
41623 -2 -1.99653
41624 -2 -1.99653
41625 -2 -1.99653
41626 -2 -1.99653
41627 -2 -1.99653
41628 -2 -1.99653
41629 -2 -1.99653
41630 -2 -1.99653
41631 -2 -1.99653
41632 -2 -1.99653
41633 -2 -1.99653
41634 -2 -1.99653
41635 -2 -1.99653
41636 -2 -1.99653
41637 -2 -1.99653
41638 -2 -1.99653
41639 -1.98 -1.99653
41640 -2 -1.99653
41641 -2 -1.99653
41642 -2 -1.99653
41643 -2 -1.99653
41644 -2 -1.99653
41645 -2 -1.99653
41646 -2 -1.99653
41647 -2 -1.99653
41648 -2 -1.99653
41649 -2 -1.99653
41650 -2 -1.99653
41651 -2 -1.99653
41652 -2 -1.99653
41653 -2 -1.99654
41654 -2 -1.99654
41655 -2 -1.99654
41656 -2 -1.99654
41657 -2 -1.99654
41658 -2 -1.99654
41659 -2 -1.99654
41660 -2 -1.99654
41661 -2 -1.99654
41662 -2 -1.99654
41663 -2 -1.99654
41664 -2 -1.99654
41665 -2 -1.99654
41666 -2 -1.99654
41667 -2 -1.99654
41668 -2 -1.99654
41669 -2 -1.99654
41670 -2 -1.99654
41671 -2 -1.99654
41672 -2 -1.99654
41673 -2 -1.99654
41674 -2 -1.99654
41675 -2 -1.99654
41676 -2 -1.99654
41677 -2 -1.99654
41678 -2 -1.99654
41679 -2 -1.99654
41680 -2 -1.99654
41681 -2 -1.99654
41682 -2 -1.99654
41683 -2 -1.99654
41684 -2 -1.99654
41685 -2 -1.99654
41686 -2 -1.99654
41687 -2 -1.99654
41688 -2 -1.99654
41689 -2 -1.99654
41690 -2 -1.99654
41691 -2 -1.99654
41692 -2 -1.99654
41693 -2 -1.99654
41694 -2 -1.99654
41695 -2 -1.99654
41696 -2 -1.99654
41697 -2 -1.99654
41698 -2 -1.99654
41699 -2 -1.99654
41700 -2 -1.99654
41701 -2 -1.99654
41702 -2 -1.99654
41703 -2 -1.99654
41704 -2 -1.99654
41705 -2 -1.99654
41706 -2 -1.99654
41707 -2 -1.99654
41708 -2 -1.99654
41709 -2 -1.99654
41710 -2 -1.99654
41711 -2 -1.99654
41712 -2 -1.99654
41713 -2 -1.99654
41714 -2 -1.99654
41715 -2 -1.99654
41716 -2 -1.99654
41717 -2 -1.99654
41718 -1.98 -1.99654
41719 -2 -1.99654
41720 -2 -1.99654
41721 -2 -1.99654
41722 -2 -1.99654
41723 -1.98 -1.99654
41724 -2 -1.99654
41725 -2 -1.99654
41726 -2 -1.99654
41727 -2 -1.99654
41728 -2 -1.99654
41729 -2 -1.99654
41730 -2 -1.99654
41731 -2 -1.99654
41732 -2 -1.99654
41733 -2 -1.99654
41734 -2 -1.99654
41735 -2 -1.99654
41736 -2 -1.99654
41737 -1.98 -1.99654
41738 -1.96 -1.99654
41739 -2 -1.99654
41740 -2 -1.99654
41741 -2 -1.99654
41742 -2 -1.99654
41743 -2 -1.99654
41744 -2 -1.99654
41745 -2 -1.99654
41746 -2 -1.99654
41747 -2 -1.99654
41748 -2 -1.99654
41749 -2 -1.99654
41750 -1.96 -1.99654
41751 -1.98 -1.99654
41752 -2 -1.99654
41753 -2 -1.99654
41754 -2 -1.99654
41755 -2 -1.99654
41756 -2 -1.99654
41757 -2 -1.99654
41758 -2 -1.99654
41759 -1.98 -1.99654
41760 -2 -1.99654
41761 -2 -1.99654
41762 -2 -1.99654
41763 -1.96 -1.99654
41764 -1.98 -1.99654
41765 -1.98 -1.99654
41766 -2 -1.99654
41767 -2 -1.99654
41768 -2 -1.99654
41769 -1.98 -1.99654
41770 -1.98 -1.99654
41771 -2 -1.99654
41772 -2 -1.99654
41773 -2 -1.99654
41774 -2 -1.99654
41775 -2 -1.99654
41776 -1.98 -1.99654
41777 -1.98 -1.99654
41778 -2 -1.99654
41779 -2 -1.99654
41780 -2 -1.99654
41781 -2 -1.99654
41782 -2 -1.99654
41783 -1.98 -1.99654
41784 -1.98 -1.99654
41785 -2 -1.99654
41786 -2 -1.99654
41787 -2 -1.99654
41788 -2 -1.99654
41789 -2 -1.99654
41790 -2 -1.99654
41791 -2 -1.99654
41792 -2 -1.99654
41793 -2 -1.99654
41794 -2 -1.99654
41795 -2 -1.99654
41796 -2 -1.99654
41797 -2 -1.99654
41798 -2 -1.99654
41799 -2 -1.99654
41800 -2 -1.99654
41801 -2 -1.99654
41802 -2 -1.99654
41803 -2 -1.99654
41804 -2 -1.99654
41805 -2 -1.99654
41806 -2 -1.99654
41807 -2 -1.99654
41808 -2 -1.99654
41809 -2 -1.99654
41810 -2 -1.99654
41811 -2 -1.99654
41812 -2 -1.99654
41813 -2 -1.99654
41814 -2 -1.99654
41815 -2 -1.99654
41816 -2 -1.99654
41817 -2 -1.99654
41818 -2 -1.99654
41819 -2 -1.99654
41820 -2 -1.99654
41821 -2 -1.99654
41822 -2 -1.99654
41823 -2 -1.99654
41824 -2 -1.99654
41825 -2 -1.99654
41826 -2 -1.99654
41827 -2 -1.99654
41828 -2 -1.99654
41829 -2 -1.99654
41830 -2 -1.99654
41831 -2 -1.99654
41832 -2 -1.99654
41833 -2 -1.99654
41834 -2 -1.99654
41835 -2 -1.99654
41836 -2 -1.99654
41837 -2 -1.99654
41838 -2 -1.99654
41839 -2 -1.99654
41840 -2 -1.99654
41841 -2 -1.99654
41842 -2 -1.99654
41843 -2 -1.99654
41844 -2 -1.99654
41845 -2 -1.99654
41846 -2 -1.99654
41847 -2 -1.99654
41848 -2 -1.99654
41849 -2 -1.99654
41850 -2 -1.99654
41851 -2 -1.99654
41852 -2 -1.99654
41853 -2 -1.99654
41854 -2 -1.99654
41855 -2 -1.99654
41856 -1.96 -1.99654
41857 -1.98 -1.99654
41858 -1.98 -1.99654
41859 -2 -1.99654
41860 -2 -1.99654
41861 -2 -1.99654
41862 -2 -1.99654
41863 -2 -1.99654
41864 -2 -1.99654
41865 -1.98 -1.99654
41866 -2 -1.99654
41867 -2 -1.99654
41868 -2 -1.99654
41869 -2 -1.99654
41870 -2 -1.99654
41871 -2 -1.99654
41872 -2 -1.99654
41873 -2 -1.99654
41874 -2 -1.99654
41875 -2 -1.99654
41876 -2 -1.99654
41877 -2 -1.99654
41878 -2 -1.99654
41879 -2 -1.99654
41880 -2 -1.99654
41881 -2 -1.99654
41882 -2 -1.99654
41883 -2 -1.99654
41884 -2 -1.99654
41885 -2 -1.99654
41886 -2 -1.99654
41887 -2 -1.99654
41888 -1.98 -1.99654
41889 -1.98 -1.99654
41890 -1.96 -1.99654
41891 -1.98 -1.99654
41892 -1.96 -1.99654
41893 -1.98 -1.99654
41894 -2 -1.99654
41895 -2 -1.99654
41896 -2 -1.99654
41897 -2 -1.99654
41898 -2 -1.99654
41899 -2 -1.99654
41900 -2 -1.99654
41901 -2 -1.99654
41902 -2 -1.99654
41903 -2 -1.99654
41904 -2 -1.99654
41905 -2 -1.99654
41906 -2 -1.99654
41907 -2 -1.99654
41908 -2 -1.99654
41909 -2 -1.99654
41910 -2 -1.99654
41911 -2 -1.99654
41912 -2 -1.99654
41913 -2 -1.99654
41914 -2 -1.99654
41915 -2 -1.99654
41916 -2 -1.99654
41917 -2 -1.99654
41918 -2 -1.99654
41919 -2 -1.99654
41920 -2 -1.99654
41921 -2 -1.99654
41922 -2 -1.99654
41923 -2 -1.99654
41924 -2 -1.99654
41925 -1.98 -1.99654
41926 -2 -1.99654
41927 -2 -1.99654
41928 -1.98 -1.99654
41929 -2 -1.99654
41930 -2 -1.99654
41931 -2 -1.99654
41932 -2 -1.99654
41933 -2 -1.99654
41934 -2 -1.99654
41935 -2 -1.99654
41936 -2 -1.99654
41937 -2 -1.99654
41938 -2 -1.99654
41939 -2 -1.99654
41940 -2 -1.99654
41941 -2 -1.99654
41942 -2 -1.99654
41943 -2 -1.99654
41944 -2 -1.99654
41945 -2 -1.99654
41946 -2 -1.99654
41947 -1.98 -1.99654
41948 -2 -1.99654
41949 -2 -1.99654
41950 -2 -1.99654
41951 -2 -1.99654
41952 -2 -1.99654
41953 -2 -1.99654
41954 -2 -1.99654
41955 -2 -1.99654
41956 -2 -1.99654
41957 -2 -1.99654
41958 -2 -1.99654
41959 -2 -1.99654
41960 -2 -1.99654
41961 -2 -1.99654
41962 -2 -1.99654
41963 -1.98 -1.99654
41964 -2 -1.99654
41965 -2 -1.99654
41966 -2 -1.99654
41967 -2 -1.99654
41968 -2 -1.99654
41969 -2 -1.99654
41970 -2 -1.99654
41971 -2 -1.99654
41972 -2 -1.99654
41973 -2 -1.99654
41974 -2 -1.99654
41975 -2 -1.99654
41976 -2 -1.99654
41977 -1.98 -1.99654
41978 -2 -1.99654
41979 -2 -1.99654
41980 -2 -1.99654
41981 -2 -1.99654
41982 -2 -1.99654
41983 -2 -1.99654
41984 -2 -1.99654
41985 -2 -1.99654
41986 -2 -1.99654
41987 -2 -1.99654
41988 -2 -1.99655
41989 -1.98 -1.99654
41990 -2 -1.99654
41991 -2 -1.99654
41992 -2 -1.99654
41993 -2 -1.99654
41994 -2 -1.99655
41995 -2 -1.99655
41996 -2 -1.99655
41997 -2 -1.99655
41998 -2 -1.99655
41999 -2 -1.99655
42000 -2 -1.99655
42001 -2 -1.99655
42002 -2 -1.99655
42003 -2 -1.99655
42004 -2 -1.99655
42005 -2 -1.99655
42006 -2 -1.99655
42007 -2 -1.99655
42008 -2 -1.99655
42009 -2 -1.99655
42010 -2 -1.99655
42011 -1.97 -1.99655
42012 -1.97 -1.99655
42013 -1.98 -1.99654
42014 -2 -1.99654
42015 -2 -1.99654
42016 -2 -1.99654
42017 -2 -1.99655
42018 -2 -1.99655
42019 -2 -1.99655
42020 -2 -1.99655
42021 -2 -1.99655
42022 -2 -1.99655
42023 -2 -1.99655
42024 -2 -1.99655
42025 -1.98 -1.99655
42026 -2 -1.99655
42027 -2 -1.99655
42028 -2 -1.99655
42029 -2 -1.99655
42030 -2 -1.99655
42031 -2 -1.99655
42032 -2 -1.99655
42033 -2 -1.99655
42034 -2 -1.99655
42035 -2 -1.99655
42036 -2 -1.99655
42037 -2 -1.99655
42038 -2 -1.99655
42039 -2 -1.99655
42040 -2 -1.99655
42041 -2 -1.99655
42042 -2 -1.99655
42043 -2 -1.99655
42044 -2 -1.99655
42045 -2 -1.99655
42046 -1.98 -1.99655
42047 -1.98 -1.99655
42048 -2 -1.99655
42049 -2 -1.99655
42050 -2 -1.99655
42051 -2 -1.99655
42052 -1.98 -1.99655
42053 -1.98 -1.99655
42054 -2 -1.99655
42055 -2 -1.99655
42056 -2 -1.99655
42057 -2 -1.99655
42058 -2 -1.99655
42059 -2 -1.99655
42060 -2 -1.99655
42061 -2 -1.99655
42062 -2 -1.99655
42063 -2 -1.99655
42064 -2 -1.99655
42065 -2 -1.99655
42066 -2 -1.99655
42067 -2 -1.99655
42068 -2 -1.99655
42069 -2 -1.99655
42070 -2 -1.99655
42071 -2 -1.99655
42072 -2 -1.99655
42073 -1.98 -1.99655
42074 -1.98 -1.99655
42075 -1.98 -1.99655
42076 -2 -1.99655
42077 -2 -1.99655
42078 -2 -1.99655
42079 -2 -1.99655
42080 -2 -1.99655
42081 -2 -1.99655
42082 -2 -1.99655
42083 -2 -1.99655
42084 -2 -1.99655
42085 -2 -1.99655
42086 -2 -1.99655
42087 -1.98 -1.99655
42088 -2 -1.99655
42089 -2 -1.99655
42090 -2 -1.99655
42091 -2 -1.99655
42092 -2 -1.99655
42093 -2 -1.99655
42094 -2 -1.99655
42095 -2 -1.99655
42096 -2 -1.99655
42097 -2 -1.99655
42098 -1.98 -1.99655
42099 -1.98 -1.99655
42100 -2 -1.99655
42101 -2 -1.99655
42102 -2 -1.99655
42103 -2 -1.99655
42104 -2 -1.99655
42105 -2 -1.99655
42106 -2 -1.99655
42107 -2 -1.99655
42108 -2 -1.99655
42109 -2 -1.99655
42110 -2 -1.99655
42111 -2 -1.99655
42112 -2 -1.99655
42113 -1.98 -1.99655
42114 -2 -1.99655
42115 -2 -1.99655
42116 -2 -1.99655
42117 -2 -1.99655
42118 -2 -1.99655
42119 -2 -1.99655
42120 -2 -1.99655
42121 -2 -1.99655
42122 -2 -1.99655
42123 -2 -1.99655
42124 -2 -1.99655
42125 -2 -1.99655
42126 -2 -1.99655
42127 -2 -1.99655
42128 -2 -1.99655
42129 -2 -1.99655
42130 -2 -1.99655
42131 -2 -1.99655
42132 -2 -1.99655
42133 -2 -1.99655
42134 -2 -1.99655
42135 -2 -1.99655
42136 -2 -1.99655
42137 -2 -1.99655
42138 -2 -1.99655
42139 -2 -1.99655
42140 -2 -1.99655
42141 -2 -1.99655
42142 -2 -1.99655
42143 -2 -1.99655
42144 -2 -1.99655
42145 -2 -1.99655
42146 -2 -1.99655
42147 -2 -1.99655
42148 -2 -1.99655
42149 -2 -1.99655
42150 -2 -1.99655
42151 -2 -1.99655
42152 -2 -1.99655
42153 -2 -1.99655
42154 -2 -1.99655
42155 -2 -1.99655
42156 -2 -1.99655
42157 -2 -1.99655
42158 -2 -1.99655
42159 -2 -1.99655
42160 -2 -1.99655
42161 -2 -1.99655
42162 -2 -1.99655
42163 -1.98 -1.99655
42164 -2 -1.99655
42165 -2 -1.99655
42166 -2 -1.99655
42167 -2 -1.99655
42168 -2 -1.99655
42169 -2 -1.99655
42170 -2 -1.99655
42171 -2 -1.99655
42172 -2 -1.99655
42173 -2 -1.99655
42174 -2 -1.99655
42175 -2 -1.99655
42176 -2 -1.99655
42177 -2 -1.99655
42178 -2 -1.99655
42179 -1.98 -1.99655
42180 -1.98 -1.99655
42181 -1.95 -1.99655
42182 -2 -1.99655
42183 -2 -1.99655
42184 -2 -1.99655
42185 -2 -1.99655
42186 -2 -1.99655
42187 -2 -1.99655
42188 -2 -1.99655
42189 -2 -1.99655
42190 -2 -1.99655
42191 -2 -1.99655
42192 -2 -1.99655
42193 -2 -1.99655
42194 -2 -1.99655
42195 -2 -1.99655
42196 -2 -1.99655
42197 -2 -1.99655
42198 -2 -1.99655
42199 -1.98 -1.99655
42200 -2 -1.99655
42201 -2 -1.99655
42202 -2 -1.99655
42203 -2 -1.99655
42204 -2 -1.99655
42205 -2 -1.99655
42206 -2 -1.99655
42207 -2 -1.99655
42208 -2 -1.99655
42209 -2 -1.99655
42210 -2 -1.99655
42211 -1.98 -1.99655
42212 -1.98 -1.99655
42213 -2 -1.99655
42214 -2 -1.99655
42215 -2 -1.99655
42216 -2 -1.99655
42217 -2 -1.99655
42218 -2 -1.99655
42219 -2 -1.99655
42220 -2 -1.99655
42221 -2 -1.99655
42222 -2 -1.99655
42223 -2 -1.99655
42224 -2 -1.99655
42225 -2 -1.99655
42226 -2 -1.99655
42227 -2 -1.99655
42228 -2 -1.99655
42229 -2 -1.99655
42230 -2 -1.99655
42231 -2 -1.99655
42232 -2 -1.99655
42233 -2 -1.99655
42234 -2 -1.99655
42235 -2 -1.99655
42236 -2 -1.99655
42237 -2 -1.99655
42238 -2 -1.99655
42239 -2 -1.99655
42240 -2 -1.99655
42241 -2 -1.99655
42242 -2 -1.99655
42243 -1.98 -1.99655
42244 -2 -1.99655
42245 -2 -1.99655
42246 -2 -1.99655
42247 -2 -1.99655
42248 -2 -1.99655
42249 -1.98 -1.99655
42250 -1.98 -1.99655
42251 -2 -1.99655
42252 -2 -1.99655
42253 -2 -1.99655
42254 -2 -1.99655
42255 -2 -1.99655
42256 -2 -1.99655
42257 -2 -1.99655
42258 -2 -1.99655
42259 -2 -1.99655
42260 -2 -1.99655
42261 -2 -1.99655
42262 -2 -1.99655
42263 -2 -1.99655
42264 -2 -1.99655
42265 -2 -1.99655
42266 -2 -1.99655
42267 -2 -1.99655
42268 -2 -1.99655
42269 -1.98 -1.99655
42270 -2 -1.99655
42271 -2 -1.99655
42272 -2 -1.99655
42273 -2 -1.99655
42274 -2 -1.99655
42275 -2 -1.99655
42276 -2 -1.99655
42277 -2 -1.99655
42278 -2 -1.99655
42279 -2 -1.99655
42280 -2 -1.99655
42281 -2 -1.99656
42282 -2 -1.99656
42283 -2 -1.99656
42284 -2 -1.99656
42285 -2 -1.99656
42286 -2 -1.99656
42287 -2 -1.99656
42288 -2 -1.99656
42289 -2 -1.99656
42290 -2 -1.99656
42291 -2 -1.99656
42292 -1.98 -1.99656
42293 -2 -1.99656
42294 -2 -1.99656
42295 -2 -1.99656
42296 -2 -1.99656
42297 -2 -1.99656
42298 -2 -1.99656
42299 -2 -1.99656
42300 -2 -1.99656
42301 -1.98 -1.99656
42302 -2 -1.99656
42303 -2 -1.99656
42304 -2 -1.99656
42305 -1.98 -1.99656
42306 -2 -1.99656
42307 -2 -1.99656
42308 -2 -1.99656
42309 -2 -1.99656
42310 -2 -1.99656
42311 -2 -1.99656
42312 -2 -1.99656
42313 -2 -1.99656
42314 -2 -1.99656
42315 -2 -1.99656
42316 -2 -1.99656
42317 -2 -1.99656
42318 -2 -1.99656
42319 -2 -1.99656
42320 -2 -1.99656
42321 -2 -1.99656
42322 -2 -1.99656
42323 -2 -1.99656
42324 -2 -1.99656
42325 -2 -1.99656
42326 -2 -1.99656
42327 -1.98 -1.99656
42328 -2 -1.99656
42329 -2 -1.99656
42330 -2 -1.99656
42331 -2 -1.99656
42332 -2 -1.99656
42333 -2 -1.99656
42334 -1.98 -1.99656
42335 -1.98 -1.99656
42336 -2 -1.99656
42337 -2 -1.99656
42338 -2 -1.99656
42339 -2 -1.99656
42340 -2 -1.99656
42341 -2 -1.99656
42342 -1.98 -1.99656
42343 -2 -1.99656
42344 -2 -1.99656
42345 -2 -1.99656
42346 -2 -1.99656
42347 -2 -1.99656
42348 -2 -1.99656
42349 -2 -1.99656
42350 -2 -1.99656
42351 -2 -1.99656
42352 -2 -1.99656
42353 -2 -1.99656
42354 -2 -1.99656
42355 -2 -1.99656
42356 -2 -1.99656
42357 -2 -1.99656
42358 -2 -1.99656
42359 -2 -1.99656
42360 -2 -1.99656
42361 -2 -1.99656
42362 -2 -1.99656
42363 -2 -1.99656
42364 -2 -1.99656
42365 -2 -1.99656
42366 -2 -1.99656
42367 -2 -1.99656
42368 -2 -1.99656
42369 -2 -1.99656
42370 -2 -1.99656
42371 -2 -1.99656
42372 -2 -1.99656
42373 -2 -1.99656
42374 -2 -1.99656
42375 -2 -1.99656
42376 -1.98 -1.99656
42377 -2 -1.99656
42378 -2 -1.99656
42379 -2 -1.99656
42380 -2 -1.99656
42381 -2 -1.99656
42382 -2 -1.99656
42383 -2 -1.99656
42384 -2 -1.99656
42385 -2 -1.99656
42386 -2 -1.99656
42387 -2 -1.99656
42388 -2 -1.99656
42389 -2 -1.99656
42390 -2 -1.99656
42391 -2 -1.99656
42392 -2 -1.99656
42393 -2 -1.99656
42394 -2 -1.99656
42395 -2 -1.99656
42396 -2 -1.99656
42397 -2 -1.99656
42398 -2 -1.99656
42399 -2 -1.99656
42400 -2 -1.99656
42401 -2 -1.99656
42402 -2 -1.99656
42403 -2 -1.99656
42404 -2 -1.99656
42405 -2 -1.99656
42406 -2 -1.99656
42407 -2 -1.99656
42408 -2 -1.99656
42409 -2 -1.99656
42410 -1.98 -1.99656
42411 -2 -1.99656
42412 -2 -1.99656
42413 -2 -1.99656
42414 -2 -1.99656
42415 -2 -1.99656
42416 -2 -1.99656
42417 -2 -1.99656
42418 -2 -1.99656
42419 -2 -1.99656
42420 -2 -1.99656
42421 -2 -1.99656
42422 -2 -1.99656
42423 -2 -1.99656
42424 -2 -1.99656
42425 -2 -1.99656
42426 -2 -1.99656
42427 -2 -1.99656
42428 -2 -1.99656
42429 -2 -1.99656
42430 -2 -1.99656
42431 -2 -1.99656
42432 -2 -1.99656
42433 -2 -1.99656
42434 -2 -1.99656
42435 -2 -1.99656
42436 -2 -1.99656
42437 -2 -1.99656
42438 -2 -1.99656
42439 -1.98 -1.99656
42440 -1.98 -1.99656
42441 -1.96 -1.99656
42442 -1.96 -1.99656
42443 -1.98 -1.99656
42444 -1.98 -1.99656
42445 -2 -1.99656
42446 -2 -1.99656
42447 -2 -1.99656
42448 -2 -1.99656
42449 -2 -1.99656
42450 -2 -1.99656
42451 -2 -1.99656
42452 -2 -1.99656
42453 -2 -1.99656
42454 -2 -1.99656
42455 -2 -1.99656
42456 -2 -1.99656
42457 -2 -1.99656
42458 -2 -1.99656
42459 -2 -1.99656
42460 -2 -1.99656
42461 -2 -1.99656
42462 -2 -1.99656
42463 -2 -1.99656
42464 -2 -1.99656
42465 -2 -1.99656
42466 -2 -1.99656
42467 -2 -1.99656
42468 -2 -1.99656
42469 -2 -1.99656
42470 -2 -1.99656
42471 -2 -1.99656
42472 -2 -1.99656
42473 -2 -1.99656
42474 -2 -1.99656
42475 -2 -1.99656
42476 -2 -1.99656
42477 -2 -1.99656
42478 -2 -1.99656
42479 -2 -1.99656
42480 -2 -1.99656
42481 -2 -1.99656
42482 -2 -1.99656
42483 -2 -1.99656
42484 -2 -1.99656
42485 -2 -1.99656
42486 -2 -1.99656
42487 -2 -1.99656
42488 -2 -1.99656
42489 -2 -1.99656
42490 -1.98 -1.99656
42491 -2 -1.99656
42492 -2 -1.99656
42493 -2 -1.99656
42494 -2 -1.99656
42495 -2 -1.99656
42496 -2 -1.99656
42497 -2 -1.99656
42498 -1.98 -1.99656
42499 -1.98 -1.99656
42500 -1.98 -1.99656
42501 -1.98 -1.99656
42502 -1.98 -1.99656
42503 -1.97 -1.99656
42504 -2 -1.99656
42505 -2 -1.99656
42506 -2 -1.99656
42507 -1.98 -1.99656
42508 -1.98 -1.99656
42509 -1.98 -1.99656
42510 -2 -1.99656
42511 -2 -1.99656
42512 -2 -1.99656
42513 -2 -1.99656
42514 -2 -1.99656
42515 -2 -1.99656
42516 -2 -1.99656
42517 -2 -1.99656
42518 -2 -1.99656
42519 -2 -1.99656
42520 -2 -1.99656
42521 -2 -1.99656
42522 -1.98 -1.99656
42523 -2 -1.99656
42524 -2 -1.99656
42525 -2 -1.99656
42526 -2 -1.99656
42527 -2 -1.99656
42528 -2 -1.99656
42529 -1.98 -1.99656
42530 -2 -1.99656
42531 -2 -1.99656
42532 -2 -1.99656
42533 -2 -1.99656
42534 -2 -1.99656
42535 -2 -1.99656
42536 -2 -1.99656
42537 -2 -1.99656
42538 -2 -1.99656
42539 -2 -1.99656
42540 -2 -1.99656
42541 -1.98 -1.99656
42542 -1.98 -1.99656
42543 -1.98 -1.99656
42544 -2 -1.99656
42545 -2 -1.99656
42546 -2 -1.99656
42547 -2 -1.99656
42548 -2 -1.99656
42549 -1.98 -1.99656
42550 -2 -1.99656
42551 -2 -1.99656
42552 -2 -1.99656
42553 -2 -1.99656
42554 -1.98 -1.99656
42555 -2 -1.99656
42556 -2 -1.99656
42557 -2 -1.99656
42558 -1.98 -1.99656
42559 -1.98 -1.99656
42560 -1.98 -1.99656
42561 -2 -1.99656
42562 -2 -1.99656
42563 -2 -1.99656
42564 -2 -1.99656
42565 -2 -1.99656
42566 -2 -1.99656
42567 -2 -1.99656
42568 -2 -1.99656
42569 -1.98 -1.99656
42570 -1.98 -1.99656
42571 -1.98 -1.99656
42572 -2 -1.99656
42573 -2 -1.99656
42574 -2 -1.99656
42575 -1.98 -1.99656
42576 -1.98 -1.99656
42577 -1.98 -1.99656
42578 -1.98 -1.99656
42579 -1.98 -1.99656
42580 -2 -1.99656
42581 -2 -1.99656
42582 -2 -1.99656
42583 -2 -1.99656
42584 -2 -1.99656
42585 -2 -1.99656
42586 -2 -1.99656
42587 -2 -1.99656
42588 -1.98 -1.99656
42589 -1.98 -1.99656
42590 -2 -1.99656
42591 -1.98 -1.99656
42592 -2 -1.99656
42593 -2 -1.99656
42594 -2 -1.99656
42595 -2 -1.99656
42596 -2 -1.99656
42597 -2 -1.99656
42598 -2 -1.99656
42599 -2 -1.99656
42600 -2 -1.99656
42601 -1.98 -1.99656
42602 -2 -1.99656
42603 -1.98 -1.99656
42604 -2 -1.99656
42605 -2 -1.99656
42606 -2 -1.99656
42607 -2 -1.99656
42608 -2 -1.99656
42609 -2 -1.99656
42610 -1.96 -1.99656
42611 -1.98 -1.99656
42612 -1.98 -1.99656
42613 -2 -1.99656
42614 -2 -1.99656
42615 -2 -1.99656
42616 -2 -1.99656
42617 -1.97 -1.99656
42618 -1.95 -1.99655
42619 -1.98 -1.99655
42620 -2 -1.99655
42621 -2 -1.99655
42622 -2 -1.99655
42623 -2 -1.99655
42624 -2 -1.99655
42625 -1.98 -1.99655
42626 -1.98 -1.99655
42627 -2 -1.99655
42628 -1.98 -1.99655
42629 -2 -1.99655
42630 -1.98 -1.99655
42631 -1.98 -1.99655
42632 -1.98 -1.99655
42633 -1.98 -1.99655
42634 -2 -1.99655
42635 -2 -1.99655
42636 -2 -1.99655
42637 -1.98 -1.99655
42638 -1.98 -1.99655
42639 -2 -1.99655
42640 -2 -1.99655
42641 -2 -1.99655
42642 -2 -1.99655
42643 -2 -1.99655
42644 -2 -1.99655
42645 -2 -1.99655
42646 -2 -1.99655
42647 -2 -1.99655
42648 -2 -1.99655
42649 -2 -1.99655
42650 -2 -1.99655
42651 -2 -1.99655
42652 -2 -1.99655
42653 -1.98 -1.99655
42654 -2 -1.99655
42655 -2 -1.99655
42656 -2 -1.99655
42657 -2 -1.99655
42658 -2 -1.99655
42659 -2 -1.99655
42660 -2 -1.99655
42661 -1.98 -1.99655
42662 -1.98 -1.99655
42663 -2 -1.99655
42664 -2 -1.99655
42665 -1.98 -1.99655
42666 -1.98 -1.99655
42667 -1.98 -1.99655
42668 -2 -1.99655
42669 -2 -1.99655
42670 -2 -1.99655
42671 -2 -1.99655
42672 -1.98 -1.99655
42673 -2 -1.99655
42674 -1.98 -1.99655
42675 -1.98 -1.99655
42676 -2 -1.99655
42677 -2 -1.99655
42678 -2 -1.99655
42679 -2 -1.99655
42680 -2 -1.99655
42681 -2 -1.99655
42682 -2 -1.99655
42683 -2 -1.99655
42684 -2 -1.99655
42685 -2 -1.99655
42686 -2 -1.99655
42687 -2 -1.99655
42688 -2 -1.99655
42689 -2 -1.99655
42690 -2 -1.99655
42691 -2 -1.99655
42692 -2 -1.99655
42693 -2 -1.99655
42694 -2 -1.99655
42695 -2 -1.99655
42696 -2 -1.99655
42697 -2 -1.99655
42698 -2 -1.99655
42699 -2 -1.99655
42700 -2 -1.99655
42701 -1.98 -1.99655
42702 -1.98 -1.99655
42703 -2 -1.99655
42704 -2 -1.99655
42705 -2 -1.99655
42706 -2 -1.99655
42707 -2 -1.99655
42708 -2 -1.99655
42709 -2 -1.99655
42710 -2 -1.99655
42711 -2 -1.99655
42712 -2 -1.99655
42713 -2 -1.99655
42714 -2 -1.99655
42715 -2 -1.99655
42716 -2 -1.99655
42717 -2 -1.99655
42718 -2 -1.99655
42719 -2 -1.99655
42720 -2 -1.99655
42721 -2 -1.99655
42722 -2 -1.99655
42723 -2 -1.99655
42724 -2 -1.99655
42725 -2 -1.99655
42726 -2 -1.99655
42727 -2 -1.99655
42728 -2 -1.99655
42729 -2 -1.99655
42730 -2 -1.99655
42731 -1.98 -1.99655
42732 -1.96 -1.99655
42733 -2 -1.99655
42734 -2 -1.99655
42735 -2 -1.99655
42736 -2 -1.99655
42737 -2 -1.99655
42738 -1.98 -1.99655
42739 -2 -1.99655
42740 -2 -1.99655
42741 -2 -1.99655
42742 -2 -1.99655
42743 -2 -1.99655
42744 -2 -1.99655
42745 -2 -1.99655
42746 -2 -1.99655
42747 -2 -1.99655
42748 -2 -1.99655
42749 -2 -1.99655
42750 -2 -1.99655
42751 -2 -1.99655
42752 -2 -1.99655
42753 -2 -1.99655
42754 -2 -1.99655
42755 -2 -1.99655
42756 -2 -1.99655
42757 -2 -1.99655
42758 -2 -1.99655
42759 -2 -1.99655
42760 -2 -1.99655
42761 -2 -1.99655
42762 -2 -1.99655
42763 -2 -1.99655
42764 -1.98 -1.99655
42765 -2 -1.99655
42766 -2 -1.99655
42767 -2 -1.99655
42768 -2 -1.99655
42769 -2 -1.99655
42770 -2 -1.99655
42771 -2 -1.99655
42772 -2 -1.99656
42773 -2 -1.99656
42774 -2 -1.99656
42775 -2 -1.99656
42776 -2 -1.99656
42777 -2 -1.99656
42778 -2 -1.99656
42779 -2 -1.99656
42780 -2 -1.99656
42781 -2 -1.99656
42782 -2 -1.99656
42783 -2 -1.99656
42784 -1.98 -1.99656
42785 -2 -1.99656
42786 -2 -1.99656
42787 -2 -1.99656
42788 -2 -1.99656
42789 -2 -1.99656
42790 -2 -1.99656
42791 -2 -1.99656
42792 -2 -1.99656
42793 -2 -1.99656
42794 -1.98 -1.99656
42795 -2 -1.99656
42796 -2 -1.99656
42797 -2 -1.99656
42798 -2 -1.99656
42799 -2 -1.99656
42800 -2 -1.99656
42801 -2 -1.99656
42802 -2 -1.99656
42803 -2 -1.99656
42804 -2 -1.99656
42805 -2 -1.99656
42806 -2 -1.99656
42807 -2 -1.99656
42808 -2 -1.99656
42809 -2 -1.99656
42810 -2 -1.99656
42811 -1.98 -1.99656
42812 -2 -1.99656
42813 -2 -1.99656
42814 -2 -1.99656
42815 -2 -1.99656
42816 -2 -1.99656
42817 -2 -1.99656
42818 -1.98 -1.99656
42819 -2 -1.99656
42820 -2 -1.99656
42821 -2 -1.99656
42822 -1.98 -1.99656
42823 -2 -1.99656
42824 -2 -1.99656
42825 -2 -1.99656
42826 -1.98 -1.99656
42827 -2 -1.99656
42828 -2 -1.99656
42829 -2 -1.99656
42830 -2 -1.99656
42831 -2 -1.99656
42832 -2 -1.99656
42833 -2 -1.99656
42834 -1.98 -1.99656
42835 -1.98 -1.99656
42836 -1.98 -1.99656
42837 -1.98 -1.99656
42838 -2 -1.99656
42839 -2 -1.99656
42840 -2 -1.99656
42841 -2 -1.99656
42842 -2 -1.99656
42843 -2 -1.99656
42844 -2 -1.99656
42845 -2 -1.99656
42846 -1.98 -1.99656
42847 -2 -1.99656
42848 -2 -1.99656
42849 -2 -1.99656
42850 -2 -1.99656
42851 -2 -1.99656
42852 -2 -1.99656
42853 -2 -1.99656
42854 -2 -1.99656
42855 -2 -1.99656
42856 -2 -1.99656
42857 -2 -1.99656
42858 -2 -1.99656
42859 -2 -1.99656
42860 -2 -1.99656
42861 -2 -1.99656
42862 -2 -1.99656
42863 -2 -1.99656
42864 -2 -1.99656
42865 -1.98 -1.99656
42866 -2 -1.99656
42867 -2 -1.99656
42868 -2 -1.99656
42869 -2 -1.99656
42870 -2 -1.99656
42871 -2 -1.99656
42872 -2 -1.99656
42873 -2 -1.99656
42874 -2 -1.99656
42875 -2 -1.99656
42876 -2 -1.99656
42877 -2 -1.99656
42878 -2 -1.99656
42879 -1.98 -1.99656
42880 -2 -1.99656
42881 -2 -1.99656
42882 -2 -1.99656
42883 -2 -1.99656
42884 -2 -1.99656
42885 -2 -1.99656
42886 -2 -1.99656
42887 -1.98 -1.99656
42888 -2 -1.99656
42889 -2 -1.99656
42890 -2 -1.99656
42891 -2 -1.99656
42892 -2 -1.99656
42893 -2 -1.99656
42894 -2 -1.99656
42895 -2 -1.99656
42896 -2 -1.99656
42897 -2 -1.99656
42898 -2 -1.99656
42899 -2 -1.99656
42900 -2 -1.99656
42901 -2 -1.99656
42902 -2 -1.99656
42903 -2 -1.99656
42904 -2 -1.99656
42905 -2 -1.99656
42906 -2 -1.99656
42907 -2 -1.99656
42908 -2 -1.99656
42909 -2 -1.99656
42910 -2 -1.99656
42911 -2 -1.99656
42912 -2 -1.99656
42913 -2 -1.99656
42914 -2 -1.99656
42915 -2 -1.99656
42916 -2 -1.99656
42917 -2 -1.99656
42918 -2 -1.99656
42919 -2 -1.99656
42920 -2 -1.99656
42921 -2 -1.99656
42922 -2 -1.99656
42923 -2 -1.99656
42924 -2 -1.99656
42925 -2 -1.99656
42926 -1.98 -1.99656
42927 -2 -1.99656
42928 -2 -1.99656
42929 -2 -1.99656
42930 -2 -1.99656
42931 -2 -1.99656
42932 -2 -1.99656
42933 -2 -1.99656
42934 -1.98 -1.99656
42935 -2 -1.99656
42936 -2 -1.99656
42937 -2 -1.99656
42938 -2 -1.99656
42939 -2 -1.99656
42940 -2 -1.99656
42941 -2 -1.99656
42942 -2 -1.99656
42943 -2 -1.99656
42944 -2 -1.99656
42945 -2 -1.99656
42946 -2 -1.99656
42947 -2 -1.99656
42948 -1.98 -1.99656
42949 -2 -1.99656
42950 -1.98 -1.99656
42951 -1.98 -1.99656
42952 -1.98 -1.99656
42953 -2 -1.99656
42954 -2 -1.99656
42955 -2 -1.99656
42956 -2 -1.99656
42957 -2 -1.99656
42958 -2 -1.99656
42959 -2 -1.99656
42960 -1.98 -1.99656
42961 -2 -1.99656
42962 -2 -1.99656
42963 -2 -1.99656
42964 -2 -1.99656
42965 -2 -1.99656
42966 -2 -1.99656
42967 -2 -1.99656
42968 -1.98 -1.99656
42969 -2 -1.99656
42970 -1.98 -1.99656
42971 -1.98 -1.99656
42972 -2 -1.99656
42973 -2 -1.99656
42974 -2 -1.99656
42975 -2 -1.99656
42976 -2 -1.99656
42977 -2 -1.99656
42978 -2 -1.99656
42979 -2 -1.99656
42980 -2 -1.99656
42981 -2 -1.99656
42982 -2 -1.99656
42983 -2 -1.99656
42984 -2 -1.99656
42985 -2 -1.99656
42986 -2 -1.99656
42987 -2 -1.99656
42988 -2 -1.99656
42989 -2 -1.99656
42990 -2 -1.99656
42991 -2 -1.99656
42992 -2 -1.99656
42993 -2 -1.99656
42994 -1.98 -1.99656
42995 -2 -1.99656
42996 -1.98 -1.99656
42997 -2 -1.99656
42998 -2 -1.99656
42999 -1.98 -1.99656
43000 -2 -1.99656
43001 -2 -1.99656
43002 -2 -1.99656
43003 -2 -1.99656
43004 -2 -1.99656
43005 -2 -1.99656
43006 -2 -1.99656
43007 -2 -1.99656
43008 -1.98 -1.99656
43009 -1.98 -1.99656
43010 -2 -1.99656
43011 -2 -1.99656
43012 -2 -1.99656
43013 -2 -1.99656
43014 -2 -1.99656
43015 -2 -1.99656
43016 -2 -1.99656
43017 -2 -1.99656
43018 -2 -1.99656
43019 -2 -1.99656
43020 -2 -1.99656
43021 -2 -1.99656
43022 -2 -1.99656
43023 -2 -1.99656
43024 -2 -1.99656
43025 -2 -1.99656
43026 -2 -1.99656
43027 -2 -1.99656
43028 -2 -1.99656
43029 -2 -1.99656
43030 -2 -1.99656
43031 -2 -1.99656
43032 -2 -1.99656
43033 -2 -1.99656
43034 -2 -1.99656
43035 -2 -1.99656
43036 -2 -1.99656
43037 -2 -1.99656
43038 -2 -1.99656
43039 -2 -1.99656
43040 -2 -1.99656
43041 -2 -1.99656
43042 -2 -1.99656
43043 -2 -1.99656
43044 -2 -1.99656
43045 -1.98 -1.99656
43046 -2 -1.99656
43047 -2 -1.99656
43048 -2 -1.99656
43049 -2 -1.99656
43050 -2 -1.99656
43051 -2 -1.99656
43052 -2 -1.99656
43053 -2 -1.99656
43054 -2 -1.99656
43055 -1.98 -1.99656
43056 -1.98 -1.99656
43057 -2 -1.99656
43058 -1.98 -1.99656
43059 -1.98 -1.99656
43060 -2 -1.99656
43061 -2 -1.99656
43062 -2 -1.99656
43063 -2 -1.99656
43064 -1.96 -1.99656
43065 -2 -1.99656
43066 -2 -1.99656
43067 -2 -1.99656
43068 -2 -1.99656
43069 -2 -1.99656
43070 -1.96 -1.99656
43071 -1.98 -1.99656
43072 -2 -1.99656
43073 -2 -1.99656
43074 -2 -1.99656
43075 -2 -1.99656
43076 -2 -1.99656
43077 -2 -1.99656
43078 -2 -1.99656
43079 -2 -1.99656
43080 -2 -1.99656
43081 -2 -1.99656
43082 -1.98 -1.99656
43083 -2 -1.99656
43084 -2 -1.99656
43085 -2 -1.99656
43086 -1.98 -1.99656
43087 -1.98 -1.99656
43088 -1.98 -1.99656
43089 -2 -1.99656
43090 -2 -1.99656
43091 -2 -1.99656
43092 -2 -1.99656
43093 -2 -1.99656
43094 -2 -1.99656
43095 -2 -1.99656
43096 -2 -1.99656
43097 -2 -1.99656
43098 -2 -1.99656
43099 -1.98 -1.99656
43100 -1.98 -1.99656
43101 -2 -1.99656
43102 -1.98 -1.99656
43103 -1.98 -1.99656
43104 -1.98 -1.99656
43105 -2 -1.99656
43106 -2 -1.99656
43107 -2 -1.99656
43108 -2 -1.99656
43109 -1.98 -1.99656
43110 -1.98 -1.99656
43111 -1.97 -1.99656
43112 -1.95 -1.99656
43113 -1.98 -1.99656
43114 -2 -1.99656
43115 -2 -1.99656
43116 -2 -1.99656
43117 -2 -1.99656
43118 -2 -1.99656
43119 -2 -1.99656
43120 -2 -1.99656
43121 -2 -1.99656
43122 -1.96 -1.99656
43123 -2 -1.99656
43124 -2 -1.99656
43125 -2 -1.99656
43126 -2 -1.99656
43127 -2 -1.99656
43128 -2 -1.99656
43129 -2 -1.99656
43130 -2 -1.99656
43131 -2 -1.99656
43132 -2 -1.99656
43133 -2 -1.99656
43134 -2 -1.99656
43135 -2 -1.99656
43136 -2 -1.99656
43137 -2 -1.99656
43138 -2 -1.99656
43139 -2 -1.99656
43140 -2 -1.99656
43141 -2 -1.99656
43142 -2 -1.99656
43143 -2 -1.99656
43144 -2 -1.99656
43145 -2 -1.99656
43146 -2 -1.99656
43147 -2 -1.99656
43148 -2 -1.99656
43149 -2 -1.99656
43150 -2 -1.99656
43151 -2 -1.99656
43152 -2 -1.99656
43153 -2 -1.99656
43154 -2 -1.99656
43155 -1.98 -1.99656
43156 -2 -1.99656
43157 -2 -1.99656
43158 -1.98 -1.99656
43159 -1.98 -1.99656
43160 -2 -1.99656
43161 -2 -1.99656
43162 -2 -1.99656
43163 -2 -1.99656
43164 -2 -1.99656
43165 -2 -1.99656
43166 -2 -1.99656
43167 -2 -1.99656
43168 -2 -1.99656
43169 -2 -1.99656
43170 -2 -1.99656
43171 -2 -1.99656
43172 -2 -1.99656
43173 -2 -1.99656
43174 -2 -1.99656
43175 -2 -1.99656
43176 -2 -1.99656
43177 -2 -1.99656
43178 -1.98 -1.99656
43179 -1.96 -1.99656
43180 -2 -1.99656
43181 -2 -1.99656
43182 -2 -1.99656
43183 -2 -1.99656
43184 -2 -1.99656
43185 -2 -1.99656
43186 -2 -1.99656
43187 -2 -1.99656
43188 -2 -1.99656
43189 -2 -1.99656
43190 -2 -1.99656
43191 -2 -1.99656
43192 -2 -1.99656
43193 -1.98 -1.99656
43194 -2 -1.99656
43195 -2 -1.99656
43196 -2 -1.99656
43197 -2 -1.99656
43198 -2 -1.99656
43199 -2 -1.99656
43200 -2 -1.99656
43201 -2 -1.99656
43202 -2 -1.99656
43203 -2 -1.99656
43204 -2 -1.99656
43205 -2 -1.99656
43206 -2 -1.99656
43207 -2 -1.99656
43208 -1.98 -1.99656
43209 -2 -1.99656
43210 -2 -1.99656
43211 -2 -1.99656
43212 -2 -1.99656
43213 -2 -1.99656
43214 -2 -1.99656
43215 -2 -1.99656
43216 -2 -1.99656
43217 -2 -1.99656
43218 -2 -1.99656
43219 -2 -1.99656
43220 -2 -1.99656
43221 -2 -1.99656
43222 -2 -1.99656
43223 -1.98 -1.99656
43224 -1.98 -1.99656
43225 -2 -1.99656
43226 -2 -1.99656
43227 -2 -1.99656
43228 -2 -1.99656
43229 -2 -1.99656
43230 -2 -1.99656
43231 -1.98 -1.99656
43232 -2 -1.99656
43233 -2 -1.99656
43234 -2 -1.99656
43235 -2 -1.99656
43236 -2 -1.99656
43237 -2 -1.99656
43238 -2 -1.99656
43239 -2 -1.99656
43240 -2 -1.99656
43241 -2 -1.99656
43242 -2 -1.99656
43243 -2 -1.99656
43244 -2 -1.99656
43245 -2 -1.99656
43246 -2 -1.99656
43247 -2 -1.99656
43248 -2 -1.99656
43249 -2 -1.99656
43250 -2 -1.99656
43251 -2 -1.99656
43252 -2 -1.99656
43253 -2 -1.99656
43254 -2 -1.99656
43255 -2 -1.99656
43256 -2 -1.99656
43257 -1.98 -1.99656
43258 -1.98 -1.99656
43259 -2 -1.99656
43260 -2 -1.99656
43261 -2 -1.99656
43262 -2 -1.99656
43263 -1.98 -1.99656
43264 -2 -1.99656
43265 -2 -1.99656
43266 -2 -1.99656
43267 -2 -1.99656
43268 -2 -1.99656
43269 -2 -1.99656
43270 -2 -1.99656
43271 -2 -1.99656
43272 -2 -1.99656
43273 -2 -1.99656
43274 -2 -1.99656
43275 -2 -1.99656
43276 -2 -1.99656
43277 -2 -1.99656
43278 -2 -1.99656
43279 -2 -1.99656
43280 -2 -1.99656
43281 -2 -1.99656
43282 -2 -1.99656
43283 -2 -1.99656
43284 -2 -1.99656
43285 -2 -1.99656
43286 -2 -1.99656
43287 -2 -1.99656
43288 -2 -1.99656
43289 -2 -1.99656
43290 -2 -1.99656
43291 -2 -1.99656
43292 -2 -1.99656
43293 -2 -1.99656
43294 -2 -1.99656
43295 -2 -1.99656
43296 -2 -1.99656
43297 -2 -1.99656
43298 -2 -1.99656
43299 -2 -1.99656
43300 -1.98 -1.99656
43301 -1.98 -1.99656
43302 -2 -1.99656
43303 -2 -1.99656
43304 -2 -1.99656
43305 -2 -1.99656
43306 -2 -1.99656
43307 -2 -1.99656
43308 -2 -1.99656
43309 -1.98 -1.99656
43310 -2 -1.99656
43311 -2 -1.99656
43312 -2 -1.99656
43313 -2 -1.99656
43314 -2 -1.99656
43315 -2 -1.99656
43316 -2 -1.99656
43317 -2 -1.99656
43318 -2 -1.99656
43319 -2 -1.99656
43320 -2 -1.99656
43321 -2 -1.99656
43322 -2 -1.99656
43323 -2 -1.99656
43324 -2 -1.99656
43325 -2 -1.99656
43326 -2 -1.99656
43327 -2 -1.99657
43328 -2 -1.99657
43329 -2 -1.99657
43330 -2 -1.99657
43331 -2 -1.99657
43332 -2 -1.99657
43333 -2 -1.99657
43334 -1.98 -1.99657
43335 -2 -1.99657
43336 -2 -1.99657
43337 -2 -1.99657
43338 -1.98 -1.99656
43339 -1.98 -1.99656
43340 -2 -1.99656
43341 -1.98 -1.99656
43342 -2 -1.99656
43343 -2 -1.99656
43344 -1.98 -1.99656
43345 -2 -1.99656
43346 -2 -1.99656
43347 -2 -1.99656
43348 -2 -1.99656
43349 -2 -1.99656
43350 -2 -1.99656
43351 -2 -1.99656
43352 -2 -1.99656
43353 -1.98 -1.99656
43354 -1.98 -1.99656
43355 -2 -1.99656
43356 -2 -1.99656
43357 -2 -1.99656
43358 -2 -1.99656
43359 -2 -1.99656
43360 -1.97 -1.99656
43361 -2 -1.99656
43362 -2 -1.99656
43363 -2 -1.99656
43364 -2 -1.99656
43365 -1.98 -1.99656
43366 -1.98 -1.99656
43367 -1.98 -1.99656
43368 -2 -1.99656
43369 -2 -1.99656
43370 -2 -1.99656
43371 -2 -1.99656
43372 -2 -1.99656
43373 -2 -1.99656
43374 -2 -1.99656
43375 -2 -1.99656
43376 -2 -1.99656
43377 -2 -1.99656
43378 -2 -1.99656
43379 -2 -1.99656
43380 -2 -1.99656
43381 -2 -1.99656
43382 -2 -1.99656
43383 -2 -1.99656
43384 -1.98 -1.99656
43385 -2 -1.99656
43386 -2 -1.99656
43387 -2 -1.99656
43388 -2 -1.99656
43389 -2 -1.99656
43390 -2 -1.99656
43391 -2 -1.99656
43392 -2 -1.99656
43393 -2 -1.99656
43394 -2 -1.99656
43395 -2 -1.99656
43396 -2 -1.99656
43397 -2 -1.99656
43398 -2 -1.99656
43399 -2 -1.99656
43400 -2 -1.99657
43401 -2 -1.99657
43402 -2 -1.99657
43403 -2 -1.99657
43404 -2 -1.99657
43405 -2 -1.99657
43406 -2 -1.99657
43407 -2 -1.99657
43408 -2 -1.99657
43409 -2 -1.99657
43410 -2 -1.99657
43411 -2 -1.99657
43412 -2 -1.99657
43413 -2 -1.99657
43414 -2 -1.99657
43415 -2 -1.99657
43416 -2 -1.99657
43417 -2 -1.99657
43418 -2 -1.99657
43419 -1.98 -1.99657
43420 -1.98 -1.99657
43421 -1.98 -1.99657
43422 -2 -1.99657
43423 -2 -1.99657
43424 -2 -1.99657
43425 -2 -1.99657
43426 -1.98 -1.99657
43427 -2 -1.99657
43428 -2 -1.99657
43429 -2 -1.99657
43430 -2 -1.99657
43431 -2 -1.99657
43432 -2 -1.99657
43433 -2 -1.99657
43434 -2 -1.99657
43435 -2 -1.99657
43436 -2 -1.99657
43437 -2 -1.99657
43438 -2 -1.99657
43439 -1.98 -1.99657
43440 -2 -1.99657
43441 -2 -1.99657
43442 -2 -1.99657
43443 -2 -1.99657
43444 -2 -1.99657
43445 -2 -1.99657
43446 -2 -1.99657
43447 -2 -1.99657
43448 -2 -1.99657
43449 -2 -1.99657
43450 -2 -1.99657
43451 -2 -1.99657
43452 -2 -1.99657
43453 -2 -1.99657
43454 -2 -1.99657
43455 -2 -1.99657
43456 -2 -1.99657
43457 -2 -1.99657
43458 -2 -1.99657
43459 -1.98 -1.99657
43460 -2 -1.99657
43461 -2 -1.99657
43462 -1.98 -1.99657
43463 -1.98 -1.99657
43464 -1.98 -1.99657
43465 -2 -1.99657
43466 -2 -1.99657
43467 -2 -1.99657
43468 -2 -1.99657
43469 -2 -1.99657
43470 -2 -1.99657
43471 -2 -1.99657
43472 -2 -1.99657
43473 -2 -1.99657
43474 -2 -1.99657
43475 -2 -1.99657
43476 -2 -1.99657
43477 -2 -1.99657
43478 -1.98 -1.99657
43479 -1.98 -1.99657
43480 -1.98 -1.99657
43481 -2 -1.99657
43482 -2 -1.99657
43483 -2 -1.99657
43484 -2 -1.99657
43485 -2 -1.99657
43486 -2 -1.99657
43487 -2 -1.99657
43488 -2 -1.99657
43489 -2 -1.99657
43490 -2 -1.99657
43491 -2 -1.99657
43492 -2 -1.99657
43493 -2 -1.99657
43494 -2 -1.99657
43495 -2 -1.99657
43496 -2 -1.99657
43497 -2 -1.99657
43498 -1.98 -1.99657
43499 -1.98 -1.99657
43500 -1.98 -1.99657
43501 -2 -1.99657
43502 -2 -1.99657
43503 -2 -1.99657
43504 -2 -1.99657
43505 -2 -1.99657
43506 -2 -1.99657
43507 -2 -1.99657
43508 -2 -1.99657
43509 -2 -1.99657
43510 -2 -1.99657
43511 -2 -1.99657
43512 -2 -1.99657
43513 -2 -1.99657
43514 -1.98 -1.99657
43515 -1.98 -1.99657
43516 -2 -1.99657
43517 -2 -1.99657
43518 -2 -1.99657
43519 -2 -1.99657
43520 -2 -1.99657
43521 -2 -1.99657
43522 -2 -1.99657
43523 -2 -1.99657
43524 -1.98 -1.99657
43525 -1.98 -1.99657
43526 -1.98 -1.99657
43527 -1.98 -1.99657
43528 -2 -1.99657
43529 -2 -1.99657
43530 -2 -1.99657
43531 -2 -1.99657
43532 -2 -1.99657
43533 -2 -1.99657
43534 -2 -1.99657
43535 -2 -1.99657
43536 -2 -1.99657
43537 -2 -1.99657
43538 -2 -1.99657
43539 -2 -1.99657
43540 -2 -1.99657
43541 -2 -1.99657
43542 -2 -1.99657
43543 -2 -1.99657
43544 -2 -1.99657
43545 -2 -1.99657
43546 -2 -1.99657
43547 -2 -1.99657
43548 -2 -1.99657
43549 -2 -1.99657
43550 -2 -1.99657
43551 -2 -1.99657
43552 -2 -1.99657
43553 -2 -1.99657
43554 -2 -1.99657
43555 -2 -1.99657
43556 -2 -1.99657
43557 -2 -1.99657
43558 -2 -1.99657
43559 -2 -1.99657
43560 -2 -1.99657
43561 -1.98 -1.99657
43562 -2 -1.99657
43563 -2 -1.99657
43564 -2 -1.99657
43565 -2 -1.99657
43566 -2 -1.99657
43567 -2 -1.99657
43568 -2 -1.99657
43569 -2 -1.99657
43570 -2 -1.99657
43571 -2 -1.99657
43572 -2 -1.99657
43573 -2 -1.99657
43574 -2 -1.99657
43575 -2 -1.99657
43576 -2 -1.99657
43577 -2 -1.99657
43578 -2 -1.99657
43579 -2 -1.99657
43580 -2 -1.99657
43581 -2 -1.99657
43582 -2 -1.99657
43583 -2 -1.99657
43584 -2 -1.99657
43585 -2 -1.99657
43586 -1.98 -1.99657
43587 -1.98 -1.99657
43588 -1.96 -1.99657
43589 -1.98 -1.99657
43590 -2 -1.99657
43591 -2 -1.99657
43592 -2 -1.99657
43593 -2 -1.99657
43594 -2 -1.99657
43595 -2 -1.99657
43596 -2 -1.99657
43597 -2 -1.99657
43598 -2 -1.99657
43599 -2 -1.99657
43600 -2 -1.99657
43601 -2 -1.99657
43602 -2 -1.99657
43603 -2 -1.99657
43604 -2 -1.99657
43605 -2 -1.99657
43606 -2 -1.99657
43607 -2 -1.99657
43608 -2 -1.99657
43609 -1.96 -1.99657
43610 -2 -1.99657
43611 -2 -1.99657
43612 -2 -1.99657
43613 -2 -1.99657
43614 -2 -1.99657
43615 -2 -1.99657
43616 -1.98 -1.99657
43617 -2 -1.99657
43618 -2 -1.99657
43619 -2 -1.99657
43620 -2 -1.99657
43621 -2 -1.99657
43622 -2 -1.99657
43623 -2 -1.99657
43624 -2 -1.99657
43625 -2 -1.99657
43626 -2 -1.99657
43627 -2 -1.99657
43628 -2 -1.99657
43629 -2 -1.99657
43630 -2 -1.99657
43631 -1.98 -1.99657
43632 -1.98 -1.99657
43633 -2 -1.99657
43634 -1.98 -1.99657
43635 -1.98 -1.99657
43636 -1.97 -1.99657
43637 -1.98 -1.99657
43638 -1.96 -1.99657
43639 -1.98 -1.99657
43640 -2 -1.99657
43641 -1.98 -1.99657
43642 -2 -1.99657
43643 -2 -1.99657
43644 -2 -1.99657
43645 -2 -1.99657
43646 -2 -1.99657
43647 -2 -1.99657
43648 -2 -1.99657
43649 -2 -1.99657
43650 -2 -1.99657
43651 -2 -1.99657
43652 -1.96 -1.99657
43653 -2 -1.99657
43654 -2 -1.99657
43655 -2 -1.99657
43656 -2 -1.99657
43657 -2 -1.99657
43658 -2 -1.99657
43659 -2 -1.99657
43660 -2 -1.99657
43661 -2 -1.99657
43662 -2 -1.99657
43663 -1.98 -1.99657
43664 -1.98 -1.99657
43665 -1.98 -1.99657
43666 -2 -1.99657
43667 -2 -1.99657
43668 -2 -1.99657
43669 -2 -1.99657
43670 -2 -1.99657
43671 -2 -1.99657
43672 -1.98 -1.99657
43673 -1.96 -1.99656
43674 -2 -1.99656
43675 -2 -1.99656
43676 -2 -1.99656
43677 -2 -1.99656
43678 -2 -1.99656
43679 -2 -1.99656
43680 -2 -1.99656
43681 -1.98 -1.99656
43682 -2 -1.99656
43683 -1.98 -1.99656
43684 -2 -1.99656
43685 -2 -1.99656
43686 -2 -1.99656
43687 -2 -1.99656
43688 -2 -1.99656
43689 -2 -1.99656
43690 -2 -1.99656
43691 -2 -1.99656
43692 -2 -1.99656
43693 -2 -1.99656
43694 -2 -1.99657
43695 -2 -1.99657
43696 -2 -1.99657
43697 -2 -1.99657
43698 -1.98 -1.99656
43699 -2 -1.99656
43700 -2 -1.99657
43701 -2 -1.99657
43702 -2 -1.99657
43703 -2 -1.99657
43704 -2 -1.99657
43705 -2 -1.99657
43706 -2 -1.99657
43707 -2 -1.99657
43708 -2 -1.99657
43709 -2 -1.99657
43710 -2 -1.99657
43711 -2 -1.99657
43712 -2 -1.99657
43713 -2 -1.99657
43714 -2 -1.99657
43715 -2 -1.99657
43716 -2 -1.99657
43717 -2 -1.99657
43718 -2 -1.99657
43719 -2 -1.99657
43720 -1.96 -1.99657
43721 -2 -1.99657
43722 -2 -1.99657
43723 -2 -1.99657
43724 -2 -1.99657
43725 -2 -1.99657
43726 -2 -1.99657
43727 -2 -1.99657
43728 -2 -1.99657
43729 -2 -1.99657
43730 -2 -1.99657
43731 -2 -1.99657
43732 -2 -1.99657
43733 -2 -1.99657
43734 -2 -1.99657
43735 -1.98 -1.99657
43736 -2 -1.99657
43737 -2 -1.99657
43738 -2 -1.99657
43739 -2 -1.99657
43740 -1.98 -1.99657
43741 -2 -1.99657
43742 -2 -1.99657
43743 -2 -1.99657
43744 -2 -1.99657
43745 -2 -1.99657
43746 -2 -1.99657
43747 -1.98 -1.99657
43748 -2 -1.99657
43749 -2 -1.99657
43750 -2 -1.99657
43751 -2 -1.99657
43752 -2 -1.99657
43753 -2 -1.99657
43754 -2 -1.99657
43755 -2 -1.99657
43756 -2 -1.99657
43757 -2 -1.99657
43758 -2 -1.99657
43759 -2 -1.99657
43760 -2 -1.99657
43761 -2 -1.99657
43762 -2 -1.99657
43763 -2 -1.99657
43764 -2 -1.99657
43765 -2 -1.99657
43766 -1.98 -1.99657
43767 -1.98 -1.99657
43768 -2 -1.99657
43769 -2 -1.99657
43770 -2 -1.99657
43771 -2 -1.99657
43772 -2 -1.99657
43773 -1.98 -1.99657
43774 -1.98 -1.99657
43775 -2 -1.99657
43776 -2 -1.99657
43777 -2 -1.99657
43778 -2 -1.99657
43779 -1.98 -1.99657
43780 -1.96 -1.99657
43781 -2 -1.99657
43782 -2 -1.99657
43783 -2 -1.99657
43784 -1.98 -1.99657
43785 -1.98 -1.99657
43786 -1.98 -1.99656
43787 -2 -1.99657
43788 -2 -1.99657
43789 -2 -1.99657
43790 -2 -1.99657
43791 -2 -1.99657
43792 -2 -1.99657
43793 -2 -1.99657
43794 -2 -1.99657
43795 -2 -1.99657
43796 -1.98 -1.99657
43797 -1.98 -1.99656
43798 -1.98 -1.99656
43799 -2 -1.99656
43800 -2 -1.99656
43801 -1.98 -1.99656
43802 -2 -1.99656
43803 -2 -1.99656
43804 -2 -1.99656
43805 -1.98 -1.99656
43806 -2 -1.99656
43807 -2 -1.99656
43808 -2 -1.99656
43809 -2 -1.99656
43810 -2 -1.99656
43811 -2 -1.99656
43812 -2 -1.99656
43813 -2 -1.99656
43814 -2 -1.99656
43815 -1.98 -1.99656
43816 -2 -1.99656
43817 -2 -1.99656
43818 -2 -1.99656
43819 -2 -1.99656
43820 -2 -1.99656
43821 -2 -1.99656
43822 -2 -1.99657
43823 -2 -1.99657
43824 -2 -1.99657
43825 -2 -1.99657
43826 -2 -1.99657
43827 -2 -1.99657
43828 -2 -1.99657
43829 -2 -1.99657
43830 -1.98 -1.99657
43831 -1.98 -1.99656
43832 -1.98 -1.99656
43833 -2 -1.99656
43834 -2 -1.99656
43835 -2 -1.99656
43836 -2 -1.99656
43837 -2 -1.99656
43838 -2 -1.99656
43839 -2 -1.99657
43840 -2 -1.99657
43841 -2 -1.99657
43842 -2 -1.99657
43843 -2 -1.99657
43844 -2 -1.99657
43845 -2 -1.99657
43846 -1.98 -1.99657
43847 -1.98 -1.99656
43848 -1.98 -1.99656
43849 -2 -1.99656
43850 -2 -1.99656
43851 -2 -1.99656
43852 -2 -1.99656
43853 -2 -1.99656
43854 -1.96 -1.99656
43855 -1.98 -1.99656
43856 -2 -1.99656
43857 -2 -1.99656
43858 -2 -1.99656
43859 -2 -1.99656
43860 -2 -1.99656
43861 -2 -1.99656
43862 -2 -1.99656
43863 -2 -1.99656
43864 -2 -1.99656
43865 -2 -1.99656
43866 -2 -1.99656
43867 -2 -1.99656
43868 -2 -1.99656
43869 -2 -1.99656
43870 -2 -1.99656
43871 -2 -1.99656
43872 -2 -1.99656
43873 -2 -1.99656
43874 -2 -1.99657
43875 -2 -1.99657
43876 -2 -1.99657
43877 -2 -1.99657
43878 -2 -1.99657
43879 -2 -1.99657
43880 -2 -1.99657
43881 -2 -1.99657
43882 -2 -1.99657
43883 -2 -1.99657
43884 -2 -1.99657
43885 -2 -1.99657
43886 -2 -1.99657
43887 -2 -1.99657
43888 -2 -1.99657
43889 -2 -1.99657
43890 -2 -1.99657
43891 -2 -1.99657
43892 -2 -1.99657
43893 -2 -1.99657
43894 -2 -1.99657
43895 -2 -1.99657
43896 -2 -1.99657
43897 -2 -1.99657
43898 -2 -1.99657
43899 -2 -1.99657
43900 -2 -1.99657
43901 -2 -1.99657
43902 -2 -1.99657
43903 -1.98 -1.99657
43904 -2 -1.99657
43905 -2 -1.99657
43906 -2 -1.99657
43907 -2 -1.99657
43908 -2 -1.99657
43909 -2 -1.99657
43910 -2 -1.99657
43911 -2 -1.99657
43912 -2 -1.99657
43913 -2 -1.99657
43914 -2 -1.99657
43915 -2 -1.99657
43916 -2 -1.99657
43917 -2 -1.99657
43918 -2 -1.99657
43919 -2 -1.99657
43920 -2 -1.99657
43921 -2 -1.99657
43922 -2 -1.99657
43923 -2 -1.99657
43924 -2 -1.99657
43925 -1.98 -1.99657
43926 -2 -1.99657
43927 -2 -1.99657
43928 -2 -1.99657
43929 -2 -1.99657
43930 -2 -1.99657
43931 -2 -1.99657
43932 -2 -1.99657
43933 -2 -1.99657
43934 -2 -1.99657
43935 -2 -1.99657
43936 -2 -1.99657
43937 -1.98 -1.99657
43938 -1.98 -1.99657
43939 -1.98 -1.99657
43940 -2 -1.99657
43941 -1.98 -1.99657
43942 -1.98 -1.99657
43943 -1.98 -1.99657
43944 -1.98 -1.99657
43945 -2 -1.99657
43946 -1.98 -1.99657
43947 -2 -1.99657
43948 -2 -1.99657
43949 -2 -1.99657
43950 -2 -1.99657
43951 -2 -1.99657
43952 -1.97 -1.99657
43953 -1.98 -1.99657
43954 -1.98 -1.99657
43955 -2 -1.99657
43956 -2 -1.99657
43957 -2 -1.99657
43958 -2 -1.99657
43959 -2 -1.99657
43960 -2 -1.99657
43961 -2 -1.99657
43962 -2 -1.99657
43963 -2 -1.99657
43964 -2 -1.99657
43965 -2 -1.99657
43966 -2 -1.99657
43967 -2 -1.99657
43968 -2 -1.99657
43969 -2 -1.99657
43970 -2 -1.99657
43971 -1.98 -1.99657
43972 -1.98 -1.99657
43973 -2 -1.99657
43974 -2 -1.99657
43975 -2 -1.99657
43976 -2 -1.99657
43977 -2 -1.99657
43978 -2 -1.99657
43979 -2 -1.99657
43980 -2 -1.99657
43981 -2 -1.99657
43982 -2 -1.99657
43983 -2 -1.99657
43984 -2 -1.99657
43985 -1.98 -1.99657
43986 -2 -1.99657
43987 -2 -1.99657
43988 -2 -1.99657
43989 -2 -1.99657
43990 -2 -1.99657
43991 -2 -1.99657
43992 -2 -1.99657
43993 -2 -1.99657
43994 -2 -1.99657
43995 -2 -1.99657
43996 -2 -1.99657
43997 -2 -1.99657
43998 -1.98 -1.99657
43999 -2 -1.99657
44000 -2 -1.99657
44001 -1.98 -1.99657
44002 -1.98 -1.99657
44003 -2 -1.99657
44004 -2 -1.99657
44005 -2 -1.99657
44006 -2 -1.99657
44007 -1.98 -1.99657
44008 -1.98 -1.99657
44009 -1.98 -1.99657
44010 -2 -1.99657
44011 -2 -1.99657
44012 -2 -1.99657
44013 -2 -1.99657
44014 -2 -1.99657
44015 -2 -1.99657
44016 -2 -1.99657
44017 -2 -1.99657
44018 -2 -1.99657
44019 -2 -1.99657
44020 -2 -1.99657
44021 -2 -1.99657
44022 -2 -1.99657
44023 -2 -1.99657
44024 -2 -1.99657
44025 -2 -1.99657
44026 -2 -1.99657
44027 -2 -1.99657
44028 -2 -1.99657
44029 -2 -1.99657
44030 -2 -1.99657
44031 -2 -1.99657
44032 -2 -1.99657
44033 -2 -1.99657
44034 -2 -1.99657
44035 -2 -1.99657
44036 -2 -1.99657
44037 -2 -1.99657
44038 -2 -1.99657
44039 -2 -1.99657
44040 -2 -1.99657
44041 -2 -1.99657
44042 -2 -1.99657
44043 -2 -1.99657
44044 -1.98 -1.99657
44045 -1.98 -1.99657
44046 -1.98 -1.99657
44047 -2 -1.99657
44048 -2 -1.99657
44049 -2 -1.99657
44050 -2 -1.99657
44051 -2 -1.99657
44052 -1.96 -1.99657
44053 -1.98 -1.99657
44054 -1.98 -1.99657
44055 -2 -1.99657
44056 -2 -1.99657
44057 -2 -1.99657
44058 -2 -1.99657
44059 -2 -1.99657
44060 -2 -1.99657
44061 -2 -1.99657
44062 -2 -1.99657
44063 -2 -1.99657
44064 -2 -1.99657
44065 -2 -1.99657
44066 -2 -1.99657
44067 -2 -1.99657
44068 -2 -1.99657
44069 -2 -1.99657
44070 -2 -1.99657
44071 -2 -1.99657
44072 -2 -1.99657
44073 -2 -1.99657
44074 -2 -1.99657
44075 -2 -1.99657
44076 -2 -1.99657
44077 -1.98 -1.99657
44078 -1.98 -1.99657
44079 -1.98 -1.99657
44080 -1.98 -1.99657
44081 -1.97 -1.99657
44082 -2 -1.99657
44083 -2 -1.99657
44084 -2 -1.99657
44085 -2 -1.99657
44086 -2 -1.99657
44087 -1.98 -1.99657
44088 -1.98 -1.99656
44089 -2 -1.99656
44090 -2 -1.99657
44091 -2 -1.99657
44092 -2 -1.99657
44093 -2 -1.99657
44094 -2 -1.99657
44095 -2 -1.99657
44096 -1.98 -1.99657
44097 -1.98 -1.99656
44098 -2 -1.99656
44099 -2 -1.99656
44100 -2 -1.99656
44101 -2 -1.99657
44102 -2 -1.99657
44103 -2 -1.99657
44104 -2 -1.99657
44105 -2 -1.99657
44106 -2 -1.99657
44107 -2 -1.99657
44108 -2 -1.99657
44109 -2 -1.99657
44110 -2 -1.99657
44111 -1.98 -1.99657
44112 -2 -1.99657
44113 -2 -1.99657
44114 -2 -1.99657
44115 -2 -1.99657
44116 -2 -1.99657
44117 -2 -1.99657
44118 -2 -1.99657
44119 -1.98 -1.99657
44120 -1.98 -1.99657
44121 -2 -1.99657
44122 -2 -1.99657
44123 -2 -1.99657
44124 -1.98 -1.99656
44125 -1.98 -1.99656
44126 -1.98 -1.99656
44127 -1.98 -1.99656
44128 -2 -1.99656
44129 -2 -1.99656
44130 -2 -1.99656
44131 -2 -1.99656
44132 -2 -1.99656
44133 -2 -1.99656
44134 -2 -1.99656
44135 -2 -1.99656
44136 -2 -1.99656
44137 -2 -1.99656
44138 -2 -1.99656
44139 -2 -1.99656
44140 -2 -1.99656
44141 -2 -1.99656
44142 -2 -1.99657
44143 -2 -1.99657
44144 -2 -1.99657
44145 -2 -1.99657
44146 -2 -1.99657
44147 -2 -1.99657
44148 -2 -1.99657
44149 -2 -1.99657
44150 -2 -1.99657
44151 -2 -1.99657
44152 -2 -1.99657
44153 -2 -1.99657
44154 -1.98 -1.99657
44155 -2 -1.99657
44156 -1.98 -1.99657
44157 -1.98 -1.99656
44158 -2 -1.99656
44159 -2 -1.99656
44160 -2 -1.99657
44161 -2 -1.99657
44162 -1.96 -1.99656
44163 -1.96 -1.99656
44164 -1.98 -1.99656
44165 -1.98 -1.99656
44166 -2 -1.99656
44167 -2 -1.99656
44168 -2 -1.99656
44169 -2 -1.99656
44170 -2 -1.99656
44171 -2 -1.99656
44172 -2 -1.99656
44173 -2 -1.99656
44174 -2 -1.99656
44175 -2 -1.99656
44176 -2 -1.99656
44177 -2 -1.99656
44178 -2 -1.99656
44179 -2 -1.99656
44180 -2 -1.99656
44181 -2 -1.99656
44182 -2 -1.99656
44183 -2 -1.99656
44184 -2 -1.99656
44185 -2 -1.99656
44186 -2 -1.99656
44187 -2 -1.99656
44188 -2 -1.99656
44189 -2 -1.99656
44190 -2 -1.99656
44191 -2 -1.99656
44192 -2 -1.99656
44193 -2 -1.99656
44194 -2 -1.99656
44195 -2 -1.99657
44196 -2 -1.99657
44197 -2 -1.99657
44198 -2 -1.99657
44199 -2 -1.99657
44200 -2 -1.99657
44201 -2 -1.99657
44202 -2 -1.99657
44203 -2 -1.99657
44204 -2 -1.99657
44205 -2 -1.99657
44206 -2 -1.99657
44207 -2 -1.99657
44208 -2 -1.99657
44209 -2 -1.99657
44210 -2 -1.99657
44211 -2 -1.99657
44212 -2 -1.99657
44213 -2 -1.99657
44214 -2 -1.99657
44215 -2 -1.99657
44216 -2 -1.99657
44217 -2 -1.99657
44218 -2 -1.99657
44219 -2 -1.99657
44220 -2 -1.99657
44221 -2 -1.99657
44222 -2 -1.99657
44223 -2 -1.99657
44224 -2 -1.99657
44225 -1.98 -1.99657
44226 -1.98 -1.99657
44227 -2 -1.99657
44228 -2 -1.99657
44229 -1.98 -1.99657
44230 -1.98 -1.99657
44231 -2 -1.99657
44232 -2 -1.99657
44233 -2 -1.99657
44234 -2 -1.99657
44235 -2 -1.99657
44236 -1.96 -1.99657
44237 -2 -1.99657
44238 -2 -1.99657
44239 -2 -1.99657
44240 -2 -1.99657
44241 -2 -1.99657
44242 -2 -1.99657
44243 -2 -1.99657
44244 -2 -1.99657
44245 -2 -1.99657
44246 -2 -1.99657
44247 -1.98 -1.99657
44248 -2 -1.99657
44249 -2 -1.99657
44250 -2 -1.99657
44251 -2 -1.99657
44252 -2 -1.99657
44253 -2 -1.99657
44254 -1.98 -1.99657
44255 -2 -1.99657
44256 -2 -1.99657
44257 -2 -1.99657
44258 -1.98 -1.99657
44259 -1.98 -1.99657
44260 -2 -1.99657
44261 -2 -1.99657
44262 -2 -1.99657
44263 -2 -1.99657
44264 -2 -1.99657
44265 -2 -1.99657
44266 -2 -1.99657
44267 -2 -1.99657
44268 -2 -1.99657
44269 -2 -1.99657
44270 -2 -1.99657
44271 -2 -1.99657
44272 -2 -1.99657
44273 -2 -1.99657
44274 -2 -1.99657
44275 -1.98 -1.99657
44276 -2 -1.99657
44277 -1.98 -1.99657
44278 -1.98 -1.99657
44279 -2 -1.99657
44280 -2 -1.99657
44281 -2 -1.99657
44282 -2 -1.99657
44283 -2 -1.99657
44284 -2 -1.99657
44285 -2 -1.99657
44286 -2 -1.99657
44287 -2 -1.99657
44288 -2 -1.99657
44289 -2 -1.99657
44290 -2 -1.99657
44291 -2 -1.99657
44292 -2 -1.99657
44293 -2 -1.99657
44294 -2 -1.99657
44295 -2 -1.99657
44296 -2 -1.99657
44297 -2 -1.99657
44298 -2 -1.99657
44299 -2 -1.99657
44300 -2 -1.99657
44301 -2 -1.99657
44302 -2 -1.99657
44303 -2 -1.99657
44304 -2 -1.99657
44305 -2 -1.99657
44306 -2 -1.99657
44307 -2 -1.99657
44308 -2 -1.99657
44309 -2 -1.99657
44310 -2 -1.99657
44311 -2 -1.99657
44312 -1.98 -1.99657
44313 -2 -1.99657
44314 -2 -1.99657
44315 -2 -1.99657
44316 -2 -1.99657
44317 -2 -1.99657
44318 -2 -1.99657
44319 -2 -1.99657
44320 -2 -1.99657
44321 -2 -1.99657
44322 -2 -1.99657
44323 -2 -1.99657
44324 -2 -1.99657
44325 -2 -1.99657
44326 -2 -1.99657
44327 -2 -1.99657
44328 -2 -1.99657
44329 -2 -1.99657
44330 -2 -1.99657
44331 -2 -1.99657
44332 -2 -1.99657
44333 -2 -1.99657
44334 -2 -1.99657
44335 -2 -1.99657
44336 -2 -1.99657
44337 -2 -1.99657
44338 -2 -1.99657
44339 -2 -1.99657
44340 -2 -1.99657
44341 -2 -1.99657
44342 -2 -1.99657
44343 -2 -1.99657
44344 -2 -1.99657
44345 -2 -1.99657
44346 -2 -1.99657
44347 -2 -1.99657
44348 -2 -1.99657
44349 -2 -1.99657
44350 -2 -1.99657
44351 -2 -1.99657
44352 -2 -1.99657
44353 -2 -1.99657
44354 -2 -1.99657
44355 -1.98 -1.99657
44356 -1.98 -1.99657
44357 -2 -1.99657
44358 -2 -1.99657
44359 -2 -1.99657
44360 -2 -1.99657
44361 -2 -1.99657
44362 -2 -1.99657
44363 -2 -1.99657
44364 -2 -1.99657
44365 -2 -1.99657
44366 -2 -1.99657
44367 -2 -1.99657
44368 -2 -1.99657
44369 -1.98 -1.99657
44370 -1.98 -1.99657
44371 -1.97 -1.99657
44372 -1.98 -1.99657
44373 -2 -1.99657
44374 -2 -1.99657
44375 -2 -1.99657
44376 -2 -1.99657
44377 -2 -1.99657
44378 -2 -1.99657
44379 -2 -1.99657
44380 -2 -1.99657
44381 -2 -1.99657
44382 -1.98 -1.99657
44383 -2 -1.99657
44384 -2 -1.99657
44385 -1.98 -1.99657
44386 -2 -1.99657
44387 -2 -1.99657
44388 -2 -1.99657
44389 -2 -1.99657
44390 -2 -1.99657
44391 -2 -1.99657
44392 -2 -1.99657
44393 -2 -1.99657
44394 -2 -1.99657
44395 -2 -1.99657
44396 -2 -1.99657
44397 -2 -1.99657
44398 -2 -1.99657
44399 -2 -1.99657
44400 -1.98 -1.99657
44401 -2 -1.99657
44402 -2 -1.99657
44403 -2 -1.99657
44404 -2 -1.99657
44405 -1.98 -1.99657
44406 -1.98 -1.99657
44407 -1.98 -1.99657
44408 -2 -1.99657
44409 -2 -1.99657
44410 -1.98 -1.99657
44411 -1.98 -1.99657
44412 -2 -1.99657
44413 -2 -1.99657
44414 -2 -1.99657
44415 -2 -1.99657
44416 -2 -1.99657
44417 -2 -1.99657
44418 -2 -1.99657
44419 -2 -1.99657
44420 -2 -1.99657
44421 -2 -1.99657
44422 -1.98 -1.99657
44423 -1.98 -1.99657
44424 -1.98 -1.99657
44425 -2 -1.99657
44426 -2 -1.99657
44427 -2 -1.99657
44428 -2 -1.99657
44429 -2 -1.99657
44430 -2 -1.99657
44431 -2 -1.99657
44432 -2 -1.99657
44433 -1.98 -1.99657
44434 -2 -1.99657
44435 -2 -1.99657
44436 -2 -1.99657
44437 -2 -1.99657
44438 -2 -1.99657
44439 -2 -1.99657
44440 -2 -1.99657
44441 -2 -1.99657
44442 -2 -1.99657
44443 -2 -1.99657
44444 -1.98 -1.99657
44445 -2 -1.99657
44446 -2 -1.99657
44447 -2 -1.99657
44448 -2 -1.99657
44449 -2 -1.99657
44450 -2 -1.99657
44451 -1.98 -1.99657
44452 -1.98 -1.99657
44453 -2 -1.99657
44454 -1.98 -1.99657
44455 -2 -1.99657
44456 -2 -1.99657
44457 -1.98 -1.99657
44458 -1.98 -1.99657
44459 -2 -1.99657
44460 -2 -1.99657
44461 -2 -1.99657
44462 -2 -1.99657
44463 -2 -1.99657
44464 -2 -1.99657
44465 -2 -1.99657
44466 -2 -1.99657
44467 -2 -1.99657
44468 -2 -1.99657
44469 -1.98 -1.99657
44470 -1.96 -1.99657
44471 -1.98 -1.99657
44472 -1.98 -1.99657
44473 -2 -1.99657
44474 -2 -1.99657
44475 -2 -1.99657
44476 -2 -1.99657
44477 -2 -1.99657
44478 -2 -1.99657
44479 -2 -1.99657
44480 -2 -1.99657
44481 -2 -1.99657
44482 -2 -1.99657
44483 -2 -1.99657
44484 -2 -1.99657
44485 -2 -1.99657
44486 -2 -1.99657
44487 -2 -1.99657
44488 -2 -1.99657
44489 -2 -1.99657
44490 -2 -1.99657
44491 -2 -1.99657
44492 -2 -1.99657
44493 -2 -1.99657
44494 -2 -1.99657
44495 -2 -1.99657
44496 -2 -1.99657
44497 -2 -1.99657
44498 -2 -1.99657
44499 -1.98 -1.99657
44500 -2 -1.99657
44501 -2 -1.99657
44502 -2 -1.99657
44503 -2 -1.99657
44504 -2 -1.99657
44505 -2 -1.99657
44506 -2 -1.99657
44507 -2 -1.99657
44508 -2 -1.99657
44509 -2 -1.99657
44510 -2 -1.99657
44511 -1.98 -1.99657
44512 -1.98 -1.99657
44513 -2 -1.99657
44514 -2 -1.99657
44515 -2 -1.99657
44516 -2 -1.99657
44517 -2 -1.99657
44518 -2 -1.99657
44519 -2 -1.99657
44520 -2 -1.99657
44521 -2 -1.99657
44522 -2 -1.99657
44523 -2 -1.99657
44524 -2 -1.99657
44525 -2 -1.99657
44526 -2 -1.99657
44527 -2 -1.99657
44528 -2 -1.99657
44529 -2 -1.99657
44530 -2 -1.99657
44531 -2 -1.99657
44532 -2 -1.99657
44533 -2 -1.99657
44534 -2 -1.99657
44535 -2 -1.99657
44536 -2 -1.99657
44537 -2 -1.99657
44538 -2 -1.99657
44539 -2 -1.99657
44540 -2 -1.99657
44541 -2 -1.99657
44542 -2 -1.99657
44543 -1.98 -1.99657
44544 -1.96 -1.99657
44545 -1.95 -1.99657
44546 -2 -1.99657
44547 -2 -1.99657
44548 -2 -1.99657
44549 -1.98 -1.99657
44550 -2 -1.99657
44551 -2 -1.99657
44552 -2 -1.99657
44553 -2 -1.99657
44554 -2 -1.99657
44555 -2 -1.99657
44556 -2 -1.99657
44557 -2 -1.99657
44558 -2 -1.99657
44559 -2 -1.99657
44560 -2 -1.99657
44561 -2 -1.99657
44562 -2 -1.99657
44563 -2 -1.99657
44564 -1.98 -1.99657
44565 -2 -1.99657
44566 -2 -1.99657
44567 -2 -1.99657
44568 -2 -1.99657
44569 -2 -1.99657
44570 -2 -1.99657
44571 -1.98 -1.99657
44572 -1.98 -1.99657
44573 -2 -1.99657
44574 -2 -1.99657
44575 -2 -1.99657
44576 -2 -1.99657
44577 -2 -1.99657
44578 -2 -1.99657
44579 -2 -1.99657
44580 -2 -1.99657
44581 -2 -1.99657
44582 -2 -1.99657
44583 -1.98 -1.99657
44584 -2 -1.99657
44585 -2 -1.99657
44586 -2 -1.99657
44587 -2 -1.99657
44588 -2 -1.99657
44589 -2 -1.99657
44590 -2 -1.99657
44591 -2 -1.99657
44592 -1.98 -1.99657
44593 -2 -1.99657
44594 -1.98 -1.99657
44595 -1.98 -1.99657
44596 -1.98 -1.99657
44597 -1.98 -1.99657
44598 -2 -1.99657
44599 -2 -1.99657
44600 -2 -1.99657
44601 -2 -1.99657
44602 -2 -1.99657
44603 -2 -1.99657
44604 -2 -1.99657
44605 -2 -1.99657
44606 -1.98 -1.99657
44607 -1.98 -1.99657
44608 -1.96 -1.99657
44609 -2 -1.99657
44610 -2 -1.99657
44611 -2 -1.99657
44612 -2 -1.99657
44613 -2 -1.99657
44614 -2 -1.99657
44615 -2 -1.99657
44616 -2 -1.99657
44617 -2 -1.99657
44618 -2 -1.99657
44619 -2 -1.99657
44620 -2 -1.99657
44621 -2 -1.99657
44622 -2 -1.99657
44623 -2 -1.99657
44624 -2 -1.99657
44625 -2 -1.99657
44626 -2 -1.99657
44627 -2 -1.99657
44628 -2 -1.99657
44629 -2 -1.99657
44630 -2 -1.99657
44631 -1.98 -1.99657
44632 -2 -1.99657
44633 -2 -1.99657
44634 -2 -1.99657
44635 -2 -1.99657
44636 -1.98 -1.99657
44637 -2 -1.99657
44638 -2 -1.99657
44639 -2 -1.99657
44640 -2 -1.99657
44641 -2 -1.99657
44642 -2 -1.99657
44643 -2 -1.99657
44644 -2 -1.99657
44645 -2 -1.99657
44646 -2 -1.99657
44647 -2 -1.99657
44648 -1.98 -1.99657
44649 -2 -1.99657
44650 -2 -1.99657
44651 -2 -1.99657
44652 -2 -1.99657
44653 -2 -1.99657
44654 -2 -1.99657
44655 -2 -1.99657
44656 -2 -1.99657
44657 -2 -1.99657
44658 -2 -1.99657
44659 -2 -1.99657
44660 -2 -1.99657
44661 -2 -1.99657
44662 -1.98 -1.99657
44663 -2 -1.99657
44664 -2 -1.99657
44665 -2 -1.99657
44666 -2 -1.99657
44667 -2 -1.99657
44668 -2 -1.99657
44669 -2 -1.99657
44670 -2 -1.99657
44671 -2 -1.99657
44672 -1.98 -1.99657
44673 -1.98 -1.99657
44674 -1.98 -1.99657
44675 -1.98 -1.99657
44676 -2 -1.99657
44677 -2 -1.99657
44678 -2 -1.99657
44679 -2 -1.99657
44680 -1.97 -1.99657
44681 -1.98 -1.99657
44682 -1.98 -1.99657
44683 -2 -1.99657
44684 -2 -1.99657
44685 -2 -1.99657
44686 -2 -1.99657
44687 -2 -1.99657
44688 -2 -1.99657
44689 -2 -1.99657
44690 -2 -1.99657
44691 -2 -1.99657
44692 -1.98 -1.99657
44693 -2 -1.99657
44694 -2 -1.99657
44695 -2 -1.99657
44696 -2 -1.99657
44697 -2 -1.99657
44698 -2 -1.99657
44699 -2 -1.99657
44700 -2 -1.99657
44701 -2 -1.99657
44702 -2 -1.99657
44703 -2 -1.99657
44704 -2 -1.99657
44705 -2 -1.99657
44706 -2 -1.99657
44707 -2 -1.99657
44708 -2 -1.99657
44709 -2 -1.99657
44710 -2 -1.99657
44711 -2 -1.99657
44712 -2 -1.99657
44713 -1.98 -1.99657
44714 -1.98 -1.99657
44715 -1.98 -1.99657
44716 -2 -1.99657
44717 -2 -1.99657
44718 -2 -1.99657
44719 -2 -1.99657
44720 -2 -1.99657
44721 -2 -1.99657
44722 -2 -1.99657
44723 -2 -1.99657
44724 -2 -1.99657
44725 -2 -1.99657
44726 -2 -1.99657
44727 -2 -1.99657
44728 -2 -1.99657
44729 -2 -1.99657
44730 -2 -1.99657
44731 -2 -1.99657
44732 -2 -1.99657
44733 -2 -1.99657
44734 -2 -1.99657
44735 -2 -1.99657
44736 -2 -1.99657
44737 -2 -1.99657
44738 -2 -1.99657
44739 -2 -1.99657
44740 -2 -1.99657
44741 -2 -1.99657
44742 -2 -1.99657
44743 -2 -1.99657
44744 -2 -1.99657
44745 -2 -1.99657
44746 -2 -1.99657
44747 -2 -1.99657
44748 -2 -1.99657
44749 -2 -1.99657
44750 -2 -1.99657
44751 -2 -1.99657
44752 -2 -1.99657
44753 -2 -1.99657
44754 -2 -1.99657
44755 -2 -1.99657
44756 -2 -1.99657
44757 -2 -1.99657
44758 -2 -1.99657
44759 -1.98 -1.99657
44760 -1.98 -1.99657
44761 -1.98 -1.99657
44762 -1.98 -1.99657
44763 -1.98 -1.99657
44764 -1.98 -1.99657
44765 -1.98 -1.99657
44766 -1.98 -1.99657
44767 -2 -1.99657
44768 -2 -1.99657
44769 -2 -1.99657
44770 -2 -1.99657
44771 -2 -1.99657
44772 -2 -1.99657
44773 -2 -1.99657
44774 -1.98 -1.99657
44775 -2 -1.99657
44776 -2 -1.99657
44777 -1.98 -1.99657
44778 -2 -1.99657
44779 -2 -1.99657
44780 -1.98 -1.99657
44781 -2 -1.99657
44782 -2 -1.99657
44783 -2 -1.99657
44784 -2 -1.99657
44785 -2 -1.99657
44786 -2 -1.99657
44787 -2 -1.99657
44788 -2 -1.99657
44789 -2 -1.99657
44790 -2 -1.99657
44791 -2 -1.99657
44792 -2 -1.99657
44793 -1.98 -1.99657
44794 -1.98 -1.99657
44795 -2 -1.99657
44796 -2 -1.99657
44797 -2 -1.99657
44798 -2 -1.99657
44799 -2 -1.99657
44800 -2 -1.99657
44801 -1.95 -1.99657
44802 -2 -1.99657
44803 -2 -1.99657
44804 -2 -1.99657
44805 -2 -1.99657
44806 -2 -1.99657
44807 -1.98 -1.99657
44808 -2 -1.99657
44809 -2 -1.99657
44810 -2 -1.99657
44811 -2 -1.99657
44812 -2 -1.99657
44813 -2 -1.99657
44814 -2 -1.99657
44815 -2 -1.99657
44816 -2 -1.99657
44817 -2 -1.99657
44818 -2 -1.99657
44819 -2 -1.99657
44820 -1.98 -1.99657
44821 -1.98 -1.99657
44822 -2 -1.99657
44823 -2 -1.99657
44824 -2 -1.99657
44825 -2 -1.99657
44826 -2 -1.99657
44827 -2 -1.99657
44828 -2 -1.99657
44829 -1.98 -1.99657
44830 -2 -1.99657
44831 -2 -1.99657
44832 -2 -1.99657
44833 -2 -1.99657
44834 -2 -1.99657
44835 -2 -1.99657
44836 -2 -1.99657
44837 -2 -1.99657
44838 -2 -1.99657
44839 -1.98 -1.99657
44840 -1.98 -1.99657
44841 -2 -1.99657
44842 -2 -1.99657
44843 -2 -1.99657
44844 -2 -1.99657
44845 -2 -1.99657
44846 -1.98 -1.99657
44847 -1.98 -1.99657
44848 -2 -1.99657
44849 -2 -1.99657
44850 -2 -1.99657
44851 -2 -1.99657
44852 -2 -1.99657
44853 -2 -1.99657
44854 -2 -1.99657
44855 -2 -1.99657
44856 -2 -1.99657
44857 -2 -1.99657
44858 -2 -1.99657
44859 -2 -1.99657
44860 -2 -1.99657
44861 -2 -1.99657
44862 -2 -1.99657
44863 -2 -1.99657
44864 -2 -1.99657
44865 -2 -1.99657
44866 -2 -1.99657
44867 -2 -1.99657
44868 -2 -1.99657
44869 -2 -1.99657
44870 -2 -1.99657
44871 -2 -1.99657
44872 -2 -1.99657
44873 -2 -1.99657
44874 -2 -1.99657
44875 -2 -1.99657
44876 -2 -1.99657
44877 -2 -1.99657
44878 -2 -1.99657
44879 -2 -1.99657
44880 -2 -1.99657
44881 -2 -1.99657
44882 -2 -1.99657
44883 -1.96 -1.99657
44884 -1.98 -1.99657
44885 -1.98 -1.99657
44886 -2 -1.99657
44887 -2 -1.99657
44888 -2 -1.99657
44889 -2 -1.99657
44890 -2 -1.99657
44891 -2 -1.99657
44892 -2 -1.99657
44893 -2 -1.99657
44894 -2 -1.99657
44895 -2 -1.99657
44896 -1.98 -1.99657
44897 -2 -1.99657
44898 -2 -1.99657
44899 -2 -1.99657
44900 -2 -1.99657
44901 -2 -1.99657
44902 -2 -1.99657
44903 -2 -1.99657
44904 -2 -1.99657
44905 -2 -1.99657
44906 -2 -1.99657
44907 -2 -1.99657
44908 -2 -1.99657
44909 -2 -1.99657
44910 -2 -1.99657
44911 -1.98 -1.99657
44912 -2 -1.99657
44913 -2 -1.99657
44914 -2 -1.99657
44915 -2 -1.99657
44916 -2 -1.99657
44917 -2 -1.99657
44918 -2 -1.99657
44919 -2 -1.99657
44920 -2 -1.99657
44921 -2 -1.99657
44922 -2 -1.99657
44923 -2 -1.99657
44924 -1.98 -1.99657
44925 -2 -1.99657
44926 -2 -1.99657
44927 -1.98 -1.99657
44928 -2 -1.99657
44929 -2 -1.99657
44930 -2 -1.99657
44931 -2 -1.99657
44932 -2 -1.99657
44933 -2 -1.99657
44934 -2 -1.99657
44935 -2 -1.99657
44936 -2 -1.99657
44937 -2 -1.99657
44938 -2 -1.99657
44939 -2 -1.99657
44940 -2 -1.99657
44941 -2 -1.99657
44942 -2 -1.99657
44943 -2 -1.99657
44944 -2 -1.99657
44945 -2 -1.99657
44946 -2 -1.99657
44947 -2 -1.99657
44948 -2 -1.99657
44949 -2 -1.99657
44950 -2 -1.99657
44951 -2 -1.99657
44952 -2 -1.99657
44953 -2 -1.99657
44954 -2 -1.99657
44955 -2 -1.99657
44956 -2 -1.99657
44957 -2 -1.99657
44958 -2 -1.99657
44959 -1.98 -1.99657
44960 -1.98 -1.99657
44961 -1.98 -1.99657
44962 -2 -1.99657
44963 -1.98 -1.99657
44964 -1.98 -1.99657
44965 -1.98 -1.99657
44966 -2 -1.99657
44967 -2 -1.99657
44968 -2 -1.99657
44969 -2 -1.99657
44970 -2 -1.99657
44971 -2 -1.99657
44972 -2 -1.99657
44973 -2 -1.99657
44974 -2 -1.99657
44975 -2 -1.99657
44976 -2 -1.99657
44977 -2 -1.99657
44978 -1.98 -1.99657
44979 -1.97 -1.99657
44980 -1.98 -1.99657
44981 -1.98 -1.99657
44982 -2 -1.99657
44983 -2 -1.99657
44984 -2 -1.99657
44985 -2 -1.99657
44986 -2 -1.99657
44987 -2 -1.99657
44988 -2 -1.99657
44989 -2 -1.99657
44990 -2 -1.99657
44991 -2 -1.99657
44992 -2 -1.99657
44993 -2 -1.99657
44994 -2 -1.99657
44995 -2 -1.99657
44996 -2 -1.99657
44997 -2 -1.99657
44998 -2 -1.99657
44999 -2 -1.99657
45000 -2 -1.99657
45001 -2 -1.99657
45002 -2 -1.99657
45003 -2 -1.99657
45004 -2 -1.99657
45005 -2 -1.99657
45006 -2 -1.99657
45007 -2 -1.99657
45008 -2 -1.99657
45009 -2 -1.99657
45010 -2 -1.99657
45011 -2 -1.99657
45012 -2 -1.99657
45013 -2 -1.99657
45014 -2 -1.99657
45015 -2 -1.99657
45016 -2 -1.99657
45017 -2 -1.99657
45018 -2 -1.99657
45019 -2 -1.99657
45020 -2 -1.99657
45021 -2 -1.99657
45022 -2 -1.99657
45023 -2 -1.99657
45024 -2 -1.99657
45025 -2 -1.99657
45026 -2 -1.99657
45027 -2 -1.99657
45028 -2 -1.99657
45029 -2 -1.99657
45030 -2 -1.99657
45031 -2 -1.99657
45032 -1.98 -1.99657
45033 -1.98 -1.99657
45034 -2 -1.99657
45035 -2 -1.99657
45036 -1.98 -1.99657
45037 -2 -1.99657
45038 -1.98 -1.99657
45039 -2 -1.99657
45040 -2 -1.99657
45041 -2 -1.99657
45042 -1.98 -1.99657
45043 -2 -1.99657
45044 -1.98 -1.99657
45045 -2 -1.99657
45046 -2 -1.99657
45047 -2 -1.99657
45048 -2 -1.99657
45049 -2 -1.99657
45050 -2 -1.99657
45051 -1.98 -1.99657
45052 -2 -1.99657
45053 -2 -1.99657
45054 -2 -1.99657
45055 -2 -1.99657
45056 -2 -1.99657
45057 -2 -1.99657
45058 -2 -1.99657
45059 -2 -1.99657
45060 -2 -1.99657
45061 -2 -1.99657
45062 -2 -1.99657
45063 -2 -1.99657
45064 -2 -1.99657
45065 -2 -1.99657
45066 -2 -1.99657
45067 -2 -1.99657
45068 -2 -1.99657
45069 -1.98 -1.99657
45070 -1.98 -1.99657
45071 -1.98 -1.99657
45072 -2 -1.99657
45073 -2 -1.99657
45074 -1.98 -1.99657
45075 -2 -1.99657
45076 -2 -1.99657
45077 -2 -1.99657
45078 -2 -1.99657
45079 -2 -1.99657
45080 -2 -1.99657
45081 -2 -1.99657
45082 -2 -1.99657
45083 -2 -1.99657
45084 -2 -1.99657
45085 -1.98 -1.99657
45086 -2 -1.99657
45087 -2 -1.99657
45088 -2 -1.99657
45089 -2 -1.99657
45090 -2 -1.99657
45091 -2 -1.99657
45092 -2 -1.99657
45093 -2 -1.99657
45094 -2 -1.99657
45095 -2 -1.99657
45096 -2 -1.99657
45097 -2 -1.99657
45098 -2 -1.99657
45099 -2 -1.99657
45100 -2 -1.99657
45101 -2 -1.99657
45102 -2 -1.99657
45103 -2 -1.99657
45104 -2 -1.99657
45105 -2 -1.99657
45106 -2 -1.99657
45107 -2 -1.99657
45108 -2 -1.99657
45109 -2 -1.99657
45110 -2 -1.99657
45111 -2 -1.99657
45112 -2 -1.99657
45113 -2 -1.99657
45114 -1.98 -1.99657
45115 -1.98 -1.99657
45116 -2 -1.99657
45117 -2 -1.99657
45118 -2 -1.99657
45119 -2 -1.99657
45120 -2 -1.99657
45121 -2 -1.99657
45122 -2 -1.99657
45123 -2 -1.99657
45124 -2 -1.99657
45125 -2 -1.99657
45126 -2 -1.99657
45127 -2 -1.99658
45128 -1.98 -1.99657
45129 -1.98 -1.99657
45130 -1.98 -1.99657
45131 -1.98 -1.99657
45132 -2 -1.99657
45133 -2 -1.99657
45134 -2 -1.99657
45135 -2 -1.99657
45136 -2 -1.99657
45137 -2 -1.99657
45138 -2 -1.99657
45139 -2 -1.99657
45140 -2 -1.99657
45141 -2 -1.99657
45142 -2 -1.99657
45143 -2 -1.99657
45144 -2 -1.99657
45145 -2 -1.99657
45146 -2 -1.99657
45147 -2 -1.99657
45148 -2 -1.99657
45149 -2 -1.99657
45150 -2 -1.99658
45151 -2 -1.99658
45152 -1.98 -1.99657
45153 -2 -1.99657
45154 -1.98 -1.99657
45155 -2 -1.99657
45156 -2 -1.99657
45157 -2 -1.99657
45158 -2 -1.99657
45159 -2 -1.99657
45160 -2 -1.99657
45161 -1.98 -1.99657
45162 -2 -1.99657
45163 -2 -1.99657
45164 -2 -1.99657
45165 -2 -1.99657
45166 -2 -1.99657
45167 -1.98 -1.99657
45168 -1.98 -1.99657
45169 -2 -1.99657
45170 -2 -1.99657
45171 -2 -1.99657
45172 -2 -1.99657
45173 -2 -1.99657
45174 -2 -1.99657
45175 -2 -1.99657
45176 -2 -1.99657
45177 -2 -1.99657
45178 -2 -1.99657
45179 -2 -1.99658
45180 -2 -1.99658
45181 -2 -1.99658
45182 -2 -1.99658
45183 -2 -1.99658
45184 -2 -1.99658
45185 -2 -1.99658
45186 -2 -1.99658
45187 -2 -1.99658
45188 -2 -1.99658
45189 -2 -1.99658
45190 -2 -1.99658
45191 -2 -1.99658
45192 -2 -1.99658
45193 -2 -1.99658
45194 -2 -1.99658
45195 -2 -1.99658
45196 -1.98 -1.99658
45197 -2 -1.99658
45198 -2 -1.99658
45199 -1.98 -1.99658
45200 -2 -1.99658
45201 -2 -1.99658
45202 -2 -1.99658
45203 -2 -1.99658
45204 -2 -1.99658
45205 -2 -1.99658
45206 -2 -1.99658
45207 -2 -1.99658
45208 -1.98 -1.99658
45209 -2 -1.99658
45210 -2 -1.99658
45211 -2 -1.99658
45212 -2 -1.99658
45213 -2 -1.99658
45214 -2 -1.99658
45215 -2 -1.99658
45216 -2 -1.99658
45217 -2 -1.99658
45218 -1.98 -1.99658
45219 -1.98 -1.99658
45220 -1.98 -1.99658
45221 -1.98 -1.99658
45222 -1.98 -1.99657
45223 -1.98 -1.99657
45224 -1.97 -1.99657
45225 -2 -1.99657
45226 -2 -1.99657
45227 -2 -1.99657
45228 -2 -1.99657
45229 -2 -1.99657
45230 -2 -1.99657
45231 -2 -1.99657
45232 -2 -1.99657
45233 -2 -1.99657
45234 -2 -1.99657
45235 -2 -1.99657
45236 -2 -1.99657
45237 -2 -1.99657
45238 -2 -1.99657
45239 -2 -1.99657
45240 -2 -1.99658
45241 -2 -1.99658
45242 -2 -1.99658
45243 -2 -1.99658
45244 -2 -1.99658
45245 -2 -1.99658
45246 -2 -1.99658
45247 -2 -1.99658
45248 -2 -1.99658
45249 -1.98 -1.99658
45250 -1.98 -1.99657
45251 -2 -1.99657
45252 -2 -1.99658
45253 -2 -1.99658
45254 -2 -1.99658
45255 -1.98 -1.99657
45256 -2 -1.99657
45257 -2 -1.99657
45258 -2 -1.99658
45259 -1.98 -1.99657
45260 -2 -1.99657
45261 -2 -1.99657
45262 -2 -1.99657
45263 -1.98 -1.99657
45264 -2 -1.99657
45265 -2 -1.99657
45266 -2 -1.99657
45267 -2 -1.99657
45268 -2 -1.99657
45269 -2 -1.99657
45270 -2 -1.99658
45271 -2 -1.99658
45272 -2 -1.99658
45273 -2 -1.99658
45274 -2 -1.99658
45275 -1.98 -1.99658
45276 -2 -1.99658
45277 -2 -1.99658
45278 -2 -1.99658
45279 -2 -1.99658
45280 -2 -1.99658
45281 -2 -1.99658
45282 -1.98 -1.99658
45283 -1.98 -1.99657
45284 -2 -1.99657
45285 -2 -1.99657
45286 -2 -1.99657
45287 -2 -1.99658
45288 -2 -1.99658
45289 -2 -1.99658
45290 -2 -1.99658
45291 -2 -1.99658
45292 -2 -1.99658
45293 -2 -1.99658
45294 -2 -1.99658
45295 -2 -1.99658
45296 -2 -1.99658
45297 -2 -1.99658
45298 -2 -1.99658
45299 -2 -1.99658
45300 -2 -1.99658
45301 -2 -1.99658
45302 -2 -1.99658
45303 -2 -1.99658
45304 -2 -1.99658
45305 -2 -1.99658
45306 -2 -1.99658
45307 -2 -1.99658
45308 -2 -1.99658
45309 -2 -1.99658
45310 -2 -1.99658
45311 -1.98 -1.99658
45312 -1.98 -1.99658
45313 -1.98 -1.99658
45314 -2 -1.99658
45315 -1.97 -1.99658
45316 -1.97 -1.99657
45317 -1.98 -1.99657
45318 -1.98 -1.99657
45319 -1.98 -1.99657
45320 -1.98 -1.99657
45321 -2 -1.99657
45322 -2 -1.99657
45323 -2 -1.99657
45324 -1.98 -1.99657
45325 -2 -1.99657
45326 -1.98 -1.99657
45327 -1.98 -1.99657
45328 -1.98 -1.99657
45329 -2 -1.99657
45330 -2 -1.99657
45331 -2 -1.99657
45332 -2 -1.99657
45333 -2 -1.99657
45334 -2 -1.99657
45335 -2 -1.99657
45336 -2 -1.99657
45337 -1.98 -1.99657
45338 -2 -1.99657
45339 -2 -1.99657
45340 -2 -1.99657
45341 -2 -1.99657
45342 -2 -1.99657
45343 -2 -1.99657
45344 -2 -1.99657
45345 -2 -1.99657
45346 -2 -1.99657
45347 -2 -1.99657
45348 -2 -1.99657
45349 -2 -1.99657
45350 -2 -1.99657
45351 -2 -1.99657
45352 -2 -1.99657
45353 -2 -1.99657
45354 -2 -1.99657
45355 -2 -1.99657
45356 -2 -1.99657
45357 -2 -1.99657
45358 -2 -1.99657
45359 -2 -1.99657
45360 -2 -1.99657
45361 -2 -1.99657
45362 -1.98 -1.99657
45363 -2 -1.99657
45364 -2 -1.99657
45365 -2 -1.99657
45366 -2 -1.99657
45367 -2 -1.99657
45368 -2 -1.99657
45369 -2 -1.99657
45370 -2 -1.99657
45371 -2 -1.99657
45372 -2 -1.99657
45373 -2 -1.99657
45374 -2 -1.99657
45375 -1.98 -1.99657
45376 -2 -1.99657
45377 -2 -1.99657
45378 -2 -1.99657
45379 -2 -1.99657
45380 -2 -1.99657
45381 -2 -1.99657
45382 -2 -1.99657
45383 -2 -1.99657
45384 -2 -1.99657
45385 -2 -1.99657
45386 -2 -1.99658
45387 -2 -1.99658
45388 -2 -1.99658
45389 -2 -1.99658
45390 -2 -1.99658
45391 -1.98 -1.99657
45392 -1.97 -1.99657
45393 -2 -1.99657
45394 -2 -1.99657
45395 -2 -1.99657
45396 -2 -1.99657
45397 -2 -1.99657
45398 -2 -1.99657
45399 -2 -1.99657
45400 -2 -1.99657
45401 -2 -1.99658
45402 -2 -1.99658
45403 -2 -1.99658
45404 -2 -1.99658
45405 -2 -1.99658
45406 -2 -1.99658
45407 -2 -1.99658
45408 -2 -1.99658
45409 -1.98 -1.99658
45410 -1.98 -1.99657
45411 -2 -1.99657
45412 -2 -1.99657
45413 -2 -1.99658
45414 -2 -1.99658
45415 -2 -1.99658
45416 -2 -1.99658
45417 -2 -1.99658
45418 -2 -1.99658
45419 -2 -1.99658
45420 -2 -1.99658
45421 -2 -1.99658
45422 -2 -1.99658
45423 -2 -1.99658
45424 -2 -1.99658
45425 -2 -1.99658
45426 -2 -1.99658
45427 -2 -1.99658
45428 -2 -1.99658
45429 -2 -1.99658
45430 -2 -1.99658
45431 -1.98 -1.99658
45432 -2 -1.99658
45433 -1.98 -1.99658
45434 -2 -1.99658
45435 -2 -1.99658
45436 -2 -1.99658
45437 -2 -1.99658
45438 -2 -1.99658
45439 -2 -1.99658
45440 -2 -1.99658
45441 -1.98 -1.99658
45442 -2 -1.99658
45443 -2 -1.99658
45444 -2 -1.99658
45445 -2 -1.99658
45446 -2 -1.99658
45447 -1.98 -1.99658
45448 -1.98 -1.99658
45449 -2 -1.99658
45450 -2 -1.99658
45451 -2 -1.99658
45452 -2 -1.99658
45453 -2 -1.99658
45454 -2 -1.99658
45455 -2 -1.99658
45456 -2 -1.99658
45457 -2 -1.99658
45458 -2 -1.99658
45459 -2 -1.99658
45460 -2 -1.99658
45461 -2 -1.99658
45462 -2 -1.99658
45463 -2 -1.99658
45464 -2 -1.99658
45465 -2 -1.99658
45466 -2 -1.99658
45467 -2 -1.99658
45468 -2 -1.99658
45469 -2 -1.99658
45470 -2 -1.99658
45471 -2 -1.99658
45472 -2 -1.99658
45473 -2 -1.99658
45474 -2 -1.99658
45475 -2 -1.99658
45476 -1.98 -1.99658
45477 -1.98 -1.99658
45478 -2 -1.99658
45479 -2 -1.99658
45480 -1.98 -1.99658
45481 -2 -1.99658
45482 -2 -1.99658
45483 -2 -1.99658
45484 -2 -1.99658
45485 -2 -1.99658
45486 -2 -1.99658
45487 -2 -1.99658
45488 -2 -1.99658
45489 -2 -1.99658
45490 -2 -1.99658
45491 -1.98 -1.99658
45492 -1.98 -1.99658
45493 -1.98 -1.99658
45494 -1.98 -1.99658
45495 -2 -1.99658
45496 -2 -1.99658
45497 -1.98 -1.99658
45498 -2 -1.99658
45499 -2 -1.99658
45500 -1.98 -1.99658
45501 -2 -1.99658
45502 -2 -1.99658
45503 -2 -1.99658
45504 -2 -1.99658
45505 -2 -1.99658
45506 -2 -1.99658
45507 -2 -1.99658
45508 -2 -1.99658
45509 -2 -1.99658
45510 -2 -1.99658
45511 -2 -1.99658
45512 -2 -1.99658
45513 -2 -1.99658
45514 -2 -1.99658
45515 -2 -1.99658
45516 -2 -1.99658
45517 -2 -1.99658
45518 -2 -1.99658
45519 -2 -1.99658
45520 -2 -1.99658
45521 -2 -1.99658
45522 -2 -1.99658
45523 -2 -1.99658
45524 -2 -1.99658
45525 -2 -1.99658
45526 -2 -1.99658
45527 -2 -1.99658
45528 -2 -1.99658
45529 -2 -1.99658
45530 -2 -1.99658
45531 -2 -1.99658
45532 -2 -1.99658
45533 -2 -1.99658
45534 -1.96 -1.99658
45535 -1.98 -1.99658
45536 -1.98 -1.99658
45537 -1.98 -1.99658
45538 -1.98 -1.99658
45539 -1.97 -1.99658
45540 -1.98 -1.99657
45541 -1.98 -1.99657
45542 -2 -1.99657
45543 -2 -1.99657
45544 -2 -1.99657
45545 -2 -1.99657
45546 -2 -1.99657
45547 -2 -1.99657
45548 -2 -1.99657
45549 -2 -1.99657
45550 -2 -1.99658
45551 -2 -1.99658
45552 -2 -1.99658
45553 -2 -1.99658
45554 -2 -1.99658
45555 -2 -1.99658
45556 -1.98 -1.99658
45557 -1.98 -1.99657
45558 -2 -1.99657
45559 -1.98 -1.99657
45560 -1.98 -1.99657
45561 -1.98 -1.99657
45562 -2 -1.99657
45563 -2 -1.99657
45564 -2 -1.99657
45565 -2 -1.99657
45566 -2 -1.99657
45567 -2 -1.99657
45568 -2 -1.99657
45569 -2 -1.99657
45570 -2 -1.99657
45571 -2 -1.99657
45572 -2 -1.99657
45573 -1.98 -1.99657
45574 -1.98 -1.99657
45575 -1.98 -1.99657
45576 -1.98 -1.99657
45577 -2 -1.99657
45578 -2 -1.99657
45579 -2 -1.99657
45580 -2 -1.99657
45581 -2 -1.99657
45582 -2 -1.99657
45583 -2 -1.99657
45584 -2 -1.99657
45585 -1.98 -1.99657
45586 -2 -1.99657
45587 -2 -1.99657
45588 -2 -1.99657
45589 -2 -1.99657
45590 -2 -1.99657
45591 -2 -1.99657
45592 -2 -1.99657
45593 -2 -1.99657
45594 -2 -1.99657
45595 -1.98 -1.99657
45596 -2 -1.99657
45597 -1.98 -1.99657
45598 -2 -1.99657
45599 -2 -1.99657
45600 -2 -1.99657
45601 -2 -1.99657
45602 -2 -1.99657
45603 -2 -1.99657
45604 -2 -1.99657
45605 -2 -1.99657
45606 -1.98 -1.99657
45607 -2 -1.99657
45608 -2 -1.99657
45609 -2 -1.99657
45610 -2 -1.99657
45611 -2 -1.99657
45612 -2 -1.99657
45613 -2 -1.99657
45614 -2 -1.99657
45615 -2 -1.99657
45616 -2 -1.99657
45617 -2 -1.99657
45618 -2 -1.99657
45619 -2 -1.99657
45620 -1.98 -1.99657
45621 -2 -1.99657
45622 -2 -1.99657
45623 -2 -1.99657
45624 -2 -1.99657
45625 -2 -1.99657
45626 -2 -1.99657
45627 -2 -1.99657
45628 -2 -1.99657
45629 -2 -1.99657
45630 -2 -1.99657
45631 -2 -1.99657
45632 -2 -1.99658
45633 -1.98 -1.99657
45634 -1.96 -1.99657
45635 -1.98 -1.99657
45636 -2 -1.99657
45637 -2 -1.99657
45638 -2 -1.99657
45639 -2 -1.99657
45640 -2 -1.99657
45641 -2 -1.99657
45642 -2 -1.99657
45643 -2 -1.99657
45644 -2 -1.99657
45645 -2 -1.99657
45646 -2 -1.99657
45647 -1.98 -1.99657
45648 -2 -1.99657
45649 -2 -1.99657
45650 -1.98 -1.99657
45651 -1.98 -1.99657
45652 -1.98 -1.99657
45653 -1.98 -1.99657
45654 -2 -1.99657
45655 -2 -1.99657
45656 -2 -1.99657
45657 -2 -1.99657
45658 -2 -1.99657
45659 -2 -1.99657
45660 -2 -1.99657
45661 -1.98 -1.99657
45662 -2 -1.99657
45663 -2 -1.99657
45664 -2 -1.99657
45665 -1.98 -1.99657
45666 -2 -1.99657
45667 -2 -1.99657
45668 -2 -1.99657
45669 -2 -1.99657
45670 -2 -1.99657
45671 -2 -1.99657
45672 -2 -1.99657
45673 -2 -1.99657
45674 -1.98 -1.99657
45675 -1.98 -1.99657
45676 -2 -1.99657
45677 -1.97 -1.99657
45678 -2 -1.99657
45679 -2 -1.99657
45680 -2 -1.99657
45681 -2 -1.99657
45682 -2 -1.99657
45683 -2 -1.99657
45684 -2 -1.99657
45685 -2 -1.99657
45686 -2 -1.99657
45687 -2 -1.99657
45688 -2 -1.99657
45689 -2 -1.99657
45690 -1.97 -1.99657
45691 -2 -1.99657
45692 -2 -1.99657
45693 -2 -1.99657
45694 -2 -1.99657
45695 -2 -1.99657
45696 -2 -1.99657
45697 -2 -1.99657
45698 -2 -1.99657
45699 -2 -1.99657
45700 -2 -1.99657
45701 -2 -1.99657
45702 -2 -1.99657
45703 -2 -1.99657
45704 -2 -1.99657
45705 -2 -1.99657
45706 -2 -1.99657
45707 -2 -1.99657
45708 -2 -1.99657
45709 -2 -1.99657
45710 -1.98 -1.99657
45711 -2 -1.99657
45712 -2 -1.99657
45713 -2 -1.99657
45714 -2 -1.99657
45715 -2 -1.99657
45716 -2 -1.99657
45717 -2 -1.99657
45718 -2 -1.99657
45719 -2 -1.99657
45720 -2 -1.99657
45721 -2 -1.99657
45722 -2 -1.99657
45723 -2 -1.99657
45724 -2 -1.99657
45725 -2 -1.99657
45726 -1.98 -1.99657
45727 -1.98 -1.99657
45728 -2 -1.99657
45729 -2 -1.99657
45730 -2 -1.99657
45731 -2 -1.99657
45732 -2 -1.99657
45733 -2 -1.99657
45734 -2 -1.99657
45735 -2 -1.99657
45736 -2 -1.99657
45737 -2 -1.99657
45738 -2 -1.99657
45739 -2 -1.99657
45740 -2 -1.99657
45741 -2 -1.99657
45742 -2 -1.99657
45743 -2 -1.99658
45744 -2 -1.99658
45745 -2 -1.99658
45746 -2 -1.99658
45747 -2 -1.99658
45748 -2 -1.99658
45749 -2 -1.99658
45750 -2 -1.99658
45751 -2 -1.99658
45752 -2 -1.99658
45753 -2 -1.99658
45754 -2 -1.99658
45755 -2 -1.99658
45756 -2 -1.99658
45757 -2 -1.99658
45758 -2 -1.99658
45759 -2 -1.99658
45760 -2 -1.99658
45761 -2 -1.99658
45762 -2 -1.99658
45763 -2 -1.99658
45764 -2 -1.99658
45765 -2 -1.99658
45766 -1.98 -1.99658
45767 -2 -1.99658
45768 -2 -1.99658
45769 -2 -1.99658
45770 -2 -1.99658
45771 -2 -1.99658
45772 -2 -1.99658
45773 -1.98 -1.99658
45774 -1.98 -1.99658
45775 -2 -1.99658
45776 -2 -1.99658
45777 -2 -1.99658
45778 -2 -1.99658
45779 -2 -1.99658
45780 -2 -1.99658
45781 -2 -1.99658
45782 -2 -1.99658
45783 -2 -1.99658
45784 -2 -1.99658
45785 -2 -1.99658
45786 -2 -1.99658
45787 -2 -1.99658
45788 -2 -1.99658
45789 -2 -1.99658
45790 -2 -1.99658
45791 -2 -1.99658
45792 -2 -1.99658
45793 -2 -1.99658
45794 -2 -1.99658
45795 -2 -1.99658
45796 -2 -1.99658
45797 -1.98 -1.99658
45798 -2 -1.99658
45799 -2 -1.99658
45800 -2 -1.99658
45801 -2 -1.99658
45802 -2 -1.99658
45803 -2 -1.99658
45804 -2 -1.99658
45805 -2 -1.99658
45806 -2 -1.99658
45807 -2 -1.99658
45808 -2 -1.99658
45809 -2 -1.99658
45810 -2 -1.99658
45811 -1.98 -1.99658
45812 -2 -1.99658
45813 -2 -1.99658
45814 -2 -1.99658
45815 -2 -1.99658
45816 -2 -1.99658
45817 -1.96 -1.99658
45818 -1.96 -1.99658
45819 -1.96 -1.99658
45820 -2 -1.99658
45821 -2 -1.99658
45822 -2 -1.99658
45823 -2 -1.99658
45824 -2 -1.99658
45825 -2 -1.99658
45826 -2 -1.99658
45827 -2 -1.99658
45828 -1.98 -1.99658
45829 -2 -1.99658
45830 -2 -1.99658
45831 -2 -1.99658
45832 -1.98 -1.99658
45833 -2 -1.99658
45834 -2 -1.99658
45835 -2 -1.99658
45836 -2 -1.99658
45837 -2 -1.99658
45838 -2 -1.99658
45839 -2 -1.99658
45840 -1.97 -1.99658
45841 -2 -1.99658
45842 -2 -1.99658
45843 -2 -1.99658
45844 -2 -1.99658
45845 -2 -1.99658
45846 -2 -1.99658
45847 -2 -1.99658
45848 -2 -1.99658
45849 -2 -1.99658
45850 -2 -1.99658
45851 -2 -1.99658
45852 -2 -1.99658
45853 -2 -1.99658
45854 -2 -1.99658
45855 -2 -1.99658
45856 -2 -1.99658
45857 -2 -1.99658
45858 -2 -1.99658
45859 -2 -1.99658
45860 -2 -1.99658
45861 -2 -1.99658
45862 -2 -1.99658
45863 -1.98 -1.99658
45864 -2 -1.99658
45865 -2 -1.99658
45866 -2 -1.99658
45867 -2 -1.99658
45868 -2 -1.99658
45869 -2 -1.99658
45870 -2 -1.99658
45871 -2 -1.99658
45872 -2 -1.99658
45873 -2 -1.99658
45874 -2 -1.99658
45875 -2 -1.99658
45876 -2 -1.99658
45877 -2 -1.99658
45878 -2 -1.99658
45879 -2 -1.99658
45880 -2 -1.99658
45881 -2 -1.99658
45882 -2 -1.99658
45883 -1.96 -1.99658
45884 -2 -1.99658
45885 -2 -1.99658
45886 -2 -1.99658
45887 -2 -1.99658
45888 -2 -1.99658
45889 -2 -1.99658
45890 -2 -1.99658
45891 -2 -1.99658
45892 -2 -1.99658
45893 -2 -1.99658
45894 -1.98 -1.99658
45895 -1.98 -1.99658
45896 -2 -1.99658
45897 -2 -1.99658
45898 -2 -1.99658
45899 -2 -1.99658
45900 -2 -1.99658
45901 -2 -1.99658
45902 -1.98 -1.99658
45903 -1.98 -1.99658
45904 -1.98 -1.99658
45905 -1.98 -1.99658
45906 -2 -1.99658
45907 -2 -1.99658
45908 -2 -1.99658
45909 -2 -1.99658
45910 -2 -1.99658
45911 -2 -1.99658
45912 -2 -1.99658
45913 -1.98 -1.99658
45914 -2 -1.99658
45915 -2 -1.99658
45916 -2 -1.99658
45917 -1.98 -1.99658
45918 -2 -1.99658
45919 -2 -1.99658
45920 -2 -1.99658
45921 -2 -1.99658
45922 -2 -1.99658
45923 -2 -1.99658
45924 -2 -1.99658
45925 -2 -1.99658
45926 -2 -1.99658
45927 -2 -1.99658
45928 -2 -1.99658
45929 -2 -1.99658
45930 -2 -1.99658
45931 -1.98 -1.99658
45932 -1.96 -1.99658
45933 -1.98 -1.99658
45934 -1.98 -1.99658
45935 -1.98 -1.99658
45936 -2 -1.99658
45937 -2 -1.99658
45938 -2 -1.99658
45939 -2 -1.99658
45940 -2 -1.99658
45941 -2 -1.99658
45942 -2 -1.99658
45943 -2 -1.99658
45944 -2 -1.99658
45945 -2 -1.99658
45946 -2 -1.99658
45947 -2 -1.99658
45948 -2 -1.99658
45949 -2 -1.99658
45950 -2 -1.99658
45951 -2 -1.99658
45952 -2 -1.99658
45953 -2 -1.99658
45954 -2 -1.99658
45955 -2 -1.99658
45956 -2 -1.99658
45957 -2 -1.99658
45958 -2 -1.99658
45959 -2 -1.99658
45960 -2 -1.99658
45961 -2 -1.99658
45962 -2 -1.99658
45963 -2 -1.99658
45964 -2 -1.99658
45965 -2 -1.99658
45966 -2 -1.99658
45967 -2 -1.99658
45968 -2 -1.99658
45969 -2 -1.99658
45970 -2 -1.99658
45971 -2 -1.99658
45972 -2 -1.99658
45973 -2 -1.99658
45974 -2 -1.99658
45975 -2 -1.99658
45976 -2 -1.99658
45977 -2 -1.99658
45978 -2 -1.99658
45979 -2 -1.99658
45980 -2 -1.99658
45981 -2 -1.99658
45982 -2 -1.99658
45983 -2 -1.99658
45984 -2 -1.99658
45985 -2 -1.99658
45986 -1.98 -1.99658
45987 -1.98 -1.99658
45988 -2 -1.99658
45989 -2 -1.99658
45990 -1.98 -1.99658
45991 -2 -1.99658
45992 -2 -1.99658
45993 -2 -1.99658
45994 -2 -1.99658
45995 -2 -1.99658
45996 -2 -1.99658
45997 -2 -1.99658
45998 -2 -1.99658
45999 -2 -1.99658
46000 -1.98 -1.99658
46001 -1.98 -1.99658
46002 -1.98 -1.99658
46003 -1.98 -1.99658
46004 -2 -1.99658
46005 -2 -1.99658
46006 -2 -1.99658
46007 -2 -1.99658
46008 -2 -1.99658
46009 -2 -1.99658
46010 -1.98 -1.99658
46011 -1.98 -1.99658
46012 -2 -1.99658
46013 -2 -1.99658
46014 -2 -1.99658
46015 -1.98 -1.99658
46016 -2 -1.99658
46017 -2 -1.99658
46018 -2 -1.99658
46019 -1.98 -1.99658
46020 -1.98 -1.99658
46021 -2 -1.99658
46022 -2 -1.99658
46023 -2 -1.99658
46024 -2 -1.99658
46025 -2 -1.99658
46026 -2 -1.99658
46027 -2 -1.99658
46028 -2 -1.99658
46029 -2 -1.99658
46030 -2 -1.99658
46031 -2 -1.99658
46032 -2 -1.99658
46033 -2 -1.99658
46034 -2 -1.99658
46035 -2 -1.99658
46036 -1.98 -1.99658
46037 -2 -1.99658
46038 -2 -1.99658
46039 -2 -1.99658
46040 -2 -1.99658
46041 -2 -1.99658
46042 -2 -1.99658
46043 -2 -1.99658
46044 -2 -1.99658
46045 -2 -1.99658
46046 -2 -1.99658
46047 -2 -1.99658
46048 -2 -1.99658
46049 -2 -1.99658
46050 -2 -1.99658
46051 -2 -1.99658
46052 -2 -1.99658
46053 -2 -1.99658
46054 -2 -1.99658
46055 -2 -1.99658
46056 -2 -1.99658
46057 -2 -1.99658
46058 -2 -1.99658
46059 -2 -1.99658
46060 -1.98 -1.99658
46061 -2 -1.99658
46062 -2 -1.99658
46063 -2 -1.99658
46064 -2 -1.99658
46065 -2 -1.99658
46066 -2 -1.99658
46067 -2 -1.99658
46068 -2 -1.99658
46069 -2 -1.99658
46070 -2 -1.99658
46071 -1.98 -1.99658
46072 -1.98 -1.99658
46073 -1.98 -1.99658
46074 -1.98 -1.99658
46075 -1.98 -1.99658
46076 -2 -1.99658
46077 -2 -1.99658
46078 -2 -1.99658
46079 -2 -1.99658
46080 -2 -1.99658
46081 -2 -1.99658
46082 -2 -1.99658
46083 -2 -1.99658
46084 -2 -1.99658
46085 -2 -1.99658
46086 -2 -1.99658
46087 -2 -1.99658
46088 -2 -1.99658
46089 -2 -1.99658
46090 -2 -1.99658
46091 -2 -1.99658
46092 -2 -1.99658
46093 -2 -1.99658
46094 -2 -1.99658
46095 -1.98 -1.99658
46096 -2 -1.99658
46097 -2 -1.99658
46098 -2 -1.99658
46099 -2 -1.99658
46100 -2 -1.99658
46101 -1.98 -1.99658
46102 -2 -1.99658
46103 -2 -1.99658
46104 -2 -1.99658
46105 -2 -1.99658
46106 -2 -1.99658
46107 -2 -1.99658
46108 -2 -1.99658
46109 -2 -1.99658
46110 -2 -1.99658
46111 -2 -1.99658
46112 -2 -1.99658
46113 -2 -1.99658
46114 -2 -1.99658
46115 -2 -1.99658
46116 -2 -1.99658
46117 -2 -1.99658
46118 -2 -1.99658
46119 -2 -1.99658
46120 -2 -1.99658
46121 -2 -1.99658
46122 -2 -1.99658
46123 -2 -1.99658
46124 -2 -1.99658
46125 -2 -1.99658
46126 -1.98 -1.99658
46127 -1.98 -1.99658
46128 -2 -1.99658
46129 -2 -1.99658
46130 -2 -1.99658
46131 -1.98 -1.99658
46132 -1.96 -1.99658
46133 -2 -1.99658
46134 -2 -1.99658
46135 -2 -1.99658
46136 -2 -1.99658
46137 -2 -1.99658
46138 -2 -1.99658
46139 -2 -1.99658
46140 -2 -1.99658
46141 -2 -1.99658
46142 -2 -1.99658
46143 -2 -1.99658
46144 -2 -1.99658
46145 -2 -1.99658
46146 -2 -1.99658
46147 -2 -1.99658
46148 -2 -1.99658
46149 -2 -1.99658
46150 -2 -1.99658
46151 -2 -1.99658
46152 -2 -1.99658
46153 -1.98 -1.99658
46154 -2 -1.99658
46155 -2 -1.99658
46156 -2 -1.99658
46157 -2 -1.99658
46158 -2 -1.99658
46159 -2 -1.99658
46160 -2 -1.99658
46161 -2 -1.99658
46162 -1.98 -1.99658
46163 -1.96 -1.99658
46164 -2 -1.99658
46165 -2 -1.99658
46166 -2 -1.99658
46167 -2 -1.99658
46168 -2 -1.99658
46169 -2 -1.99658
46170 -2 -1.99658
46171 -2 -1.99658
46172 -2 -1.99658
46173 -2 -1.99658
46174 -2 -1.99658
46175 -2 -1.99658
46176 -2 -1.99658
46177 -2 -1.99658
46178 -1.98 -1.99658
46179 -1.98 -1.99658
46180 -2 -1.99658
46181 -2 -1.99658
46182 -2 -1.99658
46183 -2 -1.99658
46184 -2 -1.99658
46185 -2 -1.99658
46186 -2 -1.99658
46187 -2 -1.99658
46188 -1.98 -1.99658
46189 -2 -1.99658
46190 -2 -1.99658
46191 -2 -1.99658
46192 -2 -1.99658
46193 -2 -1.99658
46194 -2 -1.99658
46195 -2 -1.99658
46196 -2 -1.99658
46197 -2 -1.99658
46198 -2 -1.99658
46199 -2 -1.99658
46200 -2 -1.99658
46201 -2 -1.99658
46202 -2 -1.99658
46203 -2 -1.99658
46204 -2 -1.99658
46205 -2 -1.99658
46206 -2 -1.99658
46207 -2 -1.99658
46208 -2 -1.99658
46209 -2 -1.99658
46210 -2 -1.99658
46211 -2 -1.99658
46212 -2 -1.99658
46213 -2 -1.99658
46214 -2 -1.99658
46215 -2 -1.99658
46216 -2 -1.99658
46217 -2 -1.99658
46218 -1.98 -1.99658
46219 -2 -1.99658
46220 -2 -1.99658
46221 -2 -1.99658
46222 -2 -1.99658
46223 -2 -1.99658
46224 -2 -1.99658
46225 -2 -1.99658
46226 -2 -1.99658
46227 -2 -1.99658
46228 -2 -1.99658
46229 -1.98 -1.99658
46230 -2 -1.99658
46231 -2 -1.99658
46232 -2 -1.99658
46233 -2 -1.99658
46234 -2 -1.99658
46235 -2 -1.99658
46236 -2 -1.99658
46237 -2 -1.99658
46238 -2 -1.99658
46239 -2 -1.99658
46240 -2 -1.99658
46241 -2 -1.99658
46242 -2 -1.99658
46243 -2 -1.99658
46244 -2 -1.99658
46245 -2 -1.99658
46246 -2 -1.99658
46247 -1.98 -1.99658
46248 -1.98 -1.99658
46249 -1.97 -1.99658
46250 -1.97 -1.99658
46251 -2 -1.99658
46252 -2 -1.99658
46253 -2 -1.99658
46254 -2 -1.99658
46255 -2 -1.99658
46256 -2 -1.99658
46257 -1.98 -1.99658
46258 -2 -1.99658
46259 -2 -1.99658
46260 -2 -1.99658
46261 -2 -1.99658
46262 -2 -1.99658
46263 -2 -1.99658
46264 -1.98 -1.99658
46265 -2 -1.99658
46266 -2 -1.99658
46267 -2 -1.99658
46268 -2 -1.99658
46269 -2 -1.99658
46270 -2 -1.99658
46271 -2 -1.99658
46272 -2 -1.99658
46273 -2 -1.99658
46274 -2 -1.99658
46275 -2 -1.99658
46276 -2 -1.99658
46277 -2 -1.99658
46278 -2 -1.99658
46279 -1.98 -1.99658
46280 -1.98 -1.99658
46281 -2 -1.99658
46282 -2 -1.99658
46283 -1.98 -1.99658
46284 -1.98 -1.99658
46285 -2 -1.99658
46286 -2 -1.99658
46287 -2 -1.99658
46288 -2 -1.99658
46289 -2 -1.99658
46290 -2 -1.99658
46291 -2 -1.99658
46292 -2 -1.99658
46293 -2 -1.99658
46294 -2 -1.99658
46295 -2 -1.99658
46296 -1.98 -1.99658
46297 -1.98 -1.99658
46298 -1.98 -1.99658
46299 -2 -1.99658
46300 -2 -1.99658
46301 -2 -1.99658
46302 -2 -1.99658
46303 -2 -1.99658
46304 -2 -1.99658
46305 -2 -1.99658
46306 -2 -1.99658
46307 -1.98 -1.99658
46308 -1.97 -1.99658
46309 -1.98 -1.99658
46310 -2 -1.99658
46311 -2 -1.99658
46312 -2 -1.99658
46313 -2 -1.99658
46314 -2 -1.99658
46315 -2 -1.99658
46316 -2 -1.99658
46317 -2 -1.99658
46318 -2 -1.99658
46319 -2 -1.99658
46320 -2 -1.99658
46321 -2 -1.99658
46322 -2 -1.99658
46323 -2 -1.99658
46324 -2 -1.99658
46325 -2 -1.99658
46326 -1.98 -1.99658
46327 -1.98 -1.99658
46328 -1.98 -1.99658
46329 -2 -1.99658
46330 -1.98 -1.99658
46331 -2 -1.99658
46332 -2 -1.99658
46333 -2 -1.99658
46334 -2 -1.99658
46335 -2 -1.99658
46336 -2 -1.99658
46337 -2 -1.99658
46338 -2 -1.99658
46339 -2 -1.99658
46340 -2 -1.99658
46341 -1.98 -1.99658
46342 -1.98 -1.99658
46343 -1.98 -1.99658
46344 -1.98 -1.99658
46345 -2 -1.99658
46346 -2 -1.99658
46347 -1.98 -1.99658
46348 -1.98 -1.99658
46349 -1.98 -1.99658
46350 -1.98 -1.99658
46351 -1.98 -1.99658
46352 -2 -1.99658
46353 -2 -1.99658
46354 -2 -1.99658
46355 -1.98 -1.99658
46356 -2 -1.99658
46357 -2 -1.99658
46358 -2 -1.99658
46359 -2 -1.99658
46360 -2 -1.99658
46361 -2 -1.99658
46362 -2 -1.99658
46363 -2 -1.99658
46364 -2 -1.99658
46365 -2 -1.99658
46366 -2 -1.99658
46367 -2 -1.99658
46368 -2 -1.99658
46369 -2 -1.99658
46370 -2 -1.99658
46371 -1.98 -1.99658
46372 -2 -1.99658
46373 -2 -1.99658
46374 -2 -1.99658
46375 -2 -1.99658
46376 -2 -1.99658
46377 -2 -1.99658
46378 -2 -1.99658
46379 -2 -1.99658
46380 -2 -1.99658
46381 -2 -1.99658
46382 -2 -1.99658
46383 -2 -1.99658
46384 -2 -1.99658
46385 -2 -1.99658
46386 -2 -1.99658
46387 -2 -1.99658
46388 -2 -1.99658
46389 -2 -1.99658
46390 -2 -1.99658
46391 -2 -1.99658
46392 -2 -1.99658
46393 -2 -1.99658
46394 -2 -1.99658
46395 -2 -1.99658
46396 -2 -1.99658
46397 -2 -1.99658
46398 -2 -1.99658
46399 -2 -1.99658
46400 -1.98 -1.99658
46401 -1.98 -1.99658
46402 -1.98 -1.99658
46403 -1.98 -1.99658
46404 -2 -1.99658
46405 -2 -1.99658
46406 -2 -1.99658
46407 -2 -1.99658
46408 -2 -1.99658
46409 -2 -1.99658
46410 -1.97 -1.99658
46411 -1.98 -1.99658
46412 -1.98 -1.99658
46413 -2 -1.99658
46414 -2 -1.99658
46415 -2 -1.99658
46416 -2 -1.99658
46417 -2 -1.99658
46418 -2 -1.99658
46419 -2 -1.99658
46420 -2 -1.99658
46421 -1.98 -1.99658
46422 -2 -1.99658
46423 -2 -1.99658
46424 -2 -1.99658
46425 -2 -1.99658
46426 -2 -1.99658
46427 -2 -1.99658
46428 -2 -1.99658
46429 -2 -1.99658
46430 -1.98 -1.99658
46431 -1.98 -1.99658
46432 -2 -1.99658
46433 -2 -1.99658
46434 -2 -1.99658
46435 -2 -1.99658
46436 -2 -1.99658
46437 -2 -1.99658
46438 -2 -1.99658
46439 -2 -1.99658
46440 -2 -1.99658
46441 -2 -1.99658
46442 -2 -1.99658
46443 -2 -1.99658
46444 -2 -1.99658
46445 -2 -1.99658
46446 -2 -1.99658
46447 -2 -1.99658
46448 -2 -1.99658
46449 -2 -1.99658
46450 -2 -1.99658
46451 -2 -1.99658
46452 -1.98 -1.99658
46453 -2 -1.99658
46454 -2 -1.99658
46455 -2 -1.99658
46456 -2 -1.99658
46457 -2 -1.99658
46458 -2 -1.99658
46459 -2 -1.99658
46460 -2 -1.99658
46461 -2 -1.99658
46462 -2 -1.99658
46463 -1.98 -1.99658
46464 -2 -1.99658
46465 -2 -1.99658
46466 -1.98 -1.99658
46467 -1.98 -1.99658
46468 -1.97 -1.99658
46469 -2 -1.99658
46470 -2 -1.99658
46471 -2 -1.99658
46472 -2 -1.99658
46473 -2 -1.99658
46474 -2 -1.99658
46475 -2 -1.99658
46476 -2 -1.99658
46477 -2 -1.99658
46478 -2 -1.99658
46479 -2 -1.99658
46480 -2 -1.99658
46481 -2 -1.99658
46482 -2 -1.99658
46483 -2 -1.99658
46484 -2 -1.99658
46485 -2 -1.99658
46486 -2 -1.99658
46487 -2 -1.99658
46488 -1.98 -1.99658
46489 -2 -1.99658
46490 -2 -1.99658
46491 -2 -1.99658
46492 -2 -1.99658
46493 -2 -1.99658
46494 -2 -1.99658
46495 -1.98 -1.99658
46496 -1.98 -1.99658
46497 -2 -1.99658
46498 -2 -1.99658
46499 -2 -1.99658
46500 -2 -1.99658
46501 -2 -1.99658
46502 -2 -1.99658
46503 -2 -1.99658
46504 -2 -1.99658
46505 -2 -1.99658
46506 -2 -1.99658
46507 -2 -1.99658
46508 -2 -1.99658
46509 -2 -1.99658
46510 -1.98 -1.99658
46511 -1.98 -1.99658
46512 -2 -1.99658
46513 -2 -1.99658
46514 -1.98 -1.99658
46515 -2 -1.99658
46516 -2 -1.99658
46517 -2 -1.99658
46518 -2 -1.99658
46519 -2 -1.99658
46520 -2 -1.99658
46521 -2 -1.99658
46522 -1.98 -1.99658
46523 -2 -1.99658
46524 -2 -1.99658
46525 -2 -1.99658
46526 -2 -1.99658
46527 -2 -1.99658
46528 -2 -1.99658
46529 -2 -1.99658
46530 -2 -1.99658
46531 -2 -1.99658
46532 -2 -1.99658
46533 -2 -1.99658
46534 -2 -1.99658
46535 -2 -1.99658
46536 -2 -1.99658
46537 -2 -1.99658
46538 -2 -1.99658
46539 -2 -1.99658
46540 -2 -1.99658
46541 -2 -1.99658
46542 -2 -1.99658
46543 -1.98 -1.99658
46544 -2 -1.99658
46545 -2 -1.99658
46546 -2 -1.99658
46547 -2 -1.99658
46548 -2 -1.99658
46549 -2 -1.99658
46550 -1.98 -1.99658
46551 -2 -1.99658
46552 -2 -1.99658
46553 -2 -1.99658
46554 -2 -1.99658
46555 -2 -1.99658
46556 -1.98 -1.99658
46557 -1.98 -1.99658
46558 -2 -1.99658
46559 -2 -1.99658
46560 -1.98 -1.99658
46561 -2 -1.99658
46562 -2 -1.99658
46563 -2 -1.99658
46564 -2 -1.99658
46565 -2 -1.99658
46566 -1.98 -1.99658
46567 -1.98 -1.99658
46568 -2 -1.99658
46569 -2 -1.99658
46570 -1.98 -1.99658
46571 -2 -1.99658
46572 -2 -1.99658
46573 -1.98 -1.99658
46574 -1.98 -1.99658
46575 -2 -1.99658
46576 -2 -1.99658
46577 -1.98 -1.99658
46578 -2 -1.99658
46579 -2 -1.99658
46580 -2 -1.99658
46581 -2 -1.99658
46582 -2 -1.99658
46583 -2 -1.99658
46584 -1.98 -1.99658
46585 -1.98 -1.99658
46586 -1.98 -1.99658
46587 -1.96 -1.99658
46588 -2 -1.99658
46589 -2 -1.99658
46590 -2 -1.99658
46591 -2 -1.99658
46592 -2 -1.99658
46593 -2 -1.99658
46594 -2 -1.99658
46595 -2 -1.99658
46596 -2 -1.99658
46597 -2 -1.99658
46598 -2 -1.99658
46599 -2 -1.99658
46600 -2 -1.99658
46601 -2 -1.99658
46602 -1.98 -1.99658
46603 -1.98 -1.99658
46604 -1.98 -1.99658
46605 -1.98 -1.99658
46606 -2 -1.99658
46607 -2 -1.99658
46608 -2 -1.99658
46609 -2 -1.99658
46610 -2 -1.99658
46611 -2 -1.99658
46612 -2 -1.99658
46613 -2 -1.99658
46614 -2 -1.99658
46615 -2 -1.99658
46616 -2 -1.99658
46617 -1.98 -1.99658
46618 -1.98 -1.99658
46619 -2 -1.99658
46620 -2 -1.99658
46621 -2 -1.99658
46622 -2 -1.99658
46623 -2 -1.99658
46624 -2 -1.99658
46625 -2 -1.99658
46626 -2 -1.99658
46627 -2 -1.99658
46628 -2 -1.99658
46629 -2 -1.99658
46630 -2 -1.99658
46631 -1.98 -1.99658
46632 -2 -1.99658
46633 -2 -1.99658
46634 -2 -1.99658
46635 -2 -1.99658
46636 -2 -1.99658
46637 -2 -1.99658
46638 -2 -1.99658
46639 -2 -1.99658
46640 -2 -1.99658
46641 -2 -1.99658
46642 -2 -1.99658
46643 -2 -1.99658
46644 -2 -1.99658
46645 -1.98 -1.99658
46646 -2 -1.99658
46647 -2 -1.99658
46648 -2 -1.99658
46649 -2 -1.99658
46650 -2 -1.99658
46651 -2 -1.99658
46652 -2 -1.99658
46653 -2 -1.99658
46654 -2 -1.99658
46655 -2 -1.99658
46656 -2 -1.99658
46657 -2 -1.99658
46658 -2 -1.99658
46659 -2 -1.99658
46660 -2 -1.99658
46661 -2 -1.99658
46662 -2 -1.99658
46663 -2 -1.99658
46664 -2 -1.99658
46665 -2 -1.99658
46666 -2 -1.99658
46667 -1.98 -1.99658
46668 -1.98 -1.99658
46669 -1.98 -1.99658
46670 -1.98 -1.99658
46671 -1.98 -1.99658
46672 -1.98 -1.99658
46673 -2 -1.99658
46674 -2 -1.99658
46675 -2 -1.99658
46676 -2 -1.99658
46677 -2 -1.99658
46678 -2 -1.99658
46679 -2 -1.99658
46680 -2 -1.99658
46681 -2 -1.99658
46682 -2 -1.99658
46683 -2 -1.99658
46684 -2 -1.99658
46685 -2 -1.99658
46686 -1.98 -1.99658
46687 -1.98 -1.99658
46688 -2 -1.99658
46689 -1.98 -1.99658
46690 -2 -1.99658
46691 -2 -1.99658
46692 -2 -1.99658
46693 -2 -1.99658
46694 -2 -1.99658
46695 -2 -1.99658
46696 -2 -1.99658
46697 -2 -1.99658
46698 -2 -1.99658
46699 -1.98 -1.99658
46700 -2 -1.99658
46701 -2 -1.99658
46702 -2 -1.99658
46703 -2 -1.99658
46704 -2 -1.99658
46705 -1.98 -1.99658
46706 -1.98 -1.99658
46707 -2 -1.99658
46708 -2 -1.99658
46709 -2 -1.99658
46710 -2 -1.99658
46711 -2 -1.99658
46712 -1.98 -1.99658
46713 -2 -1.99658
46714 -2 -1.99658
46715 -2 -1.99658
46716 -2 -1.99658
46717 -2 -1.99658
46718 -2 -1.99658
46719 -2 -1.99658
46720 -2 -1.99658
46721 -2 -1.99658
46722 -1.98 -1.99658
46723 -2 -1.99658
46724 -2 -1.99658
46725 -2 -1.99658
46726 -2 -1.99658
46727 -2 -1.99658
46728 -2 -1.99658
46729 -2 -1.99658
46730 -2 -1.99658
46731 -2 -1.99658
46732 -2 -1.99658
46733 -2 -1.99658
46734 -2 -1.99658
46735 -2 -1.99658
46736 -2 -1.99658
46737 -2 -1.99658
46738 -2 -1.99658
46739 -2 -1.99658
46740 -2 -1.99658
46741 -2 -1.99658
46742 -2 -1.99658
46743 -2 -1.99658
46744 -2 -1.99658
46745 -1.98 -1.99658
46746 -1.98 -1.99658
46747 -2 -1.99658
46748 -2 -1.99658
46749 -2 -1.99658
46750 -2 -1.99658
46751 -2 -1.99658
46752 -2 -1.99658
46753 -2 -1.99658
46754 -2 -1.99658
46755 -2 -1.99658
46756 -2 -1.99658
46757 -2 -1.99658
46758 -2 -1.99658
46759 -1.98 -1.99658
46760 -2 -1.99658
46761 -2 -1.99658
46762 -2 -1.99658
46763 -2 -1.99658
46764 -2 -1.99658
46765 -2 -1.99658
46766 -2 -1.99658
46767 -2 -1.99658
46768 -2 -1.99658
46769 -2 -1.99658
46770 -2 -1.99658
46771 -2 -1.99658
46772 -2 -1.99658
46773 -2 -1.99658
46774 -2 -1.99658
46775 -1.98 -1.99658
46776 -2 -1.99658
46777 -2 -1.99658
46778 -2 -1.99658
46779 -2 -1.99658
46780 -2 -1.99658
46781 -1.98 -1.99658
46782 -2 -1.99658
46783 -1.98 -1.99658
46784 -2 -1.99658
46785 -2 -1.99658
46786 -2 -1.99658
46787 -2 -1.99658
46788 -2 -1.99658
46789 -1.98 -1.99658
46790 -2 -1.99658
46791 -2 -1.99658
46792 -2 -1.99658
46793 -2 -1.99658
46794 -2 -1.99658
46795 -2 -1.99658
46796 -2 -1.99658
46797 -2 -1.99658
46798 -2 -1.99658
46799 -2 -1.99658
46800 -2 -1.99658
46801 -2 -1.99658
46802 -2 -1.99658
46803 -2 -1.99658
46804 -2 -1.99658
46805 -2 -1.99658
46806 -2 -1.99658
46807 -2 -1.99658
46808 -2 -1.99658
46809 -2 -1.99658
46810 -2 -1.99658
46811 -2 -1.99658
46812 -2 -1.99658
46813 -2 -1.99658
46814 -2 -1.99658
46815 -2 -1.99658
46816 -2 -1.99658
46817 -2 -1.99658
46818 -2 -1.99658
46819 -2 -1.99658
46820 -1.98 -1.99658
46821 -2 -1.99658
46822 -2 -1.99658
46823 -2 -1.99658
46824 -2 -1.99658
46825 -2 -1.99658
46826 -2 -1.99658
46827 -2 -1.99658
46828 -2 -1.99658
46829 -2 -1.99658
46830 -2 -1.99658
46831 -2 -1.99658
46832 -2 -1.99658
46833 -2 -1.99658
46834 -1.98 -1.99658
46835 -1.98 -1.99658
46836 -2 -1.99658
46837 -2 -1.99658
46838 -2 -1.99658
46839 -2 -1.99658
46840 -2 -1.99658
46841 -2 -1.99658
46842 -2 -1.99658
46843 -2 -1.99658
46844 -2 -1.99658
46845 -2 -1.99658
46846 -1.98 -1.99658
46847 -1.98 -1.99658
46848 -1.98 -1.99658
46849 -2 -1.99658
46850 -2 -1.99658
46851 -2 -1.99658
46852 -2 -1.99658
46853 -2 -1.99658
46854 -2 -1.99658
46855 -2 -1.99658
46856 -2 -1.99658
46857 -2 -1.99658
46858 -2 -1.99658
46859 -2 -1.99658
46860 -2 -1.99658
46861 -2 -1.99658
46862 -2 -1.99658
46863 -2 -1.99658
46864 -2 -1.99658
46865 -2 -1.99658
46866 -1.98 -1.99658
46867 -2 -1.99658
46868 -2 -1.99658
46869 -2 -1.99658
46870 -2 -1.99658
46871 -2 -1.99658
46872 -2 -1.99658
46873 -2 -1.99658
46874 -2 -1.99658
46875 -2 -1.99658
46876 -2 -1.99658
46877 -2 -1.99658
46878 -2 -1.99658
46879 -2 -1.99658
46880 -2 -1.99658
46881 -1.98 -1.99658
46882 -2 -1.99658
46883 -2 -1.99658
46884 -2 -1.99658
46885 -2 -1.99658
46886 -2 -1.99658
46887 -2 -1.99658
46888 -2 -1.99658
46889 -2 -1.99658
46890 -2 -1.99658
46891 -2 -1.99658
46892 -2 -1.99658
46893 -2 -1.99658
46894 -2 -1.99658
46895 -2 -1.99658
46896 -2 -1.99658
46897 -1.98 -1.99658
46898 -1.98 -1.99658
46899 -2 -1.99658
46900 -2 -1.99658
46901 -2 -1.99658
46902 -2 -1.99658
46903 -2 -1.99658
46904 -2 -1.99658
46905 -2 -1.99658
46906 -2 -1.99658
46907 -2 -1.99658
46908 -2 -1.99658
46909 -2 -1.99658
46910 -2 -1.99658
46911 -2 -1.99658
46912 -1.98 -1.99658
46913 -2 -1.99658
46914 -2 -1.99658
46915 -2 -1.99658
46916 -2 -1.99658
46917 -2 -1.99658
46918 -2 -1.99658
46919 -2 -1.99659
46920 -1.98 -1.99658
46921 -1.98 -1.99658
46922 -2 -1.99658
46923 -2 -1.99658
46924 -2 -1.99658
46925 -2 -1.99658
46926 -2 -1.99658
46927 -2 -1.99658
46928 -2 -1.99658
46929 -2 -1.99658
46930 -2 -1.99658
46931 -2 -1.99659
46932 -2 -1.99659
46933 -1.98 -1.99658
46934 -1.98 -1.99658
46935 -1.98 -1.99658
46936 -1.98 -1.99658
46937 -2 -1.99658
46938 -2 -1.99658
46939 -2 -1.99658
46940 -2 -1.99658
46941 -2 -1.99658
46942 -2 -1.99658
46943 -2 -1.99658
46944 -2 -1.99658
46945 -2 -1.99658
46946 -2 -1.99658
46947 -2 -1.99658
46948 -1.98 -1.99658
46949 -2 -1.99658
46950 -2 -1.99658
46951 -2 -1.99658
46952 -2 -1.99658
46953 -2 -1.99658
46954 -2 -1.99658
46955 -1.98 -1.99658
46956 -1.98 -1.99658
46957 -2 -1.99658
46958 -2 -1.99658
46959 -2 -1.99658
46960 -2 -1.99658
46961 -1.98 -1.99658
46962 -1.98 -1.99658
46963 -1.98 -1.99658
46964 -2 -1.99658
46965 -2 -1.99658
46966 -2 -1.99658
46967 -2 -1.99658
46968 -2 -1.99658
46969 -1.98 -1.99658
46970 -2 -1.99658
46971 -2 -1.99658
46972 -2 -1.99658
46973 -2 -1.99658
46974 -2 -1.99658
46975 -2 -1.99658
46976 -2 -1.99658
46977 -2 -1.99658
46978 -2 -1.99658
46979 -2 -1.99658
46980 -2 -1.99658
46981 -2 -1.99658
46982 -2 -1.99658
46983 -2 -1.99658
46984 -2 -1.99658
46985 -2 -1.99658
46986 -2 -1.99658
46987 -2 -1.99658
46988 -1.98 -1.99658
46989 -1.96 -1.99658
46990 -1.98 -1.99658
46991 -1.98 -1.99658
46992 -1.98 -1.99658
46993 -2 -1.99658
46994 -2 -1.99658
46995 -2 -1.99658
46996 -2 -1.99658
46997 -1.98 -1.99658
46998 -1.98 -1.99658
46999 -1.98 -1.99658
47000 -1.98 -1.99658
47001 -2 -1.99658
47002 -2 -1.99658
47003 -2 -1.99658
47004 -2 -1.99658
47005 -2 -1.99658
47006 -2 -1.99658
47007 -2 -1.99658
47008 -2 -1.99658
47009 -2 -1.99658
47010 -2 -1.99658
47011 -2 -1.99658
47012 -1.98 -1.99658
47013 -2 -1.99658
47014 -2 -1.99658
47015 -2 -1.99658
47016 -2 -1.99658
47017 -2 -1.99658
47018 -2 -1.99658
47019 -2 -1.99658
47020 -2 -1.99658
47021 -2 -1.99658
47022 -2 -1.99658
47023 -2 -1.99658
47024 -2 -1.99658
47025 -2 -1.99658
47026 -2 -1.99658
47027 -2 -1.99658
47028 -2 -1.99658
47029 -2 -1.99658
47030 -1.98 -1.99658
47031 -1.98 -1.99658
47032 -2 -1.99658
47033 -2 -1.99658
47034 -1.98 -1.99658
47035 -1.98 -1.99658
47036 -2 -1.99658
47037 -2 -1.99658
47038 -1.95 -1.99658
47039 -2 -1.99658
47040 -2 -1.99658
47041 -2 -1.99658
47042 -2 -1.99658
47043 -2 -1.99658
47044 -2 -1.99658
47045 -2 -1.99658
47046 -2 -1.99658
47047 -2 -1.99658
47048 -2 -1.99658
47049 -2 -1.99658
47050 -2 -1.99658
47051 -2 -1.99658
47052 -1.98 -1.99658
47053 -2 -1.99658
47054 -2 -1.99658
47055 -2 -1.99658
47056 -2 -1.99658
47057 -2 -1.99658
47058 -2 -1.99658
47059 -2 -1.99658
47060 -2 -1.99658
47061 -2 -1.99658
47062 -2 -1.99658
47063 -2 -1.99658
47064 -2 -1.99658
47065 -2 -1.99658
47066 -2 -1.99658
47067 -1.98 -1.99658
47068 -2 -1.99658
47069 -2 -1.99658
47070 -2 -1.99658
47071 -2 -1.99658
47072 -2 -1.99658
47073 -1.98 -1.99658
47074 -2 -1.99658
47075 -2 -1.99658
47076 -2 -1.99658
47077 -2 -1.99658
47078 -2 -1.99658
47079 -2 -1.99658
47080 -2 -1.99658
47081 -1.98 -1.99658
47082 -1.98 -1.99658
47083 -2 -1.99658
47084 -2 -1.99658
47085 -2 -1.99658
47086 -2 -1.99658
47087 -2 -1.99658
47088 -2 -1.99658
47089 -2 -1.99658
47090 -2 -1.99658
47091 -2 -1.99658
47092 -2 -1.99658
47093 -2 -1.99658
47094 -2 -1.99658
47095 -2 -1.99658
47096 -2 -1.99658
47097 -2 -1.99658
47098 -2 -1.99658
47099 -2 -1.99658
47100 -2 -1.99658
47101 -2 -1.99658
47102 -2 -1.99658
47103 -2 -1.99658
47104 -2 -1.99658
47105 -2 -1.99658
47106 -2 -1.99658
47107 -2 -1.99658
47108 -2 -1.99658
47109 -2 -1.99658
47110 -2 -1.99658
47111 -2 -1.99658
47112 -2 -1.99658
47113 -2 -1.99658
47114 -2 -1.99658
47115 -2 -1.99658
47116 -2 -1.99658
47117 -2 -1.99658
47118 -2 -1.99658
47119 -2 -1.99658
47120 -2 -1.99658
47121 -2 -1.99658
47122 -2 -1.99658
47123 -2 -1.99658
47124 -2 -1.99658
47125 -2 -1.99658
47126 -2 -1.99658
47127 -2 -1.99659
47128 -2 -1.99659
47129 -2 -1.99659
47130 -2 -1.99659
47131 -2 -1.99659
47132 -1.98 -1.99658
47133 -2 -1.99659
47134 -2 -1.99659
47135 -2 -1.99659
47136 -2 -1.99659
47137 -2 -1.99659
47138 -2 -1.99659
47139 -2 -1.99659
47140 -2 -1.99659
47141 -2 -1.99659
47142 -2 -1.99659
47143 -2 -1.99659
47144 -2 -1.99659
47145 -2 -1.99659
47146 -1.98 -1.99659
47147 -1.98 -1.99659
47148 -2 -1.99659
47149 -2 -1.99659
47150 -2 -1.99659
47151 -1.98 -1.99659
47152 -1.98 -1.99658
47153 -2 -1.99658
47154 -1.98 -1.99658
47155 -2 -1.99658
47156 -2 -1.99658
47157 -2 -1.99658
47158 -2 -1.99658
47159 -2 -1.99658
47160 -2 -1.99658
47161 -2 -1.99658
47162 -2 -1.99659
47163 -2 -1.99659
47164 -2 -1.99659
47165 -2 -1.99659
47166 -2 -1.99659
47167 -1.98 -1.99658
47168 -2 -1.99659
47169 -2 -1.99659
47170 -2 -1.99659
47171 -2 -1.99659
47172 -2 -1.99659
47173 -2 -1.99659
47174 -1.98 -1.99659
47175 -1.97 -1.99658
47176 -1.98 -1.99658
47177 -1.98 -1.99658
47178 -2 -1.99658
47179 -2 -1.99658
47180 -2 -1.99658
47181 -2 -1.99658
47182 -2 -1.99658
47183 -1.98 -1.99658
47184 -1.98 -1.99658
47185 -1.98 -1.99658
47186 -1.98 -1.99658
47187 -2 -1.99658
47188 -2 -1.99658
47189 -2 -1.99658
47190 -1.98 -1.99658
47191 -1.96 -1.99658
47192 -2 -1.99658
47193 -1.98 -1.99658
47194 -1.98 -1.99658
47195 -2 -1.99658
47196 -2 -1.99658
47197 -2 -1.99658
47198 -2 -1.99658
47199 -2 -1.99658
47200 -2 -1.99658
47201 -2 -1.99658
47202 -2 -1.99658
47203 -2 -1.99658
47204 -2 -1.99658
47205 -2 -1.99658
47206 -1.98 -1.99658
47207 -1.98 -1.99658
47208 -1.98 -1.99658
47209 -1.98 -1.99658
47210 -2 -1.99658
47211 -2 -1.99658
47212 -2 -1.99658
47213 -2 -1.99658
47214 -2 -1.99658
47215 -2 -1.99658
47216 -2 -1.99658
47217 -2 -1.99658
47218 -2 -1.99658
47219 -2 -1.99658
47220 -2 -1.99658
47221 -2 -1.99658
47222 -2 -1.99658
47223 -2 -1.99658
47224 -2 -1.99658
47225 -2 -1.99658
47226 -2 -1.99658
47227 -2 -1.99658
47228 -2 -1.99658
47229 -2 -1.99658
47230 -2 -1.99658
47231 -2 -1.99658
47232 -2 -1.99658
47233 -2 -1.99658
47234 -2 -1.99658
47235 -2 -1.99658
47236 -2 -1.99658
47237 -1.98 -1.99658
47238 -1.98 -1.99658
47239 -2 -1.99658
47240 -2 -1.99658
47241 -2 -1.99658
47242 -2 -1.99658
47243 -2 -1.99658
47244 -2 -1.99658
47245 -2 -1.99658
47246 -2 -1.99658
47247 -2 -1.99658
47248 -2 -1.99658
47249 -2 -1.99658
47250 -2 -1.99658
47251 -1.98 -1.99658
47252 -2 -1.99658
47253 -1.97 -1.99658
47254 -1.95 -1.99658
47255 -1.97 -1.99658
47256 -2 -1.99658
47257 -2 -1.99658
47258 -2 -1.99658
47259 -2 -1.99658
47260 -2 -1.99658
47261 -2 -1.99658
47262 -2 -1.99658
47263 -2 -1.99658
47264 -2 -1.99658
47265 -2 -1.99658
47266 -2 -1.99658
47267 -2 -1.99658
47268 -1.98 -1.99658
47269 -2 -1.99658
47270 -2 -1.99658
47271 -2 -1.99658
47272 -2 -1.99658
47273 -2 -1.99658
47274 -2 -1.99658
47275 -2 -1.99658
47276 -2 -1.99658
47277 -2 -1.99658
47278 -2 -1.99658
47279 -1.98 -1.99658
47280 -2 -1.99658
47281 -2 -1.99658
47282 -2 -1.99658
47283 -1.98 -1.99658
47284 -1.98 -1.99658
47285 -1.98 -1.99658
47286 -1.98 -1.99658
47287 -1.98 -1.99658
47288 -1.98 -1.99658
47289 -2 -1.99658
47290 -2 -1.99658
47291 -2 -1.99658
47292 -2 -1.99658
47293 -1.98 -1.99658
47294 -2 -1.99658
47295 -2 -1.99658
47296 -2 -1.99658
47297 -2 -1.99658
47298 -2 -1.99658
47299 -2 -1.99658
47300 -2 -1.99658
47301 -2 -1.99658
47302 -2 -1.99658
47303 -2 -1.99658
47304 -2 -1.99658
47305 -2 -1.99658
47306 -2 -1.99658
47307 -2 -1.99658
47308 -2 -1.99658
47309 -2 -1.99658
47310 -2 -1.99658
47311 -2 -1.99658
47312 -2 -1.99658
47313 -1.98 -1.99658
47314 -2 -1.99658
47315 -2 -1.99658
47316 -2 -1.99658
47317 -2 -1.99658
47318 -1.98 -1.99658
47319 -2 -1.99658
47320 -2 -1.99658
47321 -2 -1.99658
47322 -1.98 -1.99658
47323 -2 -1.99658
47324 -2 -1.99658
47325 -2 -1.99658
47326 -1.98 -1.99658
47327 -2 -1.99658
47328 -2 -1.99658
47329 -2 -1.99658
47330 -2 -1.99658
47331 -2 -1.99658
47332 -2 -1.99658
47333 -2 -1.99658
47334 -2 -1.99658
47335 -2 -1.99658
47336 -2 -1.99658
47337 -2 -1.99658
47338 -2 -1.99658
47339 -2 -1.99658
47340 -2 -1.99658
47341 -2 -1.99658
47342 -2 -1.99658
47343 -2 -1.99658
47344 -2 -1.99658
47345 -1.98 -1.99658
47346 -1.98 -1.99658
47347 -2 -1.99658
47348 -2 -1.99658
47349 -2 -1.99658
47350 -1.98 -1.99658
47351 -2 -1.99658
47352 -2 -1.99658
47353 -2 -1.99658
47354 -2 -1.99658
47355 -2 -1.99658
47356 -2 -1.99658
47357 -2 -1.99658
47358 -2 -1.99658
47359 -2 -1.99658
47360 -1.98 -1.99658
47361 -1.98 -1.99658
47362 -1.98 -1.99658
47363 -1.98 -1.99658
47364 -2 -1.99658
47365 -2 -1.99658
47366 -2 -1.99658
47367 -2 -1.99658
47368 -2 -1.99658
47369 -2 -1.99658
47370 -2 -1.99658
47371 -1.98 -1.99658
47372 -1.98 -1.99658
47373 -2 -1.99658
47374 -2 -1.99658
47375 -2 -1.99658
47376 -2 -1.99658
47377 -2 -1.99658
47378 -2 -1.99658
47379 -2 -1.99658
47380 -2 -1.99658
47381 -2 -1.99658
47382 -1.98 -1.99658
47383 -1.98 -1.99658
47384 -2 -1.99658
47385 -2 -1.99658
47386 -2 -1.99658
47387 -2 -1.99658
47388 -2 -1.99658
47389 -2 -1.99658
47390 -2 -1.99658
47391 -2 -1.99658
47392 -2 -1.99658
47393 -2 -1.99658
47394 -2 -1.99658
47395 -2 -1.99658
47396 -2 -1.99658
47397 -2 -1.99658
47398 -2 -1.99658
47399 -2 -1.99658
47400 -2 -1.99658
47401 -2 -1.99658
47402 -2 -1.99658
47403 -1.98 -1.99658
47404 -1.96 -1.99658
47405 -1.94 -1.99658
47406 -1.96 -1.99658
47407 -1.98 -1.99658
47408 -2 -1.99658
47409 -2 -1.99658
47410 -2 -1.99658
47411 -2 -1.99658
47412 -2 -1.99658
47413 -2 -1.99658
47414 -2 -1.99658
47415 -2 -1.99658
47416 -2 -1.99658
47417 -2 -1.99658
47418 -2 -1.99658
47419 -2 -1.99658
47420 -2 -1.99658
47421 -2 -1.99658
47422 -2 -1.99658
47423 -2 -1.99658
47424 -2 -1.99658
47425 -2 -1.99658
47426 -2 -1.99658
47427 -2 -1.99658
47428 -2 -1.99658
47429 -2 -1.99658
47430 -2 -1.99658
47431 -2 -1.99658
47432 -2 -1.99658
47433 -2 -1.99658
47434 -1.98 -1.99658
47435 -1.98 -1.99658
47436 -1.98 -1.99658
47437 -1.96 -1.99658
47438 -1.98 -1.99658
47439 -2 -1.99658
47440 -2 -1.99658
47441 -1.98 -1.99658
47442 -2 -1.99658
47443 -2 -1.99658
47444 -2 -1.99658
47445 -2 -1.99658
47446 -2 -1.99658
47447 -2 -1.99658
47448 -2 -1.99658
47449 -2 -1.99658
47450 -2 -1.99658
47451 -2 -1.99658
47452 -2 -1.99658
47453 -2 -1.99658
47454 -2 -1.99658
47455 -2 -1.99658
47456 -2 -1.99658
47457 -2 -1.99658
47458 -2 -1.99658
47459 -2 -1.99658
47460 -2 -1.99658
47461 -2 -1.99658
47462 -2 -1.99658
47463 -2 -1.99658
47464 -2 -1.99658
47465 -1.98 -1.99658
47466 -2 -1.99658
47467 -2 -1.99658
47468 -2 -1.99658
47469 -2 -1.99658
47470 -2 -1.99658
47471 -2 -1.99658
47472 -2 -1.99658
47473 -2 -1.99658
47474 -2 -1.99658
47475 -2 -1.99658
47476 -2 -1.99658
47477 -1.98 -1.99658
47478 -2 -1.99658
47479 -2 -1.99658
47480 -2 -1.99658
47481 -2 -1.99658
47482 -2 -1.99658
47483 -2 -1.99658
47484 -2 -1.99658
47485 -2 -1.99658
47486 -2 -1.99658
47487 -2 -1.99658
47488 -2 -1.99658
47489 -2 -1.99658
47490 -2 -1.99658
47491 -2 -1.99658
47492 -2 -1.99658
47493 -2 -1.99658
47494 -2 -1.99658
47495 -2 -1.99658
47496 -2 -1.99658
47497 -2 -1.99658
47498 -2 -1.99658
47499 -2 -1.99658
47500 -2 -1.99658
47501 -2 -1.99658
47502 -2 -1.99658
47503 -2 -1.99658
47504 -2 -1.99658
47505 -2 -1.99658
47506 -2 -1.99658
47507 -2 -1.99658
47508 -2 -1.99658
47509 -1.98 -1.99658
47510 -1.98 -1.99658
47511 -1.98 -1.99658
47512 -1.96 -1.99658
47513 -1.98 -1.99658
47514 -1.98 -1.99658
47515 -1.98 -1.99658
47516 -2 -1.99658
47517 -2 -1.99658
47518 -2 -1.99658
47519 -2 -1.99658
47520 -1.96 -1.99658
47521 -1.98 -1.99658
47522 -1.97 -1.99658
47523 -1.98 -1.99658
47524 -2 -1.99658
47525 -2 -1.99658
47526 -2 -1.99658
47527 -2 -1.99658
47528 -2 -1.99658
47529 -2 -1.99658
47530 -2 -1.99658
47531 -2 -1.99658
47532 -2 -1.99658
47533 -2 -1.99658
47534 -1.98 -1.99658
47535 -2 -1.99658
47536 -2 -1.99658
47537 -2 -1.99658
47538 -2 -1.99658
47539 -2 -1.99658
47540 -2 -1.99658
47541 -2 -1.99658
47542 -2 -1.99658
47543 -2 -1.99658
47544 -2 -1.99658
47545 -2 -1.99658
47546 -2 -1.99658
47547 -1.98 -1.99658
47548 -1.96 -1.99658
47549 -2 -1.99658
47550 -2 -1.99658
47551 -2 -1.99658
47552 -2 -1.99658
47553 -2 -1.99658
47554 -2 -1.99658
47555 -2 -1.99658
47556 -2 -1.99658
47557 -2 -1.99658
47558 -2 -1.99658
47559 -2 -1.99658
47560 -1.98 -1.99658
47561 -1.98 -1.99658
47562 -2 -1.99658
47563 -2 -1.99658
47564 -2 -1.99658
47565 -2 -1.99658
47566 -2 -1.99658
47567 -2 -1.99658
47568 -2 -1.99658
47569 -2 -1.99658
47570 -2 -1.99658
47571 -2 -1.99658
47572 -2 -1.99658
47573 -2 -1.99658
47574 -2 -1.99658
47575 -2 -1.99658
47576 -2 -1.99658
47577 -2 -1.99658
47578 -2 -1.99658
47579 -2 -1.99658
47580 -2 -1.99658
47581 -2 -1.99658
47582 -2 -1.99658
47583 -2 -1.99658
47584 -2 -1.99658
47585 -2 -1.99658
47586 -2 -1.99658
47587 -2 -1.99658
47588 -2 -1.99658
47589 -2 -1.99658
47590 -2 -1.99658
47591 -1.98 -1.99658
47592 -2 -1.99658
47593 -2 -1.99658
47594 -2 -1.99658
47595 -2 -1.99658
47596 -2 -1.99658
47597 -2 -1.99658
47598 -2 -1.99658
47599 -2 -1.99658
47600 -2 -1.99658
47601 -2 -1.99658
47602 -2 -1.99658
47603 -2 -1.99658
47604 -2 -1.99658
47605 -2 -1.99658
47606 -2 -1.99658
47607 -2 -1.99658
47608 -2 -1.99658
47609 -2 -1.99658
47610 -2 -1.99658
47611 -2 -1.99658
47612 -2 -1.99658
47613 -2 -1.99658
47614 -2 -1.99658
47615 -2 -1.99658
47616 -2 -1.99658
47617 -2 -1.99658
47618 -2 -1.99658
47619 -1.98 -1.99658
47620 -2 -1.99658
47621 -2 -1.99658
47622 -2 -1.99658
47623 -2 -1.99658
47624 -2 -1.99658
47625 -2 -1.99658
47626 -2 -1.99658
47627 -2 -1.99658
47628 -2 -1.99658
47629 -2 -1.99658
47630 -2 -1.99658
47631 -2 -1.99658
47632 -2 -1.99658
47633 -2 -1.99658
47634 -2 -1.99658
47635 -2 -1.99658
47636 -2 -1.99658
47637 -2 -1.99658
47638 -2 -1.99658
47639 -1.98 -1.99658
47640 -1.98 -1.99658
47641 -2 -1.99658
47642 -2 -1.99658
47643 -2 -1.99658
47644 -2 -1.99658
47645 -2 -1.99658
47646 -2 -1.99658
47647 -2 -1.99658
47648 -2 -1.99658
47649 -2 -1.99658
47650 -2 -1.99658
47651 -1.98 -1.99658
47652 -2 -1.99658
47653 -2 -1.99658
47654 -1.97 -1.99658
47655 -1.98 -1.99658
47656 -2 -1.99658
47657 -2 -1.99658
47658 -2 -1.99658
47659 -2 -1.99658
47660 -2 -1.99658
47661 -2 -1.99658
47662 -2 -1.99658
47663 -2 -1.99658
47664 -1.98 -1.99658
47665 -2 -1.99658
47666 -2 -1.99658
47667 -2 -1.99658
47668 -2 -1.99658
47669 -2 -1.99658
47670 -2 -1.99658
47671 -2 -1.99658
47672 -2 -1.99658
47673 -2 -1.99658
47674 -2 -1.99658
47675 -2 -1.99658
47676 -2 -1.99658
47677 -2 -1.99658
47678 -2 -1.99658
47679 -2 -1.99658
47680 -2 -1.99658
47681 -2 -1.99658
47682 -2 -1.99658
47683 -1.98 -1.99658
47684 -1.98 -1.99658
47685 -2 -1.99658
47686 -2 -1.99658
47687 -2 -1.99658
47688 -2 -1.99658
47689 -2 -1.99658
47690 -2 -1.99658
47691 -2 -1.99658
47692 -2 -1.99658
47693 -2 -1.99658
47694 -2 -1.99658
47695 -2 -1.99658
47696 -2 -1.99658
47697 -2 -1.99658
47698 -2 -1.99658
47699 -2 -1.99658
47700 -2 -1.99658
47701 -2 -1.99658
47702 -2 -1.99658
47703 -2 -1.99658
47704 -2 -1.99658
47705 -1.98 -1.99658
47706 -2 -1.99658
47707 -2 -1.99658
47708 -2 -1.99658
47709 -2 -1.99658
47710 -2 -1.99658
47711 -2 -1.99658
47712 -2 -1.99658
47713 -2 -1.99658
47714 -2 -1.99658
47715 -2 -1.99658
47716 -2 -1.99658
47717 -2 -1.99658
47718 -2 -1.99658
47719 -2 -1.99658
47720 -2 -1.99658
47721 -2 -1.99658
47722 -2 -1.99658
47723 -2 -1.99658
47724 -2 -1.99658
47725 -2 -1.99658
47726 -1.98 -1.99658
47727 -1.96 -1.99658
47728 -1.98 -1.99658
47729 -2 -1.99658
47730 -2 -1.99658
47731 -2 -1.99658
47732 -2 -1.99658
47733 -2 -1.99658
47734 -1.98 -1.99658
47735 -1.98 -1.99658
47736 -1.98 -1.99658
47737 -2 -1.99658
47738 -2 -1.99658
47739 -2 -1.99658
47740 -2 -1.99658
47741 -2 -1.99658
47742 -2 -1.99658
47743 -2 -1.99658
47744 -1.98 -1.99658
47745 -1.98 -1.99658
47746 -1.98 -1.99658
47747 -1.96 -1.99658
47748 -2 -1.99658
47749 -2 -1.99658
47750 -2 -1.99658
47751 -2 -1.99658
47752 -2 -1.99658
47753 -2 -1.99658
47754 -2 -1.99658
47755 -2 -1.99658
47756 -2 -1.99658
47757 -1.98 -1.99658
47758 -2 -1.99658
47759 -2 -1.99658
47760 -2 -1.99658
47761 -2 -1.99658
47762 -2 -1.99658
47763 -2 -1.99658
47764 -1.98 -1.99658
47765 -2 -1.99658
47766 -2 -1.99658
47767 -2 -1.99658
47768 -2 -1.99658
47769 -1.98 -1.99658
47770 -1.98 -1.99658
47771 -2 -1.99658
47772 -2 -1.99658
47773 -2 -1.99658
47774 -2 -1.99658
47775 -2 -1.99658
47776 -2 -1.99658
47777 -1.98 -1.99658
47778 -2 -1.99658
47779 -2 -1.99658
47780 -2 -1.99658
47781 -1.96 -1.99658
47782 -1.98 -1.99658
47783 -1.98 -1.99658
47784 -1.98 -1.99658
47785 -1.98 -1.99658
47786 -2 -1.99658
47787 -2 -1.99658
47788 -1.98 -1.99658
47789 -2 -1.99658
47790 -2 -1.99658
47791 -2 -1.99658
47792 -2 -1.99658
47793 -2 -1.99658
47794 -1.98 -1.99658
47795 -2 -1.99658
47796 -2 -1.99658
47797 -2 -1.99658
47798 -1.98 -1.99658
47799 -1.97 -1.99658
47800 -2 -1.99658
47801 -2 -1.99658
47802 -2 -1.99658
47803 -2 -1.99658
47804 -2 -1.99658
47805 -2 -1.99658
47806 -2 -1.99658
47807 -2 -1.99658
47808 -2 -1.99658
47809 -2 -1.99658
47810 -2 -1.99658
47811 -2 -1.99658
47812 -2 -1.99658
47813 -2 -1.99658
47814 -2 -1.99658
47815 -2 -1.99658
47816 -1.98 -1.99658
47817 -1.98 -1.99658
47818 -2 -1.99658
47819 -2 -1.99658
47820 -2 -1.99658
47821 -2 -1.99658
47822 -2 -1.99658
47823 -2 -1.99658
47824 -1.98 -1.99658
47825 -1.98 -1.99658
47826 -1.98 -1.99658
47827 -2 -1.99658
47828 -2 -1.99658
47829 -2 -1.99658
47830 -2 -1.99658
47831 -2 -1.99658
47832 -2 -1.99658
47833 -2 -1.99658
47834 -2 -1.99658
47835 -2 -1.99658
47836 -2 -1.99658
47837 -2 -1.99658
47838 -2 -1.99658
47839 -2 -1.99658
47840 -2 -1.99658
47841 -2 -1.99658
47842 -1.98 -1.99658
47843 -1.98 -1.99658
47844 -1.98 -1.99658
47845 -2 -1.99658
47846 -1.98 -1.99658
47847 -1.98 -1.99658
47848 -2 -1.99658
47849 -2 -1.99658
47850 -2 -1.99658
47851 -2 -1.99658
47852 -2 -1.99658
47853 -1.98 -1.99658
47854 -2 -1.99658
47855 -2 -1.99658
47856 -2 -1.99658
47857 -2 -1.99658
47858 -2 -1.99658
47859 -2 -1.99658
47860 -1.98 -1.99658
47861 -2 -1.99658
47862 -1.95 -1.99658
47863 -2 -1.99658
47864 -2 -1.99658
47865 -2 -1.99658
47866 -2 -1.99658
47867 -2 -1.99658
47868 -2 -1.99658
47869 -2 -1.99658
47870 -2 -1.99658
47871 -2 -1.99658
47872 -2 -1.99658
47873 -2 -1.99658
47874 -2 -1.99658
47875 -2 -1.99658
47876 -2 -1.99658
47877 -2 -1.99658
47878 -2 -1.99658
47879 -2 -1.99658
47880 -1.98 -1.99658
47881 -2 -1.99658
47882 -2 -1.99658
47883 -2 -1.99658
47884 -2 -1.99658
47885 -2 -1.99658
47886 -2 -1.99658
47887 -1.98 -1.99658
47888 -2 -1.99658
47889 -2 -1.99658
47890 -2 -1.99658
47891 -2 -1.99658
47892 -2 -1.99658
47893 -2 -1.99658
47894 -2 -1.99658
47895 -1.98 -1.99658
47896 -2 -1.99658
47897 -2 -1.99658
47898 -2 -1.99658
47899 -2 -1.99658
47900 -2 -1.99658
47901 -2 -1.99658
47902 -2 -1.99658
47903 -2 -1.99658
47904 -2 -1.99658
47905 -2 -1.99658
47906 -2 -1.99658
47907 -2 -1.99658
47908 -2 -1.99658
47909 -2 -1.99658
47910 -1.98 -1.99658
47911 -2 -1.99658
47912 -1.97 -1.99658
47913 -2 -1.99658
47914 -2 -1.99658
47915 -2 -1.99658
47916 -1.98 -1.99658
47917 -2 -1.99658
47918 -2 -1.99658
47919 -2 -1.99658
47920 -2 -1.99658
47921 -2 -1.99658
47922 -2 -1.99658
47923 -2 -1.99658
47924 -2 -1.99658
47925 -2 -1.99658
47926 -2 -1.99658
47927 -2 -1.99658
47928 -2 -1.99658
47929 -2 -1.99658
47930 -2 -1.99658
47931 -2 -1.99658
47932 -2 -1.99658
47933 -2 -1.99658
47934 -2 -1.99658
47935 -2 -1.99658
47936 -2 -1.99658
47937 -2 -1.99658
47938 -2 -1.99658
47939 -2 -1.99658
47940 -2 -1.99658
47941 -2 -1.99658
47942 -2 -1.99658
47943 -2 -1.99658
47944 -2 -1.99658
47945 -2 -1.99658
47946 -2 -1.99658
47947 -1.98 -1.99658
47948 -2 -1.99658
47949 -2 -1.99658
47950 -2 -1.99658
47951 -2 -1.99658
47952 -2 -1.99658
47953 -2 -1.99658
47954 -2 -1.99658
47955 -2 -1.99658
47956 -2 -1.99658
47957 -2 -1.99658
47958 -1.98 -1.99658
47959 -2 -1.99658
47960 -1.98 -1.99658
47961 -2 -1.99658
47962 -2 -1.99658
47963 -2 -1.99658
47964 -1.98 -1.99658
47965 -2 -1.99658
47966 -2 -1.99658
47967 -2 -1.99658
47968 -2 -1.99658
47969 -2 -1.99658
47970 -2 -1.99658
47971 -2 -1.99658
47972 -2 -1.99658
47973 -2 -1.99658
47974 -2 -1.99658
47975 -2 -1.99658
47976 -2 -1.99658
47977 -2 -1.99658
47978 -2 -1.99658
47979 -2 -1.99658
47980 -1.98 -1.99658
47981 -2 -1.99658
47982 -2 -1.99658
47983 -2 -1.99658
47984 -2 -1.99658
47985 -2 -1.99658
47986 -2 -1.99658
47987 -2 -1.99658
47988 -2 -1.99658
47989 -2 -1.99658
47990 -2 -1.99658
47991 -2 -1.99658
47992 -2 -1.99658
47993 -2 -1.99658
47994 -2 -1.99658
47995 -2 -1.99658
47996 -2 -1.99658
47997 -2 -1.99658
47998 -2 -1.99658
47999 -2 -1.99658
48000 -2 -1.99658
48001 -2 -1.99658
48002 -2 -1.99658
48003 -2 -1.99658
48004 -2 -1.99658
48005 -2 -1.99658
48006 -2 -1.99658
48007 -2 -1.99658
48008 -2 -1.99658
48009 -1.98 -1.99658
48010 -1.98 -1.99658
48011 -2 -1.99658
48012 -2 -1.99658
48013 -1.98 -1.99658
48014 -2 -1.99658
48015 -2 -1.99658
48016 -2 -1.99658
48017 -2 -1.99658
48018 -2 -1.99658
48019 -2 -1.99658
48020 -2 -1.99658
48021 -2 -1.99658
48022 -2 -1.99658
48023 -1.98 -1.99658
48024 -1.98 -1.99658
48025 -2 -1.99658
48026 -2 -1.99658
48027 -1.98 -1.99658
48028 -1.98 -1.99658
48029 -2 -1.99658
48030 -2 -1.99658
48031 -2 -1.99658
48032 -2 -1.99658
48033 -2 -1.99658
48034 -2 -1.99658
48035 -2 -1.99658
48036 -1.98 -1.99658
48037 -2 -1.99658
48038 -2 -1.99658
48039 -2 -1.99658
48040 -1.98 -1.99658
48041 -1.98 -1.99658
48042 -1.98 -1.99658
48043 -2 -1.99658
48044 -2 -1.99658
48045 -2 -1.99658
48046 -2 -1.99658
48047 -2 -1.99658
48048 -2 -1.99658
48049 -2 -1.99658
48050 -2 -1.99658
48051 -2 -1.99658
48052 -2 -1.99658
48053 -2 -1.99658
48054 -2 -1.99658
48055 -2 -1.99658
48056 -2 -1.99658
48057 -1.98 -1.99658
48058 -1.98 -1.99658
48059 -1.98 -1.99658
48060 -2 -1.99658
48061 -2 -1.99658
48062 -2 -1.99658
48063 -1.98 -1.99658
48064 -2 -1.99658
48065 -2 -1.99658
48066 -2 -1.99658
48067 -2 -1.99658
48068 -1.98 -1.99658
48069 -2 -1.99658
48070 -2 -1.99658
48071 -2 -1.99658
48072 -2 -1.99658
48073 -2 -1.99658
48074 -2 -1.99658
48075 -2 -1.99658
48076 -2 -1.99658
48077 -2 -1.99658
48078 -2 -1.99658
48079 -2 -1.99658
48080 -2 -1.99658
48081 -2 -1.99658
48082 -2 -1.99658
48083 -2 -1.99658
48084 -2 -1.99658
48085 -2 -1.99658
48086 -2 -1.99658
48087 -1.98 -1.99658
48088 -2 -1.99658
48089 -2 -1.99658
48090 -2 -1.99658
48091 -2 -1.99658
48092 -2 -1.99658
48093 -2 -1.99658
48094 -2 -1.99658
48095 -2 -1.99658
48096 -2 -1.99658
48097 -2 -1.99658
48098 -2 -1.99658
48099 -2 -1.99658
48100 -2 -1.99658
48101 -1.98 -1.99658
48102 -2 -1.99658
48103 -2 -1.99658
48104 -2 -1.99658
48105 -2 -1.99658
48106 -2 -1.99658
48107 -2 -1.99658
48108 -2 -1.99658
48109 -2 -1.99658
48110 -2 -1.99658
48111 -2 -1.99658
48112 -1.98 -1.99658
48113 -1.98 -1.99658
48114 -2 -1.99658
48115 -2 -1.99658
48116 -2 -1.99658
48117 -2 -1.99658
48118 -2 -1.99658
48119 -2 -1.99658
48120 -2 -1.99658
48121 -2 -1.99658
48122 -2 -1.99658
48123 -1.97 -1.99658
48124 -2 -1.99658
48125 -2 -1.99658
48126 -2 -1.99658
48127 -2 -1.99658
48128 -2 -1.99658
48129 -2 -1.99658
48130 -2 -1.99658
48131 -2 -1.99658
48132 -2 -1.99658
48133 -1.98 -1.99658
48134 -1.95 -1.99658
48135 -1.98 -1.99658
48136 -1.95 -1.99658
48137 -1.98 -1.99658
48138 -2 -1.99658
48139 -2 -1.99658
48140 -2 -1.99658
48141 -2 -1.99658
48142 -2 -1.99658
48143 -2 -1.99658
48144 -2 -1.99658
48145 -2 -1.99658
48146 -2 -1.99658
48147 -2 -1.99658
48148 -2 -1.99658
48149 -2 -1.99658
48150 -2 -1.99658
48151 -2 -1.99658
48152 -2 -1.99658
48153 -2 -1.99658
48154 -2 -1.99658
48155 -2 -1.99658
48156 -2 -1.99658
48157 -2 -1.99658
48158 -2 -1.99658
48159 -2 -1.99658
48160 -2 -1.99658
48161 -2 -1.99658
48162 -2 -1.99658
48163 -2 -1.99658
48164 -2 -1.99658
48165 -2 -1.99658
48166 -2 -1.99658
48167 -2 -1.99658
48168 -2 -1.99658
48169 -2 -1.99658
48170 -2 -1.99658
48171 -2 -1.99658
48172 -2 -1.99658
48173 -2 -1.99658
48174 -2 -1.99658
48175 -2 -1.99658
48176 -2 -1.99658
48177 -2 -1.99658
48178 -2 -1.99658
48179 -2 -1.99658
48180 -2 -1.99658
48181 -2 -1.99658
48182 -2 -1.99658
48183 -2 -1.99658
48184 -2 -1.99658
48185 -2 -1.99658
48186 -2 -1.99658
48187 -2 -1.99658
48188 -2 -1.99658
48189 -2 -1.99658
48190 -2 -1.99658
48191 -2 -1.99658
48192 -2 -1.99658
48193 -2 -1.99658
48194 -2 -1.99658
48195 -2 -1.99658
48196 -2 -1.99658
48197 -2 -1.99658
48198 -2 -1.99658
48199 -2 -1.99658
48200 -2 -1.99658
48201 -2 -1.99658
48202 -2 -1.99658
48203 -2 -1.99658
48204 -2 -1.99658
48205 -2 -1.99658
48206 -2 -1.99658
48207 -2 -1.99658
48208 -2 -1.99658
48209 -2 -1.99658
48210 -2 -1.99658
48211 -2 -1.99658
48212 -2 -1.99658
48213 -2 -1.99658
48214 -1.98 -1.99658
48215 -2 -1.99658
48216 -2 -1.99658
48217 -2 -1.99658
48218 -2 -1.99658
48219 -2 -1.99658
48220 -2 -1.99658
48221 -2 -1.99658
48222 -2 -1.99658
48223 -2 -1.99658
48224 -2 -1.99658
48225 -2 -1.99658
48226 -2 -1.99658
48227 -1.98 -1.99658
48228 -1.98 -1.99658
48229 -1.97 -1.99658
48230 -2 -1.99658
48231 -2 -1.99658
48232 -2 -1.99658
48233 -2 -1.99658
48234 -2 -1.99658
48235 -2 -1.99658
48236 -2 -1.99658
48237 -1.98 -1.99658
48238 -2 -1.99658
48239 -1.98 -1.99658
48240 -2 -1.99658
48241 -2 -1.99658
48242 -2 -1.99658
48243 -2 -1.99658
48244 -2 -1.99658
48245 -2 -1.99658
48246 -2 -1.99658
48247 -2 -1.99658
48248 -2 -1.99658
48249 -2 -1.99658
48250 -2 -1.99658
48251 -2 -1.99658
48252 -2 -1.99658
48253 -1.98 -1.99658
48254 -2 -1.99658
48255 -2 -1.99658
48256 -2 -1.99658
48257 -2 -1.99658
48258 -2 -1.99658
48259 -2 -1.99658
48260 -2 -1.99658
48261 -2 -1.99658
48262 -2 -1.99658
48263 -2 -1.99658
48264 -2 -1.99658
48265 -2 -1.99658
48266 -2 -1.99658
48267 -1.98 -1.99658
48268 -1.98 -1.99658
48269 -2 -1.99658
48270 -2 -1.99658
48271 -2 -1.99658
48272 -2 -1.99658
48273 -2 -1.99658
48274 -2 -1.99658
48275 -2 -1.99658
48276 -2 -1.99658
48277 -2 -1.99658
48278 -2 -1.99658
48279 -2 -1.99658
48280 -2 -1.99658
48281 -2 -1.99658
48282 -2 -1.99658
48283 -2 -1.99658
48284 -2 -1.99658
48285 -2 -1.99658
48286 -2 -1.99658
48287 -2 -1.99658
48288 -2 -1.99658
48289 -2 -1.99659
48290 -2 -1.99659
48291 -2 -1.99659
48292 -2 -1.99659
48293 -2 -1.99659
48294 -2 -1.99659
48295 -2 -1.99659
48296 -2 -1.99659
48297 -2 -1.99659
48298 -2 -1.99659
48299 -2 -1.99659
48300 -2 -1.99659
48301 -2 -1.99659
48302 -2 -1.99659
48303 -2 -1.99659
48304 -2 -1.99659
48305 -2 -1.99659
48306 -1.98 -1.99659
48307 -2 -1.99659
48308 -2 -1.99659
48309 -2 -1.99659
48310 -2 -1.99659
48311 -2 -1.99659
48312 -2 -1.99659
48313 -2 -1.99659
48314 -2 -1.99659
48315 -2 -1.99659
48316 -2 -1.99659
48317 -2 -1.99659
48318 -2 -1.99659
48319 -2 -1.99659
48320 -2 -1.99659
48321 -2 -1.99659
48322 -2 -1.99659
48323 -2 -1.99659
48324 -2 -1.99659
48325 -2 -1.99659
48326 -2 -1.99659
48327 -1.98 -1.99659
48328 -2 -1.99659
48329 -2 -1.99659
48330 -1.98 -1.99659
48331 -1.96 -1.99659
48332 -2 -1.99659
48333 -2 -1.99659
48334 -2 -1.99659
48335 -2 -1.99659
48336 -1.98 -1.99659
48337 -2 -1.99659
48338 -2 -1.99659
48339 -2 -1.99659
48340 -2 -1.99659
48341 -2 -1.99659
48342 -2 -1.99659
48343 -2 -1.99659
48344 -2 -1.99659
48345 -2 -1.99659
48346 -1.98 -1.99659
48347 -1.98 -1.99659
48348 -1.98 -1.99659
48349 -1.98 -1.99659
48350 -2 -1.99659
48351 -2 -1.99659
48352 -2 -1.99659
48353 -2 -1.99659
48354 -1.98 -1.99659
48355 -2 -1.99659
48356 -2 -1.99659
48357 -2 -1.99659
48358 -2 -1.99659
48359 -2 -1.99659
48360 -2 -1.99659
48361 -2 -1.99659
48362 -2 -1.99659
48363 -2 -1.99659
48364 -2 -1.99659
48365 -2 -1.99659
48366 -2 -1.99659
48367 -2 -1.99659
48368 -2 -1.99659
48369 -2 -1.99659
48370 -2 -1.99659
48371 -2 -1.99659
48372 -2 -1.99659
48373 -2 -1.99659
48374 -2 -1.99659
48375 -2 -1.99659
48376 -2 -1.99659
48377 -2 -1.99659
48378 -2 -1.99659
48379 -2 -1.99659
48380 -2 -1.99659
48381 -2 -1.99659
48382 -2 -1.99659
48383 -2 -1.99659
48384 -2 -1.99659
48385 -2 -1.99659
48386 -2 -1.99659
48387 -2 -1.99659
48388 -2 -1.99659
48389 -2 -1.99659
48390 -2 -1.99659
48391 -2 -1.99659
48392 -2 -1.99659
48393 -2 -1.99659
48394 -2 -1.99659
48395 -2 -1.99659
48396 -2 -1.99659
48397 -2 -1.99659
48398 -2 -1.99659
48399 -2 -1.99659
48400 -2 -1.99659
48401 -2 -1.99659
48402 -1.98 -1.99659
48403 -2 -1.99659
48404 -2 -1.99659
48405 -2 -1.99659
48406 -2 -1.99659
48407 -2 -1.99659
48408 -2 -1.99659
48409 -2 -1.99659
48410 -2 -1.99659
48411 -2 -1.99659
48412 -2 -1.99659
48413 -2 -1.99659
48414 -2 -1.99659
48415 -2 -1.99659
48416 -2 -1.99659
48417 -2 -1.99659
48418 -2 -1.99659
48419 -2 -1.99659
48420 -2 -1.99659
48421 -2 -1.99659
48422 -2 -1.99659
48423 -2 -1.99659
48424 -2 -1.99659
48425 -2 -1.99659
48426 -2 -1.99659
48427 -2 -1.99659
48428 -2 -1.99659
48429 -2 -1.99659
48430 -2 -1.99659
48431 -2 -1.99659
48432 -2 -1.99659
48433 -1.98 -1.99659
48434 -2 -1.99659
48435 -2 -1.99659
48436 -2 -1.99659
48437 -2 -1.99659
48438 -2 -1.99659
48439 -2 -1.99659
48440 -1.98 -1.99659
48441 -2 -1.99659
48442 -2 -1.99659
48443 -2 -1.99659
48444 -2 -1.99659
48445 -2 -1.99659
48446 -2 -1.99659
48447 -2 -1.99659
48448 -2 -1.99659
48449 -2 -1.99659
48450 -2 -1.99659
48451 -2 -1.99659
48452 -2 -1.99659
48453 -1.98 -1.99659
48454 -1.98 -1.99659
48455 -1.98 -1.99659
48456 -1.97 -1.99659
48457 -1.98 -1.99659
48458 -2 -1.99659
48459 -2 -1.99659
48460 -2 -1.99659
48461 -2 -1.99659
48462 -2 -1.99659
48463 -2 -1.99659
48464 -1.98 -1.99659
48465 -1.98 -1.99659
48466 -2 -1.99659
48467 -2 -1.99659
48468 -2 -1.99659
48469 -2 -1.99659
48470 -2 -1.99659
48471 -2 -1.99659
48472 -2 -1.99659
48473 -2 -1.99659
48474 -2 -1.99659
48475 -1.98 -1.99659
48476 -1.98 -1.99659
48477 -2 -1.99659
48478 -2 -1.99659
48479 -2 -1.99659
48480 -2 -1.99659
48481 -2 -1.99659
48482 -2 -1.99659
48483 -2 -1.99659
48484 -2 -1.99659
48485 -2 -1.99659
48486 -2 -1.99659
48487 -2 -1.99659
48488 -2 -1.99659
48489 -2 -1.99659
48490 -2 -1.99659
48491 -2 -1.99659
48492 -2 -1.99659
48493 -2 -1.99659
48494 -2 -1.99659
48495 -2 -1.99659
48496 -2 -1.99659
48497 -2 -1.99659
48498 -2 -1.99659
48499 -2 -1.99659
48500 -2 -1.99659
48501 -2 -1.99659
48502 -2 -1.99659
48503 -2 -1.99659
48504 -2 -1.99659
48505 -2 -1.99659
48506 -2 -1.99659
48507 -2 -1.99659
48508 -1.98 -1.99659
48509 -2 -1.99659
48510 -2 -1.99659
48511 -2 -1.99659
48512 -2 -1.99659
48513 -1.98 -1.99659
48514 -2 -1.99659
48515 -2 -1.99659
48516 -2 -1.99659
48517 -2 -1.99659
48518 -2 -1.99659
48519 -2 -1.99659
48520 -2 -1.99659
48521 -2 -1.99659
48522 -2 -1.99659
48523 -2 -1.99659
48524 -2 -1.99659
48525 -2 -1.99659
48526 -2 -1.99659
48527 -2 -1.99659
48528 -2 -1.99659
48529 -2 -1.99659
48530 -2 -1.99659
48531 -2 -1.99659
48532 -2 -1.99659
48533 -2 -1.99659
48534 -2 -1.99659
48535 -2 -1.99659
48536 -2 -1.99659
48537 -2 -1.99659
48538 -1.97 -1.99659
48539 -2 -1.99659
48540 -2 -1.99659
48541 -2 -1.99659
48542 -2 -1.99659
48543 -2 -1.99659
48544 -2 -1.99659
48545 -2 -1.99659
48546 -2 -1.99659
48547 -2 -1.99659
48548 -2 -1.99659
48549 -2 -1.99659
48550 -2 -1.99659
48551 -1.98 -1.99659
48552 -2 -1.99659
48553 -2 -1.99659
48554 -2 -1.99659
48555 -2 -1.99659
48556 -2 -1.99659
48557 -2 -1.99659
48558 -2 -1.99659
48559 -2 -1.99659
48560 -2 -1.99659
48561 -1.98 -1.99659
48562 -1.98 -1.99659
48563 -2 -1.99659
48564 -2 -1.99659
48565 -2 -1.99659
48566 -2 -1.99659
48567 -1.98 -1.99659
48568 -2 -1.99659
48569 -2 -1.99659
48570 -2 -1.99659
48571 -2 -1.99659
48572 -2 -1.99659
48573 -2 -1.99659
48574 -2 -1.99659
48575 -2 -1.99659
48576 -2 -1.99659
48577 -2 -1.99659
48578 -2 -1.99659
48579 -2 -1.99659
48580 -2 -1.99659
48581 -2 -1.99659
48582 -2 -1.99659
48583 -2 -1.99659
48584 -1.98 -1.99659
48585 -1.98 -1.99659
48586 -1.97 -1.99659
48587 -1.97 -1.99659
48588 -1.97 -1.99659
48589 -1.95 -1.99659
48590 -1.98 -1.99659
48591 -1.98 -1.99659
48592 -2 -1.99659
48593 -2 -1.99659
48594 -1.97 -1.99659
48595 -1.97 -1.99659
48596 -2 -1.99659
48597 -2 -1.99659
48598 -2 -1.99659
48599 -1.98 -1.99659
48600 -2 -1.99659
48601 -2 -1.99659
48602 -2 -1.99659
48603 -2 -1.99659
48604 -2 -1.99659
48605 -2 -1.99659
48606 -1.98 -1.99659
48607 -2 -1.99659
48608 -2 -1.99659
48609 -2 -1.99659
48610 -2 -1.99659
48611 -2 -1.99659
48612 -2 -1.99659
48613 -2 -1.99659
48614 -1.98 -1.99659
48615 -2 -1.99659
48616 -1.98 -1.99659
48617 -1.98 -1.99659
48618 -1.98 -1.99659
48619 -1.98 -1.99659
48620 -2 -1.99659
48621 -2 -1.99659
48622 -2 -1.99659
48623 -2 -1.99659
48624 -2 -1.99659
48625 -2 -1.99659
48626 -1.98 -1.99659
48627 -1.98 -1.99659
48628 -2 -1.99659
48629 -2 -1.99659
48630 -2 -1.99659
48631 -2 -1.99659
48632 -2 -1.99659
48633 -2 -1.99659
48634 -2 -1.99659
48635 -2 -1.99659
48636 -2 -1.99659
48637 -2 -1.99659
48638 -2 -1.99659
48639 -2 -1.99659
48640 -2 -1.99659
48641 -2 -1.99659
48642 -2 -1.99659
48643 -2 -1.99659
48644 -2 -1.99659
48645 -2 -1.99659
48646 -2 -1.99659
48647 -1.98 -1.99659
48648 -2 -1.99659
48649 -1.98 -1.99659
48650 -2 -1.99659
48651 -2 -1.99659
48652 -2 -1.99659
48653 -2 -1.99659
48654 -2 -1.99659
48655 -2 -1.99659
48656 -2 -1.99659
48657 -2 -1.99659
48658 -2 -1.99659
48659 -2 -1.99659
48660 -2 -1.99659
48661 -2 -1.99659
48662 -2 -1.99659
48663 -2 -1.99659
48664 -2 -1.99659
48665 -2 -1.99659
48666 -2 -1.99659
48667 -2 -1.99659
48668 -2 -1.99659
48669 -2 -1.99659
48670 -2 -1.99659
48671 -2 -1.99659
48672 -2 -1.99659
48673 -2 -1.99659
48674 -2 -1.99659
48675 -2 -1.99659
48676 -2 -1.99659
48677 -2 -1.99659
48678 -2 -1.99659
48679 -2 -1.99659
48680 -2 -1.99659
48681 -2 -1.99659
48682 -2 -1.99659
48683 -2 -1.99659
48684 -2 -1.99659
48685 -2 -1.99659
48686 -2 -1.99659
48687 -2 -1.99659
48688 -2 -1.99659
48689 -2 -1.99659
48690 -2 -1.99659
48691 -2 -1.99659
48692 -2 -1.99659
48693 -2 -1.99659
48694 -2 -1.99659
48695 -2 -1.99659
48696 -1.98 -1.99659
48697 -1.98 -1.99659
48698 -2 -1.99659
48699 -2 -1.99659
48700 -2 -1.99659
48701 -2 -1.99659
48702 -2 -1.99659
48703 -2 -1.99659
48704 -2 -1.99659
48705 -2 -1.99659
48706 -2 -1.99659
48707 -2 -1.99659
48708 -2 -1.99659
48709 -2 -1.99659
48710 -2 -1.99659
48711 -2 -1.99659
48712 -2 -1.99659
48713 -2 -1.99659
48714 -2 -1.99659
48715 -2 -1.99659
48716 -2 -1.99659
48717 -2 -1.99659
48718 -2 -1.99659
48719 -2 -1.99659
48720 -2 -1.99659
48721 -2 -1.99659
48722 -2 -1.99659
48723 -2 -1.99659
48724 -2 -1.99659
48725 -2 -1.99659
48726 -2 -1.99659
48727 -2 -1.99659
48728 -2 -1.99659
48729 -2 -1.99659
48730 -2 -1.99659
48731 -2 -1.99659
48732 -2 -1.99659
48733 -2 -1.99659
48734 -2 -1.99659
48735 -2 -1.99659
48736 -2 -1.99659
48737 -2 -1.99659
48738 -2 -1.99659
48739 -2 -1.99659
48740 -2 -1.99659
48741 -2 -1.99659
48742 -2 -1.99659
48743 -2 -1.99659
48744 -2 -1.99659
48745 -2 -1.99659
48746 -2 -1.99659
48747 -2 -1.99659
48748 -2 -1.99659
48749 -2 -1.99659
48750 -2 -1.99659
48751 -2 -1.99659
48752 -2 -1.99659
48753 -2 -1.99659
48754 -2 -1.99659
48755 -2 -1.99659
48756 -2 -1.99659
48757 -2 -1.99659
48758 -2 -1.99659
48759 -2 -1.99659
48760 -2 -1.99659
48761 -2 -1.99659
48762 -2 -1.99659
48763 -2 -1.99659
48764 -2 -1.99659
48765 -2 -1.99659
48766 -2 -1.99659
48767 -2 -1.99659
48768 -2 -1.99659
48769 -2 -1.99659
48770 -2 -1.99659
48771 -2 -1.99659
48772 -2 -1.9966
48773 -2 -1.9966
48774 -2 -1.9966
48775 -2 -1.9966
48776 -2 -1.9966
48777 -2 -1.9966
48778 -2 -1.9966
48779 -2 -1.9966
48780 -2 -1.9966
48781 -2 -1.9966
48782 -2 -1.9966
48783 -2 -1.9966
48784 -2 -1.9966
48785 -2 -1.9966
48786 -2 -1.9966
48787 -2 -1.9966
48788 -2 -1.9966
48789 -2 -1.9966
48790 -2 -1.9966
48791 -2 -1.9966
48792 -2 -1.9966
48793 -2 -1.9966
48794 -2 -1.9966
48795 -1.98 -1.9966
48796 -2 -1.9966
48797 -2 -1.9966
48798 -2 -1.9966
48799 -2 -1.9966
48800 -2 -1.9966
48801 -2 -1.9966
48802 -1.98 -1.9966
48803 -1.98 -1.9966
48804 -2 -1.9966
48805 -2 -1.9966
48806 -2 -1.9966
48807 -2 -1.9966
48808 -2 -1.9966
48809 -2 -1.9966
48810 -2 -1.9966
48811 -2 -1.9966
48812 -1.98 -1.9966
48813 -1.96 -1.9966
48814 -2 -1.9966
48815 -2 -1.9966
48816 -2 -1.9966
48817 -2 -1.9966
48818 -2 -1.9966
48819 -2 -1.9966
48820 -2 -1.9966
48821 -2 -1.9966
48822 -2 -1.9966
48823 -2 -1.9966
48824 -2 -1.9966
48825 -1.98 -1.9966
48826 -1.98 -1.9966
48827 -1.98 -1.9966
48828 -2 -1.9966
48829 -1.98 -1.99659
48830 -2 -1.99659
48831 -2 -1.9966
48832 -2 -1.9966
48833 -2 -1.9966
48834 -2 -1.9966
48835 -1.98 -1.99659
48836 -2 -1.99659
48837 -2 -1.9966
48838 -2 -1.9966
48839 -2 -1.9966
48840 -2 -1.9966
48841 -2 -1.9966
48842 -2 -1.9966
48843 -2 -1.9966
48844 -2 -1.9966
48845 -2 -1.9966
48846 -1.98 -1.9966
48847 -2 -1.9966
48848 -2 -1.9966
48849 -2 -1.9966
48850 -2 -1.9966
48851 -2 -1.9966
48852 -2 -1.9966
48853 -2 -1.9966
48854 -2 -1.9966
48855 -2 -1.9966
48856 -2 -1.9966
48857 -2 -1.9966
48858 -2 -1.9966
48859 -2 -1.9966
48860 -2 -1.9966
48861 -2 -1.9966
48862 -2 -1.9966
48863 -2 -1.9966
48864 -2 -1.9966
48865 -2 -1.9966
48866 -2 -1.9966
48867 -2 -1.9966
48868 -1.96 -1.9966
48869 -2 -1.9966
48870 -2 -1.9966
48871 -2 -1.9966
48872 -2 -1.9966
48873 -2 -1.9966
48874 -2 -1.9966
48875 -2 -1.9966
48876 -2 -1.9966
48877 -2 -1.9966
48878 -1.98 -1.9966
48879 -1.98 -1.9966
48880 -2 -1.9966
48881 -2 -1.9966
48882 -2 -1.9966
48883 -1.98 -1.9966
48884 -2 -1.9966
48885 -1.98 -1.9966
48886 -1.98 -1.9966
48887 -2 -1.9966
48888 -2 -1.9966
48889 -2 -1.9966
48890 -2 -1.9966
48891 -2 -1.9966
48892 -1.98 -1.9966
48893 -2 -1.9966
48894 -1.98 -1.99659
48895 -1.98 -1.99659
48896 -1.98 -1.99659
48897 -1.98 -1.99659
48898 -1.98 -1.99659
48899 -1.96 -1.99659
48900 -1.96 -1.99659
48901 -1.96 -1.99659
48902 -2 -1.99659
48903 -2 -1.99659
48904 -2 -1.99659
48905 -2 -1.99659
48906 -2 -1.99659
48907 -2 -1.99659
48908 -2 -1.99659
48909 -2 -1.99659
48910 -2 -1.99659
48911 -2 -1.99659
48912 -2 -1.99659
48913 -2 -1.99659
48914 -2 -1.99659
48915 -2 -1.99659
48916 -2 -1.99659
48917 -1.98 -1.99659
48918 -2 -1.99659
48919 -2 -1.99659
48920 -2 -1.99659
48921 -2 -1.99659
48922 -2 -1.99659
48923 -2 -1.99659
48924 -2 -1.99659
48925 -2 -1.99659
48926 -2 -1.99659
48927 -2 -1.99659
48928 -2 -1.99659
48929 -2 -1.99659
48930 -2 -1.99659
48931 -2 -1.99659
48932 -2 -1.99659
48933 -2 -1.99659
48934 -2 -1.99659
48935 -2 -1.99659
48936 -2 -1.99659
48937 -2 -1.99659
48938 -2 -1.99659
48939 -2 -1.99659
48940 -2 -1.99659
48941 -2 -1.99659
48942 -2 -1.99659
48943 -2 -1.99659
48944 -2 -1.99659
48945 -2 -1.99659
48946 -2 -1.99659
48947 -2 -1.99659
48948 -2 -1.99659
48949 -2 -1.99659
48950 -1.98 -1.99659
48951 -1.98 -1.99659
48952 -1.98 -1.99659
48953 -2 -1.99659
48954 -2 -1.99659
48955 -2 -1.99659
48956 -2 -1.99659
48957 -2 -1.99659
48958 -1.98 -1.99659
48959 -1.98 -1.99659
48960 -1.98 -1.99659
48961 -1.98 -1.99659
48962 -1.98 -1.99659
48963 -2 -1.99659
48964 -2 -1.99659
48965 -2 -1.99659
48966 -2 -1.99659
48967 -2 -1.99659
48968 -2 -1.99659
48969 -1.98 -1.99659
48970 -2 -1.99659
48971 -2 -1.99659
48972 -2 -1.99659
48973 -2 -1.99659
48974 -2 -1.99659
48975 -2 -1.99659
48976 -2 -1.99659
48977 -2 -1.99659
48978 -2 -1.99659
48979 -2 -1.99659
48980 -1.98 -1.99659
48981 -1.96 -1.99659
48982 -2 -1.99659
48983 -2 -1.99659
48984 -2 -1.99659
48985 -2 -1.99659
48986 -2 -1.99659
48987 -1.98 -1.99659
48988 -1.98 -1.99659
48989 -1.98 -1.99659
48990 -2 -1.99659
48991 -2 -1.99659
48992 -2 -1.99659
48993 -2 -1.99659
48994 -2 -1.99659
48995 -2 -1.99659
48996 -1.98 -1.99659
48997 -1.98 -1.99659
48998 -2 -1.99659
48999 -2 -1.99659
49000 -2 -1.99659
49001 -2 -1.99659
49002 -2 -1.99659
49003 -2 -1.99659
49004 -2 -1.99659
49005 -2 -1.99659
49006 -2 -1.99659
49007 -2 -1.99659
49008 -2 -1.99659
49009 -2 -1.99659
49010 -2 -1.99659
49011 -2 -1.99659
49012 -2 -1.99659
49013 -2 -1.99659
49014 -2 -1.99659
49015 -2 -1.99659
49016 -2 -1.99659
49017 -2 -1.99659
49018 -2 -1.99659
49019 -2 -1.99659
49020 -2 -1.99659
49021 -2 -1.99659
49022 -2 -1.99659
49023 -2 -1.99659
49024 -2 -1.99659
49025 -2 -1.99659
49026 -2 -1.99659
49027 -2 -1.99659
49028 -2 -1.99659
49029 -2 -1.99659
49030 -2 -1.99659
49031 -2 -1.99659
49032 -2 -1.99659
49033 -2 -1.99659
49034 -2 -1.99659
49035 -2 -1.99659
49036 -2 -1.99659
49037 -2 -1.99659
49038 -2 -1.99659
49039 -1.98 -1.99659
49040 -1.98 -1.99659
49041 -2 -1.99659
49042 -2 -1.99659
49043 -2 -1.99659
49044 -2 -1.99659
49045 -2 -1.99659
49046 -2 -1.99659
49047 -2 -1.99659
49048 -2 -1.99659
49049 -2 -1.99659
49050 -2 -1.99659
49051 -1.98 -1.99659
49052 -1.98 -1.99659
49053 -1.98 -1.99659
49054 -2 -1.99659
49055 -2 -1.99659
49056 -2 -1.99659
49057 -2 -1.99659
49058 -2 -1.99659
49059 -2 -1.99659
49060 -2 -1.99659
49061 -2 -1.99659
49062 -2 -1.99659
49063 -2 -1.99659
49064 -2 -1.99659
49065 -2 -1.99659
49066 -2 -1.99659
49067 -2 -1.99659
49068 -2 -1.99659
49069 -2 -1.99659
49070 -1.98 -1.99659
49071 -1.98 -1.99659
49072 -2 -1.99659
49073 -1.98 -1.99659
49074 -1.98 -1.99659
49075 -2 -1.99659
49076 -2 -1.99659
49077 -1.98 -1.99659
49078 -2 -1.99659
49079 -2 -1.99659
49080 -2 -1.99659
49081 -1.97 -1.99659
49082 -1.98 -1.99659
49083 -2 -1.99659
49084 -2 -1.99659
49085 -2 -1.99659
49086 -2 -1.99659
49087 -2 -1.99659
49088 -1.98 -1.99659
49089 -2 -1.99659
49090 -2 -1.99659
49091 -2 -1.99659
49092 -2 -1.99659
49093 -2 -1.99659
49094 -2 -1.99659
49095 -2 -1.99659
49096 -2 -1.99659
49097 -2 -1.99659
49098 -2 -1.99659
49099 -2 -1.99659
49100 -2 -1.99659
49101 -2 -1.99659
49102 -2 -1.99659
49103 -2 -1.99659
49104 -1.98 -1.99659
49105 -1.98 -1.99659
49106 -1.98 -1.99659
49107 -2 -1.99659
49108 -2 -1.99659
49109 -2 -1.99659
49110 -2 -1.99659
49111 -2 -1.99659
49112 -2 -1.99659
49113 -2 -1.99659
49114 -2 -1.99659
49115 -2 -1.99659
49116 -2 -1.99659
49117 -2 -1.99659
49118 -2 -1.99659
49119 -2 -1.99659
49120 -2 -1.99659
49121 -2 -1.99659
49122 -2 -1.99659
49123 -1.98 -1.99659
49124 -2 -1.99659
49125 -2 -1.99659
49126 -2 -1.99659
49127 -2 -1.99659
49128 -2 -1.99659
49129 -2 -1.99659
49130 -2 -1.99659
49131 -1.98 -1.99659
49132 -2 -1.99659
49133 -2 -1.99659
49134 -2 -1.99659
49135 -2 -1.99659
49136 -2 -1.99659
49137 -2 -1.99659
49138 -2 -1.99659
49139 -2 -1.99659
49140 -2 -1.99659
49141 -2 -1.99659
49142 -2 -1.99659
49143 -2 -1.99659
49144 -2 -1.99659
49145 -2 -1.99659
49146 -1.98 -1.99659
49147 -2 -1.99659
49148 -2 -1.99659
49149 -2 -1.99659
49150 -2 -1.99659
49151 -2 -1.99659
49152 -2 -1.99659
49153 -2 -1.99659
49154 -2 -1.99659
49155 -1.98 -1.99659
49156 -1.98 -1.99659
49157 -1.98 -1.99659
49158 -2 -1.99659
49159 -2 -1.99659
49160 -2 -1.99659
49161 -2 -1.99659
49162 -2 -1.99659
49163 -1.98 -1.99659
49164 -1.96 -1.99659
49165 -1.98 -1.99659
49166 -1.98 -1.99659
49167 -1.98 -1.99659
49168 -2 -1.99659
49169 -2 -1.99659
49170 -2 -1.99659
49171 -2 -1.99659
49172 -1.98 -1.99659
49173 -1.98 -1.99659
49174 -1.96 -1.99659
49175 -2 -1.99659
49176 -1.98 -1.99659
49177 -2 -1.99659
49178 -2 -1.99659
49179 -2 -1.99659
49180 -1.98 -1.99659
49181 -1.95 -1.99659
49182 -1.96 -1.99659
49183 -1.97 -1.99659
49184 -2 -1.99659
49185 -2 -1.99659
49186 -2 -1.99659
49187 -2 -1.99659
49188 -2 -1.99659
49189 -2 -1.99659
49190 -2 -1.99659
49191 -2 -1.99659
49192 -2 -1.99659
49193 -2 -1.99659
49194 -2 -1.99659
49195 -2 -1.99659
49196 -2 -1.99659
49197 -2 -1.99659
49198 -2 -1.99659
49199 -2 -1.99659
49200 -2 -1.99659
49201 -1.98 -1.99659
49202 -2 -1.99659
49203 -2 -1.99659
49204 -2 -1.99659
49205 -1.98 -1.99659
49206 -1.96 -1.99659
49207 -1.96 -1.99659
49208 -1.98 -1.99659
49209 -2 -1.99659
49210 -2 -1.99659
49211 -2 -1.99659
49212 -2 -1.99659
49213 -2 -1.99659
49214 -2 -1.99659
49215 -2 -1.99659
49216 -2 -1.99659
49217 -2 -1.99659
49218 -2 -1.99659
49219 -2 -1.99659
49220 -2 -1.99659
49221 -2 -1.99659
49222 -2 -1.99659
49223 -1.98 -1.99659
49224 -2 -1.99659
49225 -2 -1.99659
49226 -2 -1.99659
49227 -2 -1.99659
49228 -2 -1.99659
49229 -2 -1.99659
49230 -2 -1.99659
49231 -2 -1.99659
49232 -2 -1.99659
49233 -2 -1.99659
49234 -2 -1.99659
49235 -2 -1.99659
49236 -2 -1.99659
49237 -2 -1.99659
49238 -2 -1.99659
49239 -2 -1.99659
49240 -2 -1.99659
49241 -2 -1.99659
49242 -1.98 -1.99659
49243 -2 -1.99659
49244 -2 -1.99659
49245 -2 -1.99659
49246 -2 -1.99659
49247 -2 -1.99659
49248 -1.98 -1.99659
49249 -1.98 -1.99659
49250 -2 -1.99659
49251 -1.98 -1.99659
49252 -2 -1.99659
49253 -1.98 -1.99659
49254 -1.97 -1.99659
49255 -1.98 -1.99659
49256 -1.98 -1.99659
49257 -2 -1.99659
49258 -2 -1.99659
49259 -2 -1.99659
49260 -1.98 -1.99659
49261 -1.98 -1.99658
49262 -2 -1.99659
49263 -2 -1.99659
49264 -2 -1.99659
49265 -2 -1.99659
49266 -2 -1.99659
49267 -2 -1.99659
49268 -2 -1.99659
49269 -2 -1.99659
49270 -2 -1.99659
49271 -2 -1.99659
49272 -2 -1.99659
49273 -2 -1.99659
49274 -2 -1.99659
49275 -2 -1.99659
49276 -2 -1.99659
49277 -2 -1.99659
49278 -2 -1.99659
49279 -2 -1.99659
49280 -2 -1.99659
49281 -2 -1.99659
49282 -1.98 -1.99659
49283 -2 -1.99659
49284 -1.98 -1.99659
49285 -1.98 -1.99659
49286 -1.98 -1.99659
49287 -2 -1.99659
49288 -2 -1.99659
49289 -2 -1.99659
49290 -2 -1.99659
49291 -2 -1.99659
49292 -2 -1.99659
49293 -2 -1.99659
49294 -2 -1.99659
49295 -1.98 -1.99659
49296 -2 -1.99659
49297 -2 -1.99659
49298 -2 -1.99659
49299 -2 -1.99659
49300 -2 -1.99659
49301 -2 -1.99659
49302 -2 -1.99659
49303 -1.98 -1.99659
49304 -2 -1.99659
49305 -2 -1.99659
49306 -1.98 -1.99659
49307 -1.98 -1.99658
49308 -2 -1.99659
49309 -2 -1.99659
49310 -2 -1.99659
49311 -2 -1.99659
49312 -2 -1.99659
49313 -2 -1.99659
49314 -2 -1.99659
49315 -2 -1.99659
49316 -2 -1.99659
49317 -1.98 -1.99659
49318 -1.98 -1.99658
49319 -1.97 -1.99658
49320 -1.98 -1.99658
49321 -2 -1.99658
49322 -1.98 -1.99658
49323 -1.98 -1.99658
49324 -2 -1.99658
49325 -2 -1.99658
49326 -2 -1.99658
49327 -2 -1.99658
49328 -1.98 -1.99658
49329 -1.98 -1.99658
49330 -2 -1.99658
49331 -2 -1.99658
49332 -2 -1.99658
49333 -2 -1.99658
49334 -2 -1.99658
49335 -2 -1.99658
49336 -2 -1.99658
49337 -2 -1.99658
49338 -2 -1.99658
49339 -2 -1.99658
49340 -2 -1.99658
49341 -2 -1.99658
49342 -2 -1.99658
49343 -2 -1.99658
49344 -2 -1.99658
49345 -1.98 -1.99658
49346 -1.98 -1.99658
49347 -2 -1.99658
49348 -2 -1.99658
49349 -2 -1.99658
49350 -2 -1.99658
49351 -2 -1.99658
49352 -2 -1.99658
49353 -2 -1.99658
49354 -2 -1.99658
49355 -2 -1.99658
49356 -2 -1.99658
49357 -2 -1.99658
49358 -2 -1.99658
49359 -1.98 -1.99658
49360 -1.98 -1.99658
49361 -1.98 -1.99658
49362 -2 -1.99658
49363 -2 -1.99658
49364 -1.98 -1.99658
49365 -2 -1.99658
49366 -2 -1.99658
49367 -2 -1.99658
49368 -2 -1.99658
49369 -2 -1.99658
49370 -2 -1.99658
49371 -2 -1.99658
49372 -2 -1.99658
49373 -2 -1.99658
49374 -2 -1.99658
49375 -2 -1.99658
49376 -2 -1.99658
49377 -2 -1.99658
49378 -2 -1.99658
49379 -2 -1.99658
49380 -2 -1.99658
49381 -2 -1.99658
49382 -2 -1.99658
49383 -2 -1.99658
49384 -2 -1.99658
49385 -2 -1.99658
49386 -2 -1.99658
49387 -2 -1.99658
49388 -2 -1.99658
49389 -2 -1.99658
49390 -2 -1.99658
49391 -2 -1.99658
49392 -2 -1.99658
49393 -2 -1.99659
49394 -2 -1.99659
49395 -2 -1.99659
49396 -2 -1.99659
49397 -2 -1.99659
49398 -1.98 -1.99658
49399 -1.98 -1.99658
49400 -2 -1.99658
49401 -2 -1.99658
49402 -2 -1.99658
49403 -2 -1.99658
49404 -2 -1.99658
49405 -2 -1.99659
49406 -2 -1.99659
49407 -2 -1.99659
49408 -2 -1.99659
49409 -2 -1.99659
49410 -2 -1.99659
49411 -2 -1.99659
49412 -2 -1.99659
49413 -2 -1.99659
49414 -2 -1.99659
49415 -2 -1.99659
49416 -2 -1.99659
49417 -2 -1.99659
49418 -2 -1.99659
49419 -2 -1.99659
49420 -2 -1.99659
49421 -2 -1.99659
49422 -2 -1.99659
49423 -2 -1.99659
49424 -2 -1.99659
49425 -2 -1.99659
49426 -2 -1.99659
49427 -2 -1.99659
49428 -2 -1.99659
49429 -2 -1.99659
49430 -2 -1.99659
49431 -2 -1.99659
49432 -2 -1.99659
49433 -2 -1.99659
49434 -2 -1.99659
49435 -2 -1.99659
49436 -2 -1.99659
49437 -2 -1.99659
49438 -2 -1.99659
49439 -2 -1.99659
49440 -2 -1.99659
49441 -2 -1.99659
49442 -2 -1.99659
49443 -2 -1.99659
49444 -2 -1.99659
49445 -2 -1.99659
49446 -2 -1.99659
49447 -2 -1.99659
49448 -1.98 -1.99659
49449 -2 -1.99659
49450 -2 -1.99659
49451 -1.98 -1.99659
49452 -2 -1.99659
49453 -2 -1.99659
49454 -2 -1.99659
49455 -2 -1.99659
49456 -2 -1.99659
49457 -2 -1.99659
49458 -2 -1.99659
49459 -1.98 -1.99659
49460 -2 -1.99659
49461 -2 -1.99659
49462 -2 -1.99659
49463 -2 -1.99659
49464 -2 -1.99659
49465 -2 -1.99659
49466 -2 -1.99659
49467 -1.98 -1.99659
49468 -2 -1.99659
49469 -2 -1.99659
49470 -2 -1.99659
49471 -2 -1.99659
49472 -2 -1.99659
49473 -2 -1.99659
49474 -2 -1.99659
49475 -2 -1.99659
49476 -2 -1.99659
49477 -2 -1.99659
49478 -2 -1.99659
49479 -2 -1.99659
49480 -2 -1.99659
49481 -2 -1.99659
49482 -2 -1.99659
49483 -2 -1.99659
49484 -2 -1.99659
49485 -2 -1.99659
49486 -2 -1.99659
49487 -2 -1.99659
49488 -2 -1.99659
49489 -2 -1.99659
49490 -2 -1.99659
49491 -2 -1.99659
49492 -2 -1.99659
49493 -2 -1.99659
49494 -2 -1.99659
49495 -2 -1.99659
49496 -2 -1.99659
49497 -2 -1.99659
49498 -1.98 -1.99659
49499 -2 -1.99659
49500 -2 -1.99659
49501 -2 -1.99659
49502 -2 -1.99659
49503 -2 -1.99659
49504 -2 -1.99659
49505 -2 -1.99659
49506 -2 -1.99659
49507 -2 -1.99659
49508 -2 -1.99659
49509 -2 -1.99659
49510 -2 -1.99659
49511 -2 -1.99659
49512 -2 -1.99659
49513 -2 -1.99659
49514 -2 -1.99659
49515 -2 -1.99659
49516 -2 -1.99659
49517 -2 -1.99659
49518 -2 -1.99659
49519 -2 -1.99659
49520 -2 -1.99659
49521 -2 -1.99659
49522 -2 -1.99659
49523 -1.98 -1.99659
49524 -2 -1.99659
49525 -2 -1.99659
49526 -2 -1.99659
49527 -2 -1.99659
49528 -2 -1.99659
49529 -2 -1.99659
49530 -2 -1.99659
49531 -2 -1.99659
49532 -2 -1.99659
49533 -2 -1.99659
49534 -2 -1.99659
49535 -2 -1.99659
49536 -2 -1.99659
49537 -2 -1.99659
49538 -2 -1.99659
49539 -2 -1.99659
49540 -2 -1.99659
49541 -2 -1.99659
49542 -2 -1.99659
49543 -2 -1.99659
49544 -1.98 -1.99659
49545 -2 -1.99659
49546 -1.98 -1.99659
49547 -2 -1.99659
49548 -1.98 -1.99659
49549 -2 -1.99659
49550 -2 -1.99659
49551 -1.98 -1.99659
49552 -1.98 -1.99659
49553 -2 -1.99659
49554 -2 -1.99659
49555 -2 -1.99659
49556 -2 -1.99659
49557 -2 -1.99659
49558 -1.98 -1.99659
49559 -1.98 -1.99659
49560 -2 -1.99659
49561 -2 -1.99659
49562 -2 -1.99659
49563 -2 -1.99659
49564 -2 -1.99659
49565 -2 -1.99659
49566 -2 -1.99659
49567 -2 -1.99659
49568 -2 -1.99659
49569 -2 -1.99659
49570 -1.96 -1.99659
49571 -2 -1.99659
49572 -2 -1.99659
49573 -2 -1.99659
49574 -2 -1.99659
49575 -2 -1.99659
49576 -2 -1.99659
49577 -2 -1.99659
49578 -2 -1.99659
49579 -2 -1.99659
49580 -1.98 -1.99659
49581 -1.98 -1.99659
49582 -1.98 -1.99659
49583 -2 -1.99659
49584 -2 -1.99659
49585 -2 -1.99659
49586 -2 -1.99659
49587 -2 -1.99659
49588 -2 -1.99659
49589 -1.98 -1.99659
49590 -2 -1.99659
49591 -2 -1.99659
49592 -2 -1.99659
49593 -2 -1.99659
49594 -2 -1.99659
49595 -2 -1.99659
49596 -2 -1.99659
49597 -1.98 -1.99659
49598 -2 -1.99659
49599 -2 -1.99659
49600 -2 -1.99659
49601 -2 -1.99659
49602 -2 -1.99659
49603 -2 -1.99659
49604 -2 -1.99659
49605 -2 -1.99659
49606 -2 -1.99659
49607 -2 -1.99659
49608 -2 -1.99659
49609 -2 -1.99659
49610 -2 -1.99659
49611 -2 -1.99659
49612 -2 -1.99659
49613 -2 -1.99659
49614 -2 -1.99659
49615 -2 -1.99659
49616 -2 -1.99659
49617 -2 -1.99659
49618 -2 -1.99659
49619 -2 -1.99659
49620 -2 -1.99659
49621 -2 -1.99659
49622 -2 -1.99659
49623 -2 -1.99659
49624 -2 -1.99659
49625 -2 -1.99659
49626 -2 -1.99659
49627 -2 -1.99659
49628 -2 -1.99659
49629 -2 -1.99659
49630 -2 -1.99659
49631 -2 -1.99659
49632 -2 -1.99659
49633 -2 -1.99659
49634 -2 -1.99659
49635 -2 -1.99659
49636 -2 -1.99659
49637 -1.98 -1.99659
49638 -2 -1.99659
49639 -2 -1.99659
49640 -2 -1.99659
49641 -2 -1.99659
49642 -2 -1.99659
49643 -2 -1.99659
49644 -2 -1.99659
49645 -2 -1.99659
49646 -2 -1.99659
49647 -2 -1.99659
49648 -2 -1.99659
49649 -2 -1.99659
49650 -2 -1.99659
49651 -2 -1.99659
49652 -2 -1.99659
49653 -2 -1.99659
49654 -2 -1.99659
49655 -2 -1.99659
49656 -2 -1.99659
49657 -1.98 -1.99659
49658 -1.98 -1.99659
49659 -2 -1.99659
49660 -2 -1.99659
49661 -1.98 -1.99659
49662 -2 -1.99659
49663 -2 -1.99659
49664 -2 -1.99659
49665 -2 -1.99659
49666 -2 -1.99659
49667 -2 -1.99659
49668 -2 -1.99659
49669 -2 -1.99659
49670 -2 -1.99659
49671 -2 -1.99659
49672 -1.98 -1.99659
49673 -2 -1.99659
49674 -2 -1.99659
49675 -2 -1.99659
49676 -2 -1.99659
49677 -1.98 -1.99659
49678 -2 -1.99659
49679 -2 -1.99659
49680 -2 -1.99659
49681 -2 -1.99659
49682 -2 -1.99659
49683 -2 -1.99659
49684 -2 -1.99659
49685 -2 -1.99659
49686 -1.98 -1.99659
49687 -2 -1.99659
49688 -2 -1.99659
49689 -2 -1.99659
49690 -2 -1.99659
49691 -2 -1.99659
49692 -2 -1.99659
49693 -2 -1.99659
49694 -1.98 -1.99659
49695 -1.97 -1.99659
49696 -2 -1.99659
49697 -2 -1.99659
49698 -2 -1.99659
49699 -2 -1.99659
49700 -2 -1.99659
49701 -2 -1.99659
49702 -2 -1.99659
49703 -2 -1.99659
49704 -2 -1.99659
49705 -2 -1.99659
49706 -2 -1.99659
49707 -2 -1.99659
49708 -2 -1.99659
49709 -2 -1.99659
49710 -2 -1.99659
49711 -2 -1.99659
49712 -2 -1.99659
49713 -2 -1.99659
49714 -2 -1.99659
49715 -2 -1.99659
49716 -2 -1.99659
49717 -2 -1.99659
49718 -2 -1.99659
49719 -2 -1.99659
49720 -2 -1.99659
49721 -2 -1.99659
49722 -2 -1.99659
49723 -2 -1.9966
49724 -2 -1.9966
49725 -2 -1.9966
49726 -2 -1.9966
49727 -2 -1.9966
49728 -2 -1.9966
49729 -2 -1.9966
49730 -2 -1.9966
49731 -1.96 -1.99659
49732 -1.98 -1.99659
49733 -2 -1.99659
49734 -2 -1.99659
49735 -2 -1.99659
49736 -2 -1.99659
49737 -2 -1.99659
49738 -2 -1.99659
49739 -2 -1.99659
49740 -2 -1.99659
49741 -2 -1.9966
49742 -2 -1.9966
49743 -2 -1.9966
49744 -2 -1.9966
49745 -1.98 -1.99659
49746 -1.98 -1.99659
49747 -2 -1.99659
49748 -2 -1.99659
49749 -2 -1.99659
49750 -2 -1.99659
49751 -2 -1.99659
49752 -1.98 -1.99659
49753 -2 -1.99659
49754 -2 -1.99659
49755 -2 -1.99659
49756 -2 -1.99659
49757 -1.98 -1.99659
49758 -1.98 -1.99659
49759 -1.98 -1.99659
49760 -1.98 -1.99659
49761 -1.98 -1.99659
49762 -2 -1.99659
49763 -2 -1.99659
49764 -2 -1.99659
49765 -2 -1.99659
49766 -2 -1.99659
49767 -2 -1.99659
49768 -2 -1.99659
49769 -2 -1.99659
49770 -2 -1.99659
49771 -2 -1.99659
49772 -2 -1.99659
49773 -2 -1.99659
49774 -1.98 -1.99659
49775 -2 -1.99659
49776 -2 -1.99659
49777 -2 -1.99659
49778 -2 -1.99659
49779 -2 -1.99659
49780 -2 -1.99659
49781 -2 -1.99659
49782 -2 -1.99659
49783 -2 -1.99659
49784 -2 -1.99659
49785 -2 -1.99659
49786 -2 -1.99659
49787 -2 -1.99659
49788 -2 -1.99659
49789 -2 -1.99659
49790 -2 -1.99659
49791 -2 -1.99659
49792 -2 -1.99659
49793 -2 -1.99659
49794 -2 -1.9966
49795 -2 -1.9966
49796 -2 -1.9966
49797 -2 -1.9966
49798 -2 -1.9966
49799 -2 -1.9966
49800 -2 -1.9966
49801 -2 -1.9966
49802 -2 -1.9966
49803 -2 -1.9966
49804 -2 -1.9966
49805 -1.98 -1.9966
49806 -2 -1.9966
49807 -2 -1.9966
49808 -2 -1.9966
49809 -2 -1.9966
49810 -2 -1.9966
49811 -2 -1.9966
49812 -2 -1.9966
49813 -2 -1.9966
49814 -1.98 -1.9966
49815 -2 -1.9966
49816 -2 -1.9966
49817 -2 -1.9966
49818 -2 -1.9966
49819 -2 -1.9966
49820 -2 -1.9966
49821 -2 -1.9966
49822 -2 -1.9966
49823 -2 -1.9966
49824 -2 -1.9966
49825 -2 -1.9966
49826 -2 -1.9966
49827 -2 -1.9966
49828 -2 -1.9966
49829 -1.98 -1.9966
49830 -1.98 -1.9966
49831 -2 -1.9966
49832 -2 -1.9966
49833 -1.98 -1.9966
49834 -1.98 -1.9966
49835 -2 -1.9966
49836 -2 -1.9966
49837 -2 -1.9966
49838 -2 -1.9966
49839 -2 -1.9966
49840 -2 -1.9966
49841 -2 -1.9966
49842 -2 -1.9966
49843 -2 -1.9966
49844 -2 -1.9966
49845 -2 -1.9966
49846 -2 -1.9966
49847 -2 -1.9966
49848 -2 -1.9966
49849 -2 -1.9966
49850 -2 -1.9966
49851 -2 -1.9966
49852 -2 -1.9966
49853 -2 -1.9966
49854 -2 -1.9966
49855 -2 -1.9966
49856 -2 -1.9966
49857 -2 -1.9966
49858 -2 -1.9966
49859 -2 -1.9966
49860 -1.98 -1.9966
49861 -1.98 -1.9966
49862 -1.98 -1.9966
49863 -1.98 -1.9966
49864 -2 -1.9966
49865 -2 -1.9966
49866 -2 -1.9966
49867 -1.98 -1.9966
49868 -1.98 -1.9966
49869 -1.98 -1.99659
49870 -2 -1.9966
49871 -2 -1.9966
49872 -2 -1.9966
49873 -2 -1.9966
49874 -2 -1.9966
49875 -2 -1.9966
49876 -2 -1.9966
49877 -2 -1.9966
49878 -1.98 -1.9966
49879 -2 -1.9966
49880 -2 -1.9966
49881 -2 -1.9966
49882 -2 -1.9966
49883 -2 -1.9966
49884 -1.98 -1.9966
49885 -2 -1.9966
49886 -2 -1.9966
49887 -1.98 -1.99659
49888 -2 -1.9966
49889 -2 -1.9966
49890 -2 -1.9966
49891 -2 -1.9966
49892 -2 -1.9966
49893 -2 -1.9966
49894 -2 -1.9966
49895 -2 -1.9966
49896 -2 -1.9966
49897 -2 -1.9966
49898 -2 -1.9966
49899 -2 -1.9966
49900 -2 -1.9966
49901 -2 -1.9966
49902 -2 -1.9966
49903 -2 -1.9966
49904 -2 -1.9966
49905 -2 -1.9966
49906 -2 -1.9966
49907 -2 -1.9966
49908 -2 -1.9966
49909 -2 -1.9966
49910 -2 -1.9966
49911 -2 -1.9966
49912 -2 -1.9966
49913 -2 -1.9966
49914 -2 -1.9966
49915 -2 -1.9966
49916 -2 -1.9966
49917 -2 -1.9966
49918 -2 -1.9966
49919 -2 -1.9966
49920 -2 -1.9966
49921 -2 -1.9966
49922 -2 -1.9966
49923 -2 -1.9966
49924 -2 -1.9966
49925 -2 -1.9966
49926 -2 -1.9966
49927 -2 -1.9966
49928 -2 -1.9966
49929 -2 -1.9966
49930 -2 -1.9966
49931 -2 -1.9966
49932 -2 -1.9966
49933 -2 -1.9966
49934 -2 -1.9966
49935 -2 -1.9966
49936 -2 -1.9966
49937 -2 -1.9966
49938 -2 -1.9966
49939 -2 -1.9966
49940 -2 -1.9966
49941 -2 -1.9966
49942 -2 -1.9966
49943 -2 -1.9966
49944 -1.98 -1.9966
49945 -1.96 -1.9966
49946 -1.98 -1.9966
49947 -2 -1.9966
49948 -2 -1.9966
49949 -2 -1.9966
49950 -2 -1.9966
49951 -2 -1.9966
49952 -2 -1.9966
49953 -2 -1.9966
49954 -2 -1.9966
49955 -2 -1.9966
49956 -2 -1.9966
49957 -2 -1.9966
49958 -2 -1.9966
49959 -2 -1.9966
49960 -2 -1.9966
49961 -2 -1.9966
49962 -1.98 -1.9966
49963 -1.98 -1.9966
49964 -1.98 -1.9966
49965 -1.98 -1.9966
49966 -1.98 -1.9966
49967 -2 -1.9966
49968 -1.98 -1.9966
49969 -2 -1.9966
49970 -2 -1.9966
49971 -2 -1.9966
49972 -1.98 -1.9966
49973 -1.98 -1.9966
49974 -1.98 -1.9966
49975 -2 -1.9966
49976 -2 -1.9966
49977 -2 -1.9966
49978 -2 -1.9966
49979 -2 -1.9966
49980 -2 -1.9966
49981 -2 -1.9966
49982 -2 -1.9966
49983 -2 -1.9966
49984 -2 -1.9966
49985 -2 -1.9966
49986 -2 -1.9966
49987 -2 -1.9966
49988 -2 -1.9966
49989 -2 -1.9966
49990 -2 -1.9966
49991 -2 -1.9966
49992 -2 -1.9966
49993 -1.98 -1.9966
49994 -2 -1.9966
49995 -2 -1.9966
49996 -2 -1.9966
49997 -2 -1.9966
49998 -1.98 -1.9966
49999 -1.98 -1.9966
